ITEMNMBR,ITEMDESC,LOCNCODE,LOCATION_NAME,month,month_start,raw_units,organic_units,suppressed_units_est,cleaned_units,raw_revenue,organic_revenue,cleaned_revenue_est,promo_units,promo_revenue,likely_stockout,stockout_reason
A-61012,Wild AM GSG Instant Tea 3gx10x8,1,SF,2023-01,2023-01-01,234.0,234.0,0.0,234.0,27196.63,27196.63,27196.63,0.0,0.0,False,none
A-61012,Wild AM GSG Instant Tea 3gx10x8,1,SF,2023-02,2023-02-01,185.0,185.0,0.0,185.0,23843.75,23843.75,23843.75,0.0,0.0,False,none
A-61012,Wild AM GSG Instant Tea 3gx10x8,1,SF,2023-03,2023-03-01,535.0,535.0,0.0,535.0,29873.219999999998,29873.219999999998,29873.22,0.0,0.0,False,none
A-61012,Wild AM GSG Instant Tea 3gx10x8,1,SF,2023-04,2023-04-01,257.0,257.0,0.0,257.0,19375.64,19375.64,19375.64,0.0,0.0,False,none
A-61012,Wild AM GSG Instant Tea 3gx10x8,1,SF,2023-05,2023-05-01,385.0,385.0,0.0,385.0,22769.77,22769.77,22769.77,0.0,0.0,False,none
A-61012,Wild AM GSG Instant Tea 3gx10x8,1,SF,2023-06,2023-06-01,167.0,167.0,296.0,463.0,27412.75,27412.75,76000.62,0.0,0.0,True,deep_drop_gap
A-61012,Wild AM GSG Instant Tea 3gx10x8,1,SF,2023-07,2023-07-01,541.0,541.0,0.0,541.0,34753.96,34753.96,34753.96,0.0,0.0,False,none
A-61012,Wild AM GSG Instant Tea 3gx10x8,1,SF,2023-08,2023-08-01,964.0,964.0,0.0,964.0,44552.25,44552.25,44552.25,0.0,0.0,False,none
A-61012,Wild AM GSG Instant Tea 3gx10x8,1,SF,2023-09,2023-09-01,691.0,691.0,0.0,691.0,46177.19,46177.19,46177.19,0.0,0.0,False,none
A-61012,Wild AM GSG Instant Tea 3gx10x8,1,SF,2023-10,2023-10-01,767.0,767.0,0.0,767.0,29294.899999999998,29294.899999999998,29294.9,0.0,0.0,False,none
A-61012,Wild AM GSG Instant Tea 3gx10x8,1,SF,2023-11,2023-11-01,395.0,395.0,0.0,395.0,22612.32,22612.32,22612.32,0.0,0.0,False,none
A-61012,Wild AM GSG Instant Tea 3gx10x8,1,SF,2023-12,2023-12-01,474.0,474.0,0.0,474.0,21362.7,21362.7,21362.7,0.0,0.0,False,none
A-61012,Wild AM GSG Instant Tea 3gx10x8,1,SF,2024-01,2024-01-01,210.0,210.0,0.0,210.0,27823.030000000002,27823.030000000002,27823.03,0.0,0.0,False,none
A-61012,Wild AM GSG Instant Tea 3gx10x8,1,SF,2024-02,2024-02-01,276.0,276.0,0.0,276.0,22142.02,22142.02,22142.02,0.0,0.0,False,none
A-61012,Wild AM GSG Instant Tea 3gx10x8,1,SF,2024-03,2024-03-01,270.0,270.0,0.0,270.0,31223.160000000003,31223.160000000003,31223.16,0.0,0.0,False,none
A-61012,Wild AM GSG Instant Tea 3gx10x8,1,SF,2024-04,2024-04-01,402.0,402.0,0.0,402.0,33148.0,33148.0,33148.0,0.0,0.0,False,none
A-61012,Wild AM GSG Instant Tea 3gx10x8,1,SF,2024-05,2024-05-01,196.0,196.0,0.0,196.0,30894.3,30894.3,30894.3,0.0,0.0,False,none
A-61012,Wild AM GSG Instant Tea 3gx10x8,1,SF,2024-06,2024-06-01,286.0,286.0,0.0,286.0,42075.22,42075.22,42075.22,0.0,0.0,False,none
A-61012,Wild AM GSG Instant Tea 3gx10x8,1,SF,2024-07,2024-07-01,179.0,179.0,0.0,179.0,15733.439999999999,15733.439999999999,15733.44,0.0,0.0,False,none
A-61012,Wild AM GSG Instant Tea 3gx10x8,1,SF,2024-08,2024-08-01,225.0,225.0,0.0,225.0,20316.76,20316.76,20316.76,0.0,0.0,False,none
A-61012,Wild AM GSG Instant Tea 3gx10x8,1,SF,2024-09,2024-09-01,181.0,181.0,0.0,181.0,18123.59,18123.59,18123.59,0.0,0.0,False,none
A-61012,Wild AM GSG Instant Tea 3gx10x8,1,SF,2024-10,2024-10-01,196.0,196.0,0.0,196.0,28836.239999999998,28836.239999999998,28836.24,0.0,0.0,False,none
A-61012,Wild AM GSG Instant Tea 3gx10x8,1,SF,2024-11,2024-11-01,438.0,438.0,0.0,438.0,34894.16,34894.16,34894.16,0.0,0.0,False,none
A-61012,Wild AM GSG Instant Tea 3gx10x8,1,SF,2024-12,2024-12-01,185.0,185.0,0.0,185.0,18641.3,18641.3,18641.3,0.0,0.0,False,none
A-61012,Wild AM GSG Instant Tea 3gx10x8,1,SF,2025-01,2025-01-01,259.0,259.0,0.0,259.0,45402.770000000004,45402.770000000004,45402.77,0.0,0.0,False,none
A-61012,Wild AM GSG Instant Tea 3gx10x8,1,SF,2025-02,2025-02-01,192.0,192.0,0.0,192.0,35394.299999999996,35394.299999999996,35394.3,0.0,0.0,False,none
A-61012,Wild AM GSG Instant Tea 3gx10x8,1,SF,2025-03,2025-03-01,63.0,63.0,162.5,225.5,11490.14,11490.14,41127.41,0.0,0.0,True,deep_drop_gap
A-61012,Wild AM GSG Instant Tea 3gx10x8,1,SF,2025-04,2025-04-01,318.0,318.0,0.0,318.0,9291.93,9291.93,9291.93,0.0,0.0,False,none
A-61012,Wild AM GSG Instant Tea 3gx10x8,1,SF,2025-05,2025-05-01,111.0,111.0,0.0,111.0,4037.84,4037.84,4037.84,0.0,0.0,False,none
A-61012,Wild AM GSG Instant Tea 3gx10x8,1,SF,2025-06,2025-06-01,625.0,625.0,0.0,625.0,23312.2,23312.2,23312.2,0.0,0.0,False,none
A-61012,Wild AM GSG Instant Tea 3gx10x8,1,SF,2025-07,2025-07-01,155.0,155.0,0.0,155.0,21874.44,21874.44,21874.44,0.0,0.0,False,none
A-61012,Wild AM GSG Instant Tea 3gx10x8,1,SF,2025-08,2025-08-01,111.0,111.0,0.0,111.0,17725.86,17725.86,17725.86,0.0,0.0,False,none
A-61012,Wild AM GSG Instant Tea 3gx10x8,1,SF,2025-09,2025-09-01,94.0,94.0,172.0,266.0,18014.82,18014.82,50978.11,0.0,0.0,True,deep_drop_gap
A-61012,Wild AM GSG Instant Tea 3gx10x8,1,SF,2025-10,2025-10-01,377.0,377.0,0.0,377.0,24979.57,24979.57,24979.57,0.0,0.0,False,none
A-61012,Wild AM GSG Instant Tea 3gx10x8,1,SF,2025-11,2025-11-01,454.0,454.0,0.0,454.0,35305.58,35305.58,35305.58,0.0,0.0,False,none
A-61012,Wild AM GSG Instant Tea 3gx10x8,1,SF,2025-12,2025-12-01,869.0,867.0,0.0,867.0,17726.47,17067.29,17067.29,2.0,659.1800000000003,False,none
A-61012,Wild AM GSG Instant Tea 3gx10x8,2,NJ,2023-01,2023-01-01,148.0,148.0,0.0,148.0,21658.0,21658.0,21658.0,0.0,0.0,False,none
A-61012,Wild AM GSG Instant Tea 3gx10x8,2,NJ,2023-02,2023-02-01,130.0,130.0,0.0,130.0,26922.96,26922.96,26922.96,0.0,0.0,False,none
A-61012,Wild AM GSG Instant Tea 3gx10x8,2,NJ,2023-03,2023-03-01,488.0,488.0,0.0,488.0,59848.68,59848.68,59848.68,0.0,0.0,False,none
A-61012,Wild AM GSG Instant Tea 3gx10x8,2,NJ,2023-04,2023-04-01,299.0,299.0,0.0,299.0,55851.340000000004,55851.340000000004,55851.34,0.0,0.0,False,none
A-61012,Wild AM GSG Instant Tea 3gx10x8,2,NJ,2023-05,2023-05-01,185.0,185.0,0.0,185.0,32440.03,32440.03,32440.03,0.0,0.0,False,none
A-61012,Wild AM GSG Instant Tea 3gx10x8,2,NJ,2023-06,2023-06-01,228.0,228.0,0.0,228.0,39486.82,39486.82,39486.82,0.0,0.0,False,none
A-61012,Wild AM GSG Instant Tea 3gx10x8,2,NJ,2023-07,2023-07-01,165.0,165.0,0.0,165.0,27230.56,27230.56,27230.56,0.0,0.0,False,none
A-61012,Wild AM GSG Instant Tea 3gx10x8,2,NJ,2023-08,2023-08-01,231.0,231.0,0.0,231.0,40235.31,40235.31,40235.31,0.0,0.0,False,none
A-61012,Wild AM GSG Instant Tea 3gx10x8,2,NJ,2023-09,2023-09-01,475.0,475.0,0.0,475.0,92678.26999999999,92678.26999999999,92678.27,0.0,0.0,False,none
A-61012,Wild AM GSG Instant Tea 3gx10x8,2,NJ,2023-10,2023-10-01,288.0,288.0,0.0,288.0,50259.84,50259.84,50259.84,0.0,0.0,False,none
A-61012,Wild AM GSG Instant Tea 3gx10x8,2,NJ,2023-11,2023-11-01,376.0,376.0,0.0,376.0,33868.05,33868.05,33868.05,0.0,0.0,False,none
A-61012,Wild AM GSG Instant Tea 3gx10x8,2,NJ,2023-12,2023-12-01,547.0,547.0,0.0,547.0,30647.86,30647.86,30647.86,0.0,0.0,False,none
A-61012,Wild AM GSG Instant Tea 3gx10x8,2,NJ,2024-01,2024-01-01,282.0,282.0,0.0,282.0,30959.81,30959.81,30959.81,0.0,0.0,False,none
A-61012,Wild AM GSG Instant Tea 3gx10x8,2,NJ,2024-02,2024-02-01,270.0,270.0,0.0,270.0,38738.03,38738.03,38738.03,0.0,0.0,False,none
A-61012,Wild AM GSG Instant Tea 3gx10x8,2,NJ,2024-03,2024-03-01,408.0,408.0,0.0,408.0,45429.71,45429.71,45429.71,0.0,0.0,False,none
A-61012,Wild AM GSG Instant Tea 3gx10x8,2,NJ,2024-04,2024-04-01,188.0,188.0,0.0,188.0,31446.52,31446.52,31446.52,0.0,0.0,False,none
A-61012,Wild AM GSG Instant Tea 3gx10x8,2,NJ,2024-05,2024-05-01,561.0,561.0,0.0,561.0,51797.18,51797.18,51797.18,0.0,0.0,False,none
A-61012,Wild AM GSG Instant Tea 3gx10x8,2,NJ,2024-06,2024-06-01,206.0,206.0,0.0,206.0,35548.12,35548.12,35548.12,0.0,0.0,False,none
A-61012,Wild AM GSG Instant Tea 3gx10x8,2,NJ,2024-07,2024-07-01,317.0,317.0,0.0,317.0,65897.04000000001,65897.04000000001,65897.04,0.0,0.0,False,none
A-61012,Wild AM GSG Instant Tea 3gx10x8,2,NJ,2024-08,2024-08-01,166.0,166.0,0.0,166.0,22655.6,22655.6,22655.6,0.0,0.0,False,none
A-61012,Wild AM GSG Instant Tea 3gx10x8,2,NJ,2024-09,2024-09-01,455.0,455.0,0.0,455.0,42822.1,42822.1,42822.1,0.0,0.0,False,none
A-61012,Wild AM GSG Instant Tea 3gx10x8,2,NJ,2024-10,2024-10-01,186.0,186.0,0.0,186.0,41513.700000000004,41513.700000000004,41513.7,0.0,0.0,False,none
A-61012,Wild AM GSG Instant Tea 3gx10x8,2,NJ,2024-11,2024-11-01,464.0,464.0,0.0,464.0,43958.06,43958.06,43958.06,0.0,0.0,False,none
A-61012,Wild AM GSG Instant Tea 3gx10x8,2,NJ,2024-12,2024-12-01,228.0,228.0,0.0,228.0,35710.020000000004,35710.020000000004,35710.02,0.0,0.0,False,none
A-61012,Wild AM GSG Instant Tea 3gx10x8,2,NJ,2025-01,2025-01-01,224.0,224.0,0.0,224.0,29629.940000000002,29629.940000000002,29629.94,0.0,0.0,False,none
A-61012,Wild AM GSG Instant Tea 3gx10x8,2,NJ,2025-02,2025-02-01,126.0,126.0,0.0,126.0,18264.22,18264.22,18264.22,0.0,0.0,False,none
A-61012,Wild AM GSG Instant Tea 3gx10x8,2,NJ,2025-03,2025-03-01,262.0,262.0,0.0,262.0,53861.99,53861.99,53861.99,0.0,0.0,False,none
A-61012,Wild AM GSG Instant Tea 3gx10x8,2,NJ,2025-04,2025-04-01,191.0,191.0,0.0,191.0,26555.920000000002,26555.920000000002,26555.92,0.0,0.0,False,none
A-61012,Wild AM GSG Instant Tea 3gx10x8,2,NJ,2025-05,2025-05-01,128.0,128.0,0.0,128.0,20209.06,20209.06,20209.06,0.0,0.0,False,none
A-61012,Wild AM GSG Instant Tea 3gx10x8,2,NJ,2025-06,2025-06-01,206.0,206.0,0.0,206.0,41169.76,41169.76,41169.76,0.0,0.0,False,none
A-61012,Wild AM GSG Instant Tea 3gx10x8,2,NJ,2025-07,2025-07-01,180.0,180.0,0.0,180.0,32940.65,32940.65,32940.65,0.0,0.0,False,none
A-61012,Wild AM GSG Instant Tea 3gx10x8,2,NJ,2025-08,2025-08-01,211.0,211.0,0.0,211.0,38066.96,38066.96,38066.96,0.0,0.0,False,none
A-61012,Wild AM GSG Instant Tea 3gx10x8,2,NJ,2025-09,2025-09-01,200.0,200.0,0.0,200.0,41111.21,41111.21,41111.21,0.0,0.0,False,none
A-61012,Wild AM GSG Instant Tea 3gx10x8,2,NJ,2025-10,2025-10-01,228.0,228.0,0.0,228.0,46108.41,46108.41,46108.41,0.0,0.0,False,none
A-61012,Wild AM GSG Instant Tea 3gx10x8,2,NJ,2025-11,2025-11-01,466.0,466.0,0.0,466.0,35928.45,35928.45,35928.45,0.0,0.0,False,none
A-61012,Wild AM GSG Instant Tea 3gx10x8,2,NJ,2025-12,2025-12-01,231.0,231.0,0.0,231.0,31658.320000000003,31658.320000000003,31658.32,0.0,0.0,False,none
A-61012,Wild AM GSG Instant Tea 3gx10x8,3,LA,2023-01,2023-01-01,71.0,71.0,0.0,71.0,12551.609999999999,12551.609999999999,12551.61,0.0,0.0,False,none
A-61012,Wild AM GSG Instant Tea 3gx10x8,3,LA,2023-02,2023-02-01,155.0,155.0,0.0,155.0,29328.85,29328.85,29328.85,0.0,0.0,False,none
A-61012,Wild AM GSG Instant Tea 3gx10x8,3,LA,2023-03,2023-03-01,101.0,101.0,0.0,101.0,16670.0,16670.0,16670.0,0.0,0.0,False,none
A-61012,Wild AM GSG Instant Tea 3gx10x8,3,LA,2023-04,2023-04-01,336.0,336.0,0.0,336.0,19407.949999999997,19407.949999999997,19407.95,0.0,0.0,False,none
A-61012,Wild AM GSG Instant Tea 3gx10x8,3,LA,2023-05,2023-05-01,185.0,185.0,0.0,185.0,31005.789999999997,31005.789999999997,31005.79,0.0,0.0,False,none
A-61012,Wild AM GSG Instant Tea 3gx10x8,3,LA,2023-06,2023-06-01,121.0,121.0,0.0,121.0,15852.74,15852.74,15852.74,0.0,0.0,False,none
A-61012,Wild AM GSG Instant Tea 3gx10x8,3,LA,2023-07,2023-07-01,76.0,76.0,0.0,76.0,14923.35,14923.35,14923.35,0.0,0.0,False,none
A-61012,Wild AM GSG Instant Tea 3gx10x8,3,LA,2023-08,2023-08-01,405.0,405.0,0.0,405.0,20435.579999999998,20435.579999999998,20435.58,0.0,0.0,False,none
A-61012,Wild AM GSG Instant Tea 3gx10x8,3,LA,2023-09,2023-09-01,123.0,123.0,0.0,123.0,23452.6,23452.6,23452.6,0.0,0.0,False,none
A-61012,Wild AM GSG Instant Tea 3gx10x8,3,LA,2023-10,2023-10-01,94.0,94.0,0.0,94.0,17702.72,17702.72,17702.72,0.0,0.0,False,none
A-61012,Wild AM GSG Instant Tea 3gx10x8,3,LA,2023-11,2023-11-01,99.0,99.0,0.0,99.0,14353.210000000001,14353.210000000001,14353.21,0.0,0.0,False,none
A-61012,Wild AM GSG Instant Tea 3gx10x8,3,LA,2023-12,2023-12-01,194.0,194.0,0.0,194.0,29849.410000000003,29849.410000000003,29849.41,0.0,0.0,False,none
A-61012,Wild AM GSG Instant Tea 3gx10x8,3,LA,2024-01,2024-01-01,257.0,257.0,0.0,257.0,25438.19,25438.19,25438.19,0.0,0.0,False,none
A-61012,Wild AM GSG Instant Tea 3gx10x8,3,LA,2024-02,2024-02-01,61.0,61.0,99.0,160.0,14608.869999999999,14608.869999999999,38318.35,0.0,0.0,True,deep_drop_gap
A-61012,Wild AM GSG Instant Tea 3gx10x8,3,LA,2024-03,2024-03-01,95.0,95.0,0.0,95.0,22090.44,22090.44,22090.44,0.0,0.0,False,none
A-61012,Wild AM GSG Instant Tea 3gx10x8,3,LA,2024-04,2024-04-01,126.0,126.0,0.0,126.0,26103.15,26103.15,26103.15,0.0,0.0,False,none
A-61012,Wild AM GSG Instant Tea 3gx10x8,3,LA,2024-05,2024-05-01,111.0,111.0,0.0,111.0,24688.83,24688.83,24688.83,0.0,0.0,False,none
A-61012,Wild AM GSG Instant Tea 3gx10x8,3,LA,2024-06,2024-06-01,93.0,93.0,0.0,93.0,21984.73,21984.73,21984.73,0.0,0.0,False,none
A-61012,Wild AM GSG Instant Tea 3gx10x8,3,LA,2024-07,2024-07-01,58.0,58.0,0.0,58.0,12204.54,12204.54,12204.54,0.0,0.0,False,none
A-61012,Wild AM GSG Instant Tea 3gx10x8,3,LA,2024-08,2024-08-01,121.0,121.0,0.0,121.0,17731.68,17731.68,17731.68,0.0,0.0,False,none
A-61012,Wild AM GSG Instant Tea 3gx10x8,3,LA,2024-09,2024-09-01,207.0,207.0,0.0,207.0,41824.369999999995,41824.369999999995,41824.37,0.0,0.0,False,none
A-61012,Wild AM GSG Instant Tea 3gx10x8,3,LA,2024-10,2024-10-01,411.0,411.0,0.0,411.0,27838.93,27838.93,27838.93,0.0,0.0,False,none
A-61012,Wild AM GSG Instant Tea 3gx10x8,3,LA,2024-11,2024-11-01,143.0,143.0,0.0,143.0,31491.45,31491.45,31491.45,0.0,0.0,False,none
A-61012,Wild AM GSG Instant Tea 3gx10x8,3,LA,2024-12,2024-12-01,294.0,294.0,0.0,294.0,39766.95,39766.95,39766.95,0.0,0.0,False,none
A-61012,Wild AM GSG Instant Tea 3gx10x8,3,LA,2025-01,2025-01-01,54.0,54.0,0.0,54.0,13558.310000000001,13558.310000000001,13558.31,0.0,0.0,False,none
A-61012,Wild AM GSG Instant Tea 3gx10x8,3,LA,2025-02,2025-02-01,49.0,49.0,0.0,49.0,11422.89,11422.89,11422.89,0.0,0.0,False,none
A-61012,Wild AM GSG Instant Tea 3gx10x8,3,LA,2025-03,2025-03-01,54.0,54.0,0.0,54.0,13076.32,13076.32,13076.32,0.0,0.0,False,none
A-61012,Wild AM GSG Instant Tea 3gx10x8,3,LA,2025-04,2025-04-01,155.0,155.0,0.0,155.0,22039.63,22039.63,22039.63,0.0,0.0,False,none
A-61012,Wild AM GSG Instant Tea 3gx10x8,3,LA,2025-05,2025-05-01,90.0,90.0,0.0,90.0,8976.17,8976.17,8976.17,0.0,0.0,False,none
A-61012,Wild AM GSG Instant Tea 3gx10x8,3,LA,2025-06,2025-06-01,88.0,88.0,0.0,88.0,16490.260000000002,16490.260000000002,16490.26,0.0,0.0,False,none
A-61012,Wild AM GSG Instant Tea 3gx10x8,3,LA,2025-07,2025-07-01,48.0,48.0,0.0,48.0,11337.76,11337.76,11337.76,0.0,0.0,False,none
A-61012,Wild AM GSG Instant Tea 3gx10x8,3,LA,2025-08,2025-08-01,49.0,49.0,0.0,49.0,12859.31,12859.31,12859.31,0.0,0.0,False,none
A-61012,Wild AM GSG Instant Tea 3gx10x8,3,LA,2025-09,2025-09-01,48.0,48.0,121.0,169.0,11733.25,11733.25,41310.82,0.0,0.0,True,deep_drop_gap
A-61012,Wild AM GSG Instant Tea 3gx10x8,3,LA,2025-10,2025-10-01,289.0,289.0,0.0,289.0,26858.420000000002,26858.420000000002,26858.42,0.0,0.0,False,none
A-61012,Wild AM GSG Instant Tea 3gx10x8,3,LA,2025-11,2025-11-01,607.0,550.0,0.0,550.0,35279.97,33632.03,33632.03,57.0,1647.9400000000023,False,none
A-61012,Wild AM GSG Instant Tea 3gx10x8,3,LA,2025-12,2025-12-01,609.0,609.0,0.0,609.0,42147.93,42147.93,42147.93,0.0,0.0,False,none
A-61012,Wild AM GSG Instant Tea 3gx10x8,E1,UNMAPPED,2024-01,2024-01-01,21.0,21.0,0.0,21.0,615.0,615.0,615.0,0.0,0.0,False,none
A-61012,Wild AM GSG Instant Tea 3gx10x8,E1,UNMAPPED,2024-02,2024-02-01,0.0,0.0,21.0,21.0,0.0,0.0,615.0,0.0,0.0,True,zero_sales_gap
A-61012,Wild AM GSG Instant Tea 3gx10x8,E1,UNMAPPED,2024-03,2024-03-01,0.0,0.0,21.0,21.0,0.0,0.0,615.0,0.0,0.0,True,zero_sales_gap
A-61012,Wild AM GSG Instant Tea 3gx10x8,E1,UNMAPPED,2024-04,2024-04-01,0.0,0.0,0.0,0.0,0.0,0.0,0.0,0.0,0.0,False,none
A-61012,Wild AM GSG Instant Tea 3gx10x8,E1,UNMAPPED,2024-05,2024-05-01,0.0,0.0,0.0,0.0,0.0,0.0,0.0,0.0,0.0,False,none
A-61012,Wild AM GSG Instant Tea 3gx10x8,E1,UNMAPPED,2024-06,2024-06-01,0.0,0.0,0.0,0.0,0.0,0.0,0.0,0.0,0.0,False,none
A-61012,Wild AM GSG Instant Tea 3gx10x8,E1,UNMAPPED,2024-07,2024-07-01,0.0,0.0,0.0,0.0,0.0,0.0,0.0,0.0,0.0,False,none
A-61012,Wild AM GSG Instant Tea 3gx10x8,E1,UNMAPPED,2024-08,2024-08-01,0.0,0.0,0.0,0.0,0.0,0.0,0.0,0.0,0.0,False,none
A-61012,Wild AM GSG Instant Tea 3gx10x8,E1,UNMAPPED,2024-09,2024-09-01,0.0,0.0,0.0,0.0,0.0,0.0,0.0,0.0,0.0,False,none
A-61012,Wild AM GSG Instant Tea 3gx10x8,E1,UNMAPPED,2024-10,2024-10-01,0.0,0.0,1.0,1.0,0.0,0.0,29.29,0.0,0.0,True,zero_sales_gap
A-61012,Wild AM GSG Instant Tea 3gx10x8,E1,UNMAPPED,2024-11,2024-11-01,0.0,0.0,4.0,4.0,0.0,0.0,117.14,0.0,0.0,True,zero_sales_gap
A-61012,Wild AM GSG Instant Tea 3gx10x8,E1,UNMAPPED,2024-12,2024-12-01,1.0,1.0,0.0,1.0,25.95,25.95,25.95,0.0,0.0,False,none
A-61012,Wild AM GSG Instant Tea 3gx10x8,E1,UNMAPPED,2025-01,2025-01-01,7.0,7.0,17.0,24.0,247.09,247.09,847.17,0.0,0.0,True,deep_drop_gap
A-61012,Wild AM GSG Instant Tea 3gx10x8,E1,UNMAPPED,2025-02,2025-02-01,26.0,26.0,0.0,26.0,741.3199999999999,741.3199999999999,741.32,0.0,0.0,False,none
A-61012,Wild AM GSG Instant Tea 3gx10x8,E1,UNMAPPED,2025-03,2025-03-01,24.0,24.0,0.0,24.0,741.3,741.3,741.3,0.0,0.0,False,none
A-61012,Wild AM GSG Instant Tea 3gx10x8,E1,UNMAPPED,2025-04,2025-04-01,30.0,30.0,0.0,30.0,836.66,836.66,836.66,0.0,0.0,False,none
A-61012,Wild AM GSG Instant Tea 3gx10x8,E1,UNMAPPED,2025-05,2025-05-01,3.0,3.0,0.0,3.0,74.13,74.13,74.13,0.0,0.0,False,none
A-61012,Wild AM GSG Instant Tea 3gx10x8,W,UNMAPPED,2025-03,2025-03-01,30.0,30.0,0.0,30.0,801.69,801.69,801.69,0.0,0.0,False,none
A-61012,Wild AM GSG Instant Tea 3gx10x8,W,UNMAPPED,2025-04,2025-04-01,39.0,39.0,0.0,39.0,1027.46,1027.46,1027.46,0.0,0.0,False,none
A-61012,Wild AM GSG Instant Tea 3gx10x8,W,UNMAPPED,2025-05,2025-05-01,68.0,68.0,0.0,68.0,1732.3600000000001,1732.3600000000001,1732.36,0.0,0.0,False,none
A-61012,Wild AM GSG Instant Tea 3gx10x8,W,UNMAPPED,2025-06,2025-06-01,134.0,134.0,0.0,134.0,3407.12,3407.12,3407.12,0.0,0.0,False,none
A-61012,Wild AM GSG Instant Tea 3gx10x8,W,UNMAPPED,2025-07,2025-07-01,70.0,70.0,0.0,70.0,1750.22,1750.22,1750.22,0.0,0.0,False,none
A-61012,Wild AM GSG Instant Tea 3gx10x8,W,UNMAPPED,2025-08,2025-08-01,57.0,57.0,0.0,57.0,1475.69,1475.69,1475.69,0.0,0.0,False,none
A-61012,Wild AM GSG Instant Tea 3gx10x8,W,UNMAPPED,2025-09,2025-09-01,85.0,85.0,0.0,85.0,2134.58,2134.58,2134.58,0.0,0.0,False,none
A-61012,Wild AM GSG Instant Tea 3gx10x8,W,UNMAPPED,2025-10,2025-10-01,86.0,86.0,0.0,86.0,2209.7,2209.7,2209.7,0.0,0.0,False,none
A-61012,Wild AM GSG Instant Tea 3gx10x8,W,UNMAPPED,2025-11,2025-11-01,79.0,79.0,0.0,79.0,2002.74,2002.74,2002.74,0.0,0.0,False,none
A-61012,Wild AM GSG Instant Tea 3gx10x8,W,UNMAPPED,2025-12,2025-12-01,189.0,189.0,0.0,189.0,4544.98,4544.98,4544.98,0.0,0.0,False,none
A-61117,AM GSG Candy 1 lb / Bag,1,SF,2023-01,2023-01-01,174.0,174.0,0.0,174.0,3572.09,3572.09,3572.09,0.0,0.0,False,none
A-61117,AM GSG Candy 1 lb / Bag,1,SF,2023-02,2023-02-01,213.0,213.0,0.0,213.0,4465.51,4465.51,4465.51,0.0,0.0,False,none
A-61117,AM GSG Candy 1 lb / Bag,1,SF,2023-03,2023-03-01,299.0,299.0,0.0,299.0,18681.48,18681.48,18681.48,0.0,0.0,False,none
A-61117,AM GSG Candy 1 lb / Bag,1,SF,2023-04,2023-04-01,109.0,109.0,178.5,287.5,6446.42,6446.42,17003.17,0.0,0.0,True,deep_drop_gap
A-61117,AM GSG Candy 1 lb / Bag,1,SF,2023-05,2023-05-01,386.0,386.0,0.0,386.0,26764.25,26764.25,26764.25,0.0,0.0,False,none
A-61117,AM GSG Candy 1 lb / Bag,1,SF,2023-06,2023-06-01,276.0,276.0,0.0,276.0,11171.37,11171.37,11171.37,0.0,0.0,False,none
A-61117,AM GSG Candy 1 lb / Bag,1,SF,2023-07,2023-07-01,168.0,168.0,0.0,168.0,7951.530000000001,7951.530000000001,7951.53,0.0,0.0,False,none
A-61117,AM GSG Candy 1 lb / Bag,1,SF,2023-08,2023-08-01,149.0,149.0,0.0,149.0,13604.17,13604.17,13604.17,0.0,0.0,False,none
A-61117,AM GSG Candy 1 lb / Bag,1,SF,2023-09,2023-09-01,205.0,205.0,0.0,205.0,15221.85,15221.85,15221.85,0.0,0.0,False,none
A-61117,AM GSG Candy 1 lb / Bag,1,SF,2023-10,2023-10-01,411.0,411.0,0.0,411.0,32852.93000000001,32852.93000000001,32852.93,0.0,0.0,False,none
A-61117,AM GSG Candy 1 lb / Bag,1,SF,2023-11,2023-11-01,510.0,510.0,0.0,510.0,24420.19,24420.19,24420.19,0.0,0.0,False,none
A-61117,AM GSG Candy 1 lb / Bag,1,SF,2023-12,2023-12-01,166.0,166.0,0.0,166.0,14664.22,14664.22,14664.22,0.0,0.0,False,none
A-61117,AM GSG Candy 1 lb / Bag,1,SF,2024-01,2024-01-01,408.0,408.0,0.0,408.0,27133.100000000002,27133.100000000002,27133.1,0.0,0.0,False,none
A-61117,AM GSG Candy 1 lb / Bag,1,SF,2024-02,2024-02-01,214.0,214.0,0.0,214.0,14904.88,14904.88,14904.88,0.0,0.0,False,none
A-61117,AM GSG Candy 1 lb / Bag,1,SF,2024-03,2024-03-01,371.0,371.0,0.0,371.0,25048.89,25048.89,25048.89,0.0,0.0,False,none
A-61117,AM GSG Candy 1 lb / Bag,1,SF,2024-04,2024-04-01,367.0,367.0,0.0,367.0,16028.72,16028.72,16028.72,0.0,0.0,False,none
A-61117,AM GSG Candy 1 lb / Bag,1,SF,2024-05,2024-05-01,393.0,393.0,0.0,393.0,24071.6,24071.6,24071.6,0.0,0.0,False,none
A-61117,AM GSG Candy 1 lb / Bag,1,SF,2024-06,2024-06-01,240.0,240.0,0.0,240.0,15703.58,15703.58,15703.58,0.0,0.0,False,none
A-61117,AM GSG Candy 1 lb / Bag,1,SF,2024-07,2024-07-01,248.0,248.0,0.0,248.0,12404.79,12404.79,12404.79,0.0,0.0,False,none
A-61117,AM GSG Candy 1 lb / Bag,1,SF,2024-08,2024-08-01,95.0,95.0,149.0,244.0,8129.32,8129.32,20879.52,0.0,0.0,True,deep_drop_gap
A-61117,AM GSG Candy 1 lb / Bag,1,SF,2024-09,2024-09-01,160.0,160.0,0.0,160.0,11398.63,11398.63,11398.63,0.0,0.0,False,none
A-61117,AM GSG Candy 1 lb / Bag,1,SF,2024-10,2024-10-01,275.0,275.0,0.0,275.0,21358.31,21358.31,21358.31,0.0,0.0,False,none
A-61117,AM GSG Candy 1 lb / Bag,1,SF,2024-11,2024-11-01,464.0,464.0,0.0,464.0,27202.19,27202.19,27202.19,0.0,0.0,False,none
A-61117,AM GSG Candy 1 lb / Bag,1,SF,2024-12,2024-12-01,352.0,352.0,0.0,352.0,20953.86,20953.86,20953.86,0.0,0.0,False,none
A-61117,AM GSG Candy 1 lb / Bag,1,SF,2025-01,2025-01-01,383.0,383.0,0.0,383.0,26757.16,26757.16,26757.16,0.0,0.0,False,none
A-61117,AM GSG Candy 1 lb / Bag,1,SF,2025-02,2025-02-01,300.0,300.0,0.0,300.0,23829.49,23829.49,23829.49,0.0,0.0,False,none
A-61117,AM GSG Candy 1 lb / Bag,1,SF,2025-03,2025-03-01,267.0,267.0,0.0,267.0,22396.48,22396.48,22396.48,0.0,0.0,False,none
A-61117,AM GSG Candy 1 lb / Bag,1,SF,2025-04,2025-04-01,456.0,456.0,0.0,456.0,29835.769999999997,29835.769999999997,29835.77,0.0,0.0,False,none
A-61117,AM GSG Candy 1 lb / Bag,1,SF,2025-05,2025-05-01,135.0,135.0,0.0,135.0,5828.19,5828.19,5828.19,0.0,0.0,False,none
A-61117,AM GSG Candy 1 lb / Bag,1,SF,2025-06,2025-06-01,146.0,146.0,0.0,146.0,7457.87,7457.87,7457.87,0.0,0.0,False,none
A-61117,AM GSG Candy 1 lb / Bag,1,SF,2025-07,2025-07-01,119.0,119.0,0.0,119.0,7843.25,7843.25,7843.25,0.0,0.0,False,none
A-61117,AM GSG Candy 1 lb / Bag,1,SF,2025-08,2025-08-01,145.0,145.0,0.0,145.0,9540.56,9540.56,9540.56,0.0,0.0,False,none
A-61117,AM GSG Candy 1 lb / Bag,1,SF,2025-09,2025-09-01,212.0,212.0,0.0,212.0,11139.210000000001,11139.210000000001,11139.21,0.0,0.0,False,none
A-61117,AM GSG Candy 1 lb / Bag,1,SF,2025-10,2025-10-01,324.0,324.0,0.0,324.0,15982.23,15982.23,15982.23,0.0,0.0,False,none
A-61117,AM GSG Candy 1 lb / Bag,1,SF,2025-11,2025-11-01,202.0,202.0,0.0,202.0,14593.11,14593.11,14593.11,0.0,0.0,False,none
A-61117,AM GSG Candy 1 lb / Bag,1,SF,2025-12,2025-12-01,209.0,208.0,0.0,208.0,12323.38,12146.94,12146.94,1.0,176.4399999999987,False,none
A-61117,AM GSG Candy 1 lb / Bag,2,NJ,2023-01,2023-01-01,94.0,94.0,0.0,94.0,11625.150000000001,11625.150000000001,11625.15,0.0,0.0,False,none
A-61117,AM GSG Candy 1 lb / Bag,2,NJ,2023-02,2023-02-01,55.0,55.0,0.0,55.0,4665.09,4665.09,4665.09,0.0,0.0,False,none
A-61117,AM GSG Candy 1 lb / Bag,2,NJ,2023-03,2023-03-01,270.0,270.0,0.0,270.0,25240.75,25240.75,25240.75,0.0,0.0,False,none
A-61117,AM GSG Candy 1 lb / Bag,2,NJ,2023-04,2023-04-01,18.0,18.0,219.0,237.0,2117.31,2117.31,27877.92,0.0,0.0,True,deep_drop_gap
A-61117,AM GSG Candy 1 lb / Bag,2,NJ,2023-05,2023-05-01,204.0,204.0,0.0,204.0,17058.09,17058.09,17058.09,0.0,0.0,False,none
A-61117,AM GSG Candy 1 lb / Bag,2,NJ,2023-06,2023-06-01,333.0,333.0,0.0,333.0,31981.03,31981.03,31981.03,0.0,0.0,False,none
A-61117,AM GSG Candy 1 lb / Bag,2,NJ,2023-07,2023-07-01,353.0,353.0,0.0,353.0,28333.18,28333.18,28333.18,0.0,0.0,False,none
A-61117,AM GSG Candy 1 lb / Bag,2,NJ,2023-08,2023-08-01,289.0,289.0,0.0,289.0,18258.25,18258.25,18258.25,0.0,0.0,False,none
A-61117,AM GSG Candy 1 lb / Bag,2,NJ,2023-09,2023-09-01,537.0,537.0,0.0,537.0,41553.64,41553.64,41553.64,0.0,0.0,False,none
A-61117,AM GSG Candy 1 lb / Bag,2,NJ,2023-10,2023-10-01,756.0,756.0,0.0,756.0,80616.31,80616.31,80616.31,0.0,0.0,False,none
A-61117,AM GSG Candy 1 lb / Bag,2,NJ,2023-11,2023-11-01,473.0,473.0,0.0,473.0,35249.8,35249.8,35249.8,0.0,0.0,False,none
A-61117,AM GSG Candy 1 lb / Bag,2,NJ,2023-12,2023-12-01,168.0,168.0,0.0,168.0,18373.71,18373.71,18373.71,0.0,0.0,False,none
A-61117,AM GSG Candy 1 lb / Bag,2,NJ,2024-01,2024-01-01,249.0,249.0,0.0,249.0,26595.97,26595.97,26595.97,0.0,0.0,False,none
A-61117,AM GSG Candy 1 lb / Bag,2,NJ,2024-02,2024-02-01,360.0,360.0,0.0,360.0,31612.11,31612.11,31612.11,0.0,0.0,False,none
A-61117,AM GSG Candy 1 lb / Bag,2,NJ,2024-03,2024-03-01,378.0,378.0,0.0,378.0,32699.760000000002,32699.760000000002,32699.76,0.0,0.0,False,none
A-61117,AM GSG Candy 1 lb / Bag,2,NJ,2024-04,2024-04-01,369.0,369.0,0.0,369.0,37416.979999999996,37416.979999999996,37416.98,0.0,0.0,False,none
A-61117,AM GSG Candy 1 lb / Bag,2,NJ,2024-05,2024-05-01,370.0,370.0,0.0,370.0,33579.07,33579.07,33579.07,0.0,0.0,False,none
A-61117,AM GSG Candy 1 lb / Bag,2,NJ,2024-06,2024-06-01,248.0,248.0,0.0,248.0,29123.29,29123.29,29123.29,0.0,0.0,False,none
A-61117,AM GSG Candy 1 lb / Bag,2,NJ,2024-07,2024-07-01,136.0,136.0,0.0,136.0,11884.369999999999,11884.369999999999,11884.37,0.0,0.0,False,none
A-61117,AM GSG Candy 1 lb / Bag,2,NJ,2024-08,2024-08-01,264.0,264.0,0.0,264.0,19436.88,19436.88,19436.88,0.0,0.0,False,none
A-61117,AM GSG Candy 1 lb / Bag,2,NJ,2024-09,2024-09-01,361.0,361.0,0.0,361.0,38383.52,38383.52,38383.52,0.0,0.0,False,none
A-61117,AM GSG Candy 1 lb / Bag,2,NJ,2024-10,2024-10-01,275.0,275.0,0.0,275.0,32189.73,32189.73,32189.73,0.0,0.0,False,none
A-61117,AM GSG Candy 1 lb / Bag,2,NJ,2024-11,2024-11-01,302.0,302.0,0.0,302.0,25413.35,25413.35,25413.35,0.0,0.0,False,none
A-61117,AM GSG Candy 1 lb / Bag,2,NJ,2024-12,2024-12-01,321.0,321.0,0.0,321.0,26593.37,26593.37,26593.37,0.0,0.0,False,none
A-61117,AM GSG Candy 1 lb / Bag,2,NJ,2025-01,2025-01-01,349.0,349.0,0.0,349.0,38860.36,38860.36,38860.36,0.0,0.0,False,none
A-61117,AM GSG Candy 1 lb / Bag,2,NJ,2025-02,2025-02-01,207.0,207.0,0.0,207.0,20588.46,20588.46,20588.46,0.0,0.0,False,none
A-61117,AM GSG Candy 1 lb / Bag,2,NJ,2025-03,2025-03-01,362.0,362.0,0.0,362.0,39973.16,39973.16,39973.16,0.0,0.0,False,none
A-61117,AM GSG Candy 1 lb / Bag,2,NJ,2025-04,2025-04-01,563.0,563.0,0.0,563.0,50530.090000000004,50530.090000000004,50530.09,0.0,0.0,False,none
A-61117,AM GSG Candy 1 lb / Bag,2,NJ,2025-05,2025-05-01,260.0,260.0,0.0,260.0,19686.48,19686.48,19686.48,0.0,0.0,False,none
A-61117,AM GSG Candy 1 lb / Bag,2,NJ,2025-06,2025-06-01,147.0,147.0,0.0,147.0,16081.87,16081.87,16081.87,0.0,0.0,False,none
A-61117,AM GSG Candy 1 lb / Bag,2,NJ,2025-07,2025-07-01,251.0,251.0,0.0,251.0,21071.600000000002,21071.600000000002,21071.6,0.0,0.0,False,none
A-61117,AM GSG Candy 1 lb / Bag,2,NJ,2025-08,2025-08-01,218.0,218.0,0.0,218.0,20395.28,20395.28,20395.28,0.0,0.0,False,none
A-61117,AM GSG Candy 1 lb / Bag,2,NJ,2025-09,2025-09-01,252.0,252.0,0.0,252.0,25508.89,25508.89,25508.89,0.0,0.0,False,none
A-61117,AM GSG Candy 1 lb / Bag,2,NJ,2025-10,2025-10-01,273.0,273.0,0.0,273.0,27168.57,27168.57,27168.57,0.0,0.0,False,none
A-61117,AM GSG Candy 1 lb / Bag,2,NJ,2025-11,2025-11-01,149.0,148.0,0.0,148.0,6814.18,6623.030000000001,6623.03,1.0,191.14999999999964,False,none
A-61117,AM GSG Candy 1 lb / Bag,2,NJ,2025-12,2025-12-01,154.0,154.0,0.0,154.0,19623.76,19623.76,19623.76,0.0,0.0,False,none
A-61117,AM GSG Candy 1 lb / Bag,3,LA,2023-01,2023-01-01,63.0,63.0,0.0,63.0,5782.3,5782.3,5782.3,0.0,0.0,False,none
A-61117,AM GSG Candy 1 lb / Bag,3,LA,2023-02,2023-02-01,105.0,105.0,0.0,105.0,3041.5,3041.5,3041.5,0.0,0.0,False,none
A-61117,AM GSG Candy 1 lb / Bag,3,LA,2023-03,2023-03-01,117.0,117.0,0.0,117.0,6857.6,6857.6,6857.6,0.0,0.0,False,none
A-61117,AM GSG Candy 1 lb / Bag,3,LA,2023-04,2023-04-01,74.0,74.0,0.0,74.0,8498.65,8498.65,8498.65,0.0,0.0,False,none
A-61117,AM GSG Candy 1 lb / Bag,3,LA,2023-05,2023-05-01,168.0,168.0,0.0,168.0,8663.460000000001,8663.460000000001,8663.46,0.0,0.0,False,none
A-61117,AM GSG Candy 1 lb / Bag,3,LA,2023-06,2023-06-01,56.0,56.0,0.0,56.0,4497.77,4497.77,4497.77,0.0,0.0,False,none
A-61117,AM GSG Candy 1 lb / Bag,3,LA,2023-07,2023-07-01,118.0,118.0,0.0,118.0,5224.63,5224.63,5224.63,0.0,0.0,False,none
A-61117,AM GSG Candy 1 lb / Bag,3,LA,2023-08,2023-08-01,68.0,68.0,0.0,68.0,6721.04,6721.04,6721.04,0.0,0.0,False,none
A-61117,AM GSG Candy 1 lb / Bag,3,LA,2023-09,2023-09-01,156.0,156.0,0.0,156.0,11417.76,11417.76,11417.76,0.0,0.0,False,none
A-61117,AM GSG Candy 1 lb / Bag,3,LA,2023-10,2023-10-01,153.0,153.0,0.0,153.0,13235.390000000001,13235.390000000001,13235.39,0.0,0.0,False,none
A-61117,AM GSG Candy 1 lb / Bag,3,LA,2023-11,2023-11-01,255.0,255.0,0.0,255.0,7332.52,7332.52,7332.52,0.0,0.0,False,none
A-61117,AM GSG Candy 1 lb / Bag,3,LA,2023-12,2023-12-01,87.0,87.0,0.0,87.0,10958.09,10958.09,10958.09,0.0,0.0,False,none
A-61117,AM GSG Candy 1 lb / Bag,3,LA,2024-01,2024-01-01,402.0,402.0,0.0,402.0,16088.480000000001,16088.480000000001,16088.48,0.0,0.0,False,none
A-61117,AM GSG Candy 1 lb / Bag,3,LA,2024-02,2024-02-01,74.0,74.0,0.0,74.0,8843.41,8843.41,8843.41,0.0,0.0,False,none
A-61117,AM GSG Candy 1 lb / Bag,3,LA,2024-03,2024-03-01,106.0,106.0,0.0,106.0,8641.34,8641.34,8641.34,0.0,0.0,False,none
A-61117,AM GSG Candy 1 lb / Bag,3,LA,2024-04,2024-04-01,145.0,145.0,0.0,145.0,10160.460000000001,10160.460000000001,10160.46,0.0,0.0,False,none
A-61117,AM GSG Candy 1 lb / Bag,3,LA,2024-05,2024-05-01,118.0,118.0,0.0,118.0,14914.640000000001,14914.640000000001,14914.64,0.0,0.0,False,none
A-61117,AM GSG Candy 1 lb / Bag,3,LA,2024-06,2024-06-01,66.0,66.0,0.0,66.0,8677.71,8677.71,8677.71,0.0,0.0,False,none
A-61117,AM GSG Candy 1 lb / Bag,3,LA,2024-07,2024-07-01,62.0,62.0,0.0,62.0,7761.12,7761.12,7761.12,0.0,0.0,False,none
A-61117,AM GSG Candy 1 lb / Bag,3,LA,2024-08,2024-08-01,66.0,66.0,0.0,66.0,6810.790000000001,6810.790000000001,6810.79,0.0,0.0,False,none
A-61117,AM GSG Candy 1 lb / Bag,3,LA,2024-09,2024-09-01,94.0,94.0,0.0,94.0,11934.66,11934.66,11934.66,0.0,0.0,False,none
A-61117,AM GSG Candy 1 lb / Bag,3,LA,2024-10,2024-10-01,124.0,124.0,0.0,124.0,14230.19,14230.19,14230.19,0.0,0.0,False,none
A-61117,AM GSG Candy 1 lb / Bag,3,LA,2024-11,2024-11-01,35.0,35.0,57.5,92.5,5036.6,5036.6,13311.01,0.0,0.0,True,deep_drop_gap
A-61117,AM GSG Candy 1 lb / Bag,3,LA,2024-12,2024-12-01,63.0,63.0,0.0,63.0,8104.280000000001,8104.280000000001,8104.28,0.0,0.0,False,none
A-61117,AM GSG Candy 1 lb / Bag,3,LA,2025-01,2025-01-01,91.0,91.0,0.0,91.0,11562.27,11562.27,11562.27,0.0,0.0,False,none
A-61117,AM GSG Candy 1 lb / Bag,3,LA,2025-02,2025-02-01,63.0,63.0,0.0,63.0,7723.33,7723.33,7723.33,0.0,0.0,False,none
A-61117,AM GSG Candy 1 lb / Bag,3,LA,2025-03,2025-03-01,124.0,124.0,0.0,124.0,13918.12,13918.12,13918.12,0.0,0.0,False,none
A-61117,AM GSG Candy 1 lb / Bag,3,LA,2025-04,2025-04-01,96.0,96.0,0.0,96.0,9681.98,9681.98,9681.98,0.0,0.0,False,none
A-61117,AM GSG Candy 1 lb / Bag,3,LA,2025-05,2025-05-01,50.0,50.0,0.0,50.0,6747.59,6747.59,6747.59,0.0,0.0,False,none
A-61117,AM GSG Candy 1 lb / Bag,3,LA,2025-06,2025-06-01,88.0,88.0,0.0,88.0,11686.62,11686.62,11686.62,0.0,0.0,False,none
A-61117,AM GSG Candy 1 lb / Bag,3,LA,2025-07,2025-07-01,44.0,44.0,0.0,44.0,5779.83,5779.83,5779.83,0.0,0.0,False,none
A-61117,AM GSG Candy 1 lb / Bag,3,LA,2025-08,2025-08-01,76.0,76.0,0.0,76.0,9800.51,9800.51,9800.51,0.0,0.0,False,none
A-61117,AM GSG Candy 1 lb / Bag,3,LA,2025-09,2025-09-01,113.0,113.0,0.0,113.0,13888.16,13888.16,13888.16,0.0,0.0,False,none
A-61117,AM GSG Candy 1 lb / Bag,3,LA,2025-10,2025-10-01,85.0,85.0,0.0,85.0,8115.85,8115.85,8115.85,0.0,0.0,False,none
A-61117,AM GSG Candy 1 lb / Bag,3,LA,2025-11,2025-11-01,52.0,49.0,0.0,49.0,5346.47,4964.18,4964.18,3.0,382.28999999999996,False,none
A-61117,AM GSG Candy 1 lb / Bag,3,LA,2025-12,2025-12-01,131.0,124.0,0.0,124.0,13582.490000000002,12700.28,12700.28,7.0,882.210000000001,False,none
A-61117,AM GSG Candy 1 lb / Bag,E1,UNMAPPED,2024-01,2024-01-01,60.0,60.0,0.0,60.0,600.91,600.91,600.91,0.0,0.0,False,none
A-61117,AM GSG Candy 1 lb / Bag,E1,UNMAPPED,2024-02,2024-02-01,8.0,8.0,0.0,8.0,80.12,80.12,80.12,0.0,0.0,False,none
A-61117,AM GSG Candy 1 lb / Bag,E1,UNMAPPED,2024-03,2024-03-01,0.0,0.0,34.0,34.0,0.0,0.0,340.51,0.0,0.0,True,zero_sales_gap
A-61117,AM GSG Candy 1 lb / Bag,E1,UNMAPPED,2024-04,2024-04-01,0.0,0.0,8.0,8.0,0.0,0.0,80.12,0.0,0.0,True,zero_sales_gap
A-61117,AM GSG Candy 1 lb / Bag,E1,UNMAPPED,2024-05,2024-05-01,0.0,0.0,0.0,0.0,0.0,0.0,0.0,0.0,0.0,False,none
A-61117,AM GSG Candy 1 lb / Bag,E1,UNMAPPED,2024-06,2024-06-01,0.0,0.0,0.0,0.0,0.0,0.0,0.0,0.0,0.0,False,none
A-61117,AM GSG Candy 1 lb / Bag,E1,UNMAPPED,2024-07,2024-07-01,0.0,0.0,0.0,0.0,0.0,0.0,0.0,0.0,0.0,False,none
A-61117,AM GSG Candy 1 lb / Bag,E1,UNMAPPED,2024-08,2024-08-01,0.0,0.0,0.0,0.0,0.0,0.0,0.0,0.0,0.0,False,none
A-61117,AM GSG Candy 1 lb / Bag,E1,UNMAPPED,2024-09,2024-09-01,0.0,0.0,0.0,0.0,0.0,0.0,0.0,0.0,0.0,False,none
A-61117,AM GSG Candy 1 lb / Bag,E1,UNMAPPED,2024-10,2024-10-01,0.0,0.0,4.0,4.0,0.0,0.0,40.06,0.0,0.0,True,zero_sales_gap
A-61117,AM GSG Candy 1 lb / Bag,E1,UNMAPPED,2024-11,2024-11-01,0.0,0.0,6.0,6.0,0.0,0.0,60.09,0.0,0.0,True,zero_sales_gap
A-61117,AM GSG Candy 1 lb / Bag,E1,UNMAPPED,2024-12,2024-12-01,4.0,4.0,0.0,4.0,48.08,48.08,48.08,0.0,0.0,False,none
A-61117,AM GSG Candy 1 lb / Bag,E1,UNMAPPED,2025-01,2025-01-01,8.0,8.0,0.0,8.0,96.16,96.16,96.16,0.0,0.0,False,none
A-61117,AM GSG Candy 1 lb / Bag,E1,UNMAPPED,2025-02,2025-02-01,8.0,8.0,0.0,8.0,96.16,96.16,96.16,0.0,0.0,False,none
A-61117,AM GSG Candy 1 lb / Bag,E1,UNMAPPED,2025-03,2025-03-01,13.0,13.0,0.0,13.0,160.27,160.27,160.27,0.0,0.0,False,none
A-61117,AM GSG Candy 1 lb / Bag,E1,UNMAPPED,2025-04,2025-04-01,9.0,9.0,0.0,9.0,112.19,112.19,112.19,0.0,0.0,False,none
A-61117,AM GSG Candy 1 lb / Bag,E1,UNMAPPED,2025-05,2025-05-01,40.0,40.0,0.0,40.0,350.51,350.51,350.51,0.0,0.0,False,none
A-61117,AM GSG Candy 1 lb / Bag,E1,UNMAPPED,2025-06,2025-06-01,0.0,0.0,5.0,5.0,0.0,0.0,43.81,0.0,0.0,True,zero_sales_gap
A-61117,AM GSG Candy 1 lb / Bag,E1,UNMAPPED,2025-07,2025-07-01,1.0,1.0,0.0,1.0,0.0,0.0,0.0,0.0,0.0,False,none
A-61117,AM GSG Candy 1 lb / Bag,E1,UNMAPPED,2025-08,2025-08-01,1.0,1.0,0.0,1.0,14.08,14.08,14.08,0.0,0.0,False,none
A-61117,AM GSG Candy 1 lb / Bag,E1,UNMAPPED,2025-09,2025-09-01,0.0,0.0,1.0,1.0,0.0,0.0,14.08,0.0,0.0,True,zero_sales_gap
A-61117,AM GSG Candy 1 lb / Bag,E1,UNMAPPED,2025-10,2025-10-01,0.0,0.0,12.0,12.0,0.0,0.0,168.96,0.0,0.0,True,zero_sales_gap
A-61117,AM GSG Candy 1 lb / Bag,E1,UNMAPPED,2025-11,2025-11-01,0.0,0.0,23.0,23.0,0.0,0.0,323.84,0.0,0.0,True,zero_sales_gap
A-61117,AM GSG Candy 1 lb / Bag,E1,UNMAPPED,2025-12,2025-12-01,23.0,23.0,0.0,23.0,0.0,0.0,0.0,0.0,0.0,False,none
A-61150,AM GSG Candy 6 oz Bag,1,SF,2023-01,2023-01-01,87.0,87.0,0.0,87.0,2339.95,2339.95,2339.95,0.0,0.0,False,none
A-61150,AM GSG Candy 6 oz Bag,1,SF,2023-02,2023-02-01,147.0,147.0,0.0,147.0,6753.74,6753.74,6753.74,0.0,0.0,False,none
A-61150,AM GSG Candy 6 oz Bag,1,SF,2023-03,2023-03-01,182.0,182.0,0.0,182.0,7529.070000000001,7529.070000000001,7529.07,0.0,0.0,False,none
A-61150,AM GSG Candy 6 oz Bag,1,SF,2023-04,2023-04-01,8.0,8.0,319.5,327.5,25.220000000000002,25.220000000000002,1032.44,0.0,0.0,True,deep_drop_gap
A-61150,AM GSG Candy 6 oz Bag,1,SF,2023-05,2023-05-01,566.0,566.0,0.0,566.0,29412.04,29412.04,29412.04,0.0,0.0,False,none
A-61150,AM GSG Candy 6 oz Bag,1,SF,2023-06,2023-06-01,473.0,473.0,0.0,473.0,16213.06,16213.06,16213.06,0.0,0.0,False,none
A-61150,AM GSG Candy 6 oz Bag,1,SF,2023-07,2023-07-01,254.0,254.0,0.0,254.0,7475.3099999999995,7475.3099999999995,7475.31,0.0,0.0,False,none
A-61150,AM GSG Candy 6 oz Bag,1,SF,2023-08,2023-08-01,1379.0,1379.0,0.0,1379.0,14911.47,14911.47,14911.47,0.0,0.0,False,none
A-61150,AM GSG Candy 6 oz Bag,1,SF,2023-09,2023-09-01,507.0,507.0,0.0,507.0,22541.89,22541.89,22541.89,0.0,0.0,False,none
A-61150,AM GSG Candy 6 oz Bag,1,SF,2023-10,2023-10-01,573.0,573.0,0.0,573.0,25088.12,25088.12,25088.12,0.0,0.0,False,none
A-61150,AM GSG Candy 6 oz Bag,1,SF,2023-11,2023-11-01,474.0,474.0,0.0,474.0,15239.169999999998,15239.169999999998,15239.17,0.0,0.0,False,none
A-61150,AM GSG Candy 6 oz Bag,1,SF,2023-12,2023-12-01,710.0,710.0,0.0,710.0,19663.690000000002,19663.690000000002,19663.69,0.0,0.0,False,none
A-61150,AM GSG Candy 6 oz Bag,1,SF,2024-01,2024-01-01,418.0,418.0,0.0,418.0,23360.010000000002,23360.010000000002,23360.01,0.0,0.0,False,none
A-61150,AM GSG Candy 6 oz Bag,1,SF,2024-02,2024-02-01,423.0,423.0,0.0,423.0,20156.36,20156.36,20156.36,0.0,0.0,False,none
A-61150,AM GSG Candy 6 oz Bag,1,SF,2024-03,2024-03-01,1220.0,1220.0,0.0,1220.0,38338.14,38338.14,38338.14,0.0,0.0,False,none
A-61150,AM GSG Candy 6 oz Bag,1,SF,2024-04,2024-04-01,914.0,914.0,0.0,914.0,18673.12,18673.12,18673.12,0.0,0.0,False,none
A-61150,AM GSG Candy 6 oz Bag,1,SF,2024-05,2024-05-01,508.0,508.0,0.0,508.0,28630.41,28630.41,28630.41,0.0,0.0,False,none
A-61150,AM GSG Candy 6 oz Bag,1,SF,2024-06,2024-06-01,448.0,448.0,0.0,448.0,22300.29,22300.29,22300.29,0.0,0.0,False,none
A-61150,AM GSG Candy 6 oz Bag,1,SF,2024-07,2024-07-01,336.0,336.0,0.0,336.0,14311.44,14311.44,14311.44,0.0,0.0,False,none
A-61150,AM GSG Candy 6 oz Bag,1,SF,2024-08,2024-08-01,279.0,279.0,0.0,279.0,15059.029999999999,15059.029999999999,15059.03,0.0,0.0,False,none
A-61150,AM GSG Candy 6 oz Bag,1,SF,2024-09,2024-09-01,1290.0,1290.0,0.0,1290.0,20407.05,20407.05,20407.05,0.0,0.0,False,none
A-61150,AM GSG Candy 6 oz Bag,1,SF,2024-10,2024-10-01,668.0,668.0,0.0,668.0,37653.71,37653.71,37653.71,0.0,0.0,False,none
A-61150,AM GSG Candy 6 oz Bag,1,SF,2024-11,2024-11-01,681.0,681.0,0.0,681.0,21626.21,21626.21,21626.21,0.0,0.0,False,none
A-61150,AM GSG Candy 6 oz Bag,1,SF,2024-12,2024-12-01,381.0,381.0,0.0,381.0,17060.42,17060.42,17060.42,0.0,0.0,False,none
A-61150,AM GSG Candy 6 oz Bag,1,SF,2025-01,2025-01-01,490.0,490.0,0.0,490.0,24281.809999999998,24281.809999999998,24281.81,0.0,0.0,False,none
A-61150,AM GSG Candy 6 oz Bag,1,SF,2025-02,2025-02-01,566.0,566.0,0.0,566.0,32429.53,32429.53,32429.53,0.0,0.0,False,none
A-61150,AM GSG Candy 6 oz Bag,1,SF,2025-03,2025-03-01,531.0,531.0,0.0,531.0,32123.969999999998,32123.969999999998,32123.97,0.0,0.0,False,none
A-61150,AM GSG Candy 6 oz Bag,1,SF,2025-04,2025-04-01,812.0,812.0,0.0,812.0,36035.10999999999,36035.10999999999,36035.11,0.0,0.0,False,none
A-61150,AM GSG Candy 6 oz Bag,1,SF,2025-05,2025-05-01,302.0,302.0,0.0,302.0,13783.74,13783.74,13783.74,0.0,0.0,False,none
A-61150,AM GSG Candy 6 oz Bag,1,SF,2025-06,2025-06-01,313.0,313.0,0.0,313.0,18801.33,18801.33,18801.33,0.0,0.0,False,none
A-61150,AM GSG Candy 6 oz Bag,1,SF,2025-07,2025-07-01,315.0,315.0,0.0,315.0,16411.0,16411.0,16411.0,0.0,0.0,False,none
A-61150,AM GSG Candy 6 oz Bag,1,SF,2025-08,2025-08-01,256.0,256.0,0.0,256.0,16114.08,16114.08,16114.08,0.0,0.0,False,none
A-61150,AM GSG Candy 6 oz Bag,1,SF,2025-09,2025-09-01,314.0,314.0,0.0,314.0,19014.49,19014.49,19014.49,0.0,0.0,False,none
A-61150,AM GSG Candy 6 oz Bag,1,SF,2025-10,2025-10-01,908.0,908.0,0.0,908.0,38479.700000000004,38479.700000000004,38479.7,0.0,0.0,False,none
A-61150,AM GSG Candy 6 oz Bag,1,SF,2025-11,2025-11-01,564.0,564.0,0.0,564.0,24534.55,24534.55,24534.55,0.0,0.0,False,none
A-61150,AM GSG Candy 6 oz Bag,1,SF,2025-12,2025-12-01,391.0,390.0,0.0,390.0,19373.84,19251.36,19251.36,1.0,122.47999999999956,False,none
A-61150,AM GSG Candy 6 oz Bag,2,NJ,2023-01,2023-01-01,143.0,143.0,0.0,143.0,6585.84,6585.84,6585.84,0.0,0.0,False,none
A-61150,AM GSG Candy 6 oz Bag,2,NJ,2023-02,2023-02-01,146.0,146.0,0.0,146.0,9332.25,9332.25,9332.25,0.0,0.0,False,none
A-61150,AM GSG Candy 6 oz Bag,2,NJ,2023-03,2023-03-01,286.0,286.0,0.0,286.0,15729.18,15729.18,15729.18,0.0,0.0,False,none
A-61150,AM GSG Candy 6 oz Bag,2,NJ,2023-04,2023-04-01,156.0,156.0,0.0,156.0,7193.16,7193.16,7193.16,0.0,0.0,False,none
A-61150,AM GSG Candy 6 oz Bag,2,NJ,2023-05,2023-05-01,331.0,331.0,0.0,331.0,19775.899999999998,19775.899999999998,19775.9,0.0,0.0,False,none
A-61150,AM GSG Candy 6 oz Bag,2,NJ,2023-06,2023-06-01,103.0,103.0,199.5,302.5,6241.96,6241.96,18331.97,0.0,0.0,True,deep_drop_gap
A-61150,AM GSG Candy 6 oz Bag,2,NJ,2023-07,2023-07-01,460.0,460.0,0.0,460.0,26792.76,26792.76,26792.76,0.0,0.0,False,none
A-61150,AM GSG Candy 6 oz Bag,2,NJ,2023-08,2023-08-01,274.0,274.0,0.0,274.0,10752.15,10752.15,10752.15,0.0,0.0,False,none
A-61150,AM GSG Candy 6 oz Bag,2,NJ,2023-09,2023-09-01,473.0,473.0,0.0,473.0,23974.51,23974.51,23974.51,0.0,0.0,False,none
A-61150,AM GSG Candy 6 oz Bag,2,NJ,2023-10,2023-10-01,889.0,889.0,0.0,889.0,46192.68,46192.68,46192.68,0.0,0.0,False,none
A-61150,AM GSG Candy 6 oz Bag,2,NJ,2023-11,2023-11-01,238.0,238.0,0.0,238.0,14465.82,14465.82,14465.82,0.0,0.0,False,none
A-61150,AM GSG Candy 6 oz Bag,2,NJ,2023-12,2023-12-01,15.0,15.0,565.5,580.5,44.16,44.16,1708.99,0.0,0.0,True,deep_drop_gap
A-61150,AM GSG Candy 6 oz Bag,2,NJ,2024-01,2024-01-01,686.0,686.0,0.0,686.0,40398.49,40398.49,40398.49,0.0,0.0,False,none
A-61150,AM GSG Candy 6 oz Bag,2,NJ,2024-02,2024-02-01,475.0,475.0,0.0,475.0,27933.44,27933.44,27933.44,0.0,0.0,False,none
A-61150,AM GSG Candy 6 oz Bag,2,NJ,2024-03,2024-03-01,1426.0,1426.0,0.0,1426.0,43451.67,43451.67,43451.67,0.0,0.0,False,none
A-61150,AM GSG Candy 6 oz Bag,2,NJ,2024-04,2024-04-01,650.0,650.0,0.0,650.0,39352.37,39352.37,39352.37,0.0,0.0,False,none
A-61150,AM GSG Candy 6 oz Bag,2,NJ,2024-05,2024-05-01,286.0,286.0,0.0,286.0,16584.02,16584.02,16584.02,0.0,0.0,False,none
A-61150,AM GSG Candy 6 oz Bag,2,NJ,2024-06,2024-06-01,446.0,446.0,0.0,446.0,21345.27,21345.27,21345.27,0.0,0.0,False,none
A-61150,AM GSG Candy 6 oz Bag,2,NJ,2024-07,2024-07-01,309.0,309.0,0.0,309.0,18771.8,18771.8,18771.8,0.0,0.0,False,none
A-61150,AM GSG Candy 6 oz Bag,2,NJ,2024-08,2024-08-01,309.0,309.0,0.0,309.0,19042.510000000002,19042.510000000002,19042.51,0.0,0.0,False,none
A-61150,AM GSG Candy 6 oz Bag,2,NJ,2024-09,2024-09-01,383.0,383.0,0.0,383.0,24960.35,24960.35,24960.35,0.0,0.0,False,none
A-61150,AM GSG Candy 6 oz Bag,2,NJ,2024-10,2024-10-01,683.0,683.0,0.0,683.0,41388.01,41388.01,41388.01,0.0,0.0,False,none
A-61150,AM GSG Candy 6 oz Bag,2,NJ,2024-11,2024-11-01,481.0,481.0,0.0,481.0,29263.260000000002,29263.260000000002,29263.26,0.0,0.0,False,none
A-61150,AM GSG Candy 6 oz Bag,2,NJ,2024-12,2024-12-01,310.0,310.0,0.0,310.0,17225.05,17225.05,17225.05,0.0,0.0,False,none
A-61150,AM GSG Candy 6 oz Bag,2,NJ,2025-01,2025-01-01,306.0,306.0,0.0,306.0,16381.68,16381.68,16381.68,0.0,0.0,False,none
A-61150,AM GSG Candy 6 oz Bag,2,NJ,2025-02,2025-02-01,530.0,530.0,0.0,530.0,35271.71,35271.71,35271.71,0.0,0.0,False,none
A-61150,AM GSG Candy 6 oz Bag,2,NJ,2025-03,2025-03-01,643.0,643.0,0.0,643.0,37837.55,37837.55,37837.55,0.0,0.0,False,none
A-61150,AM GSG Candy 6 oz Bag,2,NJ,2025-04,2025-04-01,454.0,454.0,0.0,454.0,22521.98,22521.98,22521.98,0.0,0.0,False,none
A-61150,AM GSG Candy 6 oz Bag,2,NJ,2025-05,2025-05-01,315.0,315.0,0.0,315.0,18823.31,18823.31,18823.31,0.0,0.0,False,none
A-61150,AM GSG Candy 6 oz Bag,2,NJ,2025-06,2025-06-01,333.0,333.0,0.0,333.0,24401.29,24401.29,24401.29,0.0,0.0,False,none
A-61150,AM GSG Candy 6 oz Bag,2,NJ,2025-07,2025-07-01,661.0,661.0,0.0,661.0,23990.16,23990.16,23990.16,0.0,0.0,False,none
A-61150,AM GSG Candy 6 oz Bag,2,NJ,2025-08,2025-08-01,278.0,278.0,0.0,278.0,18521.57,18521.57,18521.57,0.0,0.0,False,none
A-61150,AM GSG Candy 6 oz Bag,2,NJ,2025-09,2025-09-01,486.0,486.0,0.0,486.0,28135.73,28135.73,28135.73,0.0,0.0,False,none
A-61150,AM GSG Candy 6 oz Bag,2,NJ,2025-10,2025-10-01,543.0,543.0,0.0,543.0,39164.0,39164.0,39164.0,0.0,0.0,False,none
A-61150,AM GSG Candy 6 oz Bag,2,NJ,2025-11,2025-11-01,346.0,344.0,0.0,344.0,25244.760000000002,24999.800000000003,24999.8,2.0,244.95999999999913,False,none
A-61150,AM GSG Candy 6 oz Bag,2,NJ,2025-12,2025-12-01,350.0,350.0,0.0,350.0,21328.6,21328.6,21328.6,0.0,0.0,False,none
A-61150,AM GSG Candy 6 oz Bag,3,LA,2023-01,2023-01-01,360.0,360.0,0.0,360.0,3222.5,3222.5,3222.5,0.0,0.0,False,none
A-61150,AM GSG Candy 6 oz Bag,3,LA,2023-02,2023-02-01,552.0,552.0,0.0,552.0,2181.1800000000003,2181.1800000000003,2181.18,0.0,0.0,False,none
A-61150,AM GSG Candy 6 oz Bag,3,LA,2023-03,2023-03-01,535.0,535.0,0.0,535.0,2623.14,2623.14,2623.14,0.0,0.0,False,none
A-61150,AM GSG Candy 6 oz Bag,3,LA,2023-04,2023-04-01,636.0,636.0,0.0,636.0,2576.8799999999997,2576.8799999999997,2576.88,0.0,0.0,False,none
A-61150,AM GSG Candy 6 oz Bag,3,LA,2023-05,2023-05-01,709.0,709.0,0.0,709.0,5659.03,5659.03,5659.03,0.0,0.0,False,none
A-61150,AM GSG Candy 6 oz Bag,3,LA,2023-06,2023-06-01,901.0,901.0,0.0,901.0,4207.56,4207.56,4207.56,0.0,0.0,False,none
A-61150,AM GSG Candy 6 oz Bag,3,LA,2023-07,2023-07-01,408.0,408.0,0.0,408.0,4035.29,4035.29,4035.29,0.0,0.0,False,none
A-61150,AM GSG Candy 6 oz Bag,3,LA,2023-08,2023-08-01,610.0,610.0,0.0,610.0,8968.1,8968.1,8968.1,0.0,0.0,False,none
A-61150,AM GSG Candy 6 oz Bag,3,LA,2023-09,2023-09-01,602.0,602.0,0.0,602.0,7490.21,7490.21,7490.21,0.0,0.0,False,none
A-61150,AM GSG Candy 6 oz Bag,3,LA,2023-10,2023-10-01,567.0,567.0,0.0,567.0,8032.49,8032.49,8032.49,0.0,0.0,False,none
A-61150,AM GSG Candy 6 oz Bag,3,LA,2023-11,2023-11-01,935.0,935.0,0.0,935.0,9050.23,9050.23,9050.23,0.0,0.0,False,none
A-61150,AM GSG Candy 6 oz Bag,3,LA,2023-12,2023-12-01,547.0,547.0,0.0,547.0,10134.27,10134.27,10134.27,0.0,0.0,False,none
A-61150,AM GSG Candy 6 oz Bag,3,LA,2024-01,2024-01-01,826.0,826.0,0.0,826.0,19632.37,19632.37,19632.37,0.0,0.0,False,none
A-61150,AM GSG Candy 6 oz Bag,3,LA,2024-02,2024-02-01,683.0,683.0,0.0,683.0,12454.439999999999,12454.439999999999,12454.44,0.0,0.0,False,none
A-61150,AM GSG Candy 6 oz Bag,3,LA,2024-03,2024-03-01,685.0,685.0,0.0,685.0,10498.93,10498.93,10498.93,0.0,0.0,False,none
A-61150,AM GSG Candy 6 oz Bag,3,LA,2024-04,2024-04-01,473.0,473.0,0.0,473.0,4682.71,4682.71,4682.71,0.0,0.0,False,none
A-61150,AM GSG Candy 6 oz Bag,3,LA,2024-05,2024-05-01,907.0,907.0,0.0,907.0,16494.16,16494.16,16494.16,0.0,0.0,False,none
A-61150,AM GSG Candy 6 oz Bag,3,LA,2024-06,2024-06-01,539.0,539.0,0.0,539.0,10266.269999999999,10266.269999999999,10266.27,0.0,0.0,False,none
A-61150,AM GSG Candy 6 oz Bag,3,LA,2024-07,2024-07-01,411.0,411.0,0.0,411.0,7258.79,7258.79,7258.79,0.0,0.0,False,none
A-61150,AM GSG Candy 6 oz Bag,3,LA,2024-08,2024-08-01,489.0,489.0,0.0,489.0,10617.38,10617.38,10617.38,0.0,0.0,False,none
A-61150,AM GSG Candy 6 oz Bag,3,LA,2024-09,2024-09-01,539.0,539.0,0.0,539.0,7459.49,7459.49,7459.49,0.0,0.0,False,none
A-61150,AM GSG Candy 6 oz Bag,3,LA,2024-10,2024-10-01,768.0,768.0,0.0,768.0,19225.71,19225.71,19225.71,0.0,0.0,False,none
A-61150,AM GSG Candy 6 oz Bag,3,LA,2024-11,2024-11-01,581.0,581.0,0.0,581.0,7913.36,7913.36,7913.36,0.0,0.0,False,none
A-61150,AM GSG Candy 6 oz Bag,3,LA,2024-12,2024-12-01,604.0,604.0,0.0,604.0,9321.84,9321.84,9321.84,0.0,0.0,False,none
A-61150,AM GSG Candy 6 oz Bag,3,LA,2025-01,2025-01-01,933.0,933.0,0.0,933.0,14506.689999999999,14506.689999999999,14506.69,0.0,0.0,False,none
A-61150,AM GSG Candy 6 oz Bag,3,LA,2025-02,2025-02-01,331.0,331.0,0.0,331.0,2791.13,2791.13,2791.13,0.0,0.0,False,none
A-61150,AM GSG Candy 6 oz Bag,3,LA,2025-03,2025-03-01,593.0,593.0,0.0,593.0,12785.189999999999,12785.189999999999,12785.19,0.0,0.0,False,none
A-61150,AM GSG Candy 6 oz Bag,3,LA,2025-04,2025-04-01,857.0,857.0,0.0,857.0,21392.469999999998,21392.469999999998,21392.47,0.0,0.0,False,none
A-61150,AM GSG Candy 6 oz Bag,3,LA,2025-05,2025-05-01,544.0,544.0,0.0,544.0,3014.34,3014.34,3014.34,0.0,0.0,False,none
A-61150,AM GSG Candy 6 oz Bag,3,LA,2025-06,2025-06-01,582.0,582.0,0.0,582.0,9874.380000000001,9874.380000000001,9874.38,0.0,0.0,False,none
A-61150,AM GSG Candy 6 oz Bag,3,LA,2025-07,2025-07-01,464.0,464.0,0.0,464.0,5721.1,5721.1,5721.1,0.0,0.0,False,none
A-61150,AM GSG Candy 6 oz Bag,3,LA,2025-08,2025-08-01,334.0,334.0,0.0,334.0,6752.59,6752.59,6752.59,0.0,0.0,False,none
A-61150,AM GSG Candy 6 oz Bag,3,LA,2025-09,2025-09-01,644.0,644.0,0.0,644.0,11541.25,11541.25,11541.25,0.0,0.0,False,none
A-61150,AM GSG Candy 6 oz Bag,3,LA,2025-10,2025-10-01,647.0,647.0,0.0,647.0,14308.720000000001,14308.720000000001,14308.72,0.0,0.0,False,none
A-61150,AM GSG Candy 6 oz Bag,3,LA,2025-11,2025-11-01,311.0,308.0,0.0,308.0,5885.56,5640.610000000001,5640.61,3.0,244.94999999999982,False,none
A-61150,AM GSG Candy 6 oz Bag,3,LA,2025-12,2025-12-01,569.0,562.0,0.0,562.0,16629.12,16118.8,16118.8,7.0,510.3199999999997,False,none
A-61150,AM GSG Candy 6 oz Bag,E1,UNMAPPED,2024-01,2024-01-01,185.0,185.0,0.0,185.0,502.84,502.84,502.84,0.0,0.0,False,none
A-61150,AM GSG Candy 6 oz Bag,E1,UNMAPPED,2024-02,2024-02-01,0.0,0.0,185.0,185.0,0.0,0.0,502.84,0.0,0.0,True,zero_sales_gap
A-61150,AM GSG Candy 6 oz Bag,E1,UNMAPPED,2024-03,2024-03-01,0.0,0.0,95.0,95.0,0.0,0.0,258.22,0.0,0.0,True,zero_sales_gap
A-61150,AM GSG Candy 6 oz Bag,E1,UNMAPPED,2024-04,2024-04-01,0.0,0.0,5.0,5.0,0.0,0.0,13.59,0.0,0.0,True,zero_sales_gap
A-61150,AM GSG Candy 6 oz Bag,E1,UNMAPPED,2024-05,2024-05-01,5.0,5.0,0.0,5.0,27.16,27.16,27.16,0.0,0.0,False,none
A-61150,AM GSG Candy 6 oz Bag,E1,UNMAPPED,2024-06,2024-06-01,0.0,0.0,5.0,5.0,0.0,0.0,27.16,0.0,0.0,True,zero_sales_gap
A-61150,AM GSG Candy 6 oz Bag,E1,UNMAPPED,2024-07,2024-07-01,0.0,0.0,5.0,5.0,0.0,0.0,27.16,0.0,0.0,True,zero_sales_gap
A-61150,AM GSG Candy 6 oz Bag,E1,UNMAPPED,2024-08,2024-08-01,0.0,0.0,0.0,0.0,0.0,0.0,0.0,0.0,0.0,False,none
A-61150,AM GSG Candy 6 oz Bag,E1,UNMAPPED,2024-09,2024-09-01,0.0,0.0,0.0,0.0,0.0,0.0,0.0,0.0,0.0,False,none
A-61150,AM GSG Candy 6 oz Bag,E1,UNMAPPED,2024-10,2024-10-01,0.0,0.0,20.0,20.0,0.0,0.0,108.64,0.0,0.0,True,zero_sales_gap
A-61150,AM GSG Candy 6 oz Bag,E1,UNMAPPED,2024-11,2024-11-01,0.0,0.0,17.0,17.0,0.0,0.0,92.34,0.0,0.0,True,zero_sales_gap
A-61150,AM GSG Candy 6 oz Bag,E1,UNMAPPED,2024-12,2024-12-01,20.0,20.0,0.0,20.0,122.27000000000001,122.27000000000001,122.27,0.0,0.0,False,none
A-61150,AM GSG Candy 6 oz Bag,E1,UNMAPPED,2025-01,2025-01-01,14.0,14.0,0.0,14.0,89.66,89.66,89.66,0.0,0.0,False,none
A-61150,AM GSG Candy 6 oz Bag,E1,UNMAPPED,2025-02,2025-02-01,14.0,14.0,0.0,14.0,81.51,81.51,81.51,0.0,0.0,False,none
A-61150,AM GSG Candy 6 oz Bag,E1,UNMAPPED,2025-03,2025-03-01,3.0,3.0,11.0,14.0,16.3,16.3,76.07,0.0,0.0,True,deep_drop_gap
A-61150,AM GSG Candy 6 oz Bag,E1,UNMAPPED,2025-04,2025-04-01,1.0,1.0,0.0,1.0,8.15,8.15,8.15,0.0,0.0,False,none
A-61150,AM GSG Candy 6 oz Bag,E1,UNMAPPED,2025-05,2025-05-01,0.0,0.0,2.0,2.0,0.0,0.0,16.3,0.0,0.0,True,zero_sales_gap
A-61150,AM GSG Candy 6 oz Bag,E1,UNMAPPED,2025-06,2025-06-01,0.0,0.0,1.0,1.0,0.0,0.0,8.15,0.0,0.0,True,zero_sales_gap
A-61150,AM GSG Candy 6 oz Bag,E1,UNMAPPED,2025-07,2025-07-01,0.0,0.0,1.0,1.0,0.0,0.0,8.15,0.0,0.0,True,zero_sales_gap
A-61150,AM GSG Candy 6 oz Bag,E1,UNMAPPED,2025-08,2025-08-01,1.0,1.0,0.0,1.0,0.0,0.0,0.0,0.0,0.0,False,none
A-61220,AM GSG RT Tea 20 Bags,1,SF,2023-01,2023-01-01,134.0,134.0,0.0,134.0,3576.92,3576.92,3576.92,0.0,0.0,False,none
A-61220,AM GSG RT Tea 20 Bags,1,SF,2023-02,2023-02-01,188.0,188.0,0.0,188.0,1493.46,1493.46,1493.46,0.0,0.0,False,none
A-61220,AM GSG RT Tea 20 Bags,1,SF,2023-03,2023-03-01,0.0,0.0,134.0,134.0,0.0,0.0,1064.49,0.0,0.0,True,zero_sales_gap
A-61220,AM GSG RT Tea 20 Bags,1,SF,2023-04,2023-04-01,7.0,7.0,0.0,7.0,70.25,70.25,70.25,0.0,0.0,False,none
A-61220,AM GSG RT Tea 20 Bags,1,SF,2023-05,2023-05-01,0.0,0.0,7.0,7.0,0.0,0.0,70.25,0.0,0.0,True,zero_sales_gap
A-61220,AM GSG RT Tea 20 Bags,1,SF,2023-06,2023-06-01,0.0,0.0,83.0,83.0,0.0,0.0,832.96,0.0,0.0,True,zero_sales_gap
A-61220,AM GSG RT Tea 20 Bags,1,SF,2023-07,2023-07-01,0.0,0.0,170.5,170.5,0.0,0.0,1711.09,0.0,0.0,True,zero_sales_gap
A-61220,AM GSG RT Tea 20 Bags,1,SF,2023-08,2023-08-01,159.0,159.0,0.0,159.0,4312.3,4312.3,4312.3,0.0,0.0,False,none
A-61220,AM GSG RT Tea 20 Bags,1,SF,2023-09,2023-09-01,182.0,182.0,0.0,182.0,12969.279999999999,12969.279999999999,12969.28,0.0,0.0,False,none
A-61220,AM GSG RT Tea 20 Bags,1,SF,2023-10,2023-10-01,83.0,83.0,0.0,83.0,1533.02,1533.02,1533.02,0.0,0.0,False,none
A-61220,AM GSG RT Tea 20 Bags,1,SF,2023-11,2023-11-01,56.0,56.0,0.0,56.0,3267.8199999999997,3267.8199999999997,3267.82,0.0,0.0,False,none
A-61220,AM GSG RT Tea 20 Bags,1,SF,2023-12,2023-12-01,15.0,14.0,55.5,69.5,1091.8600000000001,684.99,3400.49,1.0,406.8700000000001,True,deep_drop_gap
A-61220,AM GSG RT Tea 20 Bags,1,SF,2024-01,2024-01-01,11.0,11.0,60.5,71.5,156.8,156.8,1019.2,0.0,0.0,True,deep_drop_gap
A-61220,AM GSG RT Tea 20 Bags,1,SF,2024-02,2024-02-01,226.0,226.0,0.0,226.0,2482.29,2482.29,2482.29,0.0,0.0,False,none
A-61220,AM GSG RT Tea 20 Bags,1,SF,2024-03,2024-03-01,87.0,87.0,0.0,87.0,9686.34,9686.34,9686.34,0.0,0.0,False,none
A-61220,AM GSG RT Tea 20 Bags,1,SF,2024-04,2024-04-01,126.0,126.0,0.0,126.0,16391.32,16391.32,16391.32,0.0,0.0,False,none
A-61220,AM GSG RT Tea 20 Bags,1,SF,2024-05,2024-05-01,196.0,196.0,0.0,196.0,14424.55,14424.55,14424.55,0.0,0.0,False,none
A-61220,AM GSG RT Tea 20 Bags,1,SF,2024-06,2024-06-01,112.0,112.0,0.0,112.0,11473.83,11473.83,11473.83,0.0,0.0,False,none
A-61220,AM GSG RT Tea 20 Bags,1,SF,2024-07,2024-07-01,17.0,17.0,56.5,73.5,102.53999999999999,102.53999999999999,443.33,0.0,0.0,True,deep_drop_gap
A-61220,AM GSG RT Tea 20 Bags,1,SF,2024-08,2024-08-01,22.0,22.0,0.0,22.0,5963.58,5963.58,5963.58,0.0,0.0,False,none
A-61220,AM GSG RT Tea 20 Bags,1,SF,2024-09,2024-09-01,35.0,35.0,0.0,35.0,5896.49,5896.49,5896.49,0.0,0.0,False,none
A-61220,AM GSG RT Tea 20 Bags,1,SF,2024-10,2024-10-01,74.0,74.0,0.0,74.0,8719.32,8719.32,8719.32,0.0,0.0,False,none
A-61220,AM GSG RT Tea 20 Bags,1,SF,2024-11,2024-11-01,277.0,277.0,0.0,277.0,4310.54,4310.54,4310.54,0.0,0.0,False,none
A-61220,AM GSG RT Tea 20 Bags,1,SF,2024-12,2024-12-01,133.0,133.0,0.0,133.0,4262.55,4262.55,4262.55,0.0,0.0,False,none
A-61220,AM GSG RT Tea 20 Bags,1,SF,2025-01,2025-01-01,383.0,383.0,0.0,383.0,3946.22,3946.22,3946.22,0.0,0.0,False,none
A-61220,AM GSG RT Tea 20 Bags,1,SF,2025-02,2025-02-01,79.0,79.0,179.0,258.0,21098.350000000002,21098.350000000002,68903.47,0.0,0.0,True,deep_drop_gap
A-61220,AM GSG RT Tea 20 Bags,1,SF,2025-03,2025-03-01,42.0,42.0,189.0,231.0,4078.82,4078.82,22433.51,0.0,0.0,True,deep_drop_gap
A-61220,AM GSG RT Tea 20 Bags,1,SF,2025-04,2025-04-01,940.0,940.0,0.0,940.0,9604.5,9604.5,9604.5,0.0,0.0,False,none
A-61220,AM GSG RT Tea 20 Bags,1,SF,2025-05,2025-05-01,42.0,42.0,0.0,42.0,465.75,465.75,465.75,0.0,0.0,False,none
A-61220,AM GSG RT Tea 20 Bags,1,SF,2025-06,2025-06-01,11.0,11.0,28.5,39.5,175.41,175.41,629.88,0.0,0.0,True,deep_drop_gap
A-61220,AM GSG RT Tea 20 Bags,1,SF,2025-07,2025-07-01,37.0,37.0,0.0,37.0,5819.1,5819.1,5819.1,0.0,0.0,False,none
A-61220,AM GSG RT Tea 20 Bags,1,SF,2025-08,2025-08-01,17.0,17.0,153.5,170.5,257.92,257.92,2586.79,0.0,0.0,True,deep_drop_gap
A-61220,AM GSG RT Tea 20 Bags,1,SF,2025-09,2025-09-01,304.0,304.0,0.0,304.0,3308.5,3308.5,3308.5,0.0,0.0,False,none
A-61220,AM GSG RT Tea 20 Bags,1,SF,2025-10,2025-10-01,1973.0,1973.0,0.0,1973.0,19126.620000000003,19126.620000000003,19126.62,0.0,0.0,False,none
A-61220,AM GSG RT Tea 20 Bags,1,SF,2025-11,2025-11-01,195.0,195.0,0.0,195.0,34338.310000000005,34338.310000000005,34338.31,0.0,0.0,False,none
A-61220,AM GSG RT Tea 20 Bags,1,SF,2025-12,2025-12-01,447.0,447.0,0.0,447.0,21147.21,21147.21,21147.21,0.0,0.0,False,none
A-61220,AM GSG RT Tea 20 Bags,2,NJ,2023-01,2023-01-01,86.0,86.0,0.0,86.0,5665.66,5665.66,5665.66,0.0,0.0,False,none
A-61220,AM GSG RT Tea 20 Bags,2,NJ,2023-02,2023-02-01,15.0,15.0,176.5,191.5,620.71,620.71,7924.4,0.0,0.0,True,deep_drop_gap
A-61220,AM GSG RT Tea 20 Bags,2,NJ,2023-03,2023-03-01,297.0,297.0,0.0,297.0,3033.3,3033.3,3033.3,0.0,0.0,False,none
A-61220,AM GSG RT Tea 20 Bags,2,NJ,2023-04,2023-04-01,0.0,0.0,25.0,25.0,0.0,0.0,255.33,0.0,0.0,True,zero_sales_gap
A-61220,AM GSG RT Tea 20 Bags,2,NJ,2023-05,2023-05-01,0.0,0.0,129.0,129.0,0.0,0.0,1317.49,0.0,0.0,True,zero_sales_gap
A-61220,AM GSG RT Tea 20 Bags,2,NJ,2023-06,2023-06-01,25.0,25.0,0.0,25.0,1285.53,1285.53,1285.53,0.0,0.0,False,none
A-61220,AM GSG RT Tea 20 Bags,2,NJ,2023-07,2023-07-01,129.0,129.0,0.0,129.0,4528.79,4528.79,4528.79,0.0,0.0,False,none
A-61220,AM GSG RT Tea 20 Bags,2,NJ,2023-08,2023-08-01,20.0,20.0,55.5,75.5,659.62,659.62,2490.07,0.0,0.0,True,deep_drop_gap
A-61220,AM GSG RT Tea 20 Bags,2,NJ,2023-09,2023-09-01,42.0,42.0,67.0,109.0,571.5300000000001,571.5300000000001,1483.26,0.0,0.0,True,deep_drop_gap
A-61220,AM GSG RT Tea 20 Bags,2,NJ,2023-10,2023-10-01,109.0,109.0,0.0,109.0,9395.84,9395.84,9395.84,0.0,0.0,False,none
A-61220,AM GSG RT Tea 20 Bags,2,NJ,2023-11,2023-11-01,0.0,0.0,75.5,75.5,0.0,0.0,6508.13,0.0,0.0,True,zero_sales_gap
A-61220,AM GSG RT Tea 20 Bags,2,NJ,2023-12,2023-12-01,0.0,0.0,109.0,109.0,0.0,0.0,9395.84,0.0,0.0,True,zero_sales_gap
A-61220,AM GSG RT Tea 20 Bags,2,NJ,2024-01,2024-01-01,0.0,0.0,0.0,0.0,0.0,0.0,0.0,0.0,0.0,False,none
A-61220,AM GSG RT Tea 20 Bags,2,NJ,2024-02,2024-02-01,0.0,0.0,144.0,144.0,0.0,0.0,12412.85,0.0,0.0,True,zero_sales_gap
A-61220,AM GSG RT Tea 20 Bags,2,NJ,2024-03,2024-03-01,0.0,0.0,91.0,91.0,0.0,0.0,7844.23,0.0,0.0,True,zero_sales_gap
A-61220,AM GSG RT Tea 20 Bags,2,NJ,2024-04,2024-04-01,144.0,144.0,0.0,144.0,7346.03,7346.03,7346.03,0.0,0.0,False,none
A-61220,AM GSG RT Tea 20 Bags,2,NJ,2024-05,2024-05-01,38.0,38.0,0.0,38.0,935.36,935.36,935.36,0.0,0.0,False,none
A-61220,AM GSG RT Tea 20 Bags,2,NJ,2024-06,2024-06-01,54.0,54.0,0.0,54.0,2654.29,2654.29,2654.29,0.0,0.0,False,none
A-61220,AM GSG RT Tea 20 Bags,2,NJ,2024-07,2024-07-01,25.0,25.0,0.0,25.0,7830.930000000001,7830.930000000001,7830.93,0.0,0.0,False,none
A-61220,AM GSG RT Tea 20 Bags,2,NJ,2024-08,2024-08-01,28.0,28.0,0.0,28.0,3173.03,3173.03,3173.03,0.0,0.0,False,none
A-61220,AM GSG RT Tea 20 Bags,2,NJ,2024-09,2024-09-01,41.0,40.0,0.0,40.0,3108.41,2599.82,2599.82,1.0,508.5899999999997,False,none
A-61220,AM GSG RT Tea 20 Bags,2,NJ,2024-10,2024-10-01,69.0,69.0,0.0,69.0,2284.2,2284.2,2284.2,0.0,0.0,False,none
A-61220,AM GSG RT Tea 20 Bags,2,NJ,2024-11,2024-11-01,30.0,30.0,0.0,30.0,2437.0099999999998,2437.0099999999998,2437.01,0.0,0.0,False,none
A-61220,AM GSG RT Tea 20 Bags,2,NJ,2024-12,2024-12-01,33.0,33.0,0.0,33.0,6741.610000000001,6741.610000000001,6741.61,0.0,0.0,False,none
A-61220,AM GSG RT Tea 20 Bags,2,NJ,2025-01,2025-01-01,62.0,62.0,0.0,62.0,1161.86,1161.86,1161.86,0.0,0.0,False,none
A-61220,AM GSG RT Tea 20 Bags,2,NJ,2025-02,2025-02-01,160.0,160.0,0.0,160.0,1959.8899999999999,1959.8899999999999,1959.89,0.0,0.0,False,none
A-61220,AM GSG RT Tea 20 Bags,2,NJ,2025-03,2025-03-01,179.0,179.0,0.0,179.0,16887.420000000002,16887.420000000002,16887.42,0.0,0.0,False,none
A-61220,AM GSG RT Tea 20 Bags,2,NJ,2025-04,2025-04-01,152.0,152.0,0.0,152.0,1506.04,1506.04,1506.04,0.0,0.0,False,none
A-61220,AM GSG RT Tea 20 Bags,2,NJ,2025-05,2025-05-01,0.0,0.0,117.5,117.5,0.0,0.0,1164.21,0.0,0.0,True,zero_sales_gap
A-61220,AM GSG RT Tea 20 Bags,2,NJ,2025-06,2025-06-01,1.0,1.0,0.0,1.0,23.87,23.87,23.87,0.0,0.0,False,none
A-61220,AM GSG RT Tea 20 Bags,2,NJ,2025-07,2025-07-01,83.0,83.0,0.0,83.0,2337.47,2337.47,2337.47,0.0,0.0,False,none
A-61220,AM GSG RT Tea 20 Bags,2,NJ,2025-08,2025-08-01,34.0,34.0,0.0,34.0,3048.21,3048.21,3048.21,0.0,0.0,False,none
A-61220,AM GSG RT Tea 20 Bags,2,NJ,2025-09,2025-09-01,41.0,41.0,0.0,41.0,3704.67,3704.67,3704.67,0.0,0.0,False,none
A-61220,AM GSG RT Tea 20 Bags,2,NJ,2025-10,2025-10-01,124.0,124.0,0.0,124.0,4398.21,4398.21,4398.21,0.0,0.0,False,none
A-61220,AM GSG RT Tea 20 Bags,2,NJ,2025-11,2025-11-01,42.0,41.0,83.0,124.0,3092.85,2530.87,7654.34,1.0,561.98,True,deep_drop_gap
A-61220,AM GSG RT Tea 20 Bags,2,NJ,2025-12,2025-12-01,128.0,128.0,0.0,128.0,7261.52,7261.52,7261.52,0.0,0.0,False,none
A-61220,AM GSG RT Tea 20 Bags,3,LA,2023-01,2023-01-01,912.0,912.0,0.0,912.0,15202.19,15202.19,15202.19,0.0,0.0,False,none
A-61220,AM GSG RT Tea 20 Bags,3,LA,2023-02,2023-02-01,482.0,482.0,0.0,482.0,9797.51,9797.51,9797.51,0.0,0.0,False,none
A-61220,AM GSG RT Tea 20 Bags,3,LA,2023-03,2023-03-01,776.0,776.0,0.0,776.0,21856.59,21856.59,21856.59,0.0,0.0,False,none
A-61220,AM GSG RT Tea 20 Bags,3,LA,2023-04,2023-04-01,806.0,806.0,0.0,806.0,15665.33,15665.33,15665.33,0.0,0.0,False,none
A-61220,AM GSG RT Tea 20 Bags,3,LA,2023-05,2023-05-01,768.0,768.0,0.0,768.0,13878.039999999999,13878.039999999999,13878.04,0.0,0.0,False,none
A-61220,AM GSG RT Tea 20 Bags,3,LA,2023-06,2023-06-01,316.0,316.0,0.0,316.0,21087.61,21087.61,21087.61,0.0,0.0,False,none
A-61220,AM GSG RT Tea 20 Bags,3,LA,2023-07,2023-07-01,206.0,206.0,0.0,206.0,14537.929999999998,14537.929999999998,14537.93,0.0,0.0,False,none
A-61220,AM GSG RT Tea 20 Bags,3,LA,2023-08,2023-08-01,151.0,151.0,0.0,151.0,23277.22,23277.22,23277.22,0.0,0.0,False,none
A-61220,AM GSG RT Tea 20 Bags,3,LA,2023-09,2023-09-01,208.0,208.0,0.0,208.0,30492.93,30492.93,30492.93,0.0,0.0,False,none
A-61220,AM GSG RT Tea 20 Bags,3,LA,2023-10,2023-10-01,352.0,352.0,0.0,352.0,29435.69,29435.69,29435.69,0.0,0.0,False,none
A-61220,AM GSG RT Tea 20 Bags,3,LA,2023-11,2023-11-01,785.0,785.0,0.0,785.0,30788.52,30788.52,30788.52,0.0,0.0,False,none
A-61220,AM GSG RT Tea 20 Bags,3,LA,2023-12,2023-12-01,1177.0,1177.0,0.0,1177.0,37295.29,37295.29,37295.29,0.0,0.0,False,none
A-61220,AM GSG RT Tea 20 Bags,3,LA,2024-01,2024-01-01,240.0,240.0,0.0,240.0,39113.85,39113.85,39113.85,0.0,0.0,False,none
A-61220,AM GSG RT Tea 20 Bags,3,LA,2024-02,2024-02-01,341.0,341.0,0.0,341.0,20205.61,20205.61,20205.61,0.0,0.0,False,none
A-61220,AM GSG RT Tea 20 Bags,3,LA,2024-03,2024-03-01,163.0,163.0,0.0,163.0,30919.920000000002,30919.920000000002,30919.92,0.0,0.0,False,none
A-61220,AM GSG RT Tea 20 Bags,3,LA,2024-04,2024-04-01,123.0,123.0,0.0,123.0,30439.690000000002,30439.690000000002,30439.69,0.0,0.0,False,none
A-61220,AM GSG RT Tea 20 Bags,3,LA,2024-05,2024-05-01,52.0,52.0,84.5,136.5,17311.68,17311.68,45443.16,0.0,0.0,True,deep_drop_gap
A-61220,AM GSG RT Tea 20 Bags,3,LA,2024-06,2024-06-01,150.0,150.0,0.0,150.0,28225.14,28225.14,28225.14,0.0,0.0,False,none
A-61220,AM GSG RT Tea 20 Bags,3,LA,2024-07,2024-07-01,73.0,73.0,0.0,73.0,23041.219999999998,23041.219999999998,23041.22,0.0,0.0,False,none
A-61220,AM GSG RT Tea 20 Bags,3,LA,2024-08,2024-08-01,88.0,88.0,0.0,88.0,29312.91,29312.91,29312.91,0.0,0.0,False,none
A-61220,AM GSG RT Tea 20 Bags,3,LA,2024-09,2024-09-01,150.0,150.0,0.0,150.0,28655.41,28655.41,28655.41,0.0,0.0,False,none
A-61220,AM GSG RT Tea 20 Bags,3,LA,2024-10,2024-10-01,102.0,102.0,0.0,102.0,31763.140000000003,31763.140000000003,31763.14,0.0,0.0,False,none
A-61220,AM GSG RT Tea 20 Bags,3,LA,2024-11,2024-11-01,478.0,478.0,0.0,478.0,34696.659999999996,34696.659999999996,34696.66,0.0,0.0,False,none
A-61220,AM GSG RT Tea 20 Bags,3,LA,2024-12,2024-12-01,100.0,100.0,0.0,100.0,13786.699999999999,13786.699999999999,13786.7,0.0,0.0,False,none
A-61220,AM GSG RT Tea 20 Bags,3,LA,2025-01,2025-01-01,96.0,96.0,0.0,96.0,30417.130000000005,30417.130000000005,30417.13,0.0,0.0,False,none
A-61220,AM GSG RT Tea 20 Bags,3,LA,2025-02,2025-02-01,59.0,59.0,0.0,59.0,12476.67,12476.67,12476.67,0.0,0.0,False,none
A-61220,AM GSG RT Tea 20 Bags,3,LA,2025-03,2025-03-01,92.0,92.0,0.0,92.0,25901.670000000002,25901.670000000002,25901.67,0.0,0.0,False,none
A-61220,AM GSG RT Tea 20 Bags,3,LA,2025-04,2025-04-01,125.0,125.0,0.0,125.0,25793.48,25793.48,25793.48,0.0,0.0,False,none
A-61220,AM GSG RT Tea 20 Bags,3,LA,2025-05,2025-05-01,420.0,420.0,0.0,420.0,18285.25,18285.25,18285.25,0.0,0.0,False,none
A-61220,AM GSG RT Tea 20 Bags,3,LA,2025-06,2025-06-01,293.0,293.0,0.0,293.0,34709.14,34709.14,34709.14,0.0,0.0,False,none
A-61220,AM GSG RT Tea 20 Bags,3,LA,2025-07,2025-07-01,60.0,60.0,123.0,183.0,18961.22,18961.22,57831.72,0.0,0.0,True,deep_drop_gap
A-61220,AM GSG RT Tea 20 Bags,3,LA,2025-08,2025-08-01,73.0,73.0,0.0,73.0,19122.65,19122.65,19122.65,0.0,0.0,False,none
A-61220,AM GSG RT Tea 20 Bags,3,LA,2025-09,2025-09-01,31.0,31.0,151.5,182.5,10756.31,10756.31,63323.44,0.0,0.0,True,deep_drop_gap
A-61220,AM GSG RT Tea 20 Bags,3,LA,2025-10,2025-10-01,292.0,292.0,0.0,292.0,23153.589999999997,23153.589999999997,23153.59,0.0,0.0,False,none
A-61220,AM GSG RT Tea 20 Bags,3,LA,2025-11,2025-11-01,608.0,551.0,0.0,551.0,36967.08,36124.11,36124.11,57.0,842.9700000000012,False,none
A-61220,AM GSG RT Tea 20 Bags,3,LA,2025-12,2025-12-01,658.0,658.0,0.0,658.0,47032.14,47032.14,47032.14,0.0,0.0,False,none
A-61220,AM GSG RT Tea 20 Bags,E1,UNMAPPED,2025-01,2025-01-01,2.0,2.0,0.0,2.0,47.74,47.74,47.74,0.0,0.0,False,none
A-61220,AM GSG RT Tea 20 Bags,E1,UNMAPPED,2025-02,2025-02-01,8.0,8.0,0.0,8.0,143.22,143.22,143.22,0.0,0.0,False,none
A-61220,AM GSG RT Tea 20 Bags,E1,UNMAPPED,2025-03,2025-03-01,1.0,1.0,6.5,7.5,23.87,23.87,179.02,0.0,0.0,True,deep_drop_gap
A-61220,AM GSG RT Tea 20 Bags,E1,UNMAPPED,2025-04,2025-04-01,7.0,7.0,0.0,7.0,119.35000000000001,119.35000000000001,119.35,0.0,0.0,False,none
A-61220,AM GSG RT Tea 20 Bags,E1,UNMAPPED,2025-05,2025-05-01,30.0,30.0,0.0,30.0,415.09,415.09,415.09,0.0,0.0,False,none
A-61220,AM GSG RT Tea 20 Bags,E1,UNMAPPED,2025-06,2025-06-01,0.0,0.0,7.0,7.0,0.0,0.0,96.85,0.0,0.0,True,zero_sales_gap
A-61220,AM GSG RT Tea 20 Bags,E1,UNMAPPED,2025-07,2025-07-01,4.0,4.0,0.0,4.0,71.61,71.61,71.61,0.0,0.0,False,none
A-61220,AM GSG RT Tea 20 Bags,E1,UNMAPPED,2025-08,2025-08-01,0.0,0.0,1.0,1.0,0.0,0.0,17.9,0.0,0.0,True,zero_sales_gap
A-61220,AM GSG RT Tea 20 Bags,E1,UNMAPPED,2025-09,2025-09-01,1.0,1.0,0.0,1.0,23.87,23.87,23.87,0.0,0.0,False,none
A-61220,AM GSG RT Tea 20 Bags,E1,UNMAPPED,2025-10,2025-10-01,1.0,1.0,0.0,1.0,23.87,23.87,23.87,0.0,0.0,False,none
A-61220,AM GSG RT Tea 20 Bags,E1,UNMAPPED,2025-11,2025-11-01,1.0,1.0,0.0,1.0,23.87,23.87,23.87,0.0,0.0,False,none
A-61234,AM GSG RT/Green Tea 30 Bags,1,SF,2023-02,2023-02-01,26.0,26.0,0.0,26.0,149.73,149.73,149.73,0.0,0.0,False,none
A-61234,AM GSG RT/Green Tea 30 Bags,1,SF,2023-03,2023-03-01,0.0,0.0,26.0,26.0,0.0,0.0,149.73,0.0,0.0,True,zero_sales_gap
A-61234,AM GSG RT/Green Tea 30 Bags,1,SF,2023-04,2023-04-01,0.0,0.0,20.0,20.0,0.0,0.0,115.18,0.0,0.0,True,zero_sales_gap
A-61234,AM GSG RT/Green Tea 30 Bags,1,SF,2023-05,2023-05-01,0.0,0.0,15.5,15.5,0.0,0.0,89.26,0.0,0.0,True,zero_sales_gap
A-61234,AM GSG RT/Green Tea 30 Bags,1,SF,2023-06,2023-06-01,14.0,14.0,0.0,14.0,90.12,90.12,90.12,0.0,0.0,False,none
A-61234,AM GSG RT/Green Tea 30 Bags,1,SF,2023-07,2023-07-01,17.0,17.0,0.0,17.0,124.78,124.78,124.78,0.0,0.0,False,none
A-61234,AM GSG RT/Green Tea 30 Bags,1,SF,2023-08,2023-08-01,8.0,8.0,0.0,8.0,62.39,62.39,62.39,0.0,0.0,False,none
A-61234,AM GSG RT/Green Tea 30 Bags,1,SF,2023-09,2023-09-01,24.0,24.0,0.0,24.0,0.0,0.0,0.0,0.0,0.0,False,none
A-61234,AM GSG RT/Green Tea 30 Bags,1,SF,2023-10,2023-10-01,0.0,0.0,16.0,16.0,0.0,0.0,0.0,0.0,0.0,True,zero_sales_gap
A-61234,AM GSG RT/Green Tea 30 Bags,1,SF,2023-11,2023-11-01,0.0,0.0,14.0,14.0,0.0,0.0,0.0,0.0,0.0,True,zero_sales_gap
A-61234,AM GSG RT/Green Tea 30 Bags,1,SF,2023-12,2023-12-01,0.0,0.0,4.0,4.0,0.0,0.0,0.0,0.0,0.0,True,zero_sales_gap
A-61234,AM GSG RT/Green Tea 30 Bags,1,SF,2024-01,2024-01-01,4.0,4.0,0.0,4.0,0.0,0.0,0.0,0.0,0.0,False,none
A-61234,AM GSG RT/Green Tea 30 Bags,2,NJ,2023-05,2023-05-01,100.0,100.0,0.0,100.0,199.64,199.64,199.64,0.0,0.0,False,none
A-61234,AM GSG RT/Green Tea 30 Bags,2,NJ,2023-06,2023-06-01,132.0,132.0,0.0,132.0,735.8100000000001,735.8100000000001,735.81,0.0,0.0,False,none
A-61234,AM GSG RT/Green Tea 30 Bags,2,NJ,2023-07,2023-07-01,0.0,0.0,116.0,116.0,0.0,0.0,646.62,0.0,0.0,True,zero_sales_gap
A-61234,AM GSG RT/Green Tea 30 Bags,2,NJ,2023-08,2023-08-01,0.0,0.0,132.0,132.0,0.0,0.0,735.81,0.0,0.0,True,zero_sales_gap
A-61234,AM GSG RT/Green Tea 30 Bags,2,NJ,2023-09,2023-09-01,0.0,0.0,0.0,0.0,0.0,0.0,0.0,0.0,0.0,False,none
A-61234,AM GSG RT/Green Tea 30 Bags,2,NJ,2023-10,2023-10-01,0.0,0.0,0.0,0.0,0.0,0.0,0.0,0.0,0.0,False,none
A-61234,AM GSG RT/Green Tea 30 Bags,2,NJ,2023-11,2023-11-01,0.0,0.0,0.0,0.0,0.0,0.0,0.0,0.0,0.0,False,none
A-61234,AM GSG RT/Green Tea 30 Bags,2,NJ,2023-12,2023-12-01,0.0,0.0,0.0,0.0,0.0,0.0,0.0,0.0,0.0,False,none
A-61234,AM GSG RT/Green Tea 30 Bags,2,NJ,2024-01,2024-01-01,0.0,0.0,0.0,0.0,0.0,0.0,0.0,0.0,0.0,False,none
A-61234,AM GSG RT/Green Tea 30 Bags,2,NJ,2024-02,2024-02-01,0.0,0.0,0.0,0.0,0.0,0.0,0.0,0.0,0.0,False,none
A-61234,AM GSG RT/Green Tea 30 Bags,2,NJ,2024-03,2024-03-01,0.0,0.0,36.0,36.0,0.0,0.0,200.68,0.0,0.0,True,zero_sales_gap
A-61234,AM GSG RT/Green Tea 30 Bags,2,NJ,2024-04,2024-04-01,0.0,0.0,18.5,18.5,0.0,0.0,103.12,0.0,0.0,True,zero_sales_gap
A-61234,AM GSG RT/Green Tea 30 Bags,2,NJ,2024-05,2024-05-01,36.0,36.0,0.0,36.0,133.09,133.09,133.09,0.0,0.0,False,none
A-61234,AM GSG RT/Green Tea 30 Bags,2,NJ,2024-06,2024-06-01,1.0,1.0,0.0,1.0,18.01,18.01,18.01,0.0,0.0,False,none
A-61234,AM GSG RT/Green Tea 30 Bags,3,LA,2023-01,2023-01-01,4.0,4.0,0.0,4.0,1007.9100000000001,1007.9100000000001,1007.91,0.0,0.0,False,none
A-61234,AM GSG RT/Green Tea 30 Bags,3,LA,2023-02,2023-02-01,2.0,2.0,8.0,10.0,673.79,673.79,3368.95,0.0,0.0,True,deep_drop_gap
A-61234,AM GSG RT/Green Tea 30 Bags,3,LA,2023-03,2023-03-01,10.0,10.0,0.0,10.0,2720.1,2720.1,2720.1,0.0,0.0,False,none
A-61234,AM GSG RT/Green Tea 30 Bags,3,LA,2023-04,2023-04-01,56.0,56.0,0.0,56.0,2096.23,2096.23,2096.23,0.0,0.0,False,none
A-61234,AM GSG RT/Green Tea 30 Bags,3,LA,2023-05,2023-05-01,4.0,4.0,0.0,4.0,1073.07,1073.07,1073.07,0.0,0.0,False,none
A-61234,AM GSG RT/Green Tea 30 Bags,3,LA,2023-06,2023-06-01,2.0,2.0,3.5,5.5,399.28,399.28,1098.02,0.0,0.0,True,deep_drop_gap
A-61234,AM GSG RT/Green Tea 30 Bags,3,LA,2023-07,2023-07-01,7.0,7.0,0.0,7.0,1701.45,1701.45,1701.45,0.0,0.0,False,none
A-61234,AM GSG RT/Green Tea 30 Bags,3,LA,2023-08,2023-08-01,1.0,1.0,0.0,1.0,324.42,324.42,324.42,0.0,0.0,False,none
A-61234,AM GSG RT/Green Tea 30 Bags,3,LA,2023-09,2023-09-01,1.0,1.0,0.0,1.0,324.42,324.42,324.42,0.0,0.0,False,none
A-61234,AM GSG RT/Green Tea 30 Bags,3,LA,2023-10,2023-10-01,0.0,0.0,1.0,1.0,0.0,0.0,324.42,0.0,0.0,True,zero_sales_gap
A-61234,AM GSG RT/Green Tea 30 Bags,3,LA,2023-11,2023-11-01,1.0,1.0,0.0,1.0,349.37,349.37,349.37,0.0,0.0,False,none
A-61234,AM GSG RT/Green Tea 30 Bags,3,LA,2023-12,2023-12-01,1.0,1.0,0.0,1.0,349.37,349.37,349.37,0.0,0.0,False,none
A-61234,AM GSG RT/Green Tea 30 Bags,3,LA,2024-01,2024-01-01,0.0,0.0,1.0,1.0,0.0,0.0,349.37,0.0,0.0,True,zero_sales_gap
A-61234,AM GSG RT/Green Tea 30 Bags,3,LA,2024-02,2024-02-01,1.0,1.0,0.0,1.0,374.33,374.33,374.33,0.0,0.0,False,none
A-61234,AM GSG RT/Green Tea 30 Bags,3,LA,2024-03,2024-03-01,1.0,1.0,0.0,1.0,216.28,216.28,216.28,0.0,0.0,False,none
A-61234,AM GSG RT/Green Tea 30 Bags,3,LA,2024-04,2024-04-01,0.0,0.0,1.0,1.0,0.0,0.0,216.28,0.0,0.0,True,zero_sales_gap
A-61234,AM GSG RT/Green Tea 30 Bags,3,LA,2024-05,2024-05-01,1.0,1.0,0.0,1.0,349.37,349.37,349.37,0.0,0.0,False,none
A-61234,AM GSG RT/Green Tea 30 Bags,3,LA,2024-06,2024-06-01,0.0,0.0,1.0,1.0,0.0,0.0,349.37,0.0,0.0,True,zero_sales_gap
A-61234,AM GSG RT/Green Tea 30 Bags,3,LA,2024-07,2024-07-01,0.0,0.0,1.0,1.0,0.0,0.0,349.37,0.0,0.0,True,zero_sales_gap
A-61234,AM GSG RT/Green Tea 30 Bags,3,LA,2024-08,2024-08-01,0.0,0.0,0.0,0.0,0.0,0.0,0.0,0.0,0.0,False,none
A-61234,AM GSG RT/Green Tea 30 Bags,3,LA,2024-09,2024-09-01,0.0,0.0,0.0,0.0,0.0,0.0,0.0,0.0,0.0,False,none
A-61234,AM GSG RT/Green Tea 30 Bags,3,LA,2024-10,2024-10-01,0.0,0.0,0.0,0.0,0.0,0.0,0.0,0.0,0.0,False,none
A-61234,AM GSG RT/Green Tea 30 Bags,3,LA,2024-11,2024-11-01,0.0,0.0,0.0,0.0,0.0,0.0,0.0,0.0,0.0,False,none
A-61234,AM GSG RT/Green Tea 30 Bags,3,LA,2024-12,2024-12-01,0.0,0.0,0.0,0.0,0.0,0.0,0.0,0.0,0.0,False,none
A-61234,AM GSG RT/Green Tea 30 Bags,3,LA,2025-01,2025-01-01,0.0,0.0,0.0,0.0,0.0,0.0,0.0,0.0,0.0,False,none
A-61234,AM GSG RT/Green Tea 30 Bags,3,LA,2025-02,2025-02-01,0.0,0.0,530.0,530.0,0.0,0.0,185166.1,0.0,0.0,True,zero_sales_gap
A-61234,AM GSG RT/Green Tea 30 Bags,3,LA,2025-03,2025-03-01,0.0,0.0,530.0,530.0,0.0,0.0,185166.1,0.0,0.0,True,zero_sales_gap
A-61234,AM GSG RT/Green Tea 30 Bags,3,LA,2025-04,2025-04-01,530.0,530.0,0.0,530.0,4236.8,4236.8,4236.8,0.0,0.0,False,none
A-61250,AM GSG RT Tea 50x1.8g,1,SF,2023-01,2023-01-01,4.0,4.0,0.0,4.0,134.43,134.43,134.43,0.0,0.0,False,none
A-61250,AM GSG RT Tea 50x1.8g,1,SF,2023-02,2023-02-01,1.0,1.0,4.0,5.0,44.81,44.81,224.05,0.0,0.0,True,deep_drop_gap
A-61250,AM GSG RT Tea 50x1.8g,1,SF,2023-03,2023-03-01,5.0,5.0,0.0,5.0,179.24,179.24,179.24,0.0,0.0,False,none
A-61250,AM GSG RT Tea 50x1.8g,1,SF,2023-04,2023-04-01,1095.0,1095.0,0.0,1095.0,18610.68,18610.68,18610.68,0.0,0.0,False,none
A-61250,AM GSG RT Tea 50x1.8g,1,SF,2023-05,2023-05-01,16.0,16.0,0.0,16.0,407.48,407.48,407.48,0.0,0.0,False,none
A-61250,AM GSG RT Tea 50x1.8g,1,SF,2023-06,2023-06-01,31.0,31.0,0.0,31.0,814.94,814.94,814.94,0.0,0.0,False,none
A-61250,AM GSG RT Tea 50x1.8g,1,SF,2023-07,2023-07-01,14.0,14.0,0.0,14.0,339.56,339.56,339.56,0.0,0.0,False,none
A-61250,AM GSG RT Tea 50x1.8g,1,SF,2023-08,2023-08-01,6.0,6.0,24.5,30.5,77.2,77.2,392.43,0.0,0.0,True,deep_drop_gap
A-61250,AM GSG RT Tea 50x1.8g,1,SF,2023-09,2023-09-01,30.0,30.0,0.0,30.0,727.2900000000001,727.2900000000001,727.29,0.0,0.0,False,none
A-61250,AM GSG RT Tea 50x1.8g,1,SF,2023-10,2023-10-01,100.0,100.0,213.0,313.0,2556.94,2556.94,8003.22,0.0,0.0,True,deep_drop_gap
A-61250,AM GSG RT Tea 50x1.8g,1,SF,2023-11,2023-11-01,596.0,596.0,0.0,596.0,12908.1,12908.1,12908.1,0.0,0.0,False,none
A-61250,AM GSG RT Tea 50x1.8g,1,SF,2023-12,2023-12-01,980.0,980.0,0.0,980.0,16949.940000000002,16949.940000000002,16949.94,0.0,0.0,False,none
A-61250,AM GSG RT Tea 50x1.8g,1,SF,2024-01,2024-01-01,295.0,295.0,0.0,295.0,13914.29,13914.29,13914.29,0.0,0.0,False,none
A-61250,AM GSG RT Tea 50x1.8g,1,SF,2024-02,2024-02-01,297.0,297.0,0.0,297.0,7219.67,7219.67,7219.67,0.0,0.0,False,none
A-61250,AM GSG RT Tea 50x1.8g,1,SF,2024-03,2024-03-01,419.0,419.0,0.0,419.0,14320.1,14320.1,14320.1,0.0,0.0,False,none
A-61250,AM GSG RT Tea 50x1.8g,1,SF,2024-04,2024-04-01,1508.0,1508.0,0.0,1508.0,43732.3,43732.3,43732.3,0.0,0.0,False,none
A-61250,AM GSG RT Tea 50x1.8g,1,SF,2024-05,2024-05-01,418.0,418.0,0.0,418.0,17298.78,17298.78,17298.78,0.0,0.0,False,none
A-61250,AM GSG RT Tea 50x1.8g,1,SF,2024-06,2024-06-01,582.0,582.0,0.0,582.0,12906.82,12906.82,12906.82,0.0,0.0,False,none
A-61250,AM GSG RT Tea 50x1.8g,1,SF,2024-07,2024-07-01,324.0,324.0,0.0,324.0,8760.16,8760.16,8760.16,0.0,0.0,False,none
A-61250,AM GSG RT Tea 50x1.8g,1,SF,2024-08,2024-08-01,568.0,568.0,0.0,568.0,12252.369999999999,12252.369999999999,12252.37,0.0,0.0,False,none
A-61250,AM GSG RT Tea 50x1.8g,1,SF,2024-09,2024-09-01,433.0,433.0,0.0,433.0,17493.03,17493.03,17493.03,0.0,0.0,False,none
A-61250,AM GSG RT Tea 50x1.8g,1,SF,2024-10,2024-10-01,355.0,355.0,0.0,355.0,17904.67,17904.67,17904.67,0.0,0.0,False,none
A-61250,AM GSG RT Tea 50x1.8g,1,SF,2024-11,2024-11-01,217.0,217.0,0.0,217.0,22603.11,22603.11,22603.11,0.0,0.0,False,none
A-61250,AM GSG RT Tea 50x1.8g,1,SF,2024-12,2024-12-01,99.0,99.0,0.0,99.0,7550.9400000000005,7550.9400000000005,7550.94,0.0,0.0,False,none
A-61250,AM GSG RT Tea 50x1.8g,1,SF,2025-01,2025-01-01,205.0,205.0,0.0,205.0,13142.369999999999,13142.369999999999,13142.37,0.0,0.0,False,none
A-61250,AM GSG RT Tea 50x1.8g,1,SF,2025-02,2025-02-01,105.0,105.0,160.0,265.0,8787.05,8787.05,22176.84,0.0,0.0,True,deep_drop_gap
A-61250,AM GSG RT Tea 50x1.8g,1,SF,2025-03,2025-03-01,404.0,404.0,0.0,404.0,13796.37,13796.37,13796.37,0.0,0.0,False,none
A-61250,AM GSG RT Tea 50x1.8g,1,SF,2025-04,2025-04-01,325.0,325.0,0.0,325.0,12895.730000000001,12895.730000000001,12895.73,0.0,0.0,False,none
A-61250,AM GSG RT Tea 50x1.8g,1,SF,2025-05,2025-05-01,281.0,281.0,0.0,281.0,13525.86,13525.86,13525.86,0.0,0.0,False,none
A-61250,AM GSG RT Tea 50x1.8g,1,SF,2025-06,2025-06-01,219.0,219.0,0.0,219.0,6766.61,6766.61,6766.61,0.0,0.0,False,none
A-61250,AM GSG RT Tea 50x1.8g,1,SF,2025-07,2025-07-01,95.0,95.0,155.5,250.5,7972.78,7972.78,21022.96,0.0,0.0,True,deep_drop_gap
A-61250,AM GSG RT Tea 50x1.8g,1,SF,2025-08,2025-08-01,220.0,220.0,0.0,220.0,11490.91,11490.91,11490.91,0.0,0.0,False,none
A-61250,AM GSG RT Tea 50x1.8g,1,SF,2025-09,2025-09-01,395.0,395.0,0.0,395.0,11991.19,11991.19,11991.19,0.0,0.0,False,none
A-61250,AM GSG RT Tea 50x1.8g,1,SF,2025-10,2025-10-01,354.0,354.0,0.0,354.0,22536.45,22536.45,22536.45,0.0,0.0,False,none
A-61250,AM GSG RT Tea 50x1.8g,1,SF,2025-11,2025-11-01,224.0,224.0,0.0,224.0,22162.05,22162.05,22162.05,0.0,0.0,False,none
A-61250,AM GSG RT Tea 50x1.8g,1,SF,2025-12,2025-12-01,210.0,210.0,0.0,210.0,11044.429999999998,11044.429999999998,11044.43,0.0,0.0,False,none
A-61250,AM GSG RT Tea 50x1.8g,2,NJ,2023-01,2023-01-01,1.0,1.0,0.0,1.0,584.05,584.05,584.05,0.0,0.0,False,none
A-61250,AM GSG RT Tea 50x1.8g,2,NJ,2023-02,2023-02-01,19.0,19.0,0.0,19.0,1664.5300000000002,1664.5300000000002,1664.53,0.0,0.0,False,none
A-61250,AM GSG RT Tea 50x1.8g,2,NJ,2023-03,2023-03-01,1.0,1.0,0.0,1.0,642.45,642.45,642.45,0.0,0.0,False,none
A-61250,AM GSG RT Tea 50x1.8g,2,NJ,2023-04,2023-04-01,1.0,1.0,0.0,1.0,27.71,27.71,27.71,0.0,0.0,False,none
A-61250,AM GSG RT Tea 50x1.8g,2,NJ,2023-05,2023-05-01,0.0,0.0,1.0,1.0,0.0,0.0,27.71,0.0,0.0,True,zero_sales_gap
A-61250,AM GSG RT Tea 50x1.8g,2,NJ,2023-06,2023-06-01,16.0,16.0,0.0,16.0,0.0,0.0,0.0,0.0,0.0,False,none
A-61250,AM GSG RT Tea 50x1.8g,2,NJ,2023-07,2023-07-01,0.0,0.0,16.0,16.0,0.0,0.0,0.0,0.0,0.0,True,zero_sales_gap
A-61250,AM GSG RT Tea 50x1.8g,2,NJ,2023-08,2023-08-01,0.0,0.0,16.0,16.0,0.0,0.0,0.0,0.0,0.0,True,zero_sales_gap
A-61250,AM GSG RT Tea 50x1.8g,2,NJ,2023-09,2023-09-01,0.0,0.0,0.0,0.0,0.0,0.0,0.0,0.0,0.0,False,none
A-61250,AM GSG RT Tea 50x1.8g,2,NJ,2023-10,2023-10-01,0.0,0.0,0.0,0.0,0.0,0.0,0.0,0.0,0.0,False,none
A-61250,AM GSG RT Tea 50x1.8g,2,NJ,2023-11,2023-11-01,0.0,0.0,0.0,0.0,0.0,0.0,0.0,0.0,0.0,False,none
A-61250,AM GSG RT Tea 50x1.8g,2,NJ,2023-12,2023-12-01,0.0,0.0,0.0,0.0,0.0,0.0,0.0,0.0,0.0,False,none
A-61250,AM GSG RT Tea 50x1.8g,2,NJ,2024-01,2024-01-01,0.0,0.0,0.0,0.0,0.0,0.0,0.0,0.0,0.0,False,none
A-61250,AM GSG RT Tea 50x1.8g,2,NJ,2024-02,2024-02-01,0.0,0.0,17.0,17.0,0.0,0.0,0.0,0.0,0.0,True,zero_sales_gap
A-61250,AM GSG RT Tea 50x1.8g,2,NJ,2024-03,2024-03-01,0.0,0.0,34.5,34.5,0.0,0.0,0.0,0.0,0.0,True,zero_sales_gap
A-61250,AM GSG RT Tea 50x1.8g,2,NJ,2024-04,2024-04-01,17.0,17.0,0.0,17.0,664.01,664.01,664.01,0.0,0.0,False,none
A-61250,AM GSG RT Tea 50x1.8g,2,NJ,2024-05,2024-05-01,52.0,52.0,0.0,52.0,1864.0900000000001,1864.0900000000001,1864.09,0.0,0.0,False,none
A-61250,AM GSG RT Tea 50x1.8g,2,NJ,2024-06,2024-06-01,62.0,62.0,0.0,62.0,4041.0199999999995,4041.0199999999995,4041.02,0.0,0.0,False,none
A-61250,AM GSG RT Tea 50x1.8g,2,NJ,2024-07,2024-07-01,40.0,40.0,0.0,40.0,2088.92,2088.92,2088.92,0.0,0.0,False,none
A-61250,AM GSG RT Tea 50x1.8g,2,NJ,2024-08,2024-08-01,39.0,39.0,0.0,39.0,1425.44,1425.44,1425.44,0.0,0.0,False,none
A-61250,AM GSG RT Tea 50x1.8g,2,NJ,2024-09,2024-09-01,29.0,29.0,0.0,29.0,1754.5800000000002,1754.5800000000002,1754.58,0.0,0.0,False,none
A-61250,AM GSG RT Tea 50x1.8g,2,NJ,2024-10,2024-10-01,44.0,44.0,0.0,44.0,2024.3000000000002,2024.3000000000002,2024.3,0.0,0.0,False,none
A-61250,AM GSG RT Tea 50x1.8g,2,NJ,2024-11,2024-11-01,149.0,149.0,0.0,149.0,7836.07,7836.07,7836.07,0.0,0.0,False,none
A-61250,AM GSG RT Tea 50x1.8g,2,NJ,2024-12,2024-12-01,153.0,153.0,0.0,153.0,4352.45,4352.45,4352.45,0.0,0.0,False,none
A-61250,AM GSG RT Tea 50x1.8g,2,NJ,2025-01,2025-01-01,16.0,16.0,65.0,81.0,582.5600000000001,582.5600000000001,2949.21,0.0,0.0,True,deep_drop_gap
A-61250,AM GSG RT Tea 50x1.8g,2,NJ,2025-02,2025-02-01,6.0,6.0,13.0,19.0,264.79,264.79,838.5,0.0,0.0,True,deep_drop_gap
A-61250,AM GSG RT Tea 50x1.8g,2,NJ,2025-03,2025-03-01,13.0,13.0,0.0,13.0,528.23,528.23,528.23,0.0,0.0,False,none
A-61250,AM GSG RT Tea 50x1.8g,2,NJ,2025-04,2025-04-01,22.0,22.0,0.0,22.0,763.15,763.15,763.15,0.0,0.0,False,none
A-61250,AM GSG RT Tea 50x1.8g,2,NJ,2025-05,2025-05-01,35.0,35.0,0.0,35.0,963.8199999999999,963.8199999999999,963.82,0.0,0.0,False,none
A-61250,AM GSG RT Tea 50x1.8g,2,NJ,2025-06,2025-06-01,40.0,40.0,0.0,40.0,1608.1100000000001,1608.1100000000001,1608.11,0.0,0.0,False,none
A-61250,AM GSG RT Tea 50x1.8g,2,NJ,2025-07,2025-07-01,44.0,44.0,0.0,44.0,1427.63,1427.63,1427.63,0.0,0.0,False,none
A-61250,AM GSG RT Tea 50x1.8g,2,NJ,2025-08,2025-08-01,16.0,16.0,0.0,16.0,568.05,568.05,568.05,0.0,0.0,False,none
A-61250,AM GSG RT Tea 50x1.8g,2,NJ,2025-09,2025-09-01,14.0,14.0,24.5,38.5,557.1700000000001,557.1700000000001,1532.22,0.0,0.0,True,deep_drop_gap
A-61250,AM GSG RT Tea 50x1.8g,2,NJ,2025-10,2025-10-01,33.0,33.0,0.0,33.0,1525.19,1525.19,1525.19,0.0,0.0,False,none
A-61250,AM GSG RT Tea 50x1.8g,2,NJ,2025-11,2025-11-01,60.0,60.0,0.0,60.0,1682.4199999999998,1682.4199999999998,1682.42,0.0,0.0,False,none
A-61250,AM GSG RT Tea 50x1.8g,2,NJ,2025-12,2025-12-01,36.0,36.0,0.0,36.0,1825.44,1825.44,1825.44,0.0,0.0,False,none
A-61250,AM GSG RT Tea 50x1.8g,3,LA,2023-01,2023-01-01,4.0,4.0,0.0,4.0,627.49,627.49,627.49,0.0,0.0,False,none
A-61250,AM GSG RT Tea 50x1.8g,3,LA,2023-02,2023-02-01,3.0,3.0,15.0,18.0,1120.55,1120.55,6723.3,0.0,0.0,True,deep_drop_gap
A-61250,AM GSG RT Tea 50x1.8g,3,LA,2023-03,2023-03-01,18.0,18.0,0.0,18.0,3964.7,3964.7,3964.7,0.0,0.0,False,none
A-61250,AM GSG RT Tea 50x1.8g,3,LA,2023-04,2023-04-01,59.0,59.0,0.0,59.0,2560.26,2560.26,2560.26,0.0,0.0,False,none
A-61250,AM GSG RT Tea 50x1.8g,3,LA,2023-05,2023-05-01,8.0,8.0,17.0,25.0,1251.09,1251.09,3909.66,0.0,0.0,True,deep_drop_gap
A-61250,AM GSG RT Tea 50x1.8g,3,LA,2023-06,2023-06-01,32.0,32.0,0.0,32.0,1030.6100000000001,1030.6100000000001,1030.61,0.0,0.0,False,none
A-61250,AM GSG RT Tea 50x1.8g,3,LA,2023-07,2023-07-01,2.0,2.0,21.5,23.5,84.24000000000001,84.24000000000001,989.82,0.0,0.0,True,deep_drop_gap
A-61250,AM GSG RT Tea 50x1.8g,3,LA,2023-08,2023-08-01,15.0,15.0,0.0,15.0,476.77000000000004,476.77000000000004,476.77,0.0,0.0,False,none
A-61250,AM GSG RT Tea 50x1.8g,3,LA,2023-09,2023-09-01,81.0,81.0,0.0,81.0,1936.65,1936.65,1936.65,0.0,0.0,False,none
A-61250,AM GSG RT Tea 50x1.8g,3,LA,2023-10,2023-10-01,1.0,1.0,42.0,43.0,44.81,44.81,1926.83,0.0,0.0,True,deep_drop_gap
A-61250,AM GSG RT Tea 50x1.8g,3,LA,2023-11,2023-11-01,16.0,16.0,59.5,75.5,422.49,422.49,1993.62,0.0,0.0,True,deep_drop_gap
A-61250,AM GSG RT Tea 50x1.8g,3,LA,2023-12,2023-12-01,70.0,70.0,0.0,70.0,16768.93,16768.93,16768.93,0.0,0.0,False,none
A-61250,AM GSG RT Tea 50x1.8g,3,LA,2024-01,2024-01-01,139.0,139.0,0.0,139.0,4897.83,4897.83,4897.83,0.0,0.0,False,none
A-61250,AM GSG RT Tea 50x1.8g,3,LA,2024-02,2024-02-01,21.0,21.0,37.5,58.5,4565.07,4565.07,12716.98,0.0,0.0,True,deep_drop_gap
A-61250,AM GSG RT Tea 50x1.8g,3,LA,2024-03,2024-03-01,35.0,35.0,0.0,35.0,4782.32,4782.32,4782.32,0.0,0.0,False,none
A-61250,AM GSG RT Tea 50x1.8g,3,LA,2024-04,2024-04-01,47.0,47.0,0.0,47.0,3686.25,3686.25,3686.25,0.0,0.0,False,none
A-61250,AM GSG RT Tea 50x1.8g,3,LA,2024-05,2024-05-01,56.0,56.0,0.0,56.0,14517.36,14517.36,14517.36,0.0,0.0,False,none
A-61250,AM GSG RT Tea 50x1.8g,3,LA,2024-06,2024-06-01,41.0,41.0,0.0,41.0,3399.71,3399.71,3399.71,0.0,0.0,False,none
A-61250,AM GSG RT Tea 50x1.8g,3,LA,2024-07,2024-07-01,21.0,21.0,0.0,21.0,5601.85,5601.85,5601.85,0.0,0.0,False,none
A-61250,AM GSG RT Tea 50x1.8g,3,LA,2024-08,2024-08-01,11.0,11.0,24.0,35.0,1288.48,1288.48,4099.71,0.0,0.0,True,deep_drop_gap
A-61250,AM GSG RT Tea 50x1.8g,3,LA,2024-09,2024-09-01,29.0,29.0,0.0,29.0,7828.919999999999,7828.919999999999,7828.92,0.0,0.0,False,none
A-61250,AM GSG RT Tea 50x1.8g,3,LA,2024-10,2024-10-01,57.0,57.0,0.0,57.0,5296.5,5296.5,5296.5,0.0,0.0,False,none
A-61250,AM GSG RT Tea 50x1.8g,3,LA,2024-11,2024-11-01,146.0,146.0,0.0,146.0,9967.1,9967.1,9967.1,0.0,0.0,False,none
A-61250,AM GSG RT Tea 50x1.8g,3,LA,2024-12,2024-12-01,215.0,215.0,0.0,215.0,9507.12,9507.12,9507.12,0.0,0.0,False,none
A-61250,AM GSG RT Tea 50x1.8g,3,LA,2025-01,2025-01-01,115.0,115.0,0.0,115.0,6656.76,6656.76,6656.76,0.0,0.0,False,none
A-61250,AM GSG RT Tea 50x1.8g,3,LA,2025-02,2025-02-01,21.0,21.0,64.0,85.0,3659.11,3659.11,14810.68,0.0,0.0,True,deep_drop_gap
A-61250,AM GSG RT Tea 50x1.8g,3,LA,2025-03,2025-03-01,55.0,55.0,0.0,55.0,5993.94,5993.94,5993.94,0.0,0.0,False,none
A-61250,AM GSG RT Tea 50x1.8g,3,LA,2025-04,2025-04-01,10.0,10.0,0.0,10.0,242.34,242.34,242.34,0.0,0.0,False,none
A-61250,AM GSG RT Tea 50x1.8g,3,LA,2025-05,2025-05-01,16.0,16.0,0.0,16.0,5835.01,5835.01,5835.01,0.0,0.0,False,none
A-61250,AM GSG RT Tea 50x1.8g,3,LA,2025-06,2025-06-01,26.0,26.0,0.0,26.0,4931.780000000001,4931.780000000001,4931.78,0.0,0.0,False,none
A-61250,AM GSG RT Tea 50x1.8g,3,LA,2025-07,2025-07-01,5.0,5.0,16.0,21.0,657.39,657.39,2761.04,0.0,0.0,True,deep_drop_gap
A-61250,AM GSG RT Tea 50x1.8g,3,LA,2025-08,2025-08-01,5.0,5.0,23.5,28.5,1871.17,1871.17,10665.67,0.0,0.0,True,deep_drop_gap
A-61250,AM GSG RT Tea 50x1.8g,3,LA,2025-09,2025-09-01,31.0,31.0,0.0,31.0,5915.13,5915.13,5915.13,0.0,0.0,False,none
A-61250,AM GSG RT Tea 50x1.8g,3,LA,2025-10,2025-10-01,114.0,114.0,0.0,114.0,10010.189999999999,10010.189999999999,10010.19,0.0,0.0,False,none
A-61250,AM GSG RT Tea 50x1.8g,3,LA,2025-11,2025-11-01,58.0,56.0,0.0,56.0,6261.8099999999995,5126.3099999999995,5126.31,2.0,1135.5,False,none
A-61250,AM GSG RT Tea 50x1.8g,3,LA,2025-12,2025-12-01,53.0,53.0,0.0,53.0,3711.96,3711.96,3711.96,0.0,0.0,False,none
A-61250,AM GSG RT Tea 50x1.8g,E1,UNMAPPED,2025-01,2025-01-01,6.0,6.0,0.0,6.0,211.84,211.84,211.84,0.0,0.0,False,none
A-61250,AM GSG RT Tea 50x1.8g,E1,UNMAPPED,2025-02,2025-02-01,1.0,1.0,5.0,6.0,52.96,52.96,317.76,0.0,0.0,True,deep_drop_gap
A-61250,AM GSG RT Tea 50x1.8g,E1,UNMAPPED,2025-03,2025-03-01,4.0,4.0,0.0,4.0,158.88,158.88,158.88,0.0,0.0,False,none
A-61250,AM GSG RT Tea 50x1.8g,E1,UNMAPPED,2025-04,2025-04-01,18.0,18.0,0.0,18.0,694.86,694.86,694.86,0.0,0.0,False,none
A-61250,AM GSG RT Tea 50x1.8g,W,UNMAPPED,2025-01,2025-01-01,169.0,169.0,0.0,169.0,4934.700000000001,4934.700000000001,4934.7,0.0,0.0,False,none
A-61250,AM GSG RT Tea 50x1.8g,W,UNMAPPED,2025-02,2025-02-01,84.0,84.0,0.0,84.0,2651.8,2651.8,2651.8,0.0,0.0,False,none
A-61250,AM GSG RT Tea 50x1.8g,W,UNMAPPED,2025-03,2025-03-01,184.0,184.0,0.0,184.0,5600.879999999999,5600.879999999999,5600.88,0.0,0.0,False,none
A-61250,AM GSG RT Tea 50x1.8g,W,UNMAPPED,2025-04,2025-04-01,112.0,112.0,0.0,112.0,3435.24,3435.24,3435.24,0.0,0.0,False,none
A-61250,AM GSG RT Tea 50x1.8g,W,UNMAPPED,2025-05,2025-05-01,108.0,108.0,0.0,108.0,3249.48,3249.48,3249.48,0.0,0.0,False,none
A-61250,AM GSG RT Tea 50x1.8g,W,UNMAPPED,2025-06,2025-06-01,225.0,225.0,0.0,225.0,6721.08,6721.08,6721.08,0.0,0.0,False,none
A-61250,AM GSG RT Tea 50x1.8g,W,UNMAPPED,2025-07,2025-07-01,106.0,106.0,0.0,106.0,3127.81,3127.81,3127.81,0.0,0.0,False,none
A-61250,AM GSG RT Tea 50x1.8g,W,UNMAPPED,2025-08,2025-08-01,80.0,80.0,0.0,80.0,2427.74,2427.74,2427.74,0.0,0.0,False,none
A-61250,AM GSG RT Tea 50x1.8g,W,UNMAPPED,2025-09,2025-09-01,137.0,137.0,0.0,137.0,3843.2300000000005,3843.2300000000005,3843.23,0.0,0.0,False,none
A-61250,AM GSG RT Tea 50x1.8g,W,UNMAPPED,2025-10,2025-10-01,113.0,113.0,0.0,113.0,3368.1400000000003,3368.1400000000003,3368.14,0.0,0.0,False,none
A-61250,AM GSG RT Tea 50x1.8g,W,UNMAPPED,2025-11,2025-11-01,175.0,175.0,0.0,175.0,4790.139999999999,4790.139999999999,4790.14,0.0,0.0,False,none
A-61250,AM GSG RT Tea 50x1.8g,W,UNMAPPED,2025-12,2025-12-01,273.0,273.0,0.0,273.0,7303.94,7303.94,7303.94,0.0,0.0,False,none
A-61260,AM GSG RT Tea 60 Bags,1,SF,2023-01,2023-01-01,303.0,303.0,0.0,303.0,26486.86,26486.86,26486.86,0.0,0.0,False,none
A-61260,AM GSG RT Tea 60 Bags,1,SF,2023-02,2023-02-01,303.0,303.0,0.0,303.0,54019.52,54019.52,54019.52,0.0,0.0,False,none
A-61260,AM GSG RT Tea 60 Bags,1,SF,2023-03,2023-03-01,401.0,401.0,0.0,401.0,84870.6,84870.6,84870.6,0.0,0.0,False,none
A-61260,AM GSG RT Tea 60 Bags,1,SF,2023-04,2023-04-01,374.0,374.0,0.0,374.0,48904.29,48904.29,48904.29,0.0,0.0,False,none
A-61260,AM GSG RT Tea 60 Bags,1,SF,2023-05,2023-05-01,379.0,379.0,0.0,379.0,40280.840000000004,40280.840000000004,40280.84,0.0,0.0,False,none
A-61260,AM GSG RT Tea 60 Bags,1,SF,2023-06,2023-06-01,82.0,82.0,0.0,82.0,9396.75,9396.75,9396.75,0.0,0.0,False,none
A-61260,AM GSG RT Tea 60 Bags,1,SF,2023-07,2023-07-01,23.0,23.0,59.0,82.0,2835.2799999999997,2835.2799999999997,10108.39,0.0,0.0,True,deep_drop_gap
A-61260,AM GSG RT Tea 60 Bags,1,SF,2023-08,2023-08-01,4.0,4.0,0.0,4.0,186.82999999999998,186.82999999999998,186.83,0.0,0.0,False,none
A-61260,AM GSG RT Tea 60 Bags,2,NJ,2023-01,2023-01-01,649.0,649.0,0.0,649.0,74737.22,74737.22,74737.22,0.0,0.0,False,none
A-61260,AM GSG RT Tea 60 Bags,2,NJ,2023-02,2023-02-01,529.0,529.0,0.0,529.0,65678.34,65678.34,65678.34,0.0,0.0,False,none
A-61260,AM GSG RT Tea 60 Bags,2,NJ,2023-03,2023-03-01,1041.0,1041.0,0.0,1041.0,155409.79,155409.79,155409.79,0.0,0.0,False,none
A-61260,AM GSG RT Tea 60 Bags,2,NJ,2023-04,2023-04-01,878.0,878.0,0.0,878.0,139610.31,139610.31,139610.31,0.0,0.0,False,none
A-61260,AM GSG RT Tea 60 Bags,2,NJ,2023-05,2023-05-01,1079.0,1079.0,0.0,1079.0,131999.0,131999.0,131999.0,0.0,0.0,False,none
A-61260,AM GSG RT Tea 60 Bags,2,NJ,2023-06,2023-06-01,611.0,611.0,0.0,611.0,139855.30000000002,139855.30000000002,139855.3,0.0,0.0,False,none
A-61260,AM GSG RT Tea 60 Bags,2,NJ,2023-07,2023-07-01,407.0,407.0,0.0,407.0,64626.82,64626.82,64626.82,0.0,0.0,False,none
A-61260,AM GSG RT Tea 60 Bags,2,NJ,2023-08,2023-08-01,690.0,690.0,0.0,690.0,116869.67,116869.67,116869.67,0.0,0.0,False,none
A-61260,AM GSG RT Tea 60 Bags,2,NJ,2023-09,2023-09-01,132.0,132.0,275.0,407.0,46975.149999999994,46975.149999999994,144840.05,0.0,0.0,True,deep_drop_gap
A-61260,AM GSG RT Tea 60 Bags,2,NJ,2023-10,2023-10-01,7.0,7.0,0.0,7.0,3413.69,3413.69,3413.69,0.0,0.0,False,none
A-61260,AM GSG RT Tea 60 Bags,2,NJ,2023-11,2023-11-01,0.0,0.0,69.5,69.5,0.0,0.0,33893.06,0.0,0.0,True,zero_sales_gap
A-61260,AM GSG RT Tea 60 Bags,2,NJ,2023-12,2023-12-01,0.0,0.0,7.0,7.0,0.0,0.0,3413.69,0.0,0.0,True,zero_sales_gap
A-61260,AM GSG RT Tea 60 Bags,2,NJ,2024-01,2024-01-01,0.0,0.0,17.0,17.0,0.0,0.0,8290.39,0.0,0.0,True,zero_sales_gap
A-61260,AM GSG RT Tea 60 Bags,2,NJ,2024-02,2024-02-01,0.0,0.0,17.0,17.0,0.0,0.0,8290.39,0.0,0.0,True,zero_sales_gap
A-61260,AM GSG RT Tea 60 Bags,2,NJ,2024-03,2024-03-01,17.0,17.0,0.0,17.0,443.78,443.78,443.78,0.0,0.0,False,none
A-61260,AM GSG RT Tea 60 Bags,3,LA,2023-01,2023-01-01,100.0,100.0,0.0,100.0,12596.599999999999,12596.599999999999,12596.6,0.0,0.0,False,none
A-61260,AM GSG RT Tea 60 Bags,3,LA,2023-02,2023-02-01,75.0,75.0,140.0,215.0,19409.34,19409.34,55640.11,0.0,0.0,True,deep_drop_gap
A-61260,AM GSG RT Tea 60 Bags,3,LA,2023-03,2023-03-01,215.0,215.0,0.0,215.0,25087.87,25087.87,25087.87,0.0,0.0,False,none
A-61260,AM GSG RT Tea 60 Bags,3,LA,2023-04,2023-04-01,234.0,234.0,0.0,234.0,27633.23,27633.23,27633.23,0.0,0.0,False,none
A-61260,AM GSG RT Tea 60 Bags,3,LA,2023-05,2023-05-01,62.0,62.0,112.0,174.0,17204.1,17204.1,48282.47,0.0,0.0,True,deep_drop_gap
A-61260,AM GSG RT Tea 60 Bags,3,LA,2023-06,2023-06-01,133.0,133.0,0.0,133.0,22723.47,22723.47,22723.47,0.0,0.0,False,none
A-61260,AM GSG RT Tea 60 Bags,3,LA,2023-07,2023-07-01,73.0,73.0,0.0,73.0,13577.38,13577.38,13577.38,0.0,0.0,False,none
A-61260,AM GSG RT Tea 60 Bags,3,LA,2023-08,2023-08-01,98.0,98.0,0.0,98.0,20568.51,20568.51,20568.51,0.0,0.0,False,none
A-61260,AM GSG RT Tea 60 Bags,3,LA,2023-09,2023-09-01,32.0,32.0,0.0,32.0,3070.56,3070.56,3070.56,0.0,0.0,False,none
A-61260,AM GSG RT Tea 60 Bags##23,1,SF,2023-10,2023-10-01,6.0,6.0,0.0,6.0,113.79,113.79,113.79,0.0,0.0,False,none
A-61260N,AM GSG RT Tea 60 Bags (15/cs),1,SF,2023-05,2023-05-01,39.0,39.0,0.0,39.0,2854.98,2854.98,2854.98,0.0,0.0,False,none
A-61260N,AM GSG RT Tea 60 Bags (15/cs),1,SF,2023-06,2023-06-01,355.0,355.0,0.0,355.0,45965.67,45965.67,45965.67,0.0,0.0,False,none
A-61260N,AM GSG RT Tea 60 Bags (15/cs),1,SF,2023-07,2023-07-01,230.0,230.0,0.0,230.0,36190.56,36190.56,36190.56,0.0,0.0,False,none
A-61260N,AM GSG RT Tea 60 Bags (15/cs),1,SF,2023-08,2023-08-01,215.0,215.0,0.0,215.0,57727.52,57727.52,57727.52,0.0,0.0,False,none
A-61260N,AM GSG RT Tea 60 Bags (15/cs),1,SF,2023-09,2023-09-01,341.0,341.0,0.0,341.0,80445.56,80445.56,80445.56,0.0,0.0,False,none
A-61260N,AM GSG RT Tea 60 Bags (15/cs),1,SF,2023-10,2023-10-01,236.0,236.0,0.0,236.0,62356.58,62356.58,62356.58,0.0,0.0,False,none
A-61260N,AM GSG RT Tea 60 Bags (15/cs),1,SF,2023-11,2023-11-01,1199.0,1199.0,0.0,1199.0,91912.51000000001,91912.51000000001,91912.51,0.0,0.0,False,none
A-61260N,AM GSG RT Tea 60 Bags (15/cs),1,SF,2023-12,2023-12-01,369.0,369.0,0.0,369.0,49093.33,49093.33,49093.33,0.0,0.0,False,none
A-61260N,AM GSG RT Tea 60 Bags (15/cs),1,SF,2024-01,2024-01-01,417.0,417.0,0.0,417.0,107273.35,107273.35,107273.35,0.0,0.0,False,none
A-61260N,AM GSG RT Tea 60 Bags (15/cs),1,SF,2024-02,2024-02-01,256.0,256.0,0.0,256.0,42232.5,42232.5,42232.5,0.0,0.0,False,none
A-61260N,AM GSG RT Tea 60 Bags (15/cs),1,SF,2024-03,2024-03-01,456.0,456.0,0.0,456.0,124386.65999999999,124386.65999999999,124386.66,0.0,0.0,False,none
A-61260N,AM GSG RT Tea 60 Bags (15/cs),1,SF,2024-04,2024-04-01,341.0,341.0,0.0,341.0,92003.82,92003.82,92003.82,0.0,0.0,False,none
A-61260N,AM GSG RT Tea 60 Bags (15/cs),1,SF,2024-05,2024-05-01,249.0,249.0,0.0,249.0,63242.75,63242.75,63242.75,0.0,0.0,False,none
A-61260N,AM GSG RT Tea 60 Bags (15/cs),1,SF,2024-06,2024-06-01,313.0,313.0,0.0,313.0,91539.77,91539.77,91539.77,0.0,0.0,False,none
A-61260N,AM GSG RT Tea 60 Bags (15/cs),1,SF,2024-07,2024-07-01,145.0,145.0,0.0,145.0,42232.57,42232.57,42232.57,0.0,0.0,False,none
A-61260N,AM GSG RT Tea 60 Bags (15/cs),1,SF,2024-08,2024-08-01,161.0,161.0,0.0,161.0,40539.520000000004,40539.520000000004,40539.52,0.0,0.0,False,none
A-61260N,AM GSG RT Tea 60 Bags (15/cs),1,SF,2024-09,2024-09-01,210.0,210.0,0.0,210.0,51790.590000000004,51790.590000000004,51790.59,0.0,0.0,False,none
A-61260N,AM GSG RT Tea 60 Bags (15/cs),1,SF,2024-10,2024-10-01,322.0,322.0,0.0,322.0,89573.24,89573.24,89573.24,0.0,0.0,False,none
A-61260N,AM GSG RT Tea 60 Bags (15/cs),1,SF,2024-11,2024-11-01,730.0,730.0,0.0,730.0,132885.38999999998,132885.38999999998,132885.39,0.0,0.0,False,none
A-61260N,AM GSG RT Tea 60 Bags (15/cs),1,SF,2024-12,2024-12-01,143.0,143.0,0.0,143.0,40487.32,40487.32,40487.32,0.0,0.0,False,none
A-61260N,AM GSG RT Tea 60 Bags (15/cs),1,SF,2025-01,2025-01-01,294.0,294.0,0.0,294.0,66813.44,66813.44,66813.44,0.0,0.0,False,none
A-61260N,AM GSG RT Tea 60 Bags (15/cs),1,SF,2025-02,2025-02-01,221.0,221.0,0.0,221.0,64241.729999999996,64241.729999999996,64241.73,0.0,0.0,False,none
A-61260N,AM GSG RT Tea 60 Bags (15/cs),1,SF,2025-03,2025-03-01,172.0,172.0,0.0,172.0,56077.16,56077.16,56077.16,0.0,0.0,False,none
A-61260N,AM GSG RT Tea 60 Bags (15/cs),1,SF,2025-04,2025-04-01,181.0,181.0,0.0,181.0,48678.59,48678.59,48678.59,0.0,0.0,False,none
A-61260N,AM GSG RT Tea 60 Bags (15/cs),1,SF,2025-05,2025-05-01,249.0,249.0,0.0,249.0,74831.15,74831.15,74831.15,0.0,0.0,False,none
A-61260N,AM GSG RT Tea 60 Bags (15/cs),1,SF,2025-06,2025-06-01,139.0,139.0,0.0,139.0,40091.71,40091.71,40091.71,0.0,0.0,False,none
A-61260N,AM GSG RT Tea 60 Bags (15/cs),1,SF,2025-07,2025-07-01,138.0,138.0,0.0,138.0,40095.82,40095.82,40095.82,0.0,0.0,False,none
A-61260N,AM GSG RT Tea 60 Bags (15/cs),1,SF,2025-08,2025-08-01,151.0,151.0,0.0,151.0,30991.91,30991.91,30991.91,0.0,0.0,False,none
A-61260N,AM GSG RT Tea 60 Bags (15/cs),1,SF,2025-09,2025-09-01,193.0,193.0,0.0,193.0,55596.82,55596.82,55596.82,0.0,0.0,False,none
A-61260N,AM GSG RT Tea 60 Bags (15/cs),1,SF,2025-10,2025-10-01,451.0,451.0,0.0,451.0,129212.58,129212.58,129212.58,0.0,0.0,False,none
A-61260N,AM GSG RT Tea 60 Bags (15/cs),1,SF,2025-11,2025-11-01,224.0,224.0,0.0,224.0,64018.020000000004,64018.020000000004,64018.02,0.0,0.0,False,none
A-61260N,AM GSG RT Tea 60 Bags (15/cs),1,SF,2025-12,2025-12-01,286.0,285.0,0.0,285.0,64240.75,63782.619999999995,63782.62,1.0,458.13000000000466,False,none
A-61260N,AM GSG RT Tea 60 Bags (15/cs),2,NJ,2023-09,2023-09-01,856.0,856.0,0.0,856.0,52537.81,52537.81,52537.81,0.0,0.0,False,none
A-61260N,AM GSG RT Tea 60 Bags (15/cs),2,NJ,2023-10,2023-10-01,976.0,976.0,0.0,976.0,191007.14,191007.14,191007.14,0.0,0.0,False,none
A-61260N,AM GSG RT Tea 60 Bags (15/cs),2,NJ,2023-11,2023-11-01,669.0,669.0,0.0,669.0,114023.28,114023.28,114023.28,0.0,0.0,False,none
A-61260N,AM GSG RT Tea 60 Bags (15/cs),2,NJ,2023-12,2023-12-01,414.0,414.0,0.0,414.0,72392.42,72392.42,72392.42,0.0,0.0,False,none
A-61260N,AM GSG RT Tea 60 Bags (15/cs),2,NJ,2024-01,2024-01-01,479.0,479.0,0.0,479.0,99481.61,99481.61,99481.61,0.0,0.0,False,none
A-61260N,AM GSG RT Tea 60 Bags (15/cs),2,NJ,2024-02,2024-02-01,604.0,604.0,0.0,604.0,112370.17,112370.17,112370.17,0.0,0.0,False,none
A-61260N,AM GSG RT Tea 60 Bags (15/cs),2,NJ,2024-03,2024-03-01,1024.0,1024.0,0.0,1024.0,211804.59,211804.59,211804.59,0.0,0.0,False,none
A-61260N,AM GSG RT Tea 60 Bags (15/cs),2,NJ,2024-04,2024-04-01,826.0,826.0,0.0,826.0,179962.36,179962.36,179962.36,0.0,0.0,False,none
A-61260N,AM GSG RT Tea 60 Bags (15/cs),2,NJ,2024-05,2024-05-01,436.0,436.0,0.0,436.0,68108.01999999999,68108.01999999999,68108.02,0.0,0.0,False,none
A-61260N,AM GSG RT Tea 60 Bags (15/cs),2,NJ,2024-06,2024-06-01,723.0,723.0,0.0,723.0,179233.95,179233.95,179233.95,0.0,0.0,False,none
A-61260N,AM GSG RT Tea 60 Bags (15/cs),2,NJ,2024-07,2024-07-01,521.0,521.0,0.0,521.0,123799.5,123799.5,123799.5,0.0,0.0,False,none
A-61260N,AM GSG RT Tea 60 Bags (15/cs),2,NJ,2024-08,2024-08-01,476.0,476.0,0.0,476.0,89647.73,89647.73,89647.73,0.0,0.0,False,none
A-61260N,AM GSG RT Tea 60 Bags (15/cs),2,NJ,2024-09,2024-09-01,786.0,786.0,0.0,786.0,137463.8,137463.8,137463.8,0.0,0.0,False,none
A-61260N,AM GSG RT Tea 60 Bags (15/cs),2,NJ,2024-10,2024-10-01,517.0,517.0,0.0,517.0,126006.87,126006.87,126006.87,0.0,0.0,False,none
A-61260N,AM GSG RT Tea 60 Bags (15/cs),2,NJ,2024-11,2024-11-01,374.0,374.0,0.0,374.0,118273.36,118273.36,118273.36,0.0,0.0,False,none
A-61260N,AM GSG RT Tea 60 Bags (15/cs),2,NJ,2024-12,2024-12-01,494.0,494.0,0.0,494.0,100676.70000000001,100676.70000000001,100676.7,0.0,0.0,False,none
A-61260N,AM GSG RT Tea 60 Bags (15/cs),2,NJ,2025-01,2025-01-01,558.0,558.0,0.0,558.0,113048.58,113048.58,113048.58,0.0,0.0,False,none
A-61260N,AM GSG RT Tea 60 Bags (15/cs),2,NJ,2025-02,2025-02-01,325.0,325.0,0.0,325.0,102393.04000000001,102393.04000000001,102393.04,0.0,0.0,False,none
A-61260N,AM GSG RT Tea 60 Bags (15/cs),2,NJ,2025-03,2025-03-01,716.0,716.0,0.0,716.0,177741.62,177741.62,177741.62,0.0,0.0,False,none
A-61260N,AM GSG RT Tea 60 Bags (15/cs),2,NJ,2025-04,2025-04-01,13.0,13.0,507.5,520.5,358.53,358.53,14354.99,0.0,0.0,True,deep_drop_gap
A-61260N,AM GSG RT Tea 60 Bags (15/cs),2,NJ,2025-05,2025-05-01,783.0,783.0,0.0,783.0,204987.18000000002,204987.18000000002,204987.18,0.0,0.0,False,none
A-61260N,AM GSG RT Tea 60 Bags (15/cs),2,NJ,2025-06,2025-06-01,223.0,223.0,0.0,223.0,72965.45,72965.45,72965.45,0.0,0.0,False,none
A-61260N,AM GSG RT Tea 60 Bags (15/cs),2,NJ,2025-07,2025-07-01,377.0,377.0,0.0,377.0,110088.2,110088.2,110088.2,0.0,0.0,False,none
A-61260N,AM GSG RT Tea 60 Bags (15/cs),2,NJ,2025-08,2025-08-01,270.0,270.0,0.0,270.0,84126.32,84126.32,84126.32,0.0,0.0,False,none
A-61260N,AM GSG RT Tea 60 Bags (15/cs),2,NJ,2025-09,2025-09-01,506.0,506.0,0.0,506.0,138376.71000000002,138376.71000000002,138376.71,0.0,0.0,False,none
A-61260N,AM GSG RT Tea 60 Bags (15/cs),2,NJ,2025-10,2025-10-01,661.0,661.0,0.0,661.0,175275.81,175275.81,175275.81,0.0,0.0,False,none
A-61260N,AM GSG RT Tea 60 Bags (15/cs),2,NJ,2025-11,2025-11-01,364.0,364.0,0.0,364.0,91586.26000000001,91586.26000000001,91586.26,0.0,0.0,False,none
A-61260N,AM GSG RT Tea 60 Bags (15/cs),2,NJ,2025-12,2025-12-01,333.0,333.0,0.0,333.0,108870.11,108870.11,108870.11,0.0,0.0,False,none
A-61260N,AM GSG RT Tea 60 Bags (15/cs),3,LA,2023-07,2023-07-01,1.0,1.0,0.0,1.0,431.57,431.57,431.57,0.0,0.0,False,none
A-61260N,AM GSG RT Tea 60 Bags (15/cs),3,LA,2023-08,2023-08-01,6.0,6.0,38.0,44.0,1673.15,1673.15,12269.77,0.0,0.0,True,deep_drop_gap
A-61260N,AM GSG RT Tea 60 Bags (15/cs),3,LA,2023-09,2023-09-01,65.0,65.0,0.0,65.0,18763.25,18763.25,18763.25,0.0,0.0,False,none
A-61260N,AM GSG RT Tea 60 Bags (15/cs),3,LA,2023-10,2023-10-01,44.0,44.0,0.0,44.0,13576.44,13576.44,13576.44,0.0,0.0,False,none
A-61260N,AM GSG RT Tea 60 Bags (15/cs),3,LA,2023-11,2023-11-01,715.0,715.0,0.0,715.0,29523.489999999998,29523.489999999998,29523.49,0.0,0.0,False,none
A-61260N,AM GSG RT Tea 60 Bags (15/cs),3,LA,2023-12,2023-12-01,72.0,72.0,0.0,72.0,22607.49,22607.49,22607.49,0.0,0.0,False,none
A-61260N,AM GSG RT Tea 60 Bags (15/cs),3,LA,2024-01,2024-01-01,61.0,61.0,0.0,61.0,19002.22,19002.22,19002.22,0.0,0.0,False,none
A-61260N,AM GSG RT Tea 60 Bags (15/cs),3,LA,2024-02,2024-02-01,41.0,41.0,0.0,41.0,10365.58,10365.58,10365.58,0.0,0.0,False,none
A-61260N,AM GSG RT Tea 60 Bags (15/cs),3,LA,2024-03,2024-03-01,69.0,69.0,0.0,69.0,18791.11,18791.11,18791.11,0.0,0.0,False,none
A-61260N,AM GSG RT Tea 60 Bags (15/cs),3,LA,2024-04,2024-04-01,41.0,41.0,0.0,41.0,10831.65,10831.65,10831.65,0.0,0.0,False,none
A-61260N,AM GSG RT Tea 60 Bags (15/cs),3,LA,2024-05,2024-05-01,42.0,42.0,0.0,42.0,12570.97,12570.97,12570.97,0.0,0.0,False,none
A-61260N,AM GSG RT Tea 60 Bags (15/cs),3,LA,2024-06,2024-06-01,98.0,98.0,0.0,98.0,30462.03,30462.03,30462.03,0.0,0.0,False,none
A-61260N,AM GSG RT Tea 60 Bags (15/cs),3,LA,2024-07,2024-07-01,37.0,37.0,80.0,117.0,9082.84,9082.84,28721.41,0.0,0.0,True,deep_drop_gap
A-61260N,AM GSG RT Tea 60 Bags (15/cs),3,LA,2024-08,2024-08-01,136.0,136.0,0.0,136.0,40142.130000000005,40142.130000000005,40142.13,0.0,0.0,False,none
A-61260N,AM GSG RT Tea 60 Bags (15/cs),3,LA,2024-09,2024-09-01,182.0,182.0,0.0,182.0,50095.0,50095.0,50095.0,0.0,0.0,False,none
A-61260N,AM GSG RT Tea 60 Bags (15/cs),3,LA,2024-10,2024-10-01,106.0,106.0,0.0,106.0,30832.489999999998,30832.489999999998,30832.49,0.0,0.0,False,none
A-61260N,AM GSG RT Tea 60 Bags (15/cs),3,LA,2024-11,2024-11-01,155.0,155.0,0.0,155.0,40753.229999999996,40753.229999999996,40753.23,0.0,0.0,False,none
A-61260N,AM GSG RT Tea 60 Bags (15/cs),3,LA,2024-12,2024-12-01,79.0,79.0,0.0,79.0,25443.89,25443.89,25443.89,0.0,0.0,False,none
A-61260N,AM GSG RT Tea 60 Bags (15/cs),3,LA,2025-01,2025-01-01,91.0,91.0,0.0,91.0,26512.850000000002,26512.850000000002,26512.85,0.0,0.0,False,none
A-61260N,AM GSG RT Tea 60 Bags (15/cs),3,LA,2025-02,2025-02-01,80.0,80.0,0.0,80.0,24300.57,24300.57,24300.57,0.0,0.0,False,none
A-61260N,AM GSG RT Tea 60 Bags (15/cs),3,LA,2025-03,2025-03-01,81.0,81.0,0.0,81.0,24814.449999999997,24814.449999999997,24814.45,0.0,0.0,False,none
A-61260N,AM GSG RT Tea 60 Bags (15/cs),3,LA,2025-04,2025-04-01,104.0,104.0,0.0,104.0,31031.7,31031.7,31031.7,0.0,0.0,False,none
A-61260N,AM GSG RT Tea 60 Bags (15/cs),3,LA,2025-05,2025-05-01,79.0,79.0,0.0,79.0,24141.14,24141.14,24141.14,0.0,0.0,False,none
A-61260N,AM GSG RT Tea 60 Bags (15/cs),3,LA,2025-06,2025-06-01,98.0,98.0,0.0,98.0,29379.78,29379.78,29379.78,0.0,0.0,False,none
A-61260N,AM GSG RT Tea 60 Bags (15/cs),3,LA,2025-07,2025-07-01,76.0,76.0,0.0,76.0,21282.25,21282.25,21282.25,0.0,0.0,False,none
A-61260N,AM GSG RT Tea 60 Bags (15/cs),3,LA,2025-08,2025-08-01,52.0,52.0,0.0,52.0,18245.35,18245.35,18245.35,0.0,0.0,False,none
A-61260N,AM GSG RT Tea 60 Bags (15/cs),3,LA,2025-09,2025-09-01,50.0,50.0,0.0,50.0,17727.48,17727.48,17727.48,0.0,0.0,False,none
A-61260N,AM GSG RT Tea 60 Bags (15/cs),3,LA,2025-10,2025-10-01,138.0,138.0,0.0,138.0,43721.1,43721.1,43721.1,0.0,0.0,False,none
A-61260N,AM GSG RT Tea 60 Bags (15/cs),3,LA,2025-11,2025-11-01,165.0,164.0,0.0,164.0,54052.17,53594.04,53594.04,1.0,458.1299999999974,False,none
A-61260N,AM GSG RT Tea 60 Bags (15/cs),3,LA,2025-12,2025-12-01,105.0,105.0,0.0,105.0,36470.75,36470.75,36470.75,0.0,0.0,False,none
A-61260N,AM GSG RT Tea 60 Bags (15/cs),W,UNMAPPED,2025-08,2025-08-01,17.0,17.0,0.0,17.0,626.59,626.59,626.59,0.0,0.0,False,none
A-61260N,AM GSG RT Tea 60 Bags (15/cs),W,UNMAPPED,2025-09,2025-09-01,13.0,13.0,0.0,13.0,483.22,483.22,483.22,0.0,0.0,False,none
A-61260N,AM GSG RT Tea 60 Bags (15/cs),W,UNMAPPED,2025-10,2025-10-01,27.0,27.0,0.0,27.0,959.96,959.96,959.96,0.0,0.0,False,none
A-61260N,AM GSG RT Tea 60 Bags (15/cs),W,UNMAPPED,2025-11,2025-11-01,13.0,13.0,0.0,13.0,531.03,531.03,531.03,0.0,0.0,False,none
A-61260N,AM GSG RT Tea 60 Bags (15/cs),W,UNMAPPED,2025-12,2025-12-01,20.0,20.0,0.0,20.0,772.64,772.64,772.64,0.0,0.0,False,none
A-61280,POP AM GSG RT Tea 80ct,1,SF,2023-01,2023-01-01,16.0,16.0,0.0,16.0,124778.11,124778.11,124778.11,0.0,0.0,False,none
A-61280,POP AM GSG RT Tea 80ct,1,SF,2023-02,2023-02-01,0.0,0.0,11.0,11.0,0.0,0.0,85784.95,0.0,0.0,True,zero_sales_gap
A-61280,POP AM GSG RT Tea 80ct,1,SF,2023-03,2023-03-01,6.0,6.0,0.0,6.0,41592.7,41592.7,41592.7,0.0,0.0,False,none
A-61280,POP AM GSG RT Tea 80ct,1,SF,2023-04,2023-04-01,0.0,0.0,6.0,6.0,0.0,0.0,41592.7,0.0,0.0,True,zero_sales_gap
A-61280,POP AM GSG RT Tea 80ct,1,SF,2023-05,2023-05-01,0.0,0.0,6.0,6.0,0.0,0.0,41592.7,0.0,0.0,True,zero_sales_gap
A-61280,POP AM GSG RT Tea 80ct,1,SF,2023-06,2023-06-01,0.0,0.0,0.0,0.0,0.0,0.0,0.0,0.0,0.0,False,none
A-61280,POP AM GSG RT Tea 80ct,1,SF,2023-07,2023-07-01,0.0,0.0,0.0,0.0,0.0,0.0,0.0,0.0,0.0,False,none
A-61280,POP AM GSG RT Tea 80ct,1,SF,2023-08,2023-08-01,0.0,0.0,7.0,7.0,0.0,0.0,48524.82,0.0,0.0,True,zero_sales_gap
A-61280,POP AM GSG RT Tea 80ct,1,SF,2023-09,2023-09-01,0.0,0.0,7.0,7.0,0.0,0.0,48524.82,0.0,0.0,True,zero_sales_gap
A-61280,POP AM GSG RT Tea 80ct,1,SF,2023-10,2023-10-01,7.0,7.0,0.0,7.0,51990.88,51990.88,51990.88,0.0,0.0,False,none
A-61280,POP AM GSG RT Tea 80ct,1,SF,2023-11,2023-11-01,0.0,0.0,15.0,15.0,0.0,0.0,111409.03,0.0,0.0,True,zero_sales_gap
A-61280,POP AM GSG RT Tea 80ct,1,SF,2023-12,2023-12-01,0.0,0.0,15.0,15.0,0.0,0.0,111409.03,0.0,0.0,True,zero_sales_gap
A-61280,POP AM GSG RT Tea 80ct,1,SF,2024-01,2024-01-01,23.0,23.0,0.0,23.0,176768.99,176768.99,176768.99,0.0,0.0,False,none
A-61280,POP AM GSG RT Tea 80ct,1,SF,2024-02,2024-02-01,0.0,0.0,23.0,23.0,0.0,0.0,176768.99,0.0,0.0,True,zero_sales_gap
A-61280,POP AM GSG RT Tea 80ct,1,SF,2024-03,2024-03-01,0.0,0.0,23.0,23.0,0.0,0.0,176768.99,0.0,0.0,True,zero_sales_gap
A-61280,POP AM GSG RT Tea 80ct,1,SF,2024-04,2024-04-01,0.0,0.0,0.0,0.0,0.0,0.0,0.0,0.0,0.0,False,none
A-61280,POP AM GSG RT Tea 80ct,1,SF,2024-05,2024-05-01,0.0,0.0,14.0,14.0,0.0,0.0,107598.52,0.0,0.0,True,zero_sales_gap
A-61280,POP AM GSG RT Tea 80ct,1,SF,2024-06,2024-06-01,0.0,0.0,15.0,15.0,0.0,0.0,115284.12,0.0,0.0,True,zero_sales_gap
A-61280,POP AM GSG RT Tea 80ct,1,SF,2024-07,2024-07-01,14.0,14.0,0.0,14.0,0.0,0.0,0.0,0.0,0.0,False,none
A-61280,POP AM GSG RT Tea 80ct,1,SF,2024-08,2024-08-01,16.0,16.0,0.0,16.0,0.0,0.0,0.0,0.0,0.0,False,none
A-61280,POP AM GSG RT Tea 80ct,1,SF,2024-09,2024-09-01,0.0,0.0,14.0,14.0,0.0,0.0,0.0,0.0,0.0,True,zero_sales_gap
A-61280,POP AM GSG RT Tea 80ct,1,SF,2024-10,2024-10-01,14.0,14.0,0.0,14.0,108330.9,108330.9,108330.9,0.0,0.0,False,none
A-61280,POP AM GSG RT Tea 80ct,1,SF,2024-11,2024-11-01,10.0,10.0,0.0,10.0,86664.72,86664.72,86664.72,0.0,0.0,False,none
A-61280,POP AM GSG RT Tea 80ct,1,SF,2024-12,2024-12-01,11.0,0.0,0.0,0.0,86664.72,0.0,0.0,11.0,86664.72,False,none
A-61280,POP AM GSG RT Tea 80ct,1,SF,2025-01,2025-01-01,12.0,0.0,0.0,0.0,86664.72,0.0,0.0,12.0,86664.72,False,none
A-61280,POP AM GSG RT Tea 80ct,1,SF,2025-02,2025-02-01,0.0,0.0,8.0,8.0,0.0,0.0,57776.48,0.0,0.0,True,zero_sales_gap
A-61280,POP AM GSG RT Tea 80ct,1,SF,2025-03,2025-03-01,0.0,0.0,8.0,8.0,0.0,0.0,57776.48,0.0,0.0,True,zero_sales_gap
A-61280,POP AM GSG RT Tea 80ct,1,SF,2025-04,2025-04-01,8.0,8.0,0.0,8.0,64998.54,64998.54,64998.54,0.0,0.0,False,none
A-61280,POP AM GSG RT Tea 80ct,1,SF,2025-05,2025-05-01,0.0,0.0,8.0,8.0,0.0,0.0,64998.54,0.0,0.0,True,zero_sales_gap
A-61280,POP AM GSG RT Tea 80ct,1,SF,2025-06,2025-06-01,8.0,8.0,0.0,8.0,64998.54,64998.54,64998.54,0.0,0.0,False,none
A-61280,POP AM GSG RT Tea 80ct,1,SF,2025-07,2025-07-01,0.0,0.0,5.5,5.5,0.0,0.0,44686.5,0.0,0.0,True,zero_sales_gap
A-61280,POP AM GSG RT Tea 80ct,1,SF,2025-08,2025-08-01,0.0,0.0,5.5,5.5,0.0,0.0,44686.5,0.0,0.0,True,zero_sales_gap
A-61280,POP AM GSG RT Tea 80ct,1,SF,2025-09,2025-09-01,3.0,3.0,0.0,3.0,21666.18,21666.18,21666.18,0.0,0.0,False,none
A-61280,POP AM GSG RT Tea 80ct,U,UNMAPPED,2023-01,2023-01-01,23.0,23.0,0.0,23.0,176768.97999999998,176768.97999999998,176768.98,0.0,0.0,False,none
A-61280,POP AM GSG RT Tea 80ct,U,UNMAPPED,2023-02,2023-02-01,0.0,0.0,12.0,12.0,0.0,0.0,92227.29,0.0,0.0,True,zero_sales_gap
A-61280,POP AM GSG RT Tea 80ct,U,UNMAPPED,2023-03,2023-03-01,12.0,12.0,0.0,12.0,93583.57999999999,93583.57999999999,93583.58,0.0,0.0,False,none
A-61280,POP AM GSG RT Tea 80ct,U,UNMAPPED,2023-04,2023-04-01,3.0,3.0,9.0,12.0,20796.35,20796.35,83185.4,0.0,0.0,True,deep_drop_gap
A-61280,POP AM GSG RT Tea 80ct,U,UNMAPPED,2023-05,2023-05-01,15.0,15.0,0.0,15.0,114379.93,114379.93,114379.93,0.0,0.0,False,none
A-61280,POP AM GSG RT Tea 80ct,U,UNMAPPED,2023-06,2023-06-01,6.0,6.0,0.0,6.0,41592.7,41592.7,41592.7,0.0,0.0,False,none
A-61280,POP AM GSG RT Tea 80ct,U,UNMAPPED,2023-07,2023-07-01,18.0,18.0,0.0,18.0,83185.4,83185.4,83185.4,0.0,0.0,False,none
A-61280,POP AM GSG RT Tea 80ct,U,UNMAPPED,2023-08,2023-08-01,3.0,3.0,5.0,8.0,20796.35,20796.35,55456.93,0.0,0.0,True,deep_drop_gap
A-61280,POP AM GSG RT Tea 80ct,U,UNMAPPED,2023-09,2023-09-01,8.0,8.0,0.0,8.0,62389.049999999996,62389.049999999996,62389.05,0.0,0.0,False,none
A-61280,POP AM GSG RT Tea 80ct,U,UNMAPPED,2023-10,2023-10-01,0.0,0.0,7.5,7.5,0.0,0.0,58489.73,0.0,0.0,True,zero_sales_gap
A-61280,POP AM GSG RT Tea 80ct,U,UNMAPPED,2023-11,2023-11-01,13.0,13.0,0.0,13.0,41592.7,41592.7,41592.7,0.0,0.0,False,none
A-61280,POP AM GSG RT Tea 80ct,U,UNMAPPED,2023-12,2023-12-01,7.0,7.0,0.0,7.0,51990.88,51990.88,51990.88,0.0,0.0,False,none
A-61280,POP AM GSG RT Tea 80ct,U,UNMAPPED,2024-01,2024-01-01,8.0,8.0,0.0,8.0,62389.05,62389.05,62389.05,0.0,0.0,False,none
A-61280,POP AM GSG RT Tea 80ct,U,UNMAPPED,2024-02,2024-02-01,22.0,4.0,0.0,4.0,135176.28,0.0,0.0,18.0,135176.28,False,none
A-61280,POP AM GSG RT Tea 80ct,U,UNMAPPED,2024-03,2024-03-01,30.0,30.0,0.0,30.0,218361.69,218361.69,218361.69,0.0,0.0,False,none
A-61280,POP AM GSG RT Tea 80ct,U,UNMAPPED,2024-04,2024-04-01,0.0,0.0,7.5,7.5,0.0,0.0,54590.42,0.0,0.0,True,zero_sales_gap
A-61280,POP AM GSG RT Tea 80ct,U,UNMAPPED,2024-05,2024-05-01,8.0,8.0,0.0,8.0,0.0,0.0,0.0,0.0,0.0,False,none
A-61280,POP AM GSG RT Tea 80ct,U,UNMAPPED,2024-06,2024-06-01,7.0,7.0,0.0,7.0,51990.88,51990.88,51990.88,0.0,0.0,False,none
A-61280,POP AM GSG RT Tea 80ct,U,UNMAPPED,2024-07,2024-07-01,4.0,4.0,0.0,4.0,0.0,0.0,0.0,0.0,0.0,False,none
A-61280,POP AM GSG RT Tea 80ct,U,UNMAPPED,2024-08,2024-08-01,0.0,0.0,7.0,7.0,0.0,0.0,0.0,0.0,0.0,True,zero_sales_gap
A-61280,POP AM GSG RT Tea 80ct,U,UNMAPPED,2024-09,2024-09-01,7.0,7.0,0.0,7.0,51994.14,51994.14,51994.14,0.0,0.0,False,none
A-61280,POP AM GSG RT Tea 80ct,U,UNMAPPED,2024-10,2024-10-01,8.0,8.0,0.0,8.0,0.0,0.0,0.0,0.0,0.0,False,none
A-61280,POP AM GSG RT Tea 80ct,U,UNMAPPED,2024-11,2024-11-01,38.0,38.0,0.0,38.0,292493.43,292493.43,292493.43,0.0,0.0,False,none
A-61280,POP AM GSG RT Tea 80ct,U,UNMAPPED,2024-12,2024-12-01,8.0,8.0,0.0,8.0,0.0,0.0,0.0,0.0,0.0,False,none
A-61280,POP AM GSG RT Tea 80ct,U,UNMAPPED,2025-01,2025-01-01,34.0,5.0,0.0,5.0,227494.88999999998,0.0,0.0,29.0,227494.88999999998,False,none
A-61280,POP AM GSG RT Tea 80ct,U,UNMAPPED,2025-02,2025-02-01,0.0,0.0,6.5,6.5,0.0,0.0,0.0,0.0,0.0,True,zero_sales_gap
A-61280,POP AM GSG RT Tea 80ct,U,UNMAPPED,2025-03,2025-03-01,7.0,0.0,0.0,0.0,54165.45,0.0,0.0,7.0,54165.45,False,none
A-61280,POP AM GSG RT Tea 80ct,U,UNMAPPED,2025-04,2025-04-01,0.0,0.0,7.0,7.0,0.0,0.0,54165.45,0.0,0.0,True,zero_sales_gap
A-61280,POP AM GSG RT Tea 80ct,U,UNMAPPED,2025-05,2025-05-01,0.0,0.0,17.0,17.0,0.0,0.0,131544.66,0.0,0.0,True,zero_sales_gap
A-61280,POP AM GSG RT Tea 80ct,U,UNMAPPED,2025-06,2025-06-01,0.0,0.0,17.0,17.0,0.0,0.0,131544.66,0.0,0.0,True,zero_sales_gap
A-61280,POP AM GSG RT Tea 80ct,U,UNMAPPED,2025-07,2025-07-01,17.0,17.0,0.0,17.0,97497.81,97497.81,97497.81,0.0,0.0,False,none
A-61280,POP AM GSG RT Tea 80ct,U,UNMAPPED,2025-08,2025-08-01,0.0,0.0,21.0,21.0,0.0,0.0,120438.47,0.0,0.0,True,zero_sales_gap
A-61280,POP AM GSG RT Tea 80ct,U,UNMAPPED,2025-09,2025-09-01,0.0,0.0,17.0,17.0,0.0,0.0,97497.81,0.0,0.0,True,zero_sales_gap
A-61280,POP AM GSG RT Tea 80ct,U,UNMAPPED,2025-10,2025-10-01,25.0,25.0,0.0,25.0,194995.62,194995.62,194995.62,0.0,0.0,False,none
A-61280,POP AM GSG RT Tea 80ct,U,UNMAPPED,2025-11,2025-11-01,69.0,4.0,0.0,4.0,519988.32999999996,0.0,0.0,65.0,519988.32999999996,False,none
A-61280,POP AM GSG RT Tea 80ct,U,UNMAPPED,2025-12,2025-12-01,36.0,1.0,0.0,1.0,281660.34,0.0,0.0,35.0,281660.34,False,none
AC-B16BK,AM GSG Root (Mixed) 1 lb Bag,1,SF,2023-01,2023-01-01,243.0,243.0,0.0,243.0,10415.69,10415.69,10415.69,0.0,0.0,False,none
AC-B16BK,AM GSG Root (Mixed) 1 lb Bag,1,SF,2023-02,2023-02-01,622.0,622.0,0.0,622.0,23240.2,23240.2,23240.2,0.0,0.0,False,none
AC-B16BK,AM GSG Root (Mixed) 1 lb Bag,1,SF,2023-03,2023-03-01,1208.0,1208.0,0.0,1208.0,43556.16,43556.16,43556.16,0.0,0.0,False,none
AC-B16BK,AM GSG Root (Mixed) 1 lb Bag,1,SF,2023-04,2023-04-01,1073.0,1073.0,0.0,1073.0,39350.09,39350.09,39350.09,0.0,0.0,False,none
AC-B16BK,AM GSG Root (Mixed) 1 lb Bag,1,SF,2023-05,2023-05-01,2311.0,2311.0,0.0,2311.0,104740.25,104740.25,104740.25,0.0,0.0,False,none
AC-B16BK,AM GSG Root (Mixed) 1 lb Bag,1,SF,2023-06,2023-06-01,1455.0,1455.0,0.0,1455.0,52469.17,52469.17,52469.17,0.0,0.0,False,none
AC-B16BK,AM GSG Root (Mixed) 1 lb Bag,1,SF,2023-07,2023-07-01,103.0,103.0,1476.0,1579.0,4165.0599999999995,4165.0599999999995,63850.77,0.0,0.0,True,deep_drop_gap
AC-B16BK,AM GSG Root (Mixed) 1 lb Bag,1,SF,2023-08,2023-08-01,1703.0,1703.0,0.0,1703.0,61509.1,61509.1,61509.1,0.0,0.0,False,none
AC-B16BK,AM GSG Root (Mixed) 1 lb Bag,1,SF,2023-09,2023-09-01,1051.0,1051.0,0.0,1051.0,39497.21,39497.21,39497.21,0.0,0.0,False,none
AC-B16BK,AM GSG Root (Mixed) 1 lb Bag,1,SF,2023-10,2023-10-01,2393.0,2393.0,0.0,2393.0,92150.84,92150.84,92150.84,0.0,0.0,False,none
AC-B16BK,AM GSG Root (Mixed) 1 lb Bag,1,SF,2023-11,2023-11-01,906.0,906.0,0.0,906.0,35035.01,35035.01,35035.01,0.0,0.0,False,none
AC-B16BK,AM GSG Root (Mixed) 1 lb Bag,1,SF,2023-12,2023-12-01,844.0,844.0,0.0,844.0,30688.77,30688.77,30688.77,0.0,0.0,False,none
AC-B16BK,AM GSG Root (Mixed) 1 lb Bag,1,SF,2024-01,2024-01-01,655.0,655.0,0.0,655.0,25601.84,25601.84,25601.84,0.0,0.0,False,none
AC-B16BK,AM GSG Root (Mixed) 1 lb Bag,1,SF,2024-02,2024-02-01,565.0,565.0,0.0,565.0,21817.11,21817.11,21817.11,0.0,0.0,False,none
AC-B16BK,AM GSG Root (Mixed) 1 lb Bag,1,SF,2024-03,2024-03-01,1211.0,1211.0,0.0,1211.0,45817.58,45817.58,45817.58,0.0,0.0,False,none
AC-B16BK,AM GSG Root (Mixed) 1 lb Bag,1,SF,2024-04,2024-04-01,1638.0,1638.0,0.0,1638.0,59474.35999999999,59474.35999999999,59474.36,0.0,0.0,False,none
AC-B16BK,AM GSG Root (Mixed) 1 lb Bag,1,SF,2024-05,2024-05-01,905.0,905.0,0.0,905.0,34165.66,34165.66,34165.66,0.0,0.0,False,none
AC-B16BK,AM GSG Root (Mixed) 1 lb Bag,1,SF,2024-06,2024-06-01,636.0,636.0,0.0,636.0,24263.96,24263.96,24263.96,0.0,0.0,False,none
AC-B16BK,AM GSG Root (Mixed) 1 lb Bag,1,SF,2024-07,2024-07-01,699.0,699.0,0.0,699.0,25886.510000000002,25886.510000000002,25886.51,0.0,0.0,False,none
AC-B16BK,AM GSG Root (Mixed) 1 lb Bag,1,SF,2024-08,2024-08-01,1707.0,1707.0,0.0,1707.0,62201.74,62201.74,62201.74,0.0,0.0,False,none
AC-B16BK,AM GSG Root (Mixed) 1 lb Bag,1,SF,2024-09,2024-09-01,760.0,760.0,0.0,760.0,28641.61,28641.61,28641.61,0.0,0.0,False,none
AC-B16BK,AM GSG Root (Mixed) 1 lb Bag,1,SF,2024-10,2024-10-01,1992.0,1992.0,0.0,1992.0,73378.79000000001,73378.79000000001,73378.79,0.0,0.0,False,none
AC-B16BK,AM GSG Root (Mixed) 1 lb Bag,1,SF,2024-11,2024-11-01,854.0,854.0,0.0,854.0,34553.22,34553.22,34553.22,0.0,0.0,False,none
AC-B16BK,AM GSG Root (Mixed) 1 lb Bag,1,SF,2024-12,2024-12-01,1651.0,1651.0,0.0,1651.0,62507.840000000004,62507.840000000004,62507.84,0.0,0.0,False,none
AC-B16BK,AM GSG Root (Mixed) 1 lb Bag,1,SF,2025-01,2025-01-01,1410.0,1410.0,0.0,1410.0,57447.23,57447.23,57447.23,0.0,0.0,False,none
AC-B16BK,AM GSG Root (Mixed) 1 lb Bag,1,SF,2025-02,2025-02-01,856.0,856.0,0.0,856.0,31992.41,31992.41,31992.41,0.0,0.0,False,none
AC-B16BK,AM GSG Root (Mixed) 1 lb Bag,1,SF,2025-03,2025-03-01,1067.0,1067.0,0.0,1067.0,39280.73,39280.73,39280.73,0.0,0.0,False,none
AC-B16BK,AM GSG Root (Mixed) 1 lb Bag,1,SF,2025-04,2025-04-01,2566.0,2566.0,0.0,2566.0,101419.19,101419.19,101419.19,0.0,0.0,False,none
AC-B16BK,AM GSG Root (Mixed) 1 lb Bag,1,SF,2025-05,2025-05-01,1877.0,1877.0,0.0,1877.0,69537.2,69537.2,69537.2,0.0,0.0,False,none
AC-B16BK,AM GSG Root (Mixed) 1 lb Bag,1,SF,2025-06,2025-06-01,883.0,883.0,0.0,883.0,33091.729999999996,33091.729999999996,33091.73,0.0,0.0,False,none
AC-B16BK,AM GSG Root (Mixed) 1 lb Bag,1,SF,2025-07,2025-07-01,1261.0,1261.0,0.0,1261.0,46427.56,46427.56,46427.56,0.0,0.0,False,none
AC-B16BK,AM GSG Root (Mixed) 1 lb Bag,1,SF,2025-08,2025-08-01,1116.0,1116.0,0.0,1116.0,42074.38,42074.38,42074.38,0.0,0.0,False,none
AC-B16BK,AM GSG Root (Mixed) 1 lb Bag,1,SF,2025-09,2025-09-01,930.0,930.0,0.0,930.0,36141.01,36141.01,36141.01,0.0,0.0,False,none
AC-B16BK,AM GSG Root (Mixed) 1 lb Bag,1,SF,2025-10,2025-10-01,2790.0,2790.0,0.0,2790.0,114365.74,114365.74,114365.74,0.0,0.0,False,none
AC-B16BK,AM GSG Root (Mixed) 1 lb Bag,1,SF,2025-11,2025-11-01,1918.0,1918.0,0.0,1918.0,74314.1,74314.1,74314.1,0.0,0.0,False,none
AC-B16BK,AM GSG Root (Mixed) 1 lb Bag,1,SF,2025-12,2025-12-01,908.0,908.0,0.0,908.0,35425.55,35425.55,35425.55,0.0,0.0,False,none
AC-B16BK,AM GSG Root (Mixed) 1 lb Bag,2,NJ,2023-01,2023-01-01,87.0,87.0,0.0,87.0,4867.57,4867.57,4867.57,0.0,0.0,False,none
AC-B16BK,AM GSG Root (Mixed) 1 lb Bag,2,NJ,2023-02,2023-02-01,92.0,92.0,0.0,92.0,5223.34,5223.34,5223.34,0.0,0.0,False,none
AC-B16BK,AM GSG Root (Mixed) 1 lb Bag,2,NJ,2023-03,2023-03-01,210.0,210.0,0.0,210.0,12199.79,12199.79,12199.79,0.0,0.0,False,none
AC-B16BK,AM GSG Root (Mixed) 1 lb Bag,2,NJ,2023-04,2023-04-01,92.0,92.0,0.0,92.0,5197.59,5197.59,5197.59,0.0,0.0,False,none
AC-B16BK,AM GSG Root (Mixed) 1 lb Bag,2,NJ,2023-05,2023-05-01,85.0,85.0,0.0,85.0,5657.58,5657.58,5657.58,0.0,0.0,False,none
AC-B16BK,AM GSG Root (Mixed) 1 lb Bag,2,NJ,2023-06,2023-06-01,456.0,456.0,0.0,456.0,22678.91,22678.91,22678.91,0.0,0.0,False,none
AC-B16BK,AM GSG Root (Mixed) 1 lb Bag,2,NJ,2023-07,2023-07-01,72.0,72.0,124.0,196.0,3338.35,3338.35,9087.73,0.0,0.0,True,deep_drop_gap
AC-B16BK,AM GSG Root (Mixed) 1 lb Bag,2,NJ,2023-08,2023-08-01,207.0,207.0,0.0,207.0,10129.830000000002,10129.830000000002,10129.83,0.0,0.0,False,none
AC-B16BK,AM GSG Root (Mixed) 1 lb Bag,2,NJ,2023-09,2023-09-01,185.0,185.0,0.0,185.0,8667.68,8667.68,8667.68,0.0,0.0,False,none
AC-B16BK,AM GSG Root (Mixed) 1 lb Bag,2,NJ,2023-10,2023-10-01,22.0,22.0,155.0,177.0,928.14,928.14,7467.31,0.0,0.0,True,deep_drop_gap
AC-B16BK,AM GSG Root (Mixed) 1 lb Bag,2,NJ,2023-11,2023-11-01,169.0,169.0,0.0,169.0,9102.27,9102.27,9102.27,0.0,0.0,False,none
AC-B16BK,AM GSG Root (Mixed) 1 lb Bag,2,NJ,2023-12,2023-12-01,59.0,59.0,110.0,169.0,3049.56,3049.56,8735.18,0.0,0.0,True,deep_drop_gap
AC-B16BK,AM GSG Root (Mixed) 1 lb Bag,2,NJ,2024-01,2024-01-01,226.0,226.0,0.0,226.0,11341.09,11341.09,11341.09,0.0,0.0,False,none
AC-B16BK,AM GSG Root (Mixed) 1 lb Bag,2,NJ,2024-02,2024-02-01,0.0,0.0,158.0,158.0,0.0,0.0,7928.73,0.0,0.0,True,zero_sales_gap
AC-B16BK,AM GSG Root (Mixed) 1 lb Bag,2,NJ,2024-03,2024-03-01,90.0,90.0,0.0,90.0,5053.05,5053.05,5053.05,0.0,0.0,False,none
AC-B16BK,AM GSG Root (Mixed) 1 lb Bag,2,NJ,2024-04,2024-04-01,451.0,451.0,0.0,451.0,21447.190000000002,21447.190000000002,21447.19,0.0,0.0,False,none
AC-B16BK,AM GSG Root (Mixed) 1 lb Bag,2,NJ,2024-05,2024-05-01,201.0,201.0,0.0,201.0,11187.37,11187.37,11187.37,0.0,0.0,False,none
AC-B16BK,AM GSG Root (Mixed) 1 lb Bag,2,NJ,2024-06,2024-06-01,595.0,595.0,0.0,595.0,29037.11,29037.11,29037.11,0.0,0.0,False,none
AC-B16BK,AM GSG Root (Mixed) 1 lb Bag,2,NJ,2024-07,2024-07-01,140.0,140.0,0.0,140.0,7775.67,7775.67,7775.67,0.0,0.0,False,none
AC-B16BK,AM GSG Root (Mixed) 1 lb Bag,2,NJ,2024-08,2024-08-01,204.0,204.0,0.0,204.0,8560.06,8560.06,8560.06,0.0,0.0,False,none
AC-B16BK,AM GSG Root (Mixed) 1 lb Bag,2,NJ,2024-09,2024-09-01,293.0,293.0,0.0,293.0,13969.140000000001,13969.140000000001,13969.14,0.0,0.0,False,none
AC-B16BK,AM GSG Root (Mixed) 1 lb Bag,2,NJ,2024-10,2024-10-01,1063.0,1063.0,0.0,1063.0,39732.99,39732.99,39732.99,0.0,0.0,False,none
AC-B16BK,AM GSG Root (Mixed) 1 lb Bag,2,NJ,2024-11,2024-11-01,210.0,210.0,335.5,545.5,11137.64,11137.64,28931.35,0.0,0.0,True,deep_drop_gap
AC-B16BK,AM GSG Root (Mixed) 1 lb Bag,2,NJ,2024-12,2024-12-01,798.0,798.0,0.0,798.0,32079.65,32079.65,32079.65,0.0,0.0,False,none
AC-B16BK,AM GSG Root (Mixed) 1 lb Bag,2,NJ,2025-01,2025-01-01,108.0,108.0,202.0,310.0,6105.09,6105.09,17523.87,0.0,0.0,True,deep_drop_gap
AC-B16BK,AM GSG Root (Mixed) 1 lb Bag,2,NJ,2025-02,2025-02-01,119.0,119.0,231.0,350.0,5480.35,5480.35,16118.68,0.0,0.0,True,deep_drop_gap
AC-B16BK,AM GSG Root (Mixed) 1 lb Bag,2,NJ,2025-03,2025-03-01,410.0,410.0,0.0,410.0,16836.13,16836.13,16836.13,0.0,0.0,False,none
AC-B16BK,AM GSG Root (Mixed) 1 lb Bag,2,NJ,2025-04,2025-04-01,290.0,290.0,0.0,290.0,13109.22,13109.22,13109.22,0.0,0.0,False,none
AC-B16BK,AM GSG Root (Mixed) 1 lb Bag,2,NJ,2025-05,2025-05-01,102.0,102.0,0.0,102.0,5323.05,5323.05,5323.05,0.0,0.0,False,none
AC-B16BK,AM GSG Root (Mixed) 1 lb Bag,2,NJ,2025-06,2025-06-01,59.0,59.0,137.0,196.0,3300.05,3300.05,10962.88,0.0,0.0,True,deep_drop_gap
AC-B16BK,AM GSG Root (Mixed) 1 lb Bag,2,NJ,2025-07,2025-07-01,31.0,31.0,49.5,80.5,2062.4,2062.4,5355.59,0.0,0.0,True,deep_drop_gap
AC-B16BK,AM GSG Root (Mixed) 1 lb Bag,2,NJ,2025-08,2025-08-01,551.0,551.0,0.0,551.0,23992.510000000002,23992.510000000002,23992.51,0.0,0.0,False,none
AC-B16BK,AM GSG Root (Mixed) 1 lb Bag,2,NJ,2025-09,2025-09-01,29.0,29.0,75.0,104.0,1451.14,1451.14,5204.09,0.0,0.0,True,deep_drop_gap
AC-B16BK,AM GSG Root (Mixed) 1 lb Bag,2,NJ,2025-10,2025-10-01,62.0,62.0,0.0,62.0,4001.09,4001.09,4001.09,0.0,0.0,False,none
AC-B16BK,AM GSG Root (Mixed) 1 lb Bag,2,NJ,2025-11,2025-11-01,146.0,146.0,0.0,146.0,8691.1,8691.1,8691.1,0.0,0.0,False,none
AC-B16BK,AM GSG Root (Mixed) 1 lb Bag,2,NJ,2025-12,2025-12-01,128.0,128.0,0.0,128.0,6513.780000000001,6513.780000000001,6513.78,0.0,0.0,False,none
AC-B16BK,AM GSG Root (Mixed) 1 lb Bag,3,LA,2023-01,2023-01-01,1098.0,1098.0,0.0,1098.0,38802.06,38802.06,38802.06,0.0,0.0,False,none
AC-B16BK,AM GSG Root (Mixed) 1 lb Bag,3,LA,2023-02,2023-02-01,485.0,485.0,0.0,485.0,18490.57,18490.57,18490.57,0.0,0.0,False,none
AC-B16BK,AM GSG Root (Mixed) 1 lb Bag,3,LA,2023-03,2023-03-01,683.0,683.0,0.0,683.0,25294.609999999997,25294.609999999997,25294.61,0.0,0.0,False,none
AC-B16BK,AM GSG Root (Mixed) 1 lb Bag,3,LA,2023-04,2023-04-01,767.0,767.0,0.0,767.0,27489.8,27489.8,27489.8,0.0,0.0,False,none
AC-B16BK,AM GSG Root (Mixed) 1 lb Bag,3,LA,2023-05,2023-05-01,584.0,584.0,0.0,584.0,21008.34,21008.34,21008.34,0.0,0.0,False,none
AC-B16BK,AM GSG Root (Mixed) 1 lb Bag,3,LA,2023-06,2023-06-01,948.0,948.0,0.0,948.0,34637.94,34637.94,34637.94,0.0,0.0,False,none
AC-B16BK,AM GSG Root (Mixed) 1 lb Bag,3,LA,2023-07,2023-07-01,1358.0,1358.0,0.0,1358.0,48073.12,48073.12,48073.12,0.0,0.0,False,none
AC-B16BK,AM GSG Root (Mixed) 1 lb Bag,3,LA,2023-08,2023-08-01,1802.0,1802.0,0.0,1802.0,60483.67,60483.67,60483.67,0.0,0.0,False,none
AC-B16BK,AM GSG Root (Mixed) 1 lb Bag,3,LA,2023-09,2023-09-01,1966.0,1966.0,0.0,1966.0,63869.63,63869.63,63869.63,0.0,0.0,False,none
AC-B16BK,AM GSG Root (Mixed) 1 lb Bag,3,LA,2023-10,2023-10-01,2227.0,2227.0,0.0,2227.0,72689.3,72689.3,72689.3,0.0,0.0,False,none
AC-B16BK,AM GSG Root (Mixed) 1 lb Bag,3,LA,2023-11,2023-11-01,2296.0,2296.0,0.0,2296.0,75179.11,75179.11,75179.11,0.0,0.0,False,none
AC-B16BK,AM GSG Root (Mixed) 1 lb Bag,3,LA,2023-12,2023-12-01,1904.0,1904.0,0.0,1904.0,63973.770000000004,63973.770000000004,63973.77,0.0,0.0,False,none
AC-B16BK,AM GSG Root (Mixed) 1 lb Bag,3,LA,2024-01,2024-01-01,1676.0,1676.0,0.0,1676.0,58266.46,58266.46,58266.46,0.0,0.0,False,none
AC-B16BK,AM GSG Root (Mixed) 1 lb Bag,3,LA,2024-02,2024-02-01,452.0,452.0,1338.0,1790.0,17186.760000000002,17186.760000000002,68062.61,0.0,0.0,True,deep_drop_gap
AC-B16BK,AM GSG Root (Mixed) 1 lb Bag,3,LA,2024-03,2024-03-01,408.0,408.0,1004.5,1412.5,16246.68,16246.68,56246.17,0.0,0.0,True,deep_drop_gap
AC-B16BK,AM GSG Root (Mixed) 1 lb Bag,3,LA,2024-04,2024-04-01,2948.0,2948.0,0.0,2948.0,106791.86,106791.86,106791.86,0.0,0.0,False,none
AC-B16BK,AM GSG Root (Mixed) 1 lb Bag,3,LA,2024-05,2024-05-01,1149.0,1149.0,0.0,1149.0,44701.729999999996,44701.729999999996,44701.73,0.0,0.0,False,none
AC-B16BK,AM GSG Root (Mixed) 1 lb Bag,3,LA,2024-06,2024-06-01,945.0,945.0,0.0,945.0,32420.02,32420.02,32420.02,0.0,0.0,False,none
AC-B16BK,AM GSG Root (Mixed) 1 lb Bag,3,LA,2024-07,2024-07-01,706.0,706.0,0.0,706.0,25657.85,25657.85,25657.85,0.0,0.0,False,none
AC-B16BK,AM GSG Root (Mixed) 1 lb Bag,3,LA,2024-08,2024-08-01,2040.0,2040.0,0.0,2040.0,74922.84999999999,74922.84999999999,74922.85,0.0,0.0,False,none
AC-B16BK,AM GSG Root (Mixed) 1 lb Bag,3,LA,2024-09,2024-09-01,1942.0,1942.0,0.0,1942.0,68552.56,68552.56,68552.56,0.0,0.0,False,none
AC-B16BK,AM GSG Root (Mixed) 1 lb Bag,3,LA,2024-10,2024-10-01,2075.0,2075.0,0.0,2075.0,72821.99,72821.99,72821.99,0.0,0.0,False,none
AC-B16BK,AM GSG Root (Mixed) 1 lb Bag,3,LA,2024-11,2024-11-01,2133.0,2133.0,0.0,2133.0,78561.69,78561.69,78561.69,0.0,0.0,False,none
AC-B16BK,AM GSG Root (Mixed) 1 lb Bag,3,LA,2024-12,2024-12-01,2238.0,2238.0,0.0,2238.0,83345.31000000001,83345.31000000001,83345.31,0.0,0.0,False,none
AC-B16BK,AM GSG Root (Mixed) 1 lb Bag,3,LA,2025-01,2025-01-01,1076.0,1076.0,0.0,1076.0,41050.14,41050.14,41050.14,0.0,0.0,False,none
AC-B16BK,AM GSG Root (Mixed) 1 lb Bag,3,LA,2025-02,2025-02-01,324.0,324.0,1351.5,1675.5,12540.12,12540.12,64848.68,0.0,0.0,True,deep_drop_gap
AC-B16BK,AM GSG Root (Mixed) 1 lb Bag,3,LA,2025-03,2025-03-01,1434.0,1434.0,0.0,1434.0,51975.73999999999,51975.73999999999,51975.74,0.0,0.0,False,none
AC-B16BK,AM GSG Root (Mixed) 1 lb Bag,3,LA,2025-04,2025-04-01,1917.0,1917.0,0.0,1917.0,69135.95000000001,69135.95000000001,69135.95,0.0,0.0,False,none
AC-B16BK,AM GSG Root (Mixed) 1 lb Bag,3,LA,2025-05,2025-05-01,1390.0,1390.0,0.0,1390.0,52638.68,52638.68,52638.68,0.0,0.0,False,none
AC-B16BK,AM GSG Root (Mixed) 1 lb Bag,3,LA,2025-06,2025-06-01,2126.0,2126.0,0.0,2126.0,77291.81,77291.81,77291.81,0.0,0.0,False,none
AC-B16BK,AM GSG Root (Mixed) 1 lb Bag,3,LA,2025-07,2025-07-01,736.0,736.0,0.0,736.0,27054.499999999996,27054.499999999996,27054.5,0.0,0.0,False,none
AC-B16BK,AM GSG Root (Mixed) 1 lb Bag,3,LA,2025-08,2025-08-01,431.0,431.0,873.0,1304.0,16528.47,16528.47,50007.25,0.0,0.0,True,deep_drop_gap
AC-B16BK,AM GSG Root (Mixed) 1 lb Bag,3,LA,2025-09,2025-09-01,1555.0,1555.0,0.0,1555.0,60090.34,60090.34,60090.34,0.0,0.0,False,none
AC-B16BK,AM GSG Root (Mixed) 1 lb Bag,3,LA,2025-10,2025-10-01,1053.0,1053.0,0.0,1053.0,40938.23,40938.23,40938.23,0.0,0.0,False,none
AC-B16BK,AM GSG Root (Mixed) 1 lb Bag,3,LA,2025-11,2025-11-01,1942.0,1942.0,0.0,1942.0,76874.76000000001,76874.76000000001,76874.76,0.0,0.0,False,none
AC-B16BK,AM GSG Root (Mixed) 1 lb Bag,3,LA,2025-12,2025-12-01,1614.0,1614.0,0.0,1614.0,62189.1,62189.1,62189.1,0.0,0.0,False,none
AC-B16BK,AM GSG Root (Mixed) 1 lb Bag,E1,UNMAPPED,2024-12,2024-12-01,14.0,14.0,0.0,14.0,1287.44,1287.44,1287.44,0.0,0.0,False,none
AC-B16BK,AM GSG Root (Mixed) 1 lb Bag,E1,UNMAPPED,2025-01,2025-01-01,0.0,0.0,7.5,7.5,0.0,0.0,689.7,0.0,0.0,True,zero_sales_gap
AC-B16BK,AM GSG Root (Mixed) 1 lb Bag,E1,UNMAPPED,2025-02,2025-02-01,0.0,0.0,4.0,4.0,0.0,0.0,367.84,0.0,0.0,True,zero_sales_gap
AC-B16BK,AM GSG Root (Mixed) 1 lb Bag,E1,UNMAPPED,2025-03,2025-03-01,1.0,1.0,0.0,1.0,206.18,206.18,206.18,0.0,0.0,False,none
AC-B16BK,AM GSG Root (Mixed) 1 lb Bag,E1,UNMAPPED,2025-04,2025-04-01,4.0,4.0,0.0,4.0,482.5,482.5,482.5,0.0,0.0,False,none
AC-B16BK,AM GSG Root (Mixed) 1 lb Bag,E1,UNMAPPED,2025-05,2025-05-01,6.0,6.0,0.0,6.0,849.51,849.51,849.51,0.0,0.0,False,none
AC-B16BK,AM GSG Root (Mixed) 1 lb Bag,E1,UNMAPPED,2025-06,2025-06-01,1.0,1.0,0.0,1.0,206.18,206.18,206.18,0.0,0.0,False,none
AC-B16BK,AM GSG Root (Mixed) 1 lb Bag,E1,UNMAPPED,2025-07,2025-07-01,1.0,1.0,0.0,1.0,206.18,206.18,206.18,0.0,0.0,False,none
AC-B16BK,AM GSG Root (Mixed) 1 lb Bag,E1,UNMAPPED,2025-08,2025-08-01,1.0,1.0,0.0,1.0,181.44,181.44,181.44,0.0,0.0,False,none
AC-B3SLJ,AM GSG Slices 3 oz Bag-Jumbo,1,SF,2024-10,2024-10-01,2215.0,2215.0,0.0,2215.0,48764.78999999999,48764.78999999999,48764.79,0.0,0.0,False,none
AC-B3SLJ,AM GSG Slices 3 oz Bag-Jumbo,1,SF,2024-11,2024-11-01,0.0,0.0,398.0,398.0,0.0,0.0,8762.25,0.0,0.0,True,zero_sales_gap
AC-B3SLJ,AM GSG Slices 3 oz Bag-Jumbo,1,SF,2024-12,2024-12-01,325.0,325.0,0.0,325.0,7356.74,7356.74,7356.74,0.0,0.0,False,none
AC-B3SLJ,AM GSG Slices 3 oz Bag-Jumbo,1,SF,2025-01,2025-01-01,398.0,398.0,0.0,398.0,10634.21,10634.21,10634.21,0.0,0.0,False,none
AC-B3SLJ,AM GSG Slices 3 oz Bag-Jumbo,1,SF,2025-02,2025-02-01,197.0,197.0,0.0,197.0,6140.62,6140.62,6140.62,0.0,0.0,False,none
AC-B3SLJ,AM GSG Slices 3 oz Bag-Jumbo,1,SF,2025-03,2025-03-01,773.0,773.0,0.0,773.0,20540.98,20540.98,20540.98,0.0,0.0,False,none
AC-B3SLJ,AM GSG Slices 3 oz Bag-Jumbo,1,SF,2025-04,2025-04-01,331.0,331.0,0.0,331.0,10140.39,10140.39,10140.39,0.0,0.0,False,none
AC-B3SLJ,AM GSG Slices 3 oz Bag-Jumbo,1,SF,2025-05,2025-05-01,333.0,333.0,0.0,333.0,9347.9,9347.9,9347.9,0.0,0.0,False,none
AC-B3SLJ,AM GSG Slices 3 oz Bag-Jumbo,1,SF,2025-06,2025-06-01,545.0,545.0,0.0,545.0,14340.45,14340.45,14340.45,0.0,0.0,False,none
AC-B3SLJ,AM GSG Slices 3 oz Bag-Jumbo,1,SF,2025-07,2025-07-01,704.0,704.0,0.0,704.0,16474.58,16474.58,16474.58,0.0,0.0,False,none
AC-B3SLJ,AM GSG Slices 3 oz Bag-Jumbo,1,SF,2025-08,2025-08-01,297.0,297.0,0.0,297.0,10799.38,10799.38,10799.38,0.0,0.0,False,none
AC-B3SLJ,AM GSG Slices 3 oz Bag-Jumbo,1,SF,2025-09,2025-09-01,98.0,98.0,161.5,259.5,3067.68,3067.68,8123.09,0.0,0.0,True,deep_drop_gap
AC-B3SLJ,AM GSG Slices 3 oz Bag-Jumbo,1,SF,2025-10,2025-10-01,98.0,98.0,161.5,259.5,3311.9199999999996,3311.9199999999996,8769.83,0.0,0.0,True,deep_drop_gap
AC-B3SLJ,AM GSG Slices 3 oz Bag-Jumbo,1,SF,2025-11,2025-11-01,222.0,222.0,0.0,222.0,6293.73,6293.73,6293.73,0.0,0.0,False,none
AC-B3SLJ,AM GSG Slices 3 oz Bag-Jumbo,1,SF,2025-12,2025-12-01,374.0,374.0,0.0,374.0,8949.04,8949.04,8949.04,0.0,0.0,False,none
AC-B3SLJ,AM GSG Slices 3 oz Bag-Jumbo,2,NJ,2025-02,2025-02-01,86.0,86.0,0.0,86.0,2641.4500000000003,2641.4500000000003,2641.45,0.0,0.0,False,none
AC-B3SLJ,AM GSG Slices 3 oz Bag-Jumbo,2,NJ,2025-03,2025-03-01,136.0,136.0,0.0,136.0,3925.92,3925.92,3925.92,0.0,0.0,False,none
AC-B3SLJ,AM GSG Slices 3 oz Bag-Jumbo,2,NJ,2025-04,2025-04-01,119.0,119.0,0.0,119.0,3706.7799999999997,3706.7799999999997,3706.78,0.0,0.0,False,none
AC-B3SLJ,AM GSG Slices 3 oz Bag-Jumbo,2,NJ,2025-05,2025-05-01,149.0,149.0,0.0,149.0,4729.34,4729.34,4729.34,0.0,0.0,False,none
AC-B3SLJ,AM GSG Slices 3 oz Bag-Jumbo,2,NJ,2025-06,2025-06-01,187.0,187.0,0.0,187.0,5365.16,5365.16,5365.16,0.0,0.0,False,none
AC-B3SLJ,AM GSG Slices 3 oz Bag-Jumbo,2,NJ,2025-07,2025-07-01,26.0,26.0,103.0,129.0,738.4399999999999,738.4399999999999,3663.8,0.0,0.0,True,deep_drop_gap
AC-B3SLJ,AM GSG Slices 3 oz Bag-Jumbo,2,NJ,2025-08,2025-08-01,109.0,109.0,0.0,109.0,3365.93,3365.93,3365.93,0.0,0.0,False,none
AC-B3SLJ,AM GSG Slices 3 oz Bag-Jumbo,2,NJ,2025-09,2025-09-01,15.0,15.0,0.0,15.0,468.68,468.68,468.68,0.0,0.0,False,none
AC-B3SLJ,AM GSG Slices 3 oz Bag-Jumbo,2,NJ,2025-10,2025-10-01,18.0,18.0,0.0,18.0,553.89,553.89,553.89,0.0,0.0,False,none
AC-B3SLJ,AM GSG Slices 3 oz Bag-Jumbo,2,NJ,2025-11,2025-11-01,44.0,44.0,0.0,44.0,1282.71,1282.71,1282.71,0.0,0.0,False,none
AC-B3SLJ,AM GSG Slices 3 oz Bag-Jumbo,2,NJ,2025-12,2025-12-01,24.0,24.0,0.0,24.0,637.39,637.39,637.39,0.0,0.0,False,none
AC-B3SLJ,AM GSG Slices 3 oz Bag-Jumbo,3,LA,2025-01,2025-01-01,231.0,231.0,0.0,231.0,7730.08,7730.08,7730.08,0.0,0.0,False,none
AC-B3SLJ,AM GSG Slices 3 oz Bag-Jumbo,3,LA,2025-02,2025-02-01,19.0,19.0,179.0,198.0,426.07,426.07,4440.1,0.0,0.0,True,deep_drop_gap
AC-B3SLJ,AM GSG Slices 3 oz Bag-Jumbo,3,LA,2025-03,2025-03-01,198.0,198.0,0.0,198.0,6130.43,6130.43,6130.43,0.0,0.0,False,none
AC-B3SLJ,AM GSG Slices 3 oz Bag-Jumbo,3,LA,2025-04,2025-04-01,70.0,70.0,0.0,70.0,3485.2299999999996,3485.2299999999996,3485.23,0.0,0.0,False,none
AC-B3SLJ,AM GSG Slices 3 oz Bag-Jumbo,3,LA,2025-05,2025-05-01,9.0,9.0,36.0,45.0,255.64,255.64,1278.2,0.0,0.0,True,deep_drop_gap
AC-B3SLJ,AM GSG Slices 3 oz Bag-Jumbo,3,LA,2025-06,2025-06-01,4.0,4.0,11.5,15.5,127.82,127.82,495.3,0.0,0.0,True,deep_drop_gap
AC-B3SLJ,AM GSG Slices 3 oz Bag-Jumbo,3,LA,2025-07,2025-07-01,20.0,20.0,0.0,20.0,596.49,596.49,596.49,0.0,0.0,False,none
AC-B3SLJ,AM GSG Slices 3 oz Bag-Jumbo,3,LA,2025-08,2025-08-01,11.0,11.0,0.0,11.0,255.64,255.64,255.64,0.0,0.0,False,none
AC-B3SLJ,AM GSG Slices 3 oz Bag-Jumbo,3,LA,2025-09,2025-09-01,44.0,44.0,0.0,44.0,2226.91,2226.91,2226.91,0.0,0.0,False,none
AC-B3SLJ,AM GSG Slices 3 oz Bag-Jumbo,3,LA,2025-10,2025-10-01,10.0,10.0,47.0,57.0,1988.32,1988.32,11333.42,0.0,0.0,True,deep_drop_gap
AC-B3SLJ,AM GSG Slices 3 oz Bag-Jumbo,3,LA,2025-11,2025-11-01,72.0,72.0,0.0,72.0,3772.11,3772.11,3772.11,0.0,0.0,False,none
AC-B3SLJ,AM GSG Slices 3 oz Bag-Jumbo,3,LA,2025-12,2025-12-01,70.0,70.0,0.0,70.0,2844.99,2844.99,2844.99,0.0,0.0,False,none
AC-B3SLJ,AM GSG Slices 3 oz Bag-Jumbo,W,UNMAPPED,2025-02,2025-02-01,20.0,20.0,0.0,20.0,688.11,688.11,688.11,0.0,0.0,False,none
AC-B3SLJ,AM GSG Slices 3 oz Bag-Jumbo,W,UNMAPPED,2025-03,2025-03-01,27.0,27.0,0.0,27.0,962.53,962.53,962.53,0.0,0.0,False,none
AC-B3SLJ,AM GSG Slices 3 oz Bag-Jumbo,W,UNMAPPED,2025-04,2025-04-01,58.0,58.0,0.0,58.0,1913.74,1913.74,1913.74,0.0,0.0,False,none
AC-B3SLJ,AM GSG Slices 3 oz Bag-Jumbo,W,UNMAPPED,2025-05,2025-05-01,235.0,235.0,0.0,235.0,7130.02,7130.02,7130.02,0.0,0.0,False,none
AC-B3SLJ,AM GSG Slices 3 oz Bag-Jumbo,W,UNMAPPED,2025-06,2025-06-01,952.0,952.0,0.0,952.0,27150.82,27150.82,27150.82,0.0,0.0,False,none
AC-B3SLJ,AM GSG Slices 3 oz Bag-Jumbo,W,UNMAPPED,2025-07,2025-07-01,388.0,388.0,0.0,388.0,11627.75,11627.75,11627.75,0.0,0.0,False,none
AC-B3SLJ,AM GSG Slices 3 oz Bag-Jumbo,W,UNMAPPED,2025-08,2025-08-01,487.0,487.0,0.0,487.0,14793.83,14793.83,14793.83,0.0,0.0,False,none
AC-B3SLJ,AM GSG Slices 3 oz Bag-Jumbo,W,UNMAPPED,2025-09,2025-09-01,645.0,645.0,0.0,645.0,19274.82,19274.82,19274.82,0.0,0.0,False,none
AC-B3SLJ,AM GSG Slices 3 oz Bag-Jumbo,W,UNMAPPED,2025-10,2025-10-01,539.0,539.0,0.0,539.0,16331.34,16331.34,16331.34,0.0,0.0,False,none
AC-B3SLJ,AM GSG Slices 3 oz Bag-Jumbo,W,UNMAPPED,2025-11,2025-11-01,393.0,393.0,0.0,393.0,11908.04,11908.04,11908.04,0.0,0.0,False,none
AC-B3SLJ,AM GSG Slices 3 oz Bag-Jumbo,W,UNMAPPED,2025-12,2025-12-01,642.0,642.0,0.0,642.0,18526.66,18526.66,18526.66,0.0,0.0,False,none
AC-B4BK,AM GSG Root (Mixed) 4 oz Bag,1,SF,2023-01,2023-01-01,493.0,493.0,0.0,493.0,5909.98,5909.98,5909.98,0.0,0.0,False,none
AC-B4BK,AM GSG Root (Mixed) 4 oz Bag,1,SF,2023-02,2023-02-01,1880.0,1880.0,3458.0,5338.0,18737.35,18737.35,53202.11,0.0,0.0,True,deep_drop_gap
AC-B4BK,AM GSG Root (Mixed) 4 oz Bag,1,SF,2023-03,2023-03-01,7419.0,7419.0,0.0,7419.0,69681.87,69681.87,69681.87,0.0,0.0,False,none
AC-B4BK,AM GSG Root (Mixed) 4 oz Bag,1,SF,2023-04,2023-04-01,5338.0,5338.0,0.0,5338.0,51087.94,51087.94,51087.94,0.0,0.0,False,none
AC-B4BK,AM GSG Root (Mixed) 4 oz Bag,1,SF,2023-05,2023-05-01,2305.0,2305.0,0.0,2305.0,24479.36,24479.36,24479.36,0.0,0.0,False,none
AC-B4BK,AM GSG Root (Mixed) 4 oz Bag,1,SF,2023-06,2023-06-01,3680.0,3680.0,0.0,3680.0,40970.67,40970.67,40970.67,0.0,0.0,False,none
AC-B4BK,AM GSG Root (Mixed) 4 oz Bag,1,SF,2023-07,2023-07-01,1421.0,1421.0,0.0,1421.0,15431.04,15431.04,15431.04,0.0,0.0,False,none
AC-B4BK,AM GSG Root (Mixed) 4 oz Bag,1,SF,2023-08,2023-08-01,859.0,859.0,1806.0,2665.0,9744.869999999999,9744.869999999999,30232.92,0.0,0.0,True,deep_drop_gap
AC-B4BK,AM GSG Root (Mixed) 4 oz Bag,1,SF,2023-09,2023-09-01,1650.0,1650.0,0.0,1650.0,18262.399999999998,18262.399999999998,18262.4,0.0,0.0,False,none
AC-B4BK,AM GSG Root (Mixed) 4 oz Bag,1,SF,2023-10,2023-10-01,3707.0,3707.0,0.0,3707.0,41907.73,41907.73,41907.73,0.0,0.0,False,none
AC-B4BK,AM GSG Root (Mixed) 4 oz Bag,1,SF,2023-11,2023-11-01,5180.0,5180.0,0.0,5180.0,63545.95999999999,63545.95999999999,63545.96,0.0,0.0,False,none
AC-B4BK,AM GSG Root (Mixed) 4 oz Bag,1,SF,2023-12,2023-12-01,2785.0,2785.0,0.0,2785.0,29285.6,29285.6,29285.6,0.0,0.0,False,none
AC-B4BK,AM GSG Root (Mixed) 4 oz Bag,1,SF,2024-01,2024-01-01,854.0,854.0,3128.5,3982.5,10168.68,10168.68,47420.1,0.0,0.0,True,deep_drop_gap
AC-B4BK,AM GSG Root (Mixed) 4 oz Bag,1,SF,2024-02,2024-02-01,1909.0,1909.0,0.0,1909.0,21407.97,21407.97,21407.97,0.0,0.0,False,none
AC-B4BK,AM GSG Root (Mixed) 4 oz Bag,1,SF,2024-03,2024-03-01,6661.0,6661.0,0.0,6661.0,73930.28,73930.28,73930.28,0.0,0.0,False,none
AC-B4BK,AM GSG Root (Mixed) 4 oz Bag,1,SF,2024-04,2024-04-01,3826.0,3826.0,0.0,3826.0,41548.759999999995,41548.759999999995,41548.76,0.0,0.0,False,none
AC-B4BK,AM GSG Root (Mixed) 4 oz Bag,1,SF,2024-05,2024-05-01,3917.0,3917.0,0.0,3917.0,43027.85,43027.85,43027.85,0.0,0.0,False,none
AC-B4BK,AM GSG Root (Mixed) 4 oz Bag,1,SF,2024-06,2024-06-01,3094.0,3094.0,0.0,3094.0,33973.0,33973.0,33973.0,0.0,0.0,False,none
AC-B4BK,AM GSG Root (Mixed) 4 oz Bag,1,SF,2024-07,2024-07-01,1010.0,1010.0,1836.5,2846.5,11398.59,11398.59,32124.84,0.0,0.0,True,deep_drop_gap
AC-B4BK,AM GSG Root (Mixed) 4 oz Bag,1,SF,2024-08,2024-08-01,1993.0,1993.0,0.0,1993.0,22261.510000000002,22261.510000000002,22261.51,0.0,0.0,False,none
AC-B4BK,AM GSG Root (Mixed) 4 oz Bag,1,SF,2024-09,2024-09-01,2599.0,2599.0,0.0,2599.0,28853.93,28853.93,28853.93,0.0,0.0,False,none
AC-B4BK,AM GSG Root (Mixed) 4 oz Bag,1,SF,2024-10,2024-10-01,7234.0,7234.0,0.0,7234.0,80077.29,80077.29,80077.29,0.0,0.0,False,none
AC-B4BK,AM GSG Root (Mixed) 4 oz Bag,1,SF,2024-11,2024-11-01,2331.0,2331.0,0.0,2331.0,25815.24,25815.24,25815.24,0.0,0.0,False,none
AC-B4BK,AM GSG Root (Mixed) 4 oz Bag,1,SF,2024-12,2024-12-01,1796.0,1796.0,0.0,1796.0,19218.75,19218.75,19218.75,0.0,0.0,False,none
AC-B4BK,AM GSG Root (Mixed) 4 oz Bag,1,SF,2025-01,2025-01-01,1620.0,1620.0,0.0,1620.0,19075.97,19075.97,19075.97,0.0,0.0,False,none
AC-B4BK,AM GSG Root (Mixed) 4 oz Bag,1,SF,2025-02,2025-02-01,4906.0,4906.0,0.0,4906.0,54843.159999999996,54843.159999999996,54843.16,0.0,0.0,False,none
AC-B4BK,AM GSG Root (Mixed) 4 oz Bag,1,SF,2025-03,2025-03-01,2776.0,2776.0,0.0,2776.0,31657.71,31657.71,31657.71,0.0,0.0,False,none
AC-B4BK,AM GSG Root (Mixed) 4 oz Bag,1,SF,2025-04,2025-04-01,4524.0,4524.0,0.0,4524.0,54737.1,54737.1,54737.1,0.0,0.0,False,none
AC-B4BK,AM GSG Root (Mixed) 4 oz Bag,1,SF,2025-05,2025-05-01,1899.0,1899.0,0.0,1899.0,22339.97,22339.97,22339.97,0.0,0.0,False,none
AC-B4BK,AM GSG Root (Mixed) 4 oz Bag,1,SF,2025-06,2025-06-01,1460.0,1460.0,0.0,1460.0,18791.97,18791.97,18791.97,0.0,0.0,False,none
AC-B4BK,AM GSG Root (Mixed) 4 oz Bag,1,SF,2025-07,2025-07-01,2090.0,2090.0,0.0,2090.0,23623.730000000003,23623.730000000003,23623.73,0.0,0.0,False,none
AC-B4BK,AM GSG Root (Mixed) 4 oz Bag,1,SF,2025-08,2025-08-01,2733.0,2733.0,0.0,2733.0,33126.17,33126.17,33126.17,0.0,0.0,False,none
AC-B4BK,AM GSG Root (Mixed) 4 oz Bag,1,SF,2025-09,2025-09-01,3432.0,3432.0,0.0,3432.0,39382.05,39382.05,39382.05,0.0,0.0,False,none
AC-B4BK,AM GSG Root (Mixed) 4 oz Bag,1,SF,2025-10,2025-10-01,3222.0,3222.0,0.0,3222.0,40375.73,40375.73,40375.73,0.0,0.0,False,none
AC-B4BK,AM GSG Root (Mixed) 4 oz Bag,1,SF,2025-11,2025-11-01,4026.0,4026.0,0.0,4026.0,45399.98,45399.98,45399.98,0.0,0.0,False,none
AC-B4BK,AM GSG Root (Mixed) 4 oz Bag,1,SF,2025-12,2025-12-01,1452.0,1452.0,0.0,1452.0,16000.09,16000.09,16000.09,0.0,0.0,False,none
AC-B4BK,AM GSG Root (Mixed) 4 oz Bag,2,NJ,2023-01,2023-01-01,6.0,6.0,0.0,6.0,92.26,92.26,92.26,0.0,0.0,False,none
AC-B4BK,AM GSG Root (Mixed) 4 oz Bag,2,NJ,2023-02,2023-02-01,28.0,28.0,0.0,28.0,461.32,461.32,461.32,0.0,0.0,False,none
AC-B4BK,AM GSG Root (Mixed) 4 oz Bag,2,NJ,2023-03,2023-03-01,46.0,46.0,0.0,46.0,691.97,691.97,691.97,0.0,0.0,False,none
AC-B4BK,AM GSG Root (Mixed) 4 oz Bag,2,NJ,2023-04,2023-04-01,92.0,92.0,0.0,92.0,1631.85,1631.85,1631.85,0.0,0.0,False,none
AC-B4BK,AM GSG Root (Mixed) 4 oz Bag,2,NJ,2023-05,2023-05-01,85.0,85.0,0.0,85.0,1516.52,1516.52,1516.52,0.0,0.0,False,none
AC-B4BK,AM GSG Root (Mixed) 4 oz Bag,2,NJ,2023-06,2023-06-01,42.0,42.0,216.0,258.0,746.73,746.73,4587.06,0.0,0.0,True,deep_drop_gap
AC-B4BK,AM GSG Root (Mixed) 4 oz Bag,2,NJ,2023-07,2023-07-01,424.0,424.0,0.0,424.0,5177.32,5177.32,5177.32,0.0,0.0,False,none
AC-B4BK,AM GSG Root (Mixed) 4 oz Bag,2,NJ,2023-08,2023-08-01,1040.0,1040.0,0.0,1040.0,12323.63,12323.63,12323.63,0.0,0.0,False,none
AC-B4BK,AM GSG Root (Mixed) 4 oz Bag,2,NJ,2023-09,2023-09-01,1109.0,1109.0,0.0,1109.0,12035.3,12035.3,12035.3,0.0,0.0,False,none
AC-B4BK,AM GSG Root (Mixed) 4 oz Bag,2,NJ,2023-10,2023-10-01,1192.0,1192.0,0.0,1192.0,13992.18,13992.18,13992.18,0.0,0.0,False,none
AC-B4BK,AM GSG Root (Mixed) 4 oz Bag,2,NJ,2023-11,2023-11-01,432.0,432.0,0.0,432.0,6290.45,6290.45,6290.45,0.0,0.0,False,none
AC-B4BK,AM GSG Root (Mixed) 4 oz Bag,2,NJ,2023-12,2023-12-01,293.0,293.0,0.0,293.0,3644.76,3644.76,3644.76,0.0,0.0,False,none
AC-B4BK,AM GSG Root (Mixed) 4 oz Bag,2,NJ,2024-01,2024-01-01,530.0,530.0,0.0,530.0,6475.87,6475.87,6475.87,0.0,0.0,False,none
AC-B4BK,AM GSG Root (Mixed) 4 oz Bag,2,NJ,2024-02,2024-02-01,826.0,826.0,0.0,826.0,12088.580000000002,12088.580000000002,12088.58,0.0,0.0,False,none
AC-B4BK,AM GSG Root (Mixed) 4 oz Bag,2,NJ,2024-03,2024-03-01,221.0,221.0,0.0,221.0,2664.1099999999997,2664.1099999999997,2664.11,0.0,0.0,False,none
AC-B4BK,AM GSG Root (Mixed) 4 oz Bag,2,NJ,2024-04,2024-04-01,242.0,242.0,0.0,242.0,3435.29,3435.29,3435.29,0.0,0.0,False,none
AC-B4BK,AM GSG Root (Mixed) 4 oz Bag,2,NJ,2024-05,2024-05-01,329.0,329.0,0.0,329.0,4643.42,4643.42,4643.42,0.0,0.0,False,none
AC-B4BK,AM GSG Root (Mixed) 4 oz Bag,2,NJ,2024-06,2024-06-01,189.0,189.0,0.0,189.0,2692.94,2692.94,2692.94,0.0,0.0,False,none
AC-B4BK,AM GSG Root (Mixed) 4 oz Bag,2,NJ,2024-07,2024-07-01,165.0,165.0,0.0,165.0,2300.81,2300.81,2300.81,0.0,0.0,False,none
AC-B4BK,AM GSG Root (Mixed) 4 oz Bag,2,NJ,2024-08,2024-08-01,382.0,382.0,0.0,382.0,5525.7699999999995,5525.7699999999995,5525.77,0.0,0.0,False,none
AC-B4BK,AM GSG Root (Mixed) 4 oz Bag,2,NJ,2024-09,2024-09-01,367.0,367.0,0.0,367.0,5197.0,5197.0,5197.0,0.0,0.0,False,none
AC-B4BK,AM GSG Root (Mixed) 4 oz Bag,2,NJ,2024-10,2024-10-01,248.0,248.0,0.0,248.0,3356.02,3356.02,3356.02,0.0,0.0,False,none
AC-B4BK,AM GSG Root (Mixed) 4 oz Bag,2,NJ,2024-11,2024-11-01,150.0,150.0,0.0,150.0,2247.48,2247.48,2247.48,0.0,0.0,False,none
AC-B4BK,AM GSG Root (Mixed) 4 oz Bag,2,NJ,2024-12,2024-12-01,368.0,368.0,0.0,368.0,5411.75,5411.75,5411.75,0.0,0.0,False,none
AC-B4BK,AM GSG Root (Mixed) 4 oz Bag,2,NJ,2025-01,2025-01-01,423.0,423.0,0.0,423.0,6123.99,6123.99,6123.99,0.0,0.0,False,none
AC-B4BK,AM GSG Root (Mixed) 4 oz Bag,2,NJ,2025-02,2025-02-01,161.0,161.0,0.0,161.0,2553.09,2553.09,2553.09,0.0,0.0,False,none
AC-B4BK,AM GSG Root (Mixed) 4 oz Bag,2,NJ,2025-03,2025-03-01,177.0,177.0,0.0,177.0,2675.6400000000003,2675.6400000000003,2675.64,0.0,0.0,False,none
AC-B4BK,AM GSG Root (Mixed) 4 oz Bag,2,NJ,2025-04,2025-04-01,352.0,352.0,0.0,352.0,4992.24,4992.24,4992.24,0.0,0.0,False,none
AC-B4BK,AM GSG Root (Mixed) 4 oz Bag,2,NJ,2025-05,2025-05-01,260.0,260.0,0.0,260.0,3529.85,3529.85,3529.85,0.0,0.0,False,none
AC-B4BK,AM GSG Root (Mixed) 4 oz Bag,2,NJ,2025-06,2025-06-01,434.0,434.0,0.0,434.0,6821.679999999999,6821.679999999999,6821.68,0.0,0.0,False,none
AC-B4BK,AM GSG Root (Mixed) 4 oz Bag,2,NJ,2025-07,2025-07-01,281.0,281.0,0.0,281.0,4050.96,4050.96,4050.96,0.0,0.0,False,none
AC-B4BK,AM GSG Root (Mixed) 4 oz Bag,2,NJ,2025-08,2025-08-01,309.0,309.0,0.0,309.0,4552.63,4552.63,4552.63,0.0,0.0,False,none
AC-B4BK,AM GSG Root (Mixed) 4 oz Bag,2,NJ,2025-09,2025-09-01,402.0,402.0,0.0,402.0,5950.96,5950.96,5950.96,0.0,0.0,False,none
AC-B4BK,AM GSG Root (Mixed) 4 oz Bag,2,NJ,2025-10,2025-10-01,377.0,377.0,0.0,377.0,5620.84,5620.84,5620.84,0.0,0.0,False,none
AC-B4BK,AM GSG Root (Mixed) 4 oz Bag,2,NJ,2025-11,2025-11-01,100.0,100.0,277.0,377.0,1412.79,1412.79,5326.22,0.0,0.0,True,deep_drop_gap
AC-B4BK,AM GSG Root (Mixed) 4 oz Bag,2,NJ,2025-12,2025-12-01,279.0,279.0,0.0,279.0,4114.9400000000005,4114.9400000000005,4114.94,0.0,0.0,False,none
AC-B4BK,AM GSG Root (Mixed) 4 oz Bag,3,LA,2023-01,2023-01-01,484.0,484.0,0.0,484.0,5392.68,5392.68,5392.68,0.0,0.0,False,none
AC-B4BK,AM GSG Root (Mixed) 4 oz Bag,3,LA,2023-02,2023-02-01,2590.0,2590.0,0.0,2590.0,24033.72,24033.72,24033.72,0.0,0.0,False,none
AC-B4BK,AM GSG Root (Mixed) 4 oz Bag,3,LA,2023-03,2023-03-01,4648.0,4648.0,0.0,4648.0,43196.51,43196.51,43196.51,0.0,0.0,False,none
AC-B4BK,AM GSG Root (Mixed) 4 oz Bag,3,LA,2023-04,2023-04-01,4062.0,4062.0,0.0,4062.0,44152.92,44152.92,44152.92,0.0,0.0,False,none
AC-B4BK,AM GSG Root (Mixed) 4 oz Bag,3,LA,2023-05,2023-05-01,449.0,449.0,2502.0,2951.0,5345.5,5345.5,35132.67,0.0,0.0,True,deep_drop_gap
AC-B4BK,AM GSG Root (Mixed) 4 oz Bag,3,LA,2023-06,2023-06-01,1840.0,1840.0,0.0,1840.0,22848.43,22848.43,22848.43,0.0,0.0,False,none
AC-B4BK,AM GSG Root (Mixed) 4 oz Bag,3,LA,2023-07,2023-07-01,448.0,448.0,1035.5,1483.5,5655.169999999999,5655.169999999999,18726.44,0.0,0.0,True,deep_drop_gap
AC-B4BK,AM GSG Root (Mixed) 4 oz Bag,3,LA,2023-08,2023-08-01,1127.0,1127.0,0.0,1127.0,14289.279999999999,14289.279999999999,14289.28,0.0,0.0,False,none
AC-B4BK,AM GSG Root (Mixed) 4 oz Bag,3,LA,2023-09,2023-09-01,3245.0,3245.0,0.0,3245.0,29763.54,29763.54,29763.54,0.0,0.0,False,none
AC-B4BK,AM GSG Root (Mixed) 4 oz Bag,3,LA,2023-10,2023-10-01,2430.0,2430.0,0.0,2430.0,22030.0,22030.0,22030.0,0.0,0.0,False,none
AC-B4BK,AM GSG Root (Mixed) 4 oz Bag,3,LA,2023-11,2023-11-01,2832.0,2832.0,0.0,2832.0,25762.309999999998,25762.309999999998,25762.31,0.0,0.0,False,none
AC-B4BK,AM GSG Root (Mixed) 4 oz Bag,3,LA,2023-12,2023-12-01,5394.0,5394.0,0.0,5394.0,48188.85,48188.85,48188.85,0.0,0.0,False,none
AC-B4BK,AM GSG Root (Mixed) 4 oz Bag,3,LA,2024-01,2024-01-01,1306.0,1306.0,0.0,1306.0,12666.0,12666.0,12666.0,0.0,0.0,False,none
AC-B4BK,AM GSG Root (Mixed) 4 oz Bag,3,LA,2024-02,2024-02-01,1096.0,1096.0,0.0,1096.0,11169.62,11169.62,11169.62,0.0,0.0,False,none
AC-B4BK,AM GSG Root (Mixed) 4 oz Bag,3,LA,2024-03,2024-03-01,1183.0,1183.0,0.0,1183.0,11890.43,11890.43,11890.43,0.0,0.0,False,none
AC-B4BK,AM GSG Root (Mixed) 4 oz Bag,3,LA,2024-04,2024-04-01,2800.0,2800.0,0.0,2800.0,29570.39,29570.39,29570.39,0.0,0.0,False,none
AC-B4BK,AM GSG Root (Mixed) 4 oz Bag,3,LA,2024-05,2024-05-01,634.0,634.0,0.0,634.0,6730.9,6730.9,6730.9,0.0,0.0,False,none
AC-B4BK,AM GSG Root (Mixed) 4 oz Bag,3,LA,2024-06,2024-06-01,1141.0,1141.0,0.0,1141.0,11671.3,11671.3,11671.3,0.0,0.0,False,none
AC-B4BK,AM GSG Root (Mixed) 4 oz Bag,3,LA,2024-07,2024-07-01,1549.0,1549.0,0.0,1549.0,16056.68,16056.68,16056.68,0.0,0.0,False,none
AC-B4BK,AM GSG Root (Mixed) 4 oz Bag,3,LA,2024-08,2024-08-01,1665.0,1665.0,0.0,1665.0,17351.97,17351.97,17351.97,0.0,0.0,False,none
AC-B4BK,AM GSG Root (Mixed) 4 oz Bag,3,LA,2024-09,2024-09-01,1188.0,1188.0,0.0,1188.0,12230.64,12230.64,12230.64,0.0,0.0,False,none
AC-B4BK,AM GSG Root (Mixed) 4 oz Bag,3,LA,2024-10,2024-10-01,1802.0,1802.0,0.0,1802.0,17237.36,17237.36,17237.36,0.0,0.0,False,none
AC-B4BK,AM GSG Root (Mixed) 4 oz Bag,3,LA,2024-11,2024-11-01,1405.0,1405.0,0.0,1405.0,14420.77,14420.77,14420.77,0.0,0.0,False,none
AC-B4BK,AM GSG Root (Mixed) 4 oz Bag,3,LA,2024-12,2024-12-01,5138.0,5138.0,0.0,5138.0,51311.27999999999,51311.27999999999,51311.28,0.0,0.0,False,none
AC-B4BK,AM GSG Root (Mixed) 4 oz Bag,3,LA,2025-01,2025-01-01,1848.0,1848.0,0.0,1848.0,19184.97,19184.97,19184.97,0.0,0.0,False,none
AC-B4BK,AM GSG Root (Mixed) 4 oz Bag,3,LA,2025-02,2025-02-01,1517.0,1517.0,0.0,1517.0,15286.869999999999,15286.869999999999,15286.87,0.0,0.0,False,none
AC-B4BK,AM GSG Root (Mixed) 4 oz Bag,3,LA,2025-03,2025-03-01,1218.0,1218.0,0.0,1218.0,12908.189999999999,12908.189999999999,12908.19,0.0,0.0,False,none
AC-B4BK,AM GSG Root (Mixed) 4 oz Bag,3,LA,2025-04,2025-04-01,2804.0,2804.0,0.0,2804.0,28282.969999999998,28282.969999999998,28282.97,0.0,0.0,False,none
AC-B4BK,AM GSG Root (Mixed) 4 oz Bag,3,LA,2025-05,2025-05-01,1510.0,1510.0,0.0,1510.0,15663.16,15663.16,15663.16,0.0,0.0,False,none
AC-B4BK,AM GSG Root (Mixed) 4 oz Bag,3,LA,2025-06,2025-06-01,2856.0,2856.0,0.0,2856.0,29607.85,29607.85,29607.85,0.0,0.0,False,none
AC-B4BK,AM GSG Root (Mixed) 4 oz Bag,3,LA,2025-07,2025-07-01,830.0,830.0,0.0,830.0,8346.939999999999,8346.939999999999,8346.94,0.0,0.0,False,none
AC-B4BK,AM GSG Root (Mixed) 4 oz Bag,3,LA,2025-08,2025-08-01,764.0,764.0,0.0,764.0,8136.47,8136.47,8136.47,0.0,0.0,False,none
AC-B4BK,AM GSG Root (Mixed) 4 oz Bag,3,LA,2025-09,2025-09-01,745.0,745.0,0.0,745.0,8468.07,8468.07,8468.07,0.0,0.0,False,none
AC-B4BK,AM GSG Root (Mixed) 4 oz Bag,3,LA,2025-10,2025-10-01,1574.0,1574.0,0.0,1574.0,17809.72,17809.72,17809.72,0.0,0.0,False,none
AC-B4BK,AM GSG Root (Mixed) 4 oz Bag,3,LA,2025-11,2025-11-01,2502.0,2502.0,0.0,2502.0,28998.079999999998,28998.079999999998,28998.08,0.0,0.0,False,none
AC-B4BK,AM GSG Root (Mixed) 4 oz Bag,3,LA,2025-12,2025-12-01,4067.0,4067.0,0.0,4067.0,44814.95,44814.95,44814.95,0.0,0.0,False,none
AC-B4BK,AM GSG Root (Mixed) 4 oz Bag,E1,UNMAPPED,2024-12,2024-12-01,6.0,6.0,0.0,6.0,173.57,173.57,173.57,0.0,0.0,False,none
AC-B4BK,AM GSG Root (Mixed) 4 oz Bag,E1,UNMAPPED,2025-01,2025-01-01,0.0,0.0,4.5,4.5,0.0,0.0,130.18,0.0,0.0,True,zero_sales_gap
AC-B4BK,AM GSG Root (Mixed) 4 oz Bag,E1,UNMAPPED,2025-02,2025-02-01,0.0,0.0,6.0,6.0,0.0,0.0,173.57,0.0,0.0,True,zero_sales_gap
AC-B4BK,AM GSG Root (Mixed) 4 oz Bag,E1,UNMAPPED,2025-03,2025-03-01,3.0,3.0,0.0,3.0,123.95,123.95,123.95,0.0,0.0,False,none
AC-B4BK,AM GSG Root (Mixed) 4 oz Bag,E1,UNMAPPED,2025-04,2025-04-01,6.0,6.0,0.0,6.0,193.41,193.41,193.41,0.0,0.0,False,none
AC-B4BK,AM GSG Root (Mixed) 4 oz Bag,E1,UNMAPPED,2025-05,2025-05-01,0.0,0.0,3.0,3.0,0.0,0.0,96.7,0.0,0.0,True,zero_sales_gap
AC-B4BK,AM GSG Root (Mixed) 4 oz Bag,E1,UNMAPPED,2025-06,2025-06-01,1.0,1.0,0.0,1.0,61.98,61.98,61.98,0.0,0.0,False,none
AC-B4BK,AM GSG Root (Mixed) 4 oz Bag,W,UNMAPPED,2025-03,2025-03-01,14.0,14.0,0.0,14.0,317.0,317.0,317.0,0.0,0.0,False,none
AC-B4BK,AM GSG Root (Mixed) 4 oz Bag,W,UNMAPPED,2025-04,2025-04-01,351.0,351.0,0.0,351.0,7008.530000000001,7008.530000000001,7008.53,0.0,0.0,False,none
AC-B4BK,AM GSG Root (Mixed) 4 oz Bag,W,UNMAPPED,2025-05,2025-05-01,143.0,143.0,0.0,143.0,2852.9700000000003,2852.9700000000003,2852.97,0.0,0.0,False,none
AC-B4BK,AM GSG Root (Mixed) 4 oz Bag,W,UNMAPPED,2025-06,2025-06-01,295.0,295.0,0.0,295.0,5565.8,5565.8,5565.8,0.0,0.0,False,none
AC-B4BK,AM GSG Root (Mixed) 4 oz Bag,W,UNMAPPED,2025-07,2025-07-01,417.0,417.0,0.0,417.0,7084.93,7084.93,7084.93,0.0,0.0,False,none
AC-B4BK,AM GSG Root (Mixed) 4 oz Bag,W,UNMAPPED,2025-08,2025-08-01,462.0,462.0,0.0,462.0,7896.86,7896.86,7896.86,0.0,0.0,False,none
AC-B4BK,AM GSG Root (Mixed) 4 oz Bag,W,UNMAPPED,2025-09,2025-09-01,735.0,735.0,0.0,735.0,12221.869999999999,12221.869999999999,12221.87,0.0,0.0,False,none
AC-B4BK,AM GSG Root (Mixed) 4 oz Bag,W,UNMAPPED,2025-10,2025-10-01,446.0,446.0,0.0,446.0,7670.46,7670.46,7670.46,0.0,0.0,False,none
AC-B4BK,AM GSG Root (Mixed) 4 oz Bag,W,UNMAPPED,2025-11,2025-11-01,216.0,216.0,0.0,216.0,3772.3700000000003,3772.3700000000003,3772.37,0.0,0.0,False,none
AC-B4BK,AM GSG Root (Mixed) 4 oz Bag,W,UNMAPPED,2025-12,2025-12-01,471.0,471.0,0.0,471.0,7674.25,7674.25,7674.25,0.0,0.0,False,none
AC-B6SLJ,AM GSG Slices 6 oz Bag-Jumbo,1,SF,2024-04,2024-04-01,193.0,193.0,0.0,193.0,8841.91,8841.91,8841.91,0.0,0.0,False,none
AC-B6SLJ,AM GSG Slices 6 oz Bag-Jumbo,1,SF,2024-05,2024-05-01,568.0,568.0,0.0,568.0,20264.39,20264.39,20264.39,0.0,0.0,False,none
AC-B6SLJ,AM GSG Slices 6 oz Bag-Jumbo,1,SF,2024-06,2024-06-01,355.0,355.0,0.0,355.0,17557.64,17557.64,17557.64,0.0,0.0,False,none
AC-B6SLJ,AM GSG Slices 6 oz Bag-Jumbo,1,SF,2024-07,2024-07-01,170.0,170.0,0.0,170.0,9804.7,9804.7,9804.7,0.0,0.0,False,none
AC-B6SLJ,AM GSG Slices 6 oz Bag-Jumbo,1,SF,2024-08,2024-08-01,151.0,151.0,0.0,151.0,7396.35,7396.35,7396.35,0.0,0.0,False,none
AC-B6SLJ,AM GSG Slices 6 oz Bag-Jumbo,1,SF,2024-09,2024-09-01,351.0,351.0,0.0,351.0,17263.77,17263.77,17263.77,0.0,0.0,False,none
AC-B6SLJ,AM GSG Slices 6 oz Bag-Jumbo,1,SF,2024-10,2024-10-01,541.0,541.0,0.0,541.0,24712.81,24712.81,24712.81,0.0,0.0,False,none
AC-B6SLJ,AM GSG Slices 6 oz Bag-Jumbo,1,SF,2024-11,2024-11-01,211.0,211.0,0.0,211.0,12686.6,12686.6,12686.6,0.0,0.0,False,none
AC-B6SLJ,AM GSG Slices 6 oz Bag-Jumbo,1,SF,2024-12,2024-12-01,831.0,831.0,0.0,831.0,38725.5,38725.5,38725.5,0.0,0.0,False,none
AC-B6SLJ,AM GSG Slices 6 oz Bag-Jumbo,1,SF,2025-01,2025-01-01,332.0,332.0,0.0,332.0,17132.47,17132.47,17132.47,0.0,0.0,False,none
AC-B6SLJ,AM GSG Slices 6 oz Bag-Jumbo,1,SF,2025-02,2025-02-01,128.0,128.0,222.5,350.5,7286.13,7286.13,19951.47,0.0,0.0,True,deep_drop_gap
AC-B6SLJ,AM GSG Slices 6 oz Bag-Jumbo,1,SF,2025-03,2025-03-01,369.0,369.0,0.0,369.0,15082.49,15082.49,15082.49,0.0,0.0,False,none
AC-B6SLJ,AM GSG Slices 6 oz Bag-Jumbo,1,SF,2025-04,2025-04-01,116.0,116.0,0.0,116.0,5675.71,5675.71,5675.71,0.0,0.0,False,none
AC-B6SLJ,AM GSG Slices 6 oz Bag-Jumbo,1,SF,2025-05,2025-05-01,103.0,103.0,0.0,103.0,5155.62,5155.62,5155.62,0.0,0.0,False,none
AC-B6SLJ,AM GSG Slices 6 oz Bag-Jumbo,1,SF,2025-06,2025-06-01,76.0,76.0,0.0,76.0,5957.719999999999,5957.719999999999,5957.72,0.0,0.0,False,none
AC-B6SLJ,AM GSG Slices 6 oz Bag-Jumbo,1,SF,2025-07,2025-07-01,238.0,238.0,0.0,238.0,10553.24,10553.24,10553.24,0.0,0.0,False,none
AC-B6SLJ,AM GSG Slices 6 oz Bag-Jumbo,1,SF,2025-08,2025-08-01,271.0,271.0,0.0,271.0,15322.31,15322.31,15322.31,0.0,0.0,False,none
AC-B6SLJ,AM GSG Slices 6 oz Bag-Jumbo,1,SF,2025-09,2025-09-01,209.0,209.0,0.0,209.0,8916.59,8916.59,8916.59,0.0,0.0,False,none
AC-B6SLJ,AM GSG Slices 6 oz Bag-Jumbo,1,SF,2025-10,2025-10-01,148.0,148.0,0.0,148.0,6553.77,6553.77,6553.77,0.0,0.0,False,none
AC-B6SLJ,AM GSG Slices 6 oz Bag-Jumbo,1,SF,2025-11,2025-11-01,364.0,364.0,0.0,364.0,18155.01,18155.01,18155.01,0.0,0.0,False,none
AC-B6SLJ,AM GSG Slices 6 oz Bag-Jumbo,1,SF,2025-12,2025-12-01,321.0,321.0,0.0,321.0,13857.029999999999,13857.029999999999,13857.03,0.0,0.0,False,none
AC-B6SLJ,AM GSG Slices 6 oz Bag-Jumbo,2,NJ,2024-04,2024-04-01,31.0,31.0,0.0,31.0,1408.45,1408.45,1408.45,0.0,0.0,False,none
AC-B6SLJ,AM GSG Slices 6 oz Bag-Jumbo,2,NJ,2024-05,2024-05-01,610.0,610.0,0.0,610.0,28853.13,28853.13,28853.13,0.0,0.0,False,none
AC-B6SLJ,AM GSG Slices 6 oz Bag-Jumbo,2,NJ,2024-06,2024-06-01,136.0,136.0,0.0,136.0,6715.780000000001,6715.780000000001,6715.78,0.0,0.0,False,none
AC-B6SLJ,AM GSG Slices 6 oz Bag-Jumbo,2,NJ,2024-07,2024-07-01,192.0,192.0,0.0,192.0,8819.59,8819.59,8819.59,0.0,0.0,False,none
AC-B6SLJ,AM GSG Slices 6 oz Bag-Jumbo,2,NJ,2024-08,2024-08-01,127.0,127.0,0.0,127.0,5777.21,5777.21,5777.21,0.0,0.0,False,none
AC-B6SLJ,AM GSG Slices 6 oz Bag-Jumbo,2,NJ,2024-09,2024-09-01,159.0,159.0,0.0,159.0,8007.040000000001,8007.040000000001,8007.04,0.0,0.0,False,none
AC-B6SLJ,AM GSG Slices 6 oz Bag-Jumbo,2,NJ,2024-10,2024-10-01,146.0,146.0,0.0,146.0,7327.96,7327.96,7327.96,0.0,0.0,False,none
AC-B6SLJ,AM GSG Slices 6 oz Bag-Jumbo,2,NJ,2024-11,2024-11-01,183.0,183.0,0.0,183.0,12075.240000000002,12075.240000000002,12075.24,0.0,0.0,False,none
AC-B6SLJ,AM GSG Slices 6 oz Bag-Jumbo,2,NJ,2024-12,2024-12-01,338.0,338.0,0.0,338.0,18057.62,18057.62,18057.62,0.0,0.0,False,none
AC-B6SLJ,AM GSG Slices 6 oz Bag-Jumbo,2,NJ,2025-01,2025-01-01,156.0,156.0,0.0,156.0,7172.65,7172.65,7172.65,0.0,0.0,False,none
AC-B6SLJ,AM GSG Slices 6 oz Bag-Jumbo,2,NJ,2025-02,2025-02-01,271.0,271.0,0.0,271.0,14162.58,14162.58,14162.58,0.0,0.0,False,none
AC-B6SLJ,AM GSG Slices 6 oz Bag-Jumbo,2,NJ,2025-03,2025-03-01,213.0,213.0,0.0,213.0,12538.62,12538.62,12538.62,0.0,0.0,False,none
AC-B6SLJ,AM GSG Slices 6 oz Bag-Jumbo,2,NJ,2025-04,2025-04-01,236.0,236.0,0.0,236.0,12725.37,12725.37,12725.37,0.0,0.0,False,none
AC-B6SLJ,AM GSG Slices 6 oz Bag-Jumbo,2,NJ,2025-05,2025-05-01,235.0,235.0,0.0,235.0,14044.99,14044.99,14044.99,0.0,0.0,False,none
AC-B6SLJ,AM GSG Slices 6 oz Bag-Jumbo,2,NJ,2025-06,2025-06-01,138.0,138.0,0.0,138.0,7574.74,7574.74,7574.74,0.0,0.0,False,none
AC-B6SLJ,AM GSG Slices 6 oz Bag-Jumbo,2,NJ,2025-07,2025-07-01,149.0,149.0,0.0,149.0,7564.49,7564.49,7564.49,0.0,0.0,False,none
AC-B6SLJ,AM GSG Slices 6 oz Bag-Jumbo,2,NJ,2025-08,2025-08-01,201.0,201.0,0.0,201.0,10043.78,10043.78,10043.78,0.0,0.0,False,none
AC-B6SLJ,AM GSG Slices 6 oz Bag-Jumbo,2,NJ,2025-09,2025-09-01,130.0,130.0,0.0,130.0,9564.1,9564.1,9564.1,0.0,0.0,False,none
AC-B6SLJ,AM GSG Slices 6 oz Bag-Jumbo,2,NJ,2025-10,2025-10-01,117.0,117.0,0.0,117.0,5547.679999999999,5547.679999999999,5547.68,0.0,0.0,False,none
AC-B6SLJ,AM GSG Slices 6 oz Bag-Jumbo,2,NJ,2025-11,2025-11-01,215.0,215.0,0.0,215.0,10581.43,10581.43,10581.43,0.0,0.0,False,none
AC-B6SLJ,AM GSG Slices 6 oz Bag-Jumbo,2,NJ,2025-12,2025-12-01,439.0,439.0,0.0,439.0,22644.84,22644.84,22644.84,0.0,0.0,False,none
AC-B6SLJ,AM GSG Slices 6 oz Bag-Jumbo,3,LA,2024-05,2024-05-01,99.0,99.0,0.0,99.0,9678.1,9678.1,9678.1,0.0,0.0,False,none
AC-B6SLJ,AM GSG Slices 6 oz Bag-Jumbo,3,LA,2024-06,2024-06-01,124.0,124.0,0.0,124.0,16656.09,16656.09,16656.09,0.0,0.0,False,none
AC-B6SLJ,AM GSG Slices 6 oz Bag-Jumbo,3,LA,2024-07,2024-07-01,6.0,6.0,105.5,111.5,1084.8500000000001,1084.8500000000001,20160.13,0.0,0.0,True,deep_drop_gap
AC-B6SLJ,AM GSG Slices 6 oz Bag-Jumbo,3,LA,2024-08,2024-08-01,32.0,32.0,90.5,122.5,4671.33,4671.33,17882.44,0.0,0.0,True,deep_drop_gap
AC-B6SLJ,AM GSG Slices 6 oz Bag-Jumbo,3,LA,2024-09,2024-09-01,163.0,163.0,0.0,163.0,10279.03,10279.03,10279.03,0.0,0.0,False,none
AC-B6SLJ,AM GSG Slices 6 oz Bag-Jumbo,3,LA,2024-10,2024-10-01,121.0,121.0,0.0,121.0,18014.99,18014.99,18014.99,0.0,0.0,False,none
AC-B6SLJ,AM GSG Slices 6 oz Bag-Jumbo,3,LA,2024-11,2024-11-01,27.0,27.0,91.0,118.0,10765.22,10765.22,47048.0,0.0,0.0,True,deep_drop_gap
AC-B6SLJ,AM GSG Slices 6 oz Bag-Jumbo,3,LA,2024-12,2024-12-01,115.0,115.0,0.0,115.0,9599.35,9599.35,9599.35,0.0,0.0,False,none
AC-B6SLJ,AM GSG Slices 6 oz Bag-Jumbo,3,LA,2025-01,2025-01-01,74.0,74.0,0.0,74.0,5172.08,5172.08,5172.08,0.0,0.0,False,none
AC-B6SLJ,AM GSG Slices 6 oz Bag-Jumbo,3,LA,2025-02,2025-02-01,24.0,24.0,60.5,84.5,2882.08,2882.08,10147.32,0.0,0.0,True,deep_drop_gap
AC-B6SLJ,AM GSG Slices 6 oz Bag-Jumbo,3,LA,2025-03,2025-03-01,95.0,95.0,0.0,95.0,6652.24,6652.24,6652.24,0.0,0.0,False,none
AC-B6SLJ,AM GSG Slices 6 oz Bag-Jumbo,3,LA,2025-04,2025-04-01,50.0,50.0,0.0,50.0,4038.83,4038.83,4038.83,0.0,0.0,False,none
AC-B6SLJ,AM GSG Slices 6 oz Bag-Jumbo,3,LA,2025-05,2025-05-01,39.0,39.0,0.0,39.0,9088.97,9088.97,9088.97,0.0,0.0,False,none
AC-B6SLJ,AM GSG Slices 6 oz Bag-Jumbo,3,LA,2025-06,2025-06-01,31.0,31.0,0.0,31.0,5237.56,5237.56,5237.56,0.0,0.0,False,none
AC-B6SLJ,AM GSG Slices 6 oz Bag-Jumbo,3,LA,2025-07,2025-07-01,6.0,6.0,29.0,35.0,2569.12,2569.12,14986.53,0.0,0.0,True,deep_drop_gap
AC-B6SLJ,AM GSG Slices 6 oz Bag-Jumbo,3,LA,2025-08,2025-08-01,22.0,22.0,0.0,22.0,3948.5600000000004,3948.5600000000004,3948.56,0.0,0.0,False,none
AC-B6SLJ,AM GSG Slices 6 oz Bag-Jumbo,3,LA,2025-09,2025-09-01,103.0,103.0,0.0,103.0,6898.76,6898.76,6898.76,0.0,0.0,False,none
AC-B6SLJ,AM GSG Slices 6 oz Bag-Jumbo,3,LA,2025-10,2025-10-01,33.0,33.0,0.0,33.0,6041.93,6041.93,6041.93,0.0,0.0,False,none
AC-B6SLJ,AM GSG Slices 6 oz Bag-Jumbo,3,LA,2025-11,2025-11-01,91.0,91.0,0.0,91.0,8281.14,8281.14,8281.14,0.0,0.0,False,none
AC-B6SLJ,AM GSG Slices 6 oz Bag-Jumbo,3,LA,2025-12,2025-12-01,72.0,72.0,0.0,72.0,11453.75,11453.75,11453.75,0.0,0.0,False,none
AC-B6SLJ,AM GSG Slices 6 oz Bag-Jumbo,E1,UNMAPPED,2024-12,2024-12-01,48.0,48.0,0.0,48.0,2321.58,2321.58,2321.58,0.0,0.0,False,none
AC-B8BK,AM GSG Root (Mixed) 8 oz Bag,1,SF,2023-01,2023-01-01,171.0,171.0,0.0,171.0,3600.5,3600.5,3600.5,0.0,0.0,False,none
AC-B8BK,AM GSG Root (Mixed) 8 oz Bag,1,SF,2023-02,2023-02-01,686.0,686.0,0.0,686.0,14423.81,14423.81,14423.81,0.0,0.0,False,none
AC-B8BK,AM GSG Root (Mixed) 8 oz Bag,1,SF,2023-03,2023-03-01,669.0,669.0,0.0,669.0,13218.759999999998,13218.759999999998,13218.76,0.0,0.0,False,none
AC-B8BK,AM GSG Root (Mixed) 8 oz Bag,1,SF,2023-04,2023-04-01,1215.0,1215.0,0.0,1215.0,24859.850000000002,24859.850000000002,24859.85,0.0,0.0,False,none
AC-B8BK,AM GSG Root (Mixed) 8 oz Bag,1,SF,2023-05,2023-05-01,1220.0,1220.0,0.0,1220.0,25927.46,25927.46,25927.46,0.0,0.0,False,none
AC-B8BK,AM GSG Root (Mixed) 8 oz Bag,1,SF,2023-06,2023-06-01,2452.0,2452.0,0.0,2452.0,52283.49,52283.49,52283.49,0.0,0.0,False,none
AC-B8BK,AM GSG Root (Mixed) 8 oz Bag,1,SF,2023-07,2023-07-01,490.0,490.0,1346.0,1836.0,12382.15,12382.15,46395.16,0.0,0.0,True,deep_drop_gap
AC-B8BK,AM GSG Root (Mixed) 8 oz Bag,1,SF,2023-08,2023-08-01,1111.0,1111.0,2523.5,3634.5,26359.79,26359.79,86232.81,0.0,0.0,True,deep_drop_gap
AC-B8BK,AM GSG Root (Mixed) 8 oz Bag,1,SF,2023-09,2023-09-01,5206.0,5206.0,0.0,5206.0,119684.35000000002,119684.35000000002,119684.35,0.0,0.0,False,none
AC-B8BK,AM GSG Root (Mixed) 8 oz Bag,1,SF,2023-10,2023-10-01,4817.0,4817.0,0.0,4817.0,106341.57,106341.57,106341.57,0.0,0.0,False,none
AC-B8BK,AM GSG Root (Mixed) 8 oz Bag,1,SF,2023-11,2023-11-01,3463.0,3463.0,0.0,3463.0,81879.18,81879.18,81879.18,0.0,0.0,False,none
AC-B8BK,AM GSG Root (Mixed) 8 oz Bag,1,SF,2023-12,2023-12-01,1298.0,1298.0,0.0,1298.0,29341.780000000002,29341.780000000002,29341.78,0.0,0.0,False,none
AC-B8BK,AM GSG Root (Mixed) 8 oz Bag,1,SF,2024-01,2024-01-01,1066.0,1066.0,0.0,1066.0,25317.01,25317.01,25317.01,0.0,0.0,False,none
AC-B8BK,AM GSG Root (Mixed) 8 oz Bag,1,SF,2024-02,2024-02-01,1531.0,1531.0,0.0,1531.0,35422.32,35422.32,35422.32,0.0,0.0,False,none
AC-B8BK,AM GSG Root (Mixed) 8 oz Bag,1,SF,2024-03,2024-03-01,4110.0,4110.0,0.0,4110.0,91104.48,91104.48,91104.48,0.0,0.0,False,none
AC-B8BK,AM GSG Root (Mixed) 8 oz Bag,1,SF,2024-04,2024-04-01,1768.0,1768.0,0.0,1768.0,47392.09,47392.09,47392.09,0.0,0.0,False,none
AC-B8BK,AM GSG Root (Mixed) 8 oz Bag,1,SF,2024-05,2024-05-01,1076.0,1076.0,0.0,1076.0,24395.13,24395.13,24395.13,0.0,0.0,False,none
AC-B8BK,AM GSG Root (Mixed) 8 oz Bag,1,SF,2024-06,2024-06-01,781.0,781.0,0.0,781.0,17708.15,17708.15,17708.15,0.0,0.0,False,none
AC-B8BK,AM GSG Root (Mixed) 8 oz Bag,1,SF,2024-07,2024-07-01,1015.0,1015.0,0.0,1015.0,22535.21,22535.21,22535.21,0.0,0.0,False,none
AC-B8BK,AM GSG Root (Mixed) 8 oz Bag,1,SF,2024-08,2024-08-01,1014.0,1014.0,0.0,1014.0,22687.6,22687.6,22687.6,0.0,0.0,False,none
AC-B8BK,AM GSG Root (Mixed) 8 oz Bag,1,SF,2024-09,2024-09-01,2178.0,2178.0,0.0,2178.0,51080.740000000005,51080.740000000005,51080.74,0.0,0.0,False,none
AC-B8BK,AM GSG Root (Mixed) 8 oz Bag,1,SF,2024-10,2024-10-01,2470.0,2470.0,0.0,2470.0,56598.020000000004,56598.020000000004,56598.02,0.0,0.0,False,none
AC-B8BK,AM GSG Root (Mixed) 8 oz Bag,1,SF,2024-11,2024-11-01,1240.0,1240.0,0.0,1240.0,33775.94,33775.94,33775.94,0.0,0.0,False,none
AC-B8BK,AM GSG Root (Mixed) 8 oz Bag,1,SF,2024-12,2024-12-01,1794.0,1794.0,0.0,1794.0,39327.56999999999,39327.56999999999,39327.57,0.0,0.0,False,none
AC-B8BK,AM GSG Root (Mixed) 8 oz Bag,1,SF,2025-01,2025-01-01,875.0,875.0,0.0,875.0,19488.899999999998,19488.899999999998,19488.9,0.0,0.0,False,none
AC-B8BK,AM GSG Root (Mixed) 8 oz Bag,1,SF,2025-02,2025-02-01,1038.0,1038.0,0.0,1038.0,23428.52,23428.52,23428.52,0.0,0.0,False,none
AC-B8BK,AM GSG Root (Mixed) 8 oz Bag,1,SF,2025-03,2025-03-01,1512.0,1512.0,0.0,1512.0,33814.79,33814.79,33814.79,0.0,0.0,False,none
AC-B8BK,AM GSG Root (Mixed) 8 oz Bag,1,SF,2025-04,2025-04-01,1320.0,1320.0,0.0,1320.0,29568.88,29568.88,29568.88,0.0,0.0,False,none
AC-B8BK,AM GSG Root (Mixed) 8 oz Bag,1,SF,2025-05,2025-05-01,1580.0,1580.0,0.0,1580.0,35287.85,35287.85,35287.85,0.0,0.0,False,none
AC-B8BK,AM GSG Root (Mixed) 8 oz Bag,1,SF,2025-06,2025-06-01,1106.0,1106.0,0.0,1106.0,24483.37,24483.37,24483.37,0.0,0.0,False,none
AC-B8BK,AM GSG Root (Mixed) 8 oz Bag,1,SF,2025-07,2025-07-01,1751.0,1751.0,0.0,1751.0,38479.0,38479.0,38479.0,0.0,0.0,False,none
AC-B8BK,AM GSG Root (Mixed) 8 oz Bag,1,SF,2025-08,2025-08-01,996.0,996.0,0.0,996.0,22373.88,22373.88,22373.88,0.0,0.0,False,none
AC-B8BK,AM GSG Root (Mixed) 8 oz Bag,1,SF,2025-09,2025-09-01,1066.0,1066.0,0.0,1066.0,23700.53,23700.53,23700.53,0.0,0.0,False,none
AC-B8BK,AM GSG Root (Mixed) 8 oz Bag,1,SF,2025-10,2025-10-01,2726.0,2726.0,0.0,2726.0,60873.770000000004,60873.770000000004,60873.77,0.0,0.0,False,none
AC-B8BK,AM GSG Root (Mixed) 8 oz Bag,1,SF,2025-11,2025-11-01,1318.0,1318.0,0.0,1318.0,30208.370000000003,30208.370000000003,30208.37,0.0,0.0,False,none
AC-B8BK,AM GSG Root (Mixed) 8 oz Bag,1,SF,2025-12,2025-12-01,1884.0,1884.0,0.0,1884.0,41974.89,41974.89,41974.89,0.0,0.0,False,none
AC-B8BK,AM GSG Root (Mixed) 8 oz Bag,2,NJ,2023-01,2023-01-01,563.0,563.0,0.0,563.0,16648.329999999998,16648.329999999998,16648.33,0.0,0.0,False,none
AC-B8BK,AM GSG Root (Mixed) 8 oz Bag,2,NJ,2023-02,2023-02-01,469.0,469.0,0.0,469.0,12149.06,12149.06,12149.06,0.0,0.0,False,none
AC-B8BK,AM GSG Root (Mixed) 8 oz Bag,2,NJ,2023-03,2023-03-01,807.0,807.0,0.0,807.0,21205.55,21205.55,21205.55,0.0,0.0,False,none
AC-B8BK,AM GSG Root (Mixed) 8 oz Bag,2,NJ,2023-04,2023-04-01,413.0,413.0,0.0,413.0,9155.12,9155.12,9155.12,0.0,0.0,False,none
AC-B8BK,AM GSG Root (Mixed) 8 oz Bag,2,NJ,2023-05,2023-05-01,385.0,385.0,0.0,385.0,10750.68,10750.68,10750.68,0.0,0.0,False,none
AC-B8BK,AM GSG Root (Mixed) 8 oz Bag,2,NJ,2023-06,2023-06-01,359.0,359.0,0.0,359.0,7051.580000000001,7051.580000000001,7051.58,0.0,0.0,False,none
AC-B8BK,AM GSG Root (Mixed) 8 oz Bag,2,NJ,2023-07,2023-07-01,486.0,486.0,0.0,486.0,13173.919999999998,13173.919999999998,13173.92,0.0,0.0,False,none
AC-B8BK,AM GSG Root (Mixed) 8 oz Bag,2,NJ,2023-08,2023-08-01,328.0,328.0,0.0,328.0,7927.070000000001,7927.070000000001,7927.07,0.0,0.0,False,none
AC-B8BK,AM GSG Root (Mixed) 8 oz Bag,2,NJ,2023-09,2023-09-01,476.0,476.0,0.0,476.0,11730.73,11730.73,11730.73,0.0,0.0,False,none
AC-B8BK,AM GSG Root (Mixed) 8 oz Bag,2,NJ,2023-10,2023-10-01,517.0,517.0,0.0,517.0,12549.46,12549.46,12549.46,0.0,0.0,False,none
AC-B8BK,AM GSG Root (Mixed) 8 oz Bag,2,NJ,2023-11,2023-11-01,966.0,966.0,0.0,966.0,20244.940000000002,20244.940000000002,20244.94,0.0,0.0,False,none
AC-B8BK,AM GSG Root (Mixed) 8 oz Bag,2,NJ,2023-12,2023-12-01,962.0,962.0,0.0,962.0,24006.8,24006.8,24006.8,0.0,0.0,False,none
AC-B8BK,AM GSG Root (Mixed) 8 oz Bag,2,NJ,2024-01,2024-01-01,529.0,529.0,0.0,529.0,12601.66,12601.66,12601.66,0.0,0.0,False,none
AC-B8BK,AM GSG Root (Mixed) 8 oz Bag,2,NJ,2024-02,2024-02-01,299.0,299.0,0.0,299.0,6872.32,6872.32,6872.32,0.0,0.0,False,none
AC-B8BK,AM GSG Root (Mixed) 8 oz Bag,2,NJ,2024-03,2024-03-01,500.0,500.0,0.0,500.0,11493.529999999999,11493.529999999999,11493.53,0.0,0.0,False,none
AC-B8BK,AM GSG Root (Mixed) 8 oz Bag,2,NJ,2024-04,2024-04-01,1119.0,1119.0,0.0,1119.0,28217.48,28217.48,28217.48,0.0,0.0,False,none
AC-B8BK,AM GSG Root (Mixed) 8 oz Bag,2,NJ,2024-05,2024-05-01,1214.0,1214.0,0.0,1214.0,32174.34,32174.34,32174.34,0.0,0.0,False,none
AC-B8BK,AM GSG Root (Mixed) 8 oz Bag,2,NJ,2024-06,2024-06-01,259.0,259.0,553.5,812.5,7365.32,7365.32,23105.49,0.0,0.0,True,deep_drop_gap
AC-B8BK,AM GSG Root (Mixed) 8 oz Bag,2,NJ,2024-07,2024-07-01,506.0,506.0,0.0,506.0,14258.57,14258.57,14258.57,0.0,0.0,False,none
AC-B8BK,AM GSG Root (Mixed) 8 oz Bag,2,NJ,2024-08,2024-08-01,178.0,178.0,446.5,624.5,4916.86,4916.86,17250.44,0.0,0.0,True,deep_drop_gap
AC-B8BK,AM GSG Root (Mixed) 8 oz Bag,2,NJ,2024-09,2024-09-01,743.0,743.0,0.0,743.0,20861.920000000002,20861.920000000002,20861.92,0.0,0.0,False,none
AC-B8BK,AM GSG Root (Mixed) 8 oz Bag,2,NJ,2024-10,2024-10-01,995.0,995.0,0.0,995.0,21794.18,21794.18,21794.18,0.0,0.0,False,none
AC-B8BK,AM GSG Root (Mixed) 8 oz Bag,2,NJ,2024-11,2024-11-01,723.0,723.0,0.0,723.0,19327.61,19327.61,19327.61,0.0,0.0,False,none
AC-B8BK,AM GSG Root (Mixed) 8 oz Bag,2,NJ,2024-12,2024-12-01,264.0,264.0,663.5,927.5,7404.16,7404.16,26012.72,0.0,0.0,True,deep_drop_gap
AC-B8BK,AM GSG Root (Mixed) 8 oz Bag,2,NJ,2025-01,2025-01-01,860.0,860.0,0.0,860.0,25199.850000000002,25199.850000000002,25199.85,0.0,0.0,False,none
AC-B8BK,AM GSG Root (Mixed) 8 oz Bag,2,NJ,2025-02,2025-02-01,1219.0,1219.0,0.0,1219.0,27740.24,27740.24,27740.24,0.0,0.0,False,none
AC-B8BK,AM GSG Root (Mixed) 8 oz Bag,2,NJ,2025-03,2025-03-01,465.0,465.0,0.0,465.0,12967.740000000002,12967.740000000002,12967.74,0.0,0.0,False,none
AC-B8BK,AM GSG Root (Mixed) 8 oz Bag,2,NJ,2025-04,2025-04-01,1572.0,1572.0,0.0,1572.0,41688.07,41688.07,41688.07,0.0,0.0,False,none
AC-B8BK,AM GSG Root (Mixed) 8 oz Bag,2,NJ,2025-05,2025-05-01,316.0,316.0,0.0,316.0,8913.08,8913.08,8913.08,0.0,0.0,False,none
AC-B8BK,AM GSG Root (Mixed) 8 oz Bag,2,NJ,2025-06,2025-06-01,480.0,480.0,0.0,480.0,13577.3,13577.3,13577.3,0.0,0.0,False,none
AC-B8BK,AM GSG Root (Mixed) 8 oz Bag,2,NJ,2025-07,2025-07-01,381.0,381.0,0.0,381.0,10786.53,10786.53,10786.53,0.0,0.0,False,none
AC-B8BK,AM GSG Root (Mixed) 8 oz Bag,2,NJ,2025-08,2025-08-01,405.0,405.0,0.0,405.0,11461.810000000001,11461.810000000001,11461.81,0.0,0.0,False,none
AC-B8BK,AM GSG Root (Mixed) 8 oz Bag,2,NJ,2025-09,2025-09-01,1245.0,1245.0,0.0,1245.0,32036.940000000002,32036.940000000002,32036.94,0.0,0.0,False,none
AC-B8BK,AM GSG Root (Mixed) 8 oz Bag,2,NJ,2025-10,2025-10-01,823.0,823.0,0.0,823.0,18952.640000000003,18952.640000000003,18952.64,0.0,0.0,False,none
AC-B8BK,AM GSG Root (Mixed) 8 oz Bag,2,NJ,2025-11,2025-11-01,239.0,239.0,584.0,823.0,6961.9400000000005,6961.9400000000005,23973.54,0.0,0.0,True,deep_drop_gap
AC-B8BK,AM GSG Root (Mixed) 8 oz Bag,2,NJ,2025-12,2025-12-01,692.0,692.0,0.0,692.0,15973.630000000001,15973.630000000001,15973.63,0.0,0.0,False,none
AC-B8BK,AM GSG Root (Mixed) 8 oz Bag,3,LA,2023-01,2023-01-01,468.0,468.0,0.0,468.0,10855.26,10855.26,10855.26,0.0,0.0,False,none
AC-B8BK,AM GSG Root (Mixed) 8 oz Bag,3,LA,2023-02,2023-02-01,725.0,725.0,0.0,725.0,12961.79,12961.79,12961.79,0.0,0.0,False,none
AC-B8BK,AM GSG Root (Mixed) 8 oz Bag,3,LA,2023-03,2023-03-01,176.0,176.0,420.5,596.5,3035.77,3035.77,10288.85,0.0,0.0,True,deep_drop_gap
AC-B8BK,AM GSG Root (Mixed) 8 oz Bag,3,LA,2023-04,2023-04-01,420.0,420.0,0.0,420.0,8835.43,8835.43,8835.43,0.0,0.0,False,none
AC-B8BK,AM GSG Root (Mixed) 8 oz Bag,3,LA,2023-05,2023-05-01,1169.0,1169.0,0.0,1169.0,20915.739999999998,20915.739999999998,20915.74,0.0,0.0,False,none
AC-B8BK,AM GSG Root (Mixed) 8 oz Bag,3,LA,2023-06,2023-06-01,989.0,989.0,0.0,989.0,18196.7,18196.7,18196.7,0.0,0.0,False,none
AC-B8BK,AM GSG Root (Mixed) 8 oz Bag,3,LA,2023-07,2023-07-01,199.0,199.0,565.0,764.0,4289.22,4289.22,16467.16,0.0,0.0,True,deep_drop_gap
AC-B8BK,AM GSG Root (Mixed) 8 oz Bag,3,LA,2023-08,2023-08-01,157.0,157.0,0.0,157.0,3621.42,3621.42,3621.42,0.0,0.0,False,none
AC-B8BK,AM GSG Root (Mixed) 8 oz Bag,3,LA,2023-09,2023-09-01,539.0,539.0,0.0,539.0,11091.34,11091.34,11091.34,0.0,0.0,False,none
AC-B8BK,AM GSG Root (Mixed) 8 oz Bag,3,LA,2023-10,2023-10-01,93.0,93.0,528.5,621.5,2279.83,2279.83,15235.64,0.0,0.0,True,deep_drop_gap
AC-B8BK,AM GSG Root (Mixed) 8 oz Bag,3,LA,2023-11,2023-11-01,704.0,704.0,0.0,704.0,14936.86,14936.86,14936.86,0.0,0.0,False,none
AC-B8BK,AM GSG Root (Mixed) 8 oz Bag,3,LA,2023-12,2023-12-01,1495.0,1495.0,0.0,1495.0,28732.27,28732.27,28732.27,0.0,0.0,False,none
AC-B8BK,AM GSG Root (Mixed) 8 oz Bag,3,LA,2024-01,2024-01-01,388.0,388.0,0.0,388.0,9186.49,9186.49,9186.49,0.0,0.0,False,none
AC-B8BK,AM GSG Root (Mixed) 8 oz Bag,3,LA,2024-02,2024-02-01,950.0,950.0,0.0,950.0,17649.9,17649.9,17649.9,0.0,0.0,False,none
AC-B8BK,AM GSG Root (Mixed) 8 oz Bag,3,LA,2024-03,2024-03-01,103.0,103.0,566.0,669.0,2160.29,2160.29,14031.4,0.0,0.0,True,deep_drop_gap
AC-B8BK,AM GSG Root (Mixed) 8 oz Bag,3,LA,2024-04,2024-04-01,210.0,210.0,488.0,698.0,4954.04,4954.04,16466.29,0.0,0.0,True,deep_drop_gap
AC-B8BK,AM GSG Root (Mixed) 8 oz Bag,3,LA,2024-05,2024-05-01,1511.0,1511.0,0.0,1511.0,32332.76,32332.76,32332.76,0.0,0.0,False,none
AC-B8BK,AM GSG Root (Mixed) 8 oz Bag,3,LA,2024-06,2024-06-01,446.0,446.0,0.0,446.0,9890.17,9890.17,9890.17,0.0,0.0,False,none
AC-B8BK,AM GSG Root (Mixed) 8 oz Bag,3,LA,2024-07,2024-07-01,102.0,102.0,876.5,978.5,2139.38,2139.38,20523.37,0.0,0.0,True,deep_drop_gap
AC-B8BK,AM GSG Root (Mixed) 8 oz Bag,3,LA,2024-08,2024-08-01,334.0,334.0,0.0,334.0,7661.15,7661.15,7661.15,0.0,0.0,False,none
AC-B8BK,AM GSG Root (Mixed) 8 oz Bag,3,LA,2024-09,2024-09-01,1951.0,1951.0,0.0,1951.0,40334.520000000004,40334.520000000004,40334.52,0.0,0.0,False,none
AC-B8BK,AM GSG Root (Mixed) 8 oz Bag,3,LA,2024-10,2024-10-01,423.0,423.0,858.5,1281.5,8330.43,8330.43,25237.46,0.0,0.0,True,deep_drop_gap
AC-B8BK,AM GSG Root (Mixed) 8 oz Bag,3,LA,2024-11,2024-11-01,2135.0,2135.0,0.0,2135.0,42124.31,42124.31,42124.31,0.0,0.0,False,none
AC-B8BK,AM GSG Root (Mixed) 8 oz Bag,3,LA,2024-12,2024-12-01,612.0,612.0,0.0,612.0,12388.11,12388.11,12388.11,0.0,0.0,False,none
AC-B8BK,AM GSG Root (Mixed) 8 oz Bag,3,LA,2025-01,2025-01-01,419.0,419.0,0.0,419.0,8688.99,8688.99,8688.99,0.0,0.0,False,none
AC-B8BK,AM GSG Root (Mixed) 8 oz Bag,3,LA,2025-02,2025-02-01,282.0,282.0,502.5,784.5,6645.23,6645.23,18486.46,0.0,0.0,True,deep_drop_gap
AC-B8BK,AM GSG Root (Mixed) 8 oz Bag,3,LA,2025-03,2025-03-01,957.0,957.0,0.0,957.0,19890.88,19890.88,19890.88,0.0,0.0,False,none
AC-B8BK,AM GSG Root (Mixed) 8 oz Bag,3,LA,2025-04,2025-04-01,1779.0,1779.0,0.0,1779.0,33904.41,33904.41,33904.41,0.0,0.0,False,none
AC-B8BK,AM GSG Root (Mixed) 8 oz Bag,3,LA,2025-05,2025-05-01,1973.0,1973.0,0.0,1973.0,39814.62,39814.62,39814.62,0.0,0.0,False,none
AC-B8BK,AM GSG Root (Mixed) 8 oz Bag,3,LA,2025-06,2025-06-01,980.0,980.0,0.0,980.0,23917.15,23917.15,23917.15,0.0,0.0,False,none
AC-B8BK,AM GSG Root (Mixed) 8 oz Bag,3,LA,2025-07,2025-07-01,102.0,102.0,688.0,790.0,2660.79,2660.79,20608.08,0.0,0.0,True,deep_drop_gap
AC-B8BK,AM GSG Root (Mixed) 8 oz Bag,3,LA,2025-08,2025-08-01,600.0,600.0,0.0,600.0,12994.650000000001,12994.650000000001,12994.65,0.0,0.0,False,none
AC-B8BK,AM GSG Root (Mixed) 8 oz Bag,3,LA,2025-09,2025-09-01,133.0,133.0,495.5,628.5,3757.3600000000006,3757.3600000000006,17755.64,0.0,0.0,True,deep_drop_gap
AC-B8BK,AM GSG Root (Mixed) 8 oz Bag,3,LA,2025-10,2025-10-01,657.0,657.0,0.0,657.0,14390.04,14390.04,14390.04,0.0,0.0,False,none
AC-B8BK,AM GSG Root (Mixed) 8 oz Bag,3,LA,2025-11,2025-11-01,1123.0,1048.0,0.0,1048.0,23900.73,22406.75,22406.75,75.0,1493.9799999999996,False,none
AC-B8BK,AM GSG Root (Mixed) 8 oz Bag,3,LA,2025-12,2025-12-01,1691.0,1691.0,0.0,1691.0,36003.479999999996,36003.479999999996,36003.48,0.0,0.0,False,none
AC-B8BK,AM GSG Root (Mixed) 8 oz Bag,W,UNMAPPED,2025-02,2025-02-01,33.0,33.0,0.0,33.0,1329.31,1329.31,1329.31,0.0,0.0,False,none
AC-B8BK,AM GSG Root (Mixed) 8 oz Bag,W,UNMAPPED,2025-03,2025-03-01,52.0,52.0,0.0,52.0,1917.75,1917.75,1917.75,0.0,0.0,False,none
AC-B8BK,AM GSG Root (Mixed) 8 oz Bag,W,UNMAPPED,2025-04,2025-04-01,123.0,123.0,304.0,427.0,3999.6500000000005,3999.6500000000005,13884.96,0.0,0.0,True,deep_drop_gap
AC-B8BK,AM GSG Root (Mixed) 8 oz Bag,W,UNMAPPED,2025-05,2025-05-01,802.0,802.0,0.0,802.0,24060.02,24060.02,24060.02,0.0,0.0,False,none
AC-B8BK,AM GSG Root (Mixed) 8 oz Bag,W,UNMAPPED,2025-06,2025-06-01,1315.0,1315.0,0.0,1315.0,39427.979999999996,39427.979999999996,39427.98,0.0,0.0,False,none
AC-B8BK,AM GSG Root (Mixed) 8 oz Bag,W,UNMAPPED,2025-07,2025-07-01,429.0,429.0,0.0,429.0,12989.23,12989.23,12989.23,0.0,0.0,False,none
AC-B8BK,AM GSG Root (Mixed) 8 oz Bag,W,UNMAPPED,2025-08,2025-08-01,411.0,411.0,0.0,411.0,12451.210000000001,12451.210000000001,12451.21,0.0,0.0,False,none
AC-B8BK,AM GSG Root (Mixed) 8 oz Bag,W,UNMAPPED,2025-09,2025-09-01,529.0,529.0,0.0,529.0,15917.58,15917.58,15917.58,0.0,0.0,False,none
AC-B8BK,AM GSG Root (Mixed) 8 oz Bag,W,UNMAPPED,2025-10,2025-10-01,552.0,552.0,0.0,552.0,16459.300000000003,16459.300000000003,16459.3,0.0,0.0,False,none
AC-B8BK,AM GSG Root (Mixed) 8 oz Bag,W,UNMAPPED,2025-11,2025-11-01,391.0,391.0,0.0,391.0,11424.349999999999,11424.349999999999,11424.35,0.0,0.0,False,none
AC-B8BK,AM GSG Root (Mixed) 8 oz Bag,W,UNMAPPED,2025-12,2025-12-01,253.0,253.0,0.0,253.0,7605.21,7605.21,7605.21,0.0,0.0,False,none
AC-B9SL,POP AM GSG Root Slices 9 oz,1,SF,2024-01,2024-01-01,1173.0,0.0,0.0,0.0,69030.55,0.0,0.0,1173.0,69030.55,False,none
AC-B9SL,POP AM GSG Root Slices 9 oz,1,SF,2024-02,2024-02-01,0.0,0.0,1173.0,1173.0,0.0,0.0,69030.55,0.0,0.0,True,zero_sales_gap
AC-B9SL,POP AM GSG Root Slices 9 oz,1,SF,2024-03,2024-03-01,0.0,0.0,1173.0,1173.0,0.0,0.0,69030.55,0.0,0.0,True,zero_sales_gap
AC-B9SL,POP AM GSG Root Slices 9 oz,1,SF,2024-04,2024-04-01,0.0,0.0,0.0,0.0,0.0,0.0,0.0,0.0,0.0,False,none
AC-B9SL,POP AM GSG Root Slices 9 oz,1,SF,2024-05,2024-05-01,0.0,0.0,0.0,0.0,0.0,0.0,0.0,0.0,0.0,False,none
AC-B9SL,POP AM GSG Root Slices 9 oz,1,SF,2024-06,2024-06-01,0.0,0.0,0.0,0.0,0.0,0.0,0.0,0.0,0.0,False,none
AC-B9SL,POP AM GSG Root Slices 9 oz,1,SF,2024-07,2024-07-01,0.0,0.0,0.0,0.0,0.0,0.0,0.0,0.0,0.0,False,none
AC-B9SL,POP AM GSG Root Slices 9 oz,1,SF,2024-08,2024-08-01,0.0,0.0,0.0,0.0,0.0,0.0,0.0,0.0,0.0,False,none
AC-B9SL,POP AM GSG Root Slices 9 oz,1,SF,2024-09,2024-09-01,0.0,0.0,0.0,0.0,0.0,0.0,0.0,0.0,0.0,False,none
AC-B9SL,POP AM GSG Root Slices 9 oz,1,SF,2024-10,2024-10-01,0.0,0.0,0.0,0.0,0.0,0.0,0.0,0.0,0.0,False,none
AC-B9SL,POP AM GSG Root Slices 9 oz,1,SF,2024-11,2024-11-01,0.0,0.0,34.0,34.0,0.0,0.0,2000.89,0.0,0.0,True,zero_sales_gap
AC-B9SL,POP AM GSG Root Slices 9 oz,1,SF,2024-12,2024-12-01,0.0,0.0,34.0,34.0,0.0,0.0,2000.89,0.0,0.0,True,zero_sales_gap
AC-B9SL,POP AM GSG Root Slices 9 oz,1,SF,2025-01,2025-01-01,34.0,0.0,0.0,0.0,2126.29,0.0,0.0,34.0,2126.29,False,none
AC-B9SL,POP AM GSG Root Slices 9 oz,U,UNMAPPED,2023-01,2023-01-01,17451.0,17451.0,0.0,17451.0,1026829.3999999999,1026829.3999999999,1026829.4,0.0,0.0,False,none
AC-B9SL,POP AM GSG Root Slices 9 oz,U,UNMAPPED,2023-02,2023-02-01,0.0,0.0,17451.0,17451.0,0.0,0.0,1026829.4,0.0,0.0,True,zero_sales_gap
AC-B9SL,POP AM GSG Root Slices 9 oz,U,UNMAPPED,2023-03,2023-03-01,0.0,0.0,13418.5,13418.5,0.0,0.0,789554.2,0.0,0.0,True,zero_sales_gap
AC-B9SL,POP AM GSG Root Slices 9 oz,U,UNMAPPED,2023-04,2023-04-01,0.0,0.0,9386.0,9386.0,0.0,0.0,552279.0,0.0,0.0,True,zero_sales_gap
AC-B9SL,POP AM GSG Root Slices 9 oz,U,UNMAPPED,2023-05,2023-05-01,9386.0,9386.0,0.0,9386.0,552244.38,552244.38,552244.38,0.0,0.0,False,none
AC-B9SL,POP AM GSG Root Slices 9 oz,U,UNMAPPED,2023-06,2023-06-01,0.0,0.0,9386.0,9386.0,0.0,0.0,552244.38,0.0,0.0,True,zero_sales_gap
AC-B9SL,POP AM GSG Root Slices 9 oz,U,UNMAPPED,2023-07,2023-07-01,23474.0,23474.0,0.0,23474.0,1380610.96,1380610.96,1380610.96,0.0,0.0,False,none
AC-B9SL,POP AM GSG Root Slices 9 oz,U,UNMAPPED,2023-08,2023-08-01,5866.0,5866.0,17608.0,23474.0,345152.74,345152.74,1381199.36,0.0,0.0,True,deep_drop_gap
AC-B9SL,POP AM GSG Root Slices 9 oz,U,UNMAPPED,2023-09,2023-09-01,7039.0,7039.0,0.0,7039.0,414183.29,414183.29,414183.29,0.0,0.0,False,none
AC-B9SL,POP AM GSG Root Slices 9 oz,U,UNMAPPED,2023-10,2023-10-01,36369.0,36369.0,0.0,36369.0,2139946.99,2139946.99,2139946.99,0.0,0.0,False,none
AC-B9SL,POP AM GSG Root Slices 9 oz,U,UNMAPPED,2023-11,2023-11-01,35220.0,24.0,0.0,24.0,2070916.44,0.0,0.0,35196.0,2070916.44,False,none
AC-B9SL,POP AM GSG Root Slices 9 oz,U,UNMAPPED,2023-12,2023-12-01,36373.0,4.0,0.0,4.0,2139946.99,0.0,0.0,36369.0,2139946.99,False,none
AC-B9SL,POP AM GSG Root Slices 9 oz,U,UNMAPPED,2024-01,2024-01-01,33553.0,0.0,0.0,0.0,1974273.6600000001,0.0,0.0,33553.0,1974273.6600000001,False,none
AC-B9SL,POP AM GSG Root Slices 9 oz,U,UNMAPPED,2024-02,2024-02-01,0.0,0.0,4.0,4.0,0.0,0.0,235.36,0.0,0.0,True,zero_sales_gap
AC-B9SL,POP AM GSG Root Slices 9 oz,U,UNMAPPED,2024-03,2024-03-01,12905.0,0.0,0.0,0.0,759336.03,0.0,0.0,12905.0,759336.03,False,none
AC-B9SL,POP AM GSG Root Slices 9 oz,U,UNMAPPED,2024-04,2024-04-01,0.0,0.0,12905.0,12905.0,0.0,0.0,759336.03,0.0,0.0,True,zero_sales_gap
AC-B9SL,POP AM GSG Root Slices 9 oz,U,UNMAPPED,2024-05,2024-05-01,0.0,0.0,12905.0,12905.0,0.0,0.0,759336.03,0.0,0.0,True,zero_sales_gap
AC-B9SL,POP AM GSG Root Slices 9 oz,U,UNMAPPED,2024-06,2024-06-01,0.0,0.0,8799.0,8799.0,0.0,0.0,517737.14,0.0,0.0,True,zero_sales_gap
AC-B9SL,POP AM GSG Root Slices 9 oz,U,UNMAPPED,2024-07,2024-07-01,0.0,0.0,26545.0,26545.0,0.0,0.0,1561919.79,0.0,0.0,True,zero_sales_gap
AC-B9SL,POP AM GSG Root Slices 9 oz,U,UNMAPPED,2024-08,2024-08-01,8799.0,8799.0,0.0,8799.0,554684.62,554684.62,554684.62,0.0,0.0,False,none
AC-B9SL,POP AM GSG Root Slices 9 oz,U,UNMAPPED,2024-09,2024-09-01,44291.0,44291.0,0.0,44291.0,2791912.58,2791912.58,2791912.58,0.0,0.0,False,none
AC-B9SL,POP AM GSG Root Slices 9 oz,U,UNMAPPED,2024-10,2024-10-01,83887.0,83887.0,0.0,83887.0,5287993.38,5287993.38,5287993.38,0.0,0.0,False,none
AC-B9SL,POP AM GSG Root Slices 9 oz,U,UNMAPPED,2024-11,2024-11-01,29623.0,29623.0,0.0,29623.0,1867438.2200000002,1867438.2200000002,1867438.22,0.0,0.0,False,none
AC-B9SL,POP AM GSG Root Slices 9 oz,U,UNMAPPED,2024-12,2024-12-01,49572.0,4.0,0.0,4.0,3124723.3600000003,0.0,0.0,49568.0,3124723.3600000003,False,none
AC-B9SL,POP AM GSG Root Slices 9 oz,U,UNMAPPED,2025-01,2025-01-01,14079.0,1.0,0.0,1.0,887495.39,0.0,0.0,14078.0,887495.39,False,none
AC-B9SL,POP AM GSG Root Slices 9 oz,U,UNMAPPED,2025-02,2025-02-01,0.0,0.0,2.5,2.5,0.0,0.0,0.0,0.0,0.0,True,zero_sales_gap
AC-B9SL,POP AM GSG Root Slices 9 oz,U,UNMAPPED,2025-03,2025-03-01,0.0,0.0,1.0,1.0,0.0,0.0,0.0,0.0,0.0,True,zero_sales_gap
AC-B9SL,POP AM GSG Root Slices 9 oz,U,UNMAPPED,2025-04,2025-04-01,0.0,0.0,0.0,0.0,0.0,0.0,0.0,0.0,0.0,False,none
AC-B9SL,POP AM GSG Root Slices 9 oz,U,UNMAPPED,2025-05,2025-05-01,0.0,0.0,0.0,0.0,0.0,0.0,0.0,0.0,0.0,False,none
AC-B9SL,POP AM GSG Root Slices 9 oz,U,UNMAPPED,2025-06,2025-06-01,0.0,0.0,11732.0,11732.0,0.0,0.0,0.0,0.0,0.0,True,zero_sales_gap
AC-B9SL,POP AM GSG Root Slices 9 oz,U,UNMAPPED,2025-07,2025-07-01,0.0,0.0,21117.5,21117.5,0.0,0.0,0.0,0.0,0.0,True,zero_sales_gap
AC-B9SL,POP AM GSG Root Slices 9 oz,U,UNMAPPED,2025-08,2025-08-01,11732.0,11732.0,0.0,11732.0,739579.5,739579.5,739579.5,0.0,0.0,False,none
AC-B9SL,POP AM GSG Root Slices 9 oz,U,UNMAPPED,2025-09,2025-09-01,30503.0,30503.0,0.0,30503.0,1922906.69,1922906.69,1922906.69,0.0,0.0,False,none
AC-B9SL,POP AM GSG Root Slices 9 oz,U,UNMAPPED,2025-10,2025-10-01,101042.0,101042.0,0.0,101042.0,6369628.4,6369628.4,6369628.4,0.0,0.0,False,none
AC-B9SL,POP AM GSG Root Slices 9 oz,U,UNMAPPED,2025-11,2025-11-01,41807.0,12.0,0.0,12.0,2634751.95,0.0,0.0,41795.0,2634751.95,False,none
AC-B9SL,POP AM GSG Root Slices 9 oz,U,UNMAPPED,2025-12,2025-12-01,71203.0,4.0,0.0,4.0,4488323.05,0.0,0.0,71199.0,4488323.05,False,none
AC-B9SLE,POP AM GSG Root Slices 9 oz,1,SF,2023-01,2023-01-01,4296.0,4296.0,0.0,4296.0,252770.58,252770.58,252770.58,0.0,0.0,False,none
AC-B9SLE,POP AM GSG Root Slices 9 oz,1,SF,2023-02,2023-02-01,0.0,0.0,2148.0,2148.0,0.0,0.0,126385.29,0.0,0.0,True,zero_sales_gap
AC-B9SLE,POP AM GSG Root Slices 9 oz,1,SF,2023-03,2023-03-01,1074.0,1074.0,0.0,1074.0,63192.65,63192.65,63192.65,0.0,0.0,False,none
AC-B9SLE,POP AM GSG Root Slices 9 oz,1,SF,2023-04,2023-04-01,2148.0,2148.0,0.0,2148.0,126385.29,126385.29,126385.29,0.0,0.0,False,none
AC-B9SLE,POP AM GSG Root Slices 9 oz,1,SF,2023-05,2023-05-01,2148.0,2148.0,0.0,2148.0,126385.29,126385.29,126385.29,0.0,0.0,False,none
AC-B9SLE,POP AM GSG Root Slices 9 oz,1,SF,2023-06,2023-06-01,4296.0,4296.0,0.0,4296.0,252770.58,252770.58,252770.58,0.0,0.0,False,none
AC-B9SLE,POP AM GSG Root Slices 9 oz,1,SF,2023-07,2023-07-01,2148.0,2148.0,0.0,2148.0,126385.29,126385.29,126385.29,0.0,0.0,False,none
AC-B9SLE,POP AM GSG Root Slices 9 oz,1,SF,2023-08,2023-08-01,2148.0,2148.0,0.0,2148.0,126385.29,126385.29,126385.29,0.0,0.0,False,none
AC-B9SLE,POP AM GSG Root Slices 9 oz,1,SF,2023-09,2023-09-01,2148.0,2148.0,0.0,2148.0,126385.29,126385.29,126385.29,0.0,0.0,False,none
AC-B9SLE,POP AM GSG Root Slices 9 oz,1,SF,2023-10,2023-10-01,2148.0,2148.0,0.0,2148.0,126385.29,126385.29,126385.29,0.0,0.0,False,none
AC-B9SLE,POP AM GSG Root Slices 9 oz,1,SF,2023-11,2023-11-01,2148.0,2148.0,0.0,2148.0,126385.29,126385.29,126385.29,0.0,0.0,False,none
AC-B9SLE,POP AM GSG Root Slices 9 oz,1,SF,2023-12,2023-12-01,0.0,0.0,2148.0,2148.0,0.0,0.0,126385.29,0.0,0.0,True,zero_sales_gap
AC-B9SLE,POP AM GSG Root Slices 9 oz,1,SF,2024-01,2024-01-01,12888.0,12888.0,0.0,12888.0,758311.75,758311.75,758311.75,0.0,0.0,False,none
AC-B9SLE,POP AM GSG Root Slices 9 oz,1,SF,2024-02,2024-02-01,7518.0,0.0,0.0,0.0,442348.51999999996,0.0,0.0,7518.0,442348.51999999996,False,none
AC-B9SLE,POP AM GSG Root Slices 9 oz,1,SF,2024-03,2024-03-01,0.0,0.0,8592.0,8592.0,0.0,0.0,505541.17,0.0,0.0,True,zero_sales_gap
AC-B9SLE,POP AM GSG Root Slices 9 oz,1,SF,2024-04,2024-04-01,0.0,0.0,3228.5,3228.5,0.0,0.0,189960.39,0.0,0.0,True,zero_sales_gap
AC-B9SLE,POP AM GSG Root Slices 9 oz,1,SF,2024-05,2024-05-01,4296.0,4296.0,0.0,4296.0,252770.58,252770.58,252770.58,0.0,0.0,False,none
AC-B9SLE,POP AM GSG Root Slices 9 oz,1,SF,2024-06,2024-06-01,2161.0,2161.0,0.0,2161.0,126385.29,126385.29,126385.29,0.0,0.0,False,none
AC-B9SLE,POP AM GSG Root Slices 9 oz,1,SF,2024-07,2024-07-01,2148.0,2148.0,0.0,2148.0,126385.29,126385.29,126385.29,0.0,0.0,False,none
AC-B9SLE,POP AM GSG Root Slices 9 oz,1,SF,2024-08,2024-08-01,4296.0,4296.0,0.0,4296.0,252770.58,252770.58,252770.58,0.0,0.0,False,none
AC-B9SLE,POP AM GSG Root Slices 9 oz,1,SF,2024-09,2024-09-01,2148.0,2148.0,0.0,2148.0,135406.67,135406.67,135406.67,0.0,0.0,False,none
AC-B9SLE,POP AM GSG Root Slices 9 oz,1,SF,2024-10,2024-10-01,5370.0,5370.0,0.0,5370.0,338516.68000000005,338516.68000000005,338516.68,0.0,0.0,False,none
AC-B9SLE,POP AM GSG Root Slices 9 oz,1,SF,2024-11,2024-11-01,8592.0,8592.0,0.0,8592.0,541626.7,541626.7,541626.7,0.0,0.0,False,none
AC-B9SLE,POP AM GSG Root Slices 9 oz,1,SF,2024-12,2024-12-01,2148.0,0.0,6981.0,6981.0,135406.67,0.0,440071.68,2148.0,135406.67,True,deep_drop_gap
AC-B9SLE,POP AM GSG Root Slices 9 oz,1,SF,2025-01,2025-01-01,4296.0,0.0,0.0,0.0,270813.34,0.0,0.0,4296.0,270813.34,False,none
AC-B9SLE,POP AM GSG Root Slices 9 oz,1,SF,2025-02,2025-02-01,0.0,0.0,4296.0,4296.0,0.0,0.0,270813.34,0.0,0.0,True,zero_sales_gap
AC-B9SLE,POP AM GSG Root Slices 9 oz,1,SF,2025-03,2025-03-01,0.0,0.0,4296.0,4296.0,0.0,0.0,270813.34,0.0,0.0,True,zero_sales_gap
AC-B9SLE,POP AM GSG Root Slices 9 oz,1,SF,2025-04,2025-04-01,4296.0,4296.0,0.0,4296.0,270813.34,270813.34,270813.34,0.0,0.0,False,none
AC-B9SLE,POP AM GSG Root Slices 9 oz,1,SF,2025-05,2025-05-01,0.0,0.0,4296.0,4296.0,0.0,0.0,270813.34,0.0,0.0,True,zero_sales_gap
AC-B9SLE,POP AM GSG Root Slices 9 oz,1,SF,2025-06,2025-06-01,4296.0,4296.0,0.0,4296.0,270813.34,270813.34,270813.34,0.0,0.0,False,none
AC-B9SLE,POP AM GSG Root Slices 9 oz,1,SF,2025-07,2025-07-01,0.0,0.0,4296.0,4296.0,0.0,0.0,270813.34,0.0,0.0,True,zero_sales_gap
AC-B9SLE,POP AM GSG Root Slices 9 oz,1,SF,2025-08,2025-08-01,0.0,0.0,4296.0,4296.0,0.0,0.0,270813.34,0.0,0.0,True,zero_sales_gap
AC-B9SLE,POP AM GSG Root Slices 9 oz,1,SF,2025-09,2025-09-01,4296.0,4296.0,0.0,4296.0,270813.34,270813.34,270813.34,0.0,0.0,False,none
AC-B9SLE,POP AM GSG Root Slices 9 oz,1,SF,2025-10,2025-10-01,0.0,0.0,4296.0,4296.0,0.0,0.0,270813.34,0.0,0.0,True,zero_sales_gap
AC-B9SLE,POP AM GSG Root Slices 9 oz,1,SF,2025-11,2025-11-01,3222.0,0.0,0.0,0.0,203110.01,0.0,0.0,3222.0,203110.01,False,none
D-13200N,POP Organic Green Tea 1.8gx100,1,SF,2023-01,2023-01-01,348.0,348.0,0.0,348.0,8964.75,8964.75,8964.75,0.0,0.0,False,none
D-13200N,POP Organic Green Tea 1.8gx100,1,SF,2023-02,2023-02-01,172.0,172.0,0.0,172.0,3195.7599999999998,3195.7599999999998,3195.76,0.0,0.0,False,none
D-13200N,POP Organic Green Tea 1.8gx100,1,SF,2023-03,2023-03-01,258.0,258.0,0.0,258.0,8971.630000000001,8971.630000000001,8971.63,0.0,0.0,False,none
D-13200N,POP Organic Green Tea 1.8gx100,1,SF,2023-04,2023-04-01,299.0,299.0,0.0,299.0,3574.25,3574.25,3574.25,0.0,0.0,False,none
D-13200N,POP Organic Green Tea 1.8gx100,1,SF,2023-05,2023-05-01,242.0,242.0,0.0,242.0,7253.500000000001,7253.500000000001,7253.5,0.0,0.0,False,none
D-13200N,POP Organic Green Tea 1.8gx100,1,SF,2023-06,2023-06-01,75.0,75.0,0.0,75.0,1293.1499999999999,1293.1499999999999,1293.15,0.0,0.0,False,none
D-13200N,POP Organic Green Tea 1.8gx100,1,SF,2023-07,2023-07-01,45.0,45.0,0.0,45.0,2048.83,2048.83,2048.83,0.0,0.0,False,none
D-13200N,POP Organic Green Tea 1.8gx100,1,SF,2023-08,2023-08-01,71.0,71.0,0.0,71.0,2433.46,2433.46,2433.46,0.0,0.0,False,none
D-13200N,POP Organic Green Tea 1.8gx100,1,SF,2023-09,2023-09-01,55.0,55.0,0.0,55.0,787.0,787.0,787.0,0.0,0.0,False,none
D-13200N,POP Organic Green Tea 1.8gx100,1,SF,2023-10,2023-10-01,29.0,29.0,0.0,29.0,1259.8400000000001,1259.8400000000001,1259.84,0.0,0.0,False,none
D-13200N,POP Organic Green Tea 1.8gx100,1,SF,2023-11,2023-11-01,42.0,42.0,0.0,42.0,825.0,825.0,825.0,0.0,0.0,False,none
D-13200N,POP Organic Green Tea 1.8gx100,1,SF,2023-12,2023-12-01,3.0,3.0,0.0,3.0,12.98,12.98,12.98,0.0,0.0,False,none
D-13200N,POP Organic Green Tea 1.8gx100,2,NJ,2023-01,2023-01-01,279.0,279.0,0.0,279.0,21472.88,21472.88,21472.88,0.0,0.0,False,none
D-13200N,POP Organic Green Tea 1.8gx100,2,NJ,2023-02,2023-02-01,186.0,186.0,0.0,186.0,10764.23,10764.23,10764.23,0.0,0.0,False,none
D-13200N,POP Organic Green Tea 1.8gx100,2,NJ,2023-03,2023-03-01,231.0,231.0,0.0,231.0,15063.73,15063.73,15063.73,0.0,0.0,False,none
D-13200N,POP Organic Green Tea 1.8gx100,2,NJ,2023-04,2023-04-01,114.0,114.0,0.0,114.0,8335.619999999999,8335.619999999999,8335.62,0.0,0.0,False,none
D-13200N,POP Organic Green Tea 1.8gx100,2,NJ,2023-05,2023-05-01,229.0,229.0,0.0,229.0,19415.09,19415.09,19415.09,0.0,0.0,False,none
D-13200N,POP Organic Green Tea 1.8gx100,2,NJ,2023-06,2023-06-01,124.0,124.0,0.0,124.0,9153.25,9153.25,9153.25,0.0,0.0,False,none
D-13200N,POP Organic Green Tea 1.8gx100,2,NJ,2023-07,2023-07-01,159.0,159.0,0.0,159.0,13325.84,13325.84,13325.84,0.0,0.0,False,none
D-13200N,POP Organic Green Tea 1.8gx100,2,NJ,2023-08,2023-08-01,32.0,32.0,0.0,32.0,1703.97,1703.97,1703.97,0.0,0.0,False,none
D-13200N,POP Organic Green Tea 1.8gx100,2,NJ,2023-09,2023-09-01,2.0,2.0,30.0,32.0,17.98,17.98,287.68,0.0,0.0,True,deep_drop_gap
D-13200N,POP Organic Green Tea 1.8gx100,2,NJ,2023-10,2023-10-01,10.0,10.0,0.0,10.0,80.91,80.91,80.91,0.0,0.0,False,none
D-13200N,POP Organic Green Tea 1.8gx100,3,LA,2023-01,2023-01-01,93.0,93.0,0.0,93.0,6056.82,6056.82,6056.82,0.0,0.0,False,none
D-13200N,POP Organic Green Tea 1.8gx100,3,LA,2023-02,2023-02-01,93.0,93.0,0.0,93.0,4705.08,4705.08,4705.08,0.0,0.0,False,none
D-13200N,POP Organic Green Tea 1.8gx100,3,LA,2023-03,2023-03-01,74.0,74.0,0.0,74.0,3884.76,3884.76,3884.76,0.0,0.0,False,none
D-13200N,POP Organic Green Tea 1.8gx100,3,LA,2023-04,2023-04-01,87.0,87.0,0.0,87.0,5145.2,5145.2,5145.2,0.0,0.0,False,none
D-13200N,POP Organic Green Tea 1.8gx100,3,LA,2023-05,2023-05-01,76.0,76.0,0.0,76.0,4496.13,4496.13,4496.13,0.0,0.0,False,none
D-13200N,POP Organic Green Tea 1.8gx100,3,LA,2023-06,2023-06-01,74.0,74.0,0.0,74.0,1973.09,1973.09,1973.09,0.0,0.0,False,none
D-13200N,POP Organic Green Tea 1.8gx100,3,LA,2023-07,2023-07-01,40.0,40.0,0.0,40.0,2596.85,2596.85,2596.85,0.0,0.0,False,none
D-13200N,POP Organic Green Tea 1.8gx100,3,LA,2023-08,2023-08-01,66.0,66.0,0.0,66.0,6002.0,6002.0,6002.0,0.0,0.0,False,none
D-13200N,POP Organic Green Tea 1.8gx100,3,LA,2023-09,2023-09-01,25.0,25.0,0.0,25.0,1356.2,1356.2,1356.2,0.0,0.0,False,none
D-13200N,POP Organic Green Tea 1.8gx100,3,LA,2023-10,2023-10-01,13.0,13.0,0.0,13.0,963.0,963.0,963.0,0.0,0.0,False,none
D-13200N,POP Organic Green Tea 1.8gx100,3,LA,2023-11,2023-11-01,11.0,11.0,0.0,11.0,1047.0,1047.0,1047.0,0.0,0.0,False,none
D-13200N,POP Organic Green Tea 1.8gx100,3,LA,2023-12,2023-12-01,31.0,31.0,0.0,31.0,1218.0,1218.0,1218.0,0.0,0.0,False,none
D-13200N,POP Organic Green Tea 1.8gx100,3,LA,2024-01,2024-01-01,1.0,1.0,0.0,1.0,120.0,120.0,120.0,0.0,0.0,False,none
D-13200N,POP Organic Green Tea 1.8gx100##FY24,2,NJ,2025-06,2025-06-01,1.0,1.0,0.0,1.0,0.0,0.0,0.0,0.0,0.0,False,none
D-13206,POP OG Green Tea 1.8gx100 (6ct/cs),1,SF,2023-02,2023-02-01,192.0,192.0,0.0,192.0,4608.0,4608.0,4608.0,0.0,0.0,False,none
D-13206,POP OG Green Tea 1.8gx100 (6ct/cs),1,SF,2023-03,2023-03-01,0.0,0.0,192.0,192.0,0.0,0.0,4608.0,0.0,0.0,True,zero_sales_gap
D-13206,POP OG Green Tea 1.8gx100 (6ct/cs),1,SF,2023-04,2023-04-01,0.0,0.0,117.0,117.0,0.0,0.0,2808.0,0.0,0.0,True,zero_sales_gap
D-13206,POP OG Green Tea 1.8gx100 (6ct/cs),1,SF,2023-05,2023-05-01,0.0,0.0,55.0,55.0,0.0,0.0,1320.0,0.0,0.0,True,zero_sales_gap
D-13206,POP OG Green Tea 1.8gx100 (6ct/cs),1,SF,2023-06,2023-06-01,42.0,42.0,0.0,42.0,981.84,981.84,981.84,0.0,0.0,False,none
D-13206,POP OG Green Tea 1.8gx100 (6ct/cs),1,SF,2023-07,2023-07-01,68.0,68.0,0.0,68.0,1618.92,1618.92,1618.92,0.0,0.0,False,none
D-13206,POP OG Green Tea 1.8gx100 (6ct/cs),1,SF,2023-08,2023-08-01,604.0,604.0,0.0,604.0,11229.4,11229.4,11229.4,0.0,0.0,False,none
D-13206,POP OG Green Tea 1.8gx100 (6ct/cs),1,SF,2023-09,2023-09-01,65.0,30.0,223.0,253.0,1222.43,514.43,4338.36,35.0,708.0000000000001,True,deep_drop_gap
D-13206,POP OG Green Tea 1.8gx100 (6ct/cs),1,SF,2023-10,2023-10-01,382.0,382.0,0.0,382.0,7992.43,7992.43,7992.43,0.0,0.0,False,none
D-13206,POP OG Green Tea 1.8gx100 (6ct/cs),1,SF,2023-11,2023-11-01,124.0,124.0,269.5,393.5,2173.59,2173.59,6897.64,0.0,0.0,True,deep_drop_gap
D-13206,POP OG Green Tea 1.8gx100 (6ct/cs),1,SF,2023-12,2023-12-01,566.0,405.0,0.0,405.0,11329.289999999999,8278.89,8278.89,161.0,3050.3999999999996,False,none
D-13206,POP OG Green Tea 1.8gx100 (6ct/cs),1,SF,2024-01,2024-01-01,643.0,524.0,0.0,524.0,10926.6,8927.4,8927.4,119.0,1999.2000000000007,False,none
D-13206,POP OG Green Tea 1.8gx100 (6ct/cs),1,SF,2024-02,2024-02-01,336.0,336.0,0.0,336.0,7267.95,7267.95,7267.95,0.0,0.0,False,none
D-13206,POP OG Green Tea 1.8gx100 (6ct/cs),1,SF,2024-03,2024-03-01,410.0,314.0,0.0,314.0,9038.58,6734.58,6734.58,96.0,2304.0,False,none
D-13206,POP OG Green Tea 1.8gx100 (6ct/cs),1,SF,2024-04,2024-04-01,485.0,77.0,0.0,77.0,7906.97,1052.57,1052.57,408.0,6854.400000000001,False,none
D-13206,POP OG Green Tea 1.8gx100 (6ct/cs),1,SF,2024-05,2024-05-01,244.0,227.0,0.0,227.0,4857.15,4500.15,4500.15,17.0,357.0,False,none
D-13206,POP OG Green Tea 1.8gx100 (6ct/cs),1,SF,2024-06,2024-06-01,132.0,132.0,0.0,132.0,2537.45,2537.45,2537.45,0.0,0.0,False,none
D-13206,POP OG Green Tea 1.8gx100 (6ct/cs),1,SF,2024-07,2024-07-01,155.0,155.0,0.0,155.0,2827.21,2827.21,2827.21,0.0,0.0,False,none
D-13206,POP OG Green Tea 1.8gx100 (6ct/cs),1,SF,2024-08,2024-08-01,585.0,228.0,0.0,228.0,10952.97,4955.37,4955.37,357.0,5997.599999999999,False,none
D-13206,POP OG Green Tea 1.8gx100 (6ct/cs),1,SF,2024-09,2024-09-01,209.0,179.0,0.0,179.0,3909.63,3189.63,3189.63,30.0,720.0,False,none
D-13206,POP OG Green Tea 1.8gx100 (6ct/cs),1,SF,2024-10,2024-10-01,345.0,345.0,0.0,345.0,6316.650000000001,6316.650000000001,6316.65,0.0,0.0,False,none
D-13206,POP OG Green Tea 1.8gx100 (6ct/cs),1,SF,2024-11,2024-11-01,412.0,289.0,0.0,289.0,6854.72,4688.12,4688.12,123.0,2166.6000000000004,False,none
D-13206,POP OG Green Tea 1.8gx100 (6ct/cs),1,SF,2024-12,2024-12-01,360.0,139.0,0.0,139.0,6404.400000000001,2620.2,2620.2,221.0,3784.2000000000007,False,none
D-13206,POP OG Green Tea 1.8gx100 (6ct/cs),1,SF,2025-01,2025-01-01,380.0,316.0,0.0,316.0,7246.51,5710.51,5710.51,64.0,1536.0,False,none
D-13206,POP OG Green Tea 1.8gx100 (6ct/cs),1,SF,2025-02,2025-02-01,386.0,199.0,0.0,199.0,8016.5,4089.5,4089.5,187.0,3927.0,False,none
D-13206,POP OG Green Tea 1.8gx100 (6ct/cs),1,SF,2025-03,2025-03-01,197.0,166.0,0.0,166.0,4427.52,3711.42,3711.42,31.0,716.1000000000004,False,none
D-13206,POP OG Green Tea 1.8gx100 (6ct/cs),1,SF,2025-04,2025-04-01,308.0,179.0,0.0,179.0,6747.36,4049.2799999999997,4049.28,129.0,2698.08,False,none
D-13206,POP OG Green Tea 1.8gx100 (6ct/cs),1,SF,2025-05,2025-05-01,418.0,411.0,0.0,411.0,8037.81,7908.45,7908.45,7.0,129.36000000000058,False,none
D-13206,POP OG Green Tea 1.8gx100 (6ct/cs),1,SF,2025-06,2025-06-01,93.0,76.0,0.0,76.0,2122.25,1729.55,1729.55,17.0,392.70000000000005,False,none
D-13206,POP OG Green Tea 1.8gx100 (6ct/cs),1,SF,2025-07,2025-07-01,295.0,169.0,0.0,169.0,6594.929999999999,3684.33,3684.33,126.0,2910.5999999999995,False,none
D-13206,POP OG Green Tea 1.8gx100 (6ct/cs),1,SF,2025-08,2025-08-01,226.0,226.0,0.0,226.0,5322.58,5322.58,5322.58,0.0,0.0,False,none
D-13206,POP OG Green Tea 1.8gx100 (6ct/cs),1,SF,2025-09,2025-09-01,484.0,103.0,0.0,103.0,11030.15,2339.93,2339.93,381.0,8690.22,False,none
D-13206,POP OG Green Tea 1.8gx100 (6ct/cs),1,SF,2025-10,2025-10-01,264.0,264.0,0.0,264.0,5760.47,5760.47,5760.47,0.0,0.0,False,none
D-13206,POP OG Green Tea 1.8gx100 (6ct/cs),1,SF,2025-11,2025-11-01,142.0,125.0,0.0,125.0,2900.42,2435.3,2435.3,17.0,465.1199999999999,False,none
D-13206,POP OG Green Tea 1.8gx100 (6ct/cs),1,SF,2025-12,2025-12-01,164.0,149.0,0.0,149.0,3555.94,3111.62,3111.62,15.0,444.32000000000016,False,none
D-13206,POP OG Green Tea 1.8gx100 (6ct/cs),2,NJ,2023-02,2023-02-01,192.0,192.0,0.0,192.0,4608.0,4608.0,4608.0,0.0,0.0,False,none
D-13206,POP OG Green Tea 1.8gx100 (6ct/cs),2,NJ,2023-03,2023-03-01,33.0,33.0,0.0,33.0,792.0,792.0,792.0,0.0,0.0,False,none
D-13206,POP OG Green Tea 1.8gx100 (6ct/cs),2,NJ,2023-04,2023-04-01,0.0,0.0,59.0,59.0,0.0,0.0,1416.0,0.0,0.0,True,zero_sales_gap
D-13206,POP OG Green Tea 1.8gx100 (6ct/cs),2,NJ,2023-05,2023-05-01,0.0,0.0,59.0,59.0,0.0,0.0,1416.0,0.0,0.0,True,zero_sales_gap
D-13206,POP OG Green Tea 1.8gx100 (6ct/cs),2,NJ,2023-06,2023-06-01,59.0,59.0,0.0,59.0,1357.08,1357.08,1357.08,0.0,0.0,False,none
D-13206,POP OG Green Tea 1.8gx100 (6ct/cs),2,NJ,2023-07,2023-07-01,84.0,84.0,0.0,84.0,1618.92,1618.92,1618.92,0.0,0.0,False,none
D-13206,POP OG Green Tea 1.8gx100 (6ct/cs),2,NJ,2023-08,2023-08-01,993.0,993.0,0.0,993.0,18917.370000000003,18917.370000000003,18917.37,0.0,0.0,False,none
D-13206,POP OG Green Tea 1.8gx100 (6ct/cs),2,NJ,2023-09,2023-09-01,370.0,95.0,0.0,95.0,6152.48,1532.48,1532.48,275.0,4620.0,False,none
D-13206,POP OG Green Tea 1.8gx100 (6ct/cs),2,NJ,2023-10,2023-10-01,648.0,527.0,0.0,527.0,12653.76,10263.960000000001,10263.96,121.0,2389.7999999999993,False,none
D-13206,POP OG Green Tea 1.8gx100 (6ct/cs),2,NJ,2023-11,2023-11-01,695.0,695.0,0.0,695.0,13127.869999999999,13127.869999999999,13127.87,0.0,0.0,False,none
D-13206,POP OG Green Tea 1.8gx100 (6ct/cs),2,NJ,2023-12,2023-12-01,1119.0,290.0,0.0,290.0,20882.81,6004.61,6004.61,829.0,14878.2,False,none
D-13206,POP OG Green Tea 1.8gx100 (6ct/cs),2,NJ,2024-01,2024-01-01,740.0,593.0,0.0,593.0,13757.75,11288.15,11288.15,147.0,2469.6000000000004,False,none
D-13206,POP OG Green Tea 1.8gx100 (6ct/cs),2,NJ,2024-02,2024-02-01,422.0,422.0,0.0,422.0,8810.59,8810.59,8810.59,0.0,0.0,False,none
D-13206,POP OG Green Tea 1.8gx100 (6ct/cs),2,NJ,2024-03,2024-03-01,468.0,336.0,0.0,336.0,10107.27,6968.07,6968.07,132.0,3139.2000000000007,False,none
D-13206,POP OG Green Tea 1.8gx100 (6ct/cs),2,NJ,2024-04,2024-04-01,1069.0,1069.0,0.0,1069.0,19700.48,19700.48,19700.48,0.0,0.0,False,none
D-13206,POP OG Green Tea 1.8gx100 (6ct/cs),2,NJ,2024-05,2024-05-01,483.0,330.0,0.0,330.0,9961.96,6748.96,6748.96,153.0,3212.999999999999,False,none
D-13206,POP OG Green Tea 1.8gx100 (6ct/cs),2,NJ,2024-06,2024-06-01,397.0,278.0,0.0,278.0,8644.62,6145.62,6145.62,119.0,2499.000000000001,False,none
D-13206,POP OG Green Tea 1.8gx100 (6ct/cs),2,NJ,2024-07,2024-07-01,584.0,295.0,0.0,295.0,10649.52,5794.32,5794.32,289.0,4855.200000000001,False,none
D-13206,POP OG Green Tea 1.8gx100 (6ct/cs),2,NJ,2024-08,2024-08-01,982.0,514.0,0.0,514.0,19151.120000000003,10526.12,10526.12,468.0,8625.000000000002,False,none
D-13206,POP OG Green Tea 1.8gx100 (6ct/cs),2,NJ,2024-09,2024-09-01,302.0,197.0,0.0,197.0,6025.89,4117.89,4117.89,105.0,1908.0,False,none
D-13206,POP OG Green Tea 1.8gx100 (6ct/cs),2,NJ,2024-10,2024-10-01,687.0,245.0,0.0,245.0,12607.12,4895.92,4895.92,442.0,7711.200000000001,False,none
D-13206,POP OG Green Tea 1.8gx100 (6ct/cs),2,NJ,2024-11,2024-11-01,762.0,660.0,0.0,660.0,14756.33,12614.33,12614.33,102.0,2142.0,False,none
D-13206,POP OG Green Tea 1.8gx100 (6ct/cs),2,NJ,2024-12,2024-12-01,839.0,733.0,0.0,733.0,15669.539999999999,13817.34,13817.34,106.0,1852.199999999999,False,none
D-13206,POP OG Green Tea 1.8gx100 (6ct/cs),2,NJ,2025-01,2025-01-01,812.0,513.0,0.0,513.0,16470.29,10661.69,10661.69,299.0,5808.6,False,none
D-13206,POP OG Green Tea 1.8gx100 (6ct/cs),2,NJ,2025-02,2025-02-01,740.0,338.0,0.0,338.0,16189.57,7625.7699999999995,7625.77,402.0,8563.8,False,none
D-13206,POP OG Green Tea 1.8gx100 (6ct/cs),2,NJ,2025-03,2025-03-01,756.0,547.0,0.0,547.0,16722.39,12013.29,12013.29,209.0,4709.0999999999985,False,none
D-13206,POP OG Green Tea 1.8gx100 (6ct/cs),2,NJ,2025-04,2025-04-01,697.0,378.0,0.0,378.0,13900.18,8005.0599999999995,8005.06,319.0,5895.120000000001,False,none
D-13206,POP OG Green Tea 1.8gx100 (6ct/cs),2,NJ,2025-05,2025-05-01,557.0,484.0,0.0,484.0,10893.41,9544.369999999999,9544.37,73.0,1349.0400000000009,False,none
D-13206,POP OG Green Tea 1.8gx100 (6ct/cs),2,NJ,2025-06,2025-06-01,195.0,144.0,0.0,144.0,4419.94,3241.84,3241.84,51.0,1178.0999999999995,False,none
D-13206,POP OG Green Tea 1.8gx100 (6ct/cs),2,NJ,2025-07,2025-07-01,529.0,314.0,0.0,314.0,11509.59,6456.69,6456.69,215.0,5052.900000000001,False,none
D-13206,POP OG Green Tea 1.8gx100 (6ct/cs),2,NJ,2025-08,2025-08-01,1088.0,522.0,0.0,522.0,23137.649999999998,12576.33,12576.33,566.0,10561.319999999998,False,none
D-13206,POP OG Green Tea 1.8gx100 (6ct/cs),2,NJ,2025-09,2025-09-01,503.0,318.0,0.0,318.0,12090.63,7817.13,7817.13,185.0,4273.499999999999,False,none
D-13206,POP OG Green Tea 1.8gx100 (6ct/cs),2,NJ,2025-10,2025-10-01,919.0,823.0,0.0,823.0,21475.31,18848.75,18848.75,96.0,2626.5600000000013,False,none
D-13206,POP OG Green Tea 1.8gx100 (6ct/cs),2,NJ,2025-11,2025-11-01,462.0,405.0,0.0,405.0,11019.56,9460.4,9460.4,57.0,1559.1599999999999,False,none
D-13206,POP OG Green Tea 1.8gx100 (6ct/cs),2,NJ,2025-12,2025-12-01,187.0,187.0,0.0,187.0,4519.78,4519.78,4519.78,0.0,0.0,False,none
D-13206,POP OG Green Tea 1.8gx100 (6ct/cs),3,LA,2023-06,2023-06-01,49.0,49.0,0.0,49.0,1082.6,1082.6,1082.6,0.0,0.0,False,none
D-13206,POP OG Green Tea 1.8gx100 (6ct/cs),3,LA,2023-07,2023-07-01,54.0,54.0,0.0,54.0,1161.0,1161.0,1161.0,0.0,0.0,False,none
D-13206,POP OG Green Tea 1.8gx100 (6ct/cs),3,LA,2023-08,2023-08-01,180.0,180.0,0.0,180.0,3380.23,3380.23,3380.23,0.0,0.0,False,none
D-13206,POP OG Green Tea 1.8gx100 (6ct/cs),3,LA,2023-09,2023-09-01,64.0,44.0,0.0,44.0,1226.97,890.97,890.97,20.0,336.0,False,none
D-13206,POP OG Green Tea 1.8gx100 (6ct/cs),3,LA,2023-10,2023-10-01,48.0,48.0,157.5,205.5,990.28,990.28,4239.64,0.0,0.0,True,deep_drop_gap
D-13206,POP OG Green Tea 1.8gx100 (6ct/cs),3,LA,2023-11,2023-11-01,231.0,231.0,0.0,231.0,4903.6900000000005,4903.6900000000005,4903.69,0.0,0.0,False,none
D-13206,POP OG Green Tea 1.8gx100 (6ct/cs),3,LA,2023-12,2023-12-01,279.0,245.0,0.0,245.0,4968.71,4397.51,4397.51,34.0,571.1999999999998,False,none
D-13206,POP OG Green Tea 1.8gx100 (6ct/cs),3,LA,2024-01,2024-01-01,171.0,171.0,0.0,171.0,3468.5,3468.5,3468.5,0.0,0.0,False,none
D-13206,POP OG Green Tea 1.8gx100 (6ct/cs),3,LA,2024-02,2024-02-01,214.0,180.0,0.0,180.0,4119.8,3405.8,3405.8,34.0,714.0,False,none
D-13206,POP OG Green Tea 1.8gx100 (6ct/cs),3,LA,2024-03,2024-03-01,278.0,278.0,0.0,278.0,5101.4,5101.4,5101.4,0.0,0.0,False,none
D-13206,POP OG Green Tea 1.8gx100 (6ct/cs),3,LA,2024-04,2024-04-01,321.0,253.0,0.0,253.0,6299.28,5156.88,5156.88,68.0,1142.3999999999996,False,none
D-13206,POP OG Green Tea 1.8gx100 (6ct/cs),3,LA,2024-05,2024-05-01,252.0,218.0,0.0,218.0,5346.4,4632.4,4632.4,34.0,714.0,False,none
D-13206,POP OG Green Tea 1.8gx100 (6ct/cs),3,LA,2024-06,2024-06-01,251.0,183.0,0.0,183.0,5163.6,3735.6,3735.6,68.0,1428.0000000000005,False,none
D-13206,POP OG Green Tea 1.8gx100 (6ct/cs),3,LA,2024-07,2024-07-01,131.0,131.0,0.0,131.0,2417.39,2417.39,2417.39,0.0,0.0,False,none
D-13206,POP OG Green Tea 1.8gx100 (6ct/cs),3,LA,2024-08,2024-08-01,314.0,263.0,0.0,263.0,5647.1,4790.3,4790.3,51.0,856.8000000000002,False,none
D-13206,POP OG Green Tea 1.8gx100 (6ct/cs),3,LA,2024-09,2024-09-01,183.0,163.0,0.0,163.0,3568.3,3232.3,3232.3,20.0,336.0,False,none
D-13206,POP OG Green Tea 1.8gx100 (6ct/cs),3,LA,2024-10,2024-10-01,199.0,173.0,0.0,173.0,3738.46,3301.66,3301.66,26.0,436.8000000000002,False,none
D-13206,POP OG Green Tea 1.8gx100 (6ct/cs),3,LA,2024-11,2024-11-01,228.0,109.0,0.0,109.0,4368.98,2226.98,2226.98,119.0,2141.9999999999995,False,none
D-13206,POP OG Green Tea 1.8gx100 (6ct/cs),3,LA,2024-12,2024-12-01,141.0,107.0,0.0,107.0,2857.59,2286.39,2286.39,34.0,571.2000000000003,False,none
D-13206,POP OG Green Tea 1.8gx100 (6ct/cs),3,LA,2025-01,2025-01-01,289.0,238.0,0.0,238.0,5769.84,4698.84,4698.84,51.0,1071.0,False,none
D-13206,POP OG Green Tea 1.8gx100 (6ct/cs),3,LA,2025-02,2025-02-01,244.0,202.0,0.0,202.0,4738.2,3839.4,3839.4,42.0,898.7999999999997,False,none
D-13206,POP OG Green Tea 1.8gx100 (6ct/cs),3,LA,2025-03,2025-03-01,156.0,120.0,0.0,120.0,3350.3,2432.9,2432.9,36.0,917.4000000000001,False,none
D-13206,POP OG Green Tea 1.8gx100 (6ct/cs),3,LA,2025-04,2025-04-01,516.0,447.0,0.0,447.0,9711.72,8358.06,8358.06,69.0,1353.6599999999999,False,none
D-13206,POP OG Green Tea 1.8gx100 (6ct/cs),3,LA,2025-05,2025-05-01,495.0,470.0,0.0,470.0,8934.1,8472.1,8472.1,25.0,462.0,False,none
D-13206,POP OG Green Tea 1.8gx100 (6ct/cs),3,LA,2025-06,2025-06-01,105.0,105.0,254.5,359.5,2147.58,2147.58,7352.9,0.0,0.0,True,deep_drop_gap
D-13206,POP OG Green Tea 1.8gx100 (6ct/cs),3,LA,2025-07,2025-07-01,188.0,163.0,0.0,163.0,3795.5,3218.0,3218.0,25.0,577.5,False,none
D-13206,POP OG Green Tea 1.8gx100 (6ct/cs),3,LA,2025-08,2025-08-01,329.0,272.0,0.0,272.0,6549.36,5496.0,5496.0,57.0,1053.3599999999997,False,none
D-13206,POP OG Green Tea 1.8gx100 (6ct/cs),3,LA,2025-09,2025-09-01,280.0,238.0,0.0,238.0,5747.139999999999,4813.9,4813.9,42.0,933.2399999999998,False,none
D-13206,POP OG Green Tea 1.8gx100 (6ct/cs),3,LA,2025-10,2025-10-01,272.0,254.0,0.0,254.0,5499.6,5067.6,5067.6,18.0,432.0,False,none
D-13206,POP OG Green Tea 1.8gx100 (6ct/cs),3,LA,2025-11,2025-11-01,205.0,182.0,0.0,182.0,5051.6,4496.6,4496.6,23.0,555.0,False,none
D-13206,POP OG Green Tea 1.8gx100 (6ct/cs),3,LA,2025-12,2025-12-01,193.0,176.0,0.0,176.0,3847.22,3382.1,3382.1,17.0,465.1199999999999,False,none
D-13206,POP OG Green Tea 1.8gx100 (6ct/cs),E1,UNMAPPED,2024-01,2024-01-01,3.0,3.0,0.0,3.0,26.97,26.97,26.97,0.0,0.0,False,none
D-13206,POP OG Green Tea 1.8gx100 (6ct/cs),E1,UNMAPPED,2024-02,2024-02-01,2.0,2.0,0.0,2.0,17.98,17.98,17.98,0.0,0.0,False,none
D-13206,POP OG Green Tea 1.8gx100 (6ct/cs),E1,UNMAPPED,2024-03,2024-03-01,0.0,0.0,2.5,2.5,0.0,0.0,22.48,0.0,0.0,True,zero_sales_gap
D-13206,POP OG Green Tea 1.8gx100 (6ct/cs),E1,UNMAPPED,2024-04,2024-04-01,0.0,0.0,2.0,2.0,0.0,0.0,17.98,0.0,0.0,True,zero_sales_gap
D-13206,POP OG Green Tea 1.8gx100 (6ct/cs),E1,UNMAPPED,2024-05,2024-05-01,0.0,0.0,0.0,0.0,0.0,0.0,0.0,0.0,0.0,False,none
D-13206,POP OG Green Tea 1.8gx100 (6ct/cs),E1,UNMAPPED,2024-06,2024-06-01,0.0,0.0,0.0,0.0,0.0,0.0,0.0,0.0,0.0,False,none
D-13206,POP OG Green Tea 1.8gx100 (6ct/cs),E1,UNMAPPED,2024-07,2024-07-01,0.0,0.0,0.0,0.0,0.0,0.0,0.0,0.0,0.0,False,none
D-13206,POP OG Green Tea 1.8gx100 (6ct/cs),E1,UNMAPPED,2024-08,2024-08-01,0.0,0.0,0.0,0.0,0.0,0.0,0.0,0.0,0.0,False,none
D-13206,POP OG Green Tea 1.8gx100 (6ct/cs),E1,UNMAPPED,2024-09,2024-09-01,0.0,0.0,0.0,0.0,0.0,0.0,0.0,0.0,0.0,False,none
D-13206,POP OG Green Tea 1.8gx100 (6ct/cs),E1,UNMAPPED,2024-10,2024-10-01,0.0,0.0,4.0,4.0,0.0,0.0,35.96,0.0,0.0,True,zero_sales_gap
D-13206,POP OG Green Tea 1.8gx100 (6ct/cs),E1,UNMAPPED,2024-11,2024-11-01,0.0,0.0,14.5,14.5,0.0,0.0,130.35,0.0,0.0,True,zero_sales_gap
D-13206,POP OG Green Tea 1.8gx100 (6ct/cs),E1,UNMAPPED,2024-12,2024-12-01,4.0,4.0,0.0,4.0,30.990000000000002,30.990000000000002,30.99,0.0,0.0,False,none
D-13206,POP OG Green Tea 1.8gx100 (6ct/cs),E1,UNMAPPED,2025-01,2025-01-01,25.0,25.0,0.0,25.0,229.77,229.77,229.77,0.0,0.0,False,none
D-13206,POP OG Green Tea 1.8gx100 (6ct/cs),E1,UNMAPPED,2025-02,2025-02-01,1.0,1.0,3.0,4.0,9.99,9.99,39.96,0.0,0.0,True,deep_drop_gap
D-13206,POP OG Green Tea 1.8gx100 (6ct/cs),E1,UNMAPPED,2025-03,2025-03-01,3.0,3.0,0.0,3.0,29.97,29.97,29.97,0.0,0.0,False,none
D-13212,POP Organic Green Tea 1.8gx20 (12ct/cs),1,SF,2025-02,2025-02-01,6.0,6.0,0.0,6.0,72.0,72.0,72.0,0.0,0.0,False,none
D-13212,POP Organic Green Tea 1.8gx20 (12ct/cs),1,SF,2025-03,2025-03-01,14.0,14.0,0.0,14.0,93.60000000000001,93.60000000000001,93.6,0.0,0.0,False,none
D-13212,POP Organic Green Tea 1.8gx20 (12ct/cs),1,SF,2025-04,2025-04-01,21.0,21.0,0.0,21.0,63.36,63.36,63.36,0.0,0.0,False,none
D-13212,POP Organic Green Tea 1.8gx20 (12ct/cs),1,SF,2025-05,2025-05-01,149.0,149.0,0.0,149.0,1423.8,1423.8,1423.8,0.0,0.0,False,none
D-13212,POP Organic Green Tea 1.8gx20 (12ct/cs),1,SF,2025-06,2025-06-01,9.0,2.0,43.0,45.0,121.2,28.8,648.0,7.0,92.4,True,deep_drop_gap
D-13212,POP Organic Green Tea 1.8gx20 (12ct/cs),1,SF,2025-07,2025-07-01,101.0,18.0,0.0,18.0,1277.94,182.34,182.34,83.0,1095.6000000000001,False,none
D-13212,POP Organic Green Tea 1.8gx20 (12ct/cs),1,SF,2025-08,2025-08-01,69.0,69.0,0.0,69.0,923.2,923.2,923.2,0.0,0.0,False,none
D-13212,POP Organic Green Tea 1.8gx20 (12ct/cs),1,SF,2025-09,2025-09-01,146.0,22.0,0.0,22.0,1848.6399999999999,211.84,211.84,124.0,1636.8,False,none
D-13212,POP Organic Green Tea 1.8gx20 (12ct/cs),1,SF,2025-10,2025-10-01,117.0,117.0,0.0,117.0,1558.18,1558.18,1558.18,0.0,0.0,False,none
D-13212,POP Organic Green Tea 1.8gx20 (12ct/cs),1,SF,2025-11,2025-11-01,27.0,27.0,0.0,27.0,193.8,193.8,193.8,0.0,0.0,False,none
D-13212,POP Organic Green Tea 1.8gx20 (12ct/cs),1,SF,2025-12,2025-12-01,61.0,61.0,0.0,61.0,1023.6800000000001,1023.6800000000001,1023.68,0.0,0.0,False,none
D-13212,POP Organic Green Tea 1.8gx20 (12ct/cs),2,NJ,2025-02,2025-02-01,5.0,5.0,0.0,5.0,81.72,81.72,81.72,0.0,0.0,False,none
D-13212,POP Organic Green Tea 1.8gx20 (12ct/cs),2,NJ,2025-03,2025-03-01,31.0,8.0,0.0,8.0,328.5,8.82,8.82,23.0,319.68,False,none
D-13212,POP Organic Green Tea 1.8gx20 (12ct/cs),2,NJ,2025-04,2025-04-01,13.0,13.0,0.0,13.0,112.63,112.63,112.63,0.0,0.0,False,none
D-13212,POP Organic Green Tea 1.8gx20 (12ct/cs),2,NJ,2025-05,2025-05-01,57.0,57.0,0.0,57.0,647.28,647.28,647.28,0.0,0.0,False,none
D-13212,POP Organic Green Tea 1.8gx20 (12ct/cs),2,NJ,2025-06,2025-06-01,60.0,0.0,0.0,0.0,792.0,0.0,0.0,60.0,792.0,False,none
D-13212,POP Organic Green Tea 1.8gx20 (12ct/cs),2,NJ,2025-07,2025-07-01,49.0,49.0,0.0,49.0,515.4,515.4,515.4,0.0,0.0,False,none
D-13212,POP Organic Green Tea 1.8gx20 (12ct/cs),2,NJ,2025-08,2025-08-01,212.0,125.0,0.0,125.0,2367.2799999999997,1746.88,1746.88,87.0,620.3999999999996,False,none
D-13212,POP Organic Green Tea 1.8gx20 (12ct/cs),2,NJ,2025-09,2025-09-01,69.0,59.0,0.0,59.0,972.77,840.77,840.77,10.0,132.0,False,none
D-13212,POP Organic Green Tea 1.8gx20 (12ct/cs),2,NJ,2025-10,2025-10-01,32.0,26.0,0.0,26.0,458.4,359.76,359.76,6.0,98.63999999999999,False,none
D-13212,POP Organic Green Tea 1.8gx20 (12ct/cs),2,NJ,2025-11,2025-11-01,52.0,47.0,0.0,47.0,871.8000000000001,789.6,789.6,5.0,82.20000000000005,False,none
D-13212,POP Organic Green Tea 1.8gx20 (12ct/cs),2,NJ,2025-12,2025-12-01,75.0,69.0,0.0,69.0,1141.69,1043.05,1043.05,6.0,98.6400000000001,False,none
D-13212,POP Organic Green Tea 1.8gx20 (12ct/cs),3,LA,2025-05,2025-05-01,7.0,7.0,0.0,7.0,94.8,94.8,94.8,0.0,0.0,False,none
D-13212,POP Organic Green Tea 1.8gx20 (12ct/cs),3,LA,2025-06,2025-06-01,1.0,0.0,4.0,4.0,13.2,0.0,52.8,1.0,13.2,True,deep_drop_gap
D-13212,POP Organic Green Tea 1.8gx20 (12ct/cs),3,LA,2025-07,2025-07-01,3.0,3.0,0.0,3.0,43.2,43.2,43.2,0.0,0.0,False,none
D-13212,POP Organic Green Tea 1.8gx20 (12ct/cs),3,LA,2025-08,2025-08-01,4.0,4.0,0.0,4.0,58.4,58.4,58.4,0.0,0.0,False,none
D-13212,POP Organic Green Tea 1.8gx20 (12ct/cs),3,LA,2025-09,2025-09-01,2.0,2.0,0.0,2.0,32.0,32.0,32.0,0.0,0.0,False,none
D-13212,POP Organic Green Tea 1.8gx20 (12ct/cs),3,LA,2025-10,2025-10-01,5.0,5.0,0.0,5.0,80.0,80.0,80.0,0.0,0.0,False,none
D-13212,POP Organic Green Tea 1.8gx20 (12ct/cs),3,LA,2025-11,2025-11-01,6.0,4.0,0.0,4.0,96.88,64.0,64.0,2.0,32.879999999999995,False,none
D-13212,POP Organic Green Tea 1.8gx20 (12ct/cs),3,LA,2025-12,2025-12-01,8.0,7.0,0.0,7.0,128.0,112.0,112.0,1.0,16.0,False,none
D-13220N,POP Organic Green Tea 1.8gx20,1,SF,2023-01,2023-01-01,64.0,64.0,0.0,64.0,1434.59,1434.59,1434.59,0.0,0.0,False,none
D-13220N,POP Organic Green Tea 1.8gx20,1,SF,2023-02,2023-02-01,46.0,46.0,0.0,46.0,645.55,645.55,645.55,0.0,0.0,False,none
D-13220N,POP Organic Green Tea 1.8gx20,1,SF,2023-03,2023-03-01,46.0,46.0,0.0,46.0,1312.56,1312.56,1312.56,0.0,0.0,False,none
D-13220N,POP Organic Green Tea 1.8gx20,1,SF,2023-04,2023-04-01,29.0,29.0,0.0,29.0,191.64,191.64,191.64,0.0,0.0,False,none
D-13220N,POP Organic Green Tea 1.8gx20,1,SF,2023-05,2023-05-01,51.0,51.0,0.0,51.0,1418.4,1418.4,1418.4,0.0,0.0,False,none
D-13220N,POP Organic Green Tea 1.8gx20,1,SF,2023-06,2023-06-01,12.0,12.0,28.0,40.0,14.4,14.4,48.0,0.0,0.0,True,deep_drop_gap
D-13220N,POP Organic Green Tea 1.8gx20,1,SF,2023-07,2023-07-01,23.0,23.0,0.0,23.0,194.68999999999997,194.68999999999997,194.69,0.0,0.0,False,none
D-13220N,POP Organic Green Tea 1.8gx20,1,SF,2023-08,2023-08-01,74.0,74.0,0.0,74.0,2145.6600000000003,2145.6600000000003,2145.66,0.0,0.0,False,none
D-13220N,POP Organic Green Tea 1.8gx20,1,SF,2023-09,2023-09-01,13.0,13.0,28.5,41.5,96.54,96.54,308.19,0.0,0.0,True,deep_drop_gap
D-13220N,POP Organic Green Tea 1.8gx20,1,SF,2023-10,2023-10-01,36.0,36.0,0.0,36.0,986.82,986.82,986.82,0.0,0.0,False,none
D-13220N,POP Organic Green Tea 1.8gx20,1,SF,2023-11,2023-11-01,47.0,47.0,0.0,47.0,1319.76,1319.76,1319.76,0.0,0.0,False,none
D-13220N,POP Organic Green Tea 1.8gx20,1,SF,2023-12,2023-12-01,26.0,19.0,0.0,19.0,874.2,632.28,632.28,7.0,241.92000000000007,False,none
D-13220N,POP Organic Green Tea 1.8gx20,1,SF,2024-01,2024-01-01,63.0,28.0,0.0,28.0,1494.72,385.91999999999996,385.92,35.0,1108.8000000000002,False,none
D-13220N,POP Organic Green Tea 1.8gx20,1,SF,2024-02,2024-02-01,35.0,35.0,0.0,35.0,582.2099999999999,582.2099999999999,582.21,0.0,0.0,False,none
D-13220N,POP Organic Green Tea 1.8gx20,1,SF,2024-03,2024-03-01,36.0,36.0,0.0,36.0,669.0899999999999,669.0899999999999,669.09,0.0,0.0,False,none
D-13220N,POP Organic Green Tea 1.8gx20,1,SF,2024-04,2024-04-01,50.0,11.0,0.0,11.0,1510.6200000000001,275.1,275.1,39.0,1235.52,False,none
D-13220N,POP Organic Green Tea 1.8gx20,1,SF,2024-05,2024-05-01,9.0,7.0,22.0,29.0,376.29,297.09000000000003,1230.8,2.0,79.19999999999999,True,deep_drop_gap
D-13220N,POP Organic Green Tea 1.8gx20,1,SF,2024-06,2024-06-01,22.0,22.0,0.0,22.0,634.05,634.05,634.05,0.0,0.0,False,none
D-13220N,POP Organic Green Tea 1.8gx20,1,SF,2024-07,2024-07-01,50.0,50.0,0.0,50.0,1020.68,1020.68,1020.68,0.0,0.0,False,none
D-13220N,POP Organic Green Tea 1.8gx20,1,SF,2024-08,2024-08-01,61.0,18.0,0.0,18.0,1649.0,286.76,286.76,43.0,1362.24,False,none
D-13220N,POP Organic Green Tea 1.8gx20,1,SF,2024-09,2024-09-01,33.0,30.0,0.0,30.0,369.09000000000003,239.49,239.49,3.0,129.60000000000002,False,none
D-13220N,POP Organic Green Tea 1.8gx20,1,SF,2024-10,2024-10-01,47.0,47.0,0.0,47.0,866.3100000000001,866.3100000000001,866.31,0.0,0.0,False,none
D-13220N,POP Organic Green Tea 1.8gx20,1,SF,2024-11,2024-11-01,62.0,39.0,0.0,39.0,1761.56,1032.92,1032.92,23.0,728.6399999999999,False,none
D-13220N,POP Organic Green Tea 1.8gx20,1,SF,2024-12,2024-12-01,58.0,34.0,0.0,34.0,878.33,118.01,118.01,24.0,760.32,False,none
D-13220N,POP Organic Green Tea 1.8gx20,1,SF,2025-01,2025-01-01,55.0,55.0,0.0,55.0,936.0,936.0,936.0,0.0,0.0,False,none
D-13220N,POP Organic Green Tea 1.8gx20,1,SF,2025-02,2025-02-01,9.0,9.0,35.5,44.5,60.21,60.21,297.7,0.0,0.0,True,deep_drop_gap
D-13220N,POP Organic Green Tea 1.8gx20,1,SF,2025-03,2025-03-01,7.0,0.0,0.0,0.0,277.2,0.0,0.0,7.0,277.2,False,none
D-13220N,POP Organic Green Tea 1.8gx20,2,NJ,2023-01,2023-01-01,101.0,101.0,0.0,101.0,1733.1000000000001,1733.1000000000001,1733.1,0.0,0.0,False,none
D-13220N,POP Organic Green Tea 1.8gx20,2,NJ,2023-02,2023-02-01,24.0,24.0,47.0,71.0,690.8399999999999,690.8399999999999,2043.73,0.0,0.0,True,deep_drop_gap
D-13220N,POP Organic Green Tea 1.8gx20,2,NJ,2023-03,2023-03-01,71.0,71.0,0.0,71.0,1780.2,1780.2,1780.2,0.0,0.0,False,none
D-13220N,POP Organic Green Tea 1.8gx20,2,NJ,2023-04,2023-04-01,39.0,39.0,0.0,39.0,1143.78,1143.78,1143.78,0.0,0.0,False,none
D-13220N,POP Organic Green Tea 1.8gx20,2,NJ,2023-05,2023-05-01,55.0,55.0,0.0,55.0,1342.8700000000001,1342.8700000000001,1342.87,0.0,0.0,False,none
D-13220N,POP Organic Green Tea 1.8gx20,2,NJ,2023-06,2023-06-01,106.0,106.0,0.0,106.0,909.14,909.14,909.14,0.0,0.0,False,none
D-13220N,POP Organic Green Tea 1.8gx20,2,NJ,2023-07,2023-07-01,46.0,46.0,0.0,46.0,1635.5500000000002,1635.5500000000002,1635.55,0.0,0.0,False,none
D-13220N,POP Organic Green Tea 1.8gx20,2,NJ,2023-08,2023-08-01,73.0,73.0,0.0,73.0,1699.54,1699.54,1699.54,0.0,0.0,False,none
D-13220N,POP Organic Green Tea 1.8gx20,2,NJ,2023-09,2023-09-01,69.0,64.0,0.0,64.0,1377.0,1218.6000000000001,1218.6,5.0,158.39999999999986,False,none
D-13220N,POP Organic Green Tea 1.8gx20,2,NJ,2023-10,2023-10-01,61.0,54.0,0.0,54.0,1615.14,1361.7,1361.7,7.0,253.44000000000005,False,none
D-13220N,POP Organic Green Tea 1.8gx20,2,NJ,2023-11,2023-11-01,76.0,76.0,0.0,76.0,1354.65,1354.65,1354.65,0.0,0.0,False,none
D-13220N,POP Organic Green Tea 1.8gx20,2,NJ,2023-12,2023-12-01,58.0,41.0,0.0,41.0,1778.42,1205.3,1205.3,17.0,573.1200000000001,False,none
D-13220N,POP Organic Green Tea 1.8gx20,2,NJ,2024-01,2024-01-01,72.0,60.0,0.0,60.0,1967.18,1587.02,1587.02,12.0,380.1600000000001,False,none
D-13220N,POP Organic Green Tea 1.8gx20,2,NJ,2024-02,2024-02-01,38.0,28.0,0.0,28.0,1081.42,685.4200000000001,685.42,10.0,396.0,False,none
D-13220N,POP Organic Green Tea 1.8gx20,2,NJ,2024-03,2024-03-01,39.0,39.0,0.0,39.0,1364.94,1364.94,1364.94,0.0,0.0,False,none
D-13220N,POP Organic Green Tea 1.8gx20,2,NJ,2024-04,2024-04-01,50.0,49.0,0.0,49.0,1671.48,1639.8,1639.8,1.0,31.680000000000064,False,none
D-13220N,POP Organic Green Tea 1.8gx20,2,NJ,2024-05,2024-05-01,65.0,61.0,0.0,61.0,1633.57,1475.17,1475.17,4.0,158.39999999999986,False,none
D-13220N,POP Organic Green Tea 1.8gx20,2,NJ,2024-06,2024-06-01,26.0,22.0,0.0,22.0,856.62,698.22,698.22,4.0,158.39999999999998,False,none
D-13220N,POP Organic Green Tea 1.8gx20,2,NJ,2024-07,2024-07-01,56.0,50.0,0.0,50.0,984.1600000000001,794.0799999999999,794.08,6.0,190.08000000000015,False,none
D-13220N,POP Organic Green Tea 1.8gx20,2,NJ,2024-08,2024-08-01,77.0,61.0,0.0,61.0,2811.1299999999997,2298.49,2298.49,16.0,512.6399999999999,False,none
D-13220N,POP Organic Green Tea 1.8gx20,2,NJ,2024-09,2024-09-01,33.0,29.0,0.0,29.0,1246.1,1096.34,1096.34,4.0,149.76,False,none
D-13220N,POP Organic Green Tea 1.8gx20,2,NJ,2024-10,2024-10-01,94.0,84.0,0.0,84.0,1882.6900000000003,1565.89,1565.89,10.0,316.8000000000002,False,none
D-13220N,POP Organic Green Tea 1.8gx20,2,NJ,2024-11,2024-11-01,55.0,45.0,0.0,45.0,2006.7299999999998,1610.7299999999998,1610.73,10.0,396.0,False,none
D-13220N,POP Organic Green Tea 1.8gx20,2,NJ,2024-12,2024-12-01,55.0,50.0,0.0,50.0,1436.76,1270.44,1270.44,5.0,166.31999999999994,False,none
D-13220N,POP Organic Green Tea 1.8gx20,2,NJ,2025-01,2025-01-01,85.0,82.0,0.0,82.0,2520.0,2424.96,2424.96,3.0,95.03999999999996,False,none
D-13220N,POP Organic Green Tea 1.8gx20,2,NJ,2025-02,2025-02-01,59.0,53.0,0.0,53.0,490.32,252.72000000000003,252.72,6.0,237.59999999999997,False,none
D-13220N,POP Organic Green Tea 1.8gx20,2,NJ,2025-03,2025-03-01,1.0,1.0,52.0,53.0,3.49,3.49,184.97,0.0,0.0,True,deep_drop_gap
D-13220N,POP Organic Green Tea 1.8gx20,2,NJ,2025-04,2025-04-01,16.0,16.0,0.0,16.0,22.880000000000003,22.880000000000003,22.88,0.0,0.0,False,none
D-13220N,POP Organic Green Tea 1.8gx20,3,LA,2023-01,2023-01-01,24.0,24.0,0.0,24.0,208.8,208.8,208.8,0.0,0.0,False,none
D-13220N,POP Organic Green Tea 1.8gx20,3,LA,2023-02,2023-02-01,18.0,18.0,0.0,18.0,148.05,148.05,148.05,0.0,0.0,False,none
D-13220N,POP Organic Green Tea 1.8gx20,3,LA,2023-03,2023-03-01,13.0,13.0,0.0,13.0,302.40000000000003,302.40000000000003,302.4,0.0,0.0,False,none
D-13220N,POP Organic Green Tea 1.8gx20,3,LA,2023-04,2023-04-01,5.0,5.0,9.5,14.5,212.4,212.4,615.96,0.0,0.0,True,deep_drop_gap
D-13220N,POP Organic Green Tea 1.8gx20,3,LA,2023-05,2023-05-01,16.0,16.0,0.0,16.0,244.8,244.8,244.8,0.0,0.0,False,none
D-13220N,POP Organic Green Tea 1.8gx20,3,LA,2023-06,2023-06-01,3.0,3.0,10.0,13.0,86.4,86.4,374.4,0.0,0.0,True,deep_drop_gap
D-13220N,POP Organic Green Tea 1.8gx20,3,LA,2023-07,2023-07-01,18.0,18.0,0.0,18.0,275.48,275.48,275.48,0.0,0.0,False,none
D-13220N,POP Organic Green Tea 1.8gx20,3,LA,2023-08,2023-08-01,10.0,10.0,0.0,10.0,368.35,368.35,368.35,0.0,0.0,False,none
D-13220N,POP Organic Green Tea 1.8gx20,3,LA,2023-09,2023-09-01,17.0,17.0,0.0,17.0,20.4,20.4,20.4,0.0,0.0,False,none
D-13220N,POP Organic Green Tea 1.8gx20,3,LA,2023-10,2023-10-01,0.0,0.0,8.5,8.5,0.0,0.0,10.2,0.0,0.0,True,zero_sales_gap
D-13220N,POP Organic Green Tea 1.8gx20,3,LA,2023-11,2023-11-01,7.0,7.0,0.0,7.0,283.68,283.68,283.68,0.0,0.0,False,none
D-13220N,POP Organic Green Tea 1.8gx20,3,LA,2023-12,2023-12-01,5.0,5.0,0.0,5.0,216.00000000000003,216.00000000000003,216.0,0.0,0.0,False,none
D-13220N,POP Organic Green Tea 1.8gx20,3,LA,2024-01,2024-01-01,10.0,9.0,0.0,9.0,339.26000000000005,307.58000000000004,307.58,1.0,31.680000000000007,False,none
D-13220N,POP Organic Green Tea 1.8gx20,3,LA,2024-02,2024-02-01,10.0,10.0,0.0,10.0,344.94000000000005,344.94000000000005,344.94,0.0,0.0,False,none
D-13220N,POP Organic Green Tea 1.8gx20,3,LA,2024-03,2024-03-01,10.0,10.0,0.0,10.0,438.48,438.48,438.48,0.0,0.0,False,none
D-13220N,POP Organic Green Tea 1.8gx20,3,LA,2024-04,2024-04-01,5.0,3.0,0.0,3.0,192.96,129.60000000000002,129.6,2.0,63.359999999999985,False,none
D-13220N,POP Organic Green Tea 1.8gx20,3,LA,2024-05,2024-05-01,4.0,4.0,0.0,4.0,172.8,172.8,172.8,0.0,0.0,False,none
D-13220N,POP Organic Green Tea 1.8gx20,3,LA,2024-06,2024-06-01,4.0,4.0,0.0,4.0,172.8,172.8,172.8,0.0,0.0,False,none
D-13220N,POP Organic Green Tea 1.8gx20,3,LA,2024-07,2024-07-01,7.0,7.0,0.0,7.0,290.88000000000005,290.88000000000005,290.88,0.0,0.0,False,none
D-13220N,POP Organic Green Tea 1.8gx20,3,LA,2024-08,2024-08-01,2.0,2.0,3.5,5.5,0.0,0.0,0.0,0.0,0.0,True,deep_drop_gap
D-13220N,POP Organic Green Tea 1.8gx20,3,LA,2024-09,2024-09-01,3.0,3.0,0.0,3.0,129.60000000000002,129.60000000000002,129.6,0.0,0.0,False,none
D-13220N,POP Organic Green Tea 1.8gx20,3,LA,2024-10,2024-10-01,15.0,15.0,0.0,15.0,219.18,219.18,219.18,0.0,0.0,False,none
D-13220N,POP Organic Green Tea 1.8gx20,3,LA,2024-11,2024-11-01,9.0,8.0,0.0,8.0,337.57000000000005,305.89000000000004,305.89,1.0,31.680000000000007,False,none
D-13220N,POP Organic Green Tea 1.8gx20,3,LA,2024-12,2024-12-01,5.0,4.0,0.0,4.0,204.48000000000002,172.8,172.8,1.0,31.680000000000007,False,none
D-13220N,POP Organic Green Tea 1.8gx20,3,LA,2025-01,2025-01-01,6.0,6.0,0.0,6.0,247.68,247.68,247.68,0.0,0.0,False,none
D-13220N,POP Organic Green Tea 1.8gx20,3,LA,2025-02,2025-02-01,10.0,9.0,0.0,9.0,428.40000000000003,388.8,388.8,1.0,39.60000000000002,False,none
D-13220N,POP Organic Green Tea 1.8gx20,3,LA,2025-03,2025-03-01,4.0,3.0,0.0,3.0,169.20000000000002,129.60000000000002,129.6,1.0,39.599999999999994,False,none
D-13220N,POP Organic Green Tea 1.8gx20,3,LA,2025-04,2025-04-01,1.0,1.0,8.0,9.0,2.73,2.73,24.57,0.0,0.0,True,deep_drop_gap
D-13220N,POP Organic Green Tea 1.8gx20,3,LA,2025-05,2025-05-01,11.0,11.0,0.0,11.0,29.89,29.89,29.89,0.0,0.0,False,none
D-13220N,POP Organic Green Tea 1.8gx20,3,LA,2025-06,2025-06-01,0.0,0.0,2.5,2.5,0.0,0.0,6.79,0.0,0.0,True,zero_sales_gap
D-13220N,POP Organic Green Tea 1.8gx20,3,LA,2025-07,2025-07-01,3.0,3.0,0.0,3.0,5.18,5.18,5.18,0.0,0.0,False,none
D-13220N,POP Organic Green Tea 1.8gx20,3,LA,2025-08,2025-08-01,2.0,2.0,0.0,2.0,7.98,7.98,7.98,0.0,0.0,False,none
D-13220N,POP Organic Green Tea 1.8gx20,3,LA,2025-09,2025-09-01,0.0,0.0,2.5,2.5,0.0,0.0,9.98,0.0,0.0,True,zero_sales_gap
D-13220N,POP Organic Green Tea 1.8gx20,3,LA,2025-10,2025-10-01,0.0,0.0,2.0,2.0,0.0,0.0,7.98,0.0,0.0,True,zero_sales_gap
D-13220N,POP Organic Green Tea 1.8gx20,3,LA,2025-11,2025-11-01,0.0,0.0,2.0,2.0,0.0,0.0,7.98,0.0,0.0,True,zero_sales_gap
D-13220N,POP Organic Green Tea 1.8gx20,3,LA,2025-12,2025-12-01,2.0,2.0,0.0,2.0,7.98,7.98,7.98,0.0,0.0,False,none
D-13220N,POP Organic Green Tea 1.8gx20,E1,UNMAPPED,2025-01,2025-01-01,2.0,2.0,0.0,2.0,6.98,6.98,6.98,0.0,0.0,False,none
D-13220N,POP Organic Green Tea 1.8gx20,E1,UNMAPPED,2025-02,2025-02-01,0.0,0.0,2.0,2.0,0.0,0.0,6.98,0.0,0.0,True,zero_sales_gap
D-13220N,POP Organic Green Tea 1.8gx20,E1,UNMAPPED,2025-03,2025-03-01,0.0,0.0,2.0,2.0,0.0,0.0,6.98,0.0,0.0,True,zero_sales_gap
D-13220N,POP Organic Green Tea 1.8gx20,E1,UNMAPPED,2025-04,2025-04-01,0.0,0.0,2.0,2.0,0.0,0.0,6.98,0.0,0.0,True,zero_sales_gap
D-13220N,POP Organic Green Tea 1.8gx20,E1,UNMAPPED,2025-05,2025-05-01,2.0,2.0,0.0,2.0,7.98,7.98,7.98,0.0,0.0,False,none
D-13220N,POP Organic Green Tea 1.8gx20,E1,UNMAPPED,2025-06,2025-06-01,0.0,0.0,2.0,2.0,0.0,0.0,7.98,0.0,0.0,True,zero_sales_gap
D-13220N,POP Organic Green Tea 1.8gx20,E1,UNMAPPED,2025-07,2025-07-01,0.0,0.0,2.0,2.0,0.0,0.0,7.98,0.0,0.0,True,zero_sales_gap
D-13220N,POP Organic Green Tea 1.8gx20,E1,UNMAPPED,2025-08,2025-08-01,0.0,0.0,5.0,5.0,0.0,0.0,19.95,0.0,0.0,True,zero_sales_gap
D-13220N,POP Organic Green Tea 1.8gx20,E1,UNMAPPED,2025-09,2025-09-01,0.0,0.0,6.5,6.5,0.0,0.0,25.94,0.0,0.0,True,zero_sales_gap
D-13220N,POP Organic Green Tea 1.8gx20,E1,UNMAPPED,2025-10,2025-10-01,5.0,5.0,0.0,5.0,19.95,19.95,19.95,0.0,0.0,False,none
D-13220N,POP Organic Green Tea 1.8gx20,E1,UNMAPPED,2025-11,2025-11-01,8.0,8.0,0.0,8.0,24.78,24.78,24.78,0.0,0.0,False,none
D-13300N,POP Green Tea 2gx100 (Japanese S) New,1,SF,2023-01,2023-01-01,179.0,179.0,0.0,179.0,1052.48,1052.48,1052.48,0.0,0.0,False,none
D-13300N,POP Green Tea 2gx100 (Japanese S) New,1,SF,2023-02,2023-02-01,174.0,174.0,0.0,174.0,1264.51,1264.51,1264.51,0.0,0.0,False,none
D-13300N,POP Green Tea 2gx100 (Japanese S) New,1,SF,2023-03,2023-03-01,225.0,225.0,0.0,225.0,1129.02,1129.02,1129.02,0.0,0.0,False,none
D-13300N,POP Green Tea 2gx100 (Japanese S) New,1,SF,2023-04,2023-04-01,109.0,109.0,0.0,109.0,1350.04,1350.04,1350.04,0.0,0.0,False,none
D-13300N,POP Green Tea 2gx100 (Japanese S) New,1,SF,2023-05,2023-05-01,161.0,161.0,0.0,161.0,1131.62,1131.62,1131.62,0.0,0.0,False,none
D-13300N,POP Green Tea 2gx100 (Japanese S) New,1,SF,2023-06,2023-06-01,74.0,74.0,0.0,74.0,553.56,553.56,553.56,0.0,0.0,False,none
D-13300N,POP Green Tea 2gx100 (Japanese S) New,1,SF,2023-07,2023-07-01,24.0,24.0,53.5,77.5,68.75999999999999,68.75999999999999,222.04,0.0,0.0,True,deep_drop_gap
D-13300N,POP Green Tea 2gx100 (Japanese S) New,1,SF,2023-08,2023-08-01,81.0,81.0,0.0,81.0,558.61,558.61,558.61,0.0,0.0,False,none
D-13300N,POP Green Tea 2gx100 (Japanese S) New,1,SF,2023-09,2023-09-01,18.0,18.0,36.0,54.0,54.0,54.0,162.0,0.0,0.0,True,deep_drop_gap
D-13300N,POP Green Tea 2gx100 (Japanese S) New,1,SF,2023-10,2023-10-01,54.0,54.0,0.0,54.0,336.15,336.15,336.15,0.0,0.0,False,none
D-13300N,POP Green Tea 2gx100 (Japanese S) New,1,SF,2023-11,2023-11-01,0.0,0.0,36.0,36.0,0.0,0.0,224.1,0.0,0.0,True,zero_sales_gap
D-13300N,POP Green Tea 2gx100 (Japanese S) New,1,SF,2023-12,2023-12-01,0.0,0.0,54.0,54.0,0.0,0.0,336.15,0.0,0.0,True,zero_sales_gap
D-13300N,POP Green Tea 2gx100 (Japanese S) New,1,SF,2024-01,2024-01-01,0.0,0.0,0.0,0.0,0.0,0.0,0.0,0.0,0.0,False,none
D-13300N,POP Green Tea 2gx100 (Japanese S) New,1,SF,2024-02,2024-02-01,0.0,0.0,2.0,2.0,0.0,0.0,12.45,0.0,0.0,True,zero_sales_gap
D-13300N,POP Green Tea 2gx100 (Japanese S) New,1,SF,2024-03,2024-03-01,0.0,0.0,2.0,2.0,0.0,0.0,12.45,0.0,0.0,True,zero_sales_gap
D-13300N,POP Green Tea 2gx100 (Japanese S) New,1,SF,2024-04,2024-04-01,2.0,2.0,0.0,2.0,0.0,0.0,0.0,0.0,0.0,False,none
D-13300N,POP Green Tea 2gx100 (Japanese S) New,2,NJ,2023-01,2023-01-01,18.0,18.0,0.0,18.0,1170.0,1170.0,1170.0,0.0,0.0,False,none
D-13300N,POP Green Tea 2gx100 (Japanese S) New,2,NJ,2023-02,2023-02-01,22.0,22.0,0.0,22.0,1882.99,1882.99,1882.99,0.0,0.0,False,none
D-13300N,POP Green Tea 2gx100 (Japanese S) New,2,NJ,2023-03,2023-03-01,31.0,31.0,0.0,31.0,1638.0,1638.0,1638.0,0.0,0.0,False,none
D-13300N,POP Green Tea 2gx100 (Japanese S) New,2,NJ,2023-04,2023-04-01,21.0,21.0,0.0,21.0,1190.97,1190.97,1190.97,0.0,0.0,False,none
D-13300N,POP Green Tea 2gx100 (Japanese S) New,2,NJ,2023-05,2023-05-01,6.0,6.0,22.0,28.0,525.0,525.0,2450.0,0.0,0.0,True,deep_drop_gap
D-13300N,POP Green Tea 2gx100 (Japanese S) New,2,NJ,2023-06,2023-06-01,28.0,28.0,0.0,28.0,1020.0,1020.0,1020.0,0.0,0.0,False,none
D-13300N,POP Green Tea 2gx100 (Japanese S) New,2,NJ,2023-07,2023-07-01,0.0,0.0,17.0,17.0,0.0,0.0,619.29,0.0,0.0,True,zero_sales_gap
D-13300N,POP Green Tea 2gx100 (Japanese S) New,2,NJ,2023-08,2023-08-01,0.0,0.0,28.0,28.0,0.0,0.0,1020.0,0.0,0.0,True,zero_sales_gap
D-13300N,POP Green Tea 2gx100 (Japanese S) New,2,NJ,2023-09,2023-09-01,0.0,0.0,0.0,0.0,0.0,0.0,0.0,0.0,0.0,False,none
D-13300N,POP Green Tea 2gx100 (Japanese S) New,2,NJ,2023-10,2023-10-01,0.0,0.0,0.0,0.0,0.0,0.0,0.0,0.0,0.0,False,none
D-13300N,POP Green Tea 2gx100 (Japanese S) New,2,NJ,2023-11,2023-11-01,0.0,0.0,0.0,0.0,0.0,0.0,0.0,0.0,0.0,False,none
D-13300N,POP Green Tea 2gx100 (Japanese S) New,2,NJ,2023-12,2023-12-01,0.0,0.0,0.0,0.0,0.0,0.0,0.0,0.0,0.0,False,none
D-13300N,POP Green Tea 2gx100 (Japanese S) New,2,NJ,2024-01,2024-01-01,0.0,0.0,0.0,0.0,0.0,0.0,0.0,0.0,0.0,False,none
D-13300N,POP Green Tea 2gx100 (Japanese S) New,2,NJ,2024-02,2024-02-01,0.0,0.0,0.0,0.0,0.0,0.0,0.0,0.0,0.0,False,none
D-13300N,POP Green Tea 2gx100 (Japanese S) New,2,NJ,2024-03,2024-03-01,0.0,0.0,1.0,1.0,0.0,0.0,36.43,0.0,0.0,True,zero_sales_gap
D-13300N,POP Green Tea 2gx100 (Japanese S) New,2,NJ,2024-04,2024-04-01,0.0,0.0,1.0,1.0,0.0,0.0,36.43,0.0,0.0,True,zero_sales_gap
D-13300N,POP Green Tea 2gx100 (Japanese S) New,2,NJ,2024-05,2024-05-01,1.0,1.0,0.0,1.0,0.0,0.0,0.0,0.0,0.0,False,none
D-13300N,POP Green Tea 2gx100 (Japanese S) New,3,LA,2023-01,2023-01-01,16.0,16.0,0.0,16.0,1051.96,1051.96,1051.96,0.0,0.0,False,none
D-13300N,POP Green Tea 2gx100 (Japanese S) New,3,LA,2023-02,2023-02-01,17.0,17.0,0.0,17.0,1250.97,1250.97,1250.97,0.0,0.0,False,none
D-13300N,POP Green Tea 2gx100 (Japanese S) New,3,LA,2023-03,2023-03-01,15.0,15.0,0.0,15.0,1305.0,1305.0,1305.0,0.0,0.0,False,none
D-13300N,POP Green Tea 2gx100 (Japanese S) New,3,LA,2023-04,2023-04-01,9.0,9.0,0.0,9.0,600.98,600.98,600.98,0.0,0.0,False,none
D-13300N,POP Green Tea 2gx100 (Japanese S) New,3,LA,2023-05,2023-05-01,15.0,15.0,0.0,15.0,909.95,909.95,909.95,0.0,0.0,False,none
D-13300N,POP Green Tea 2gx100 (Japanese S) New,3,LA,2023-06,2023-06-01,10.0,10.0,0.0,10.0,30.0,30.0,30.0,0.0,0.0,False,none
D-13306,POP Green Tea 1.8gx100 JapaneseS (6ct/cs),1,SF,2023-06,2023-06-01,32.0,32.0,0.0,32.0,808.1,808.1,808.1,0.0,0.0,False,none
D-13306,POP Green Tea 1.8gx100 JapaneseS (6ct/cs),1,SF,2023-07,2023-07-01,24.0,24.0,0.0,24.0,389.02,389.02,389.02,0.0,0.0,False,none
D-13306,POP Green Tea 1.8gx100 JapaneseS (6ct/cs),1,SF,2023-08,2023-08-01,15.0,15.0,0.0,15.0,180.29,180.29,180.29,0.0,0.0,False,none
D-13306,POP Green Tea 1.8gx100 JapaneseS (6ct/cs),1,SF,2023-09,2023-09-01,19.0,19.0,0.0,19.0,312.34,312.34,312.34,0.0,0.0,False,none
D-13306,POP Green Tea 1.8gx100 JapaneseS (6ct/cs),1,SF,2023-10,2023-10-01,25.0,25.0,0.0,25.0,375.35,375.35,375.35,0.0,0.0,False,none
D-13306,POP Green Tea 1.8gx100 JapaneseS (6ct/cs),1,SF,2023-11,2023-11-01,35.0,35.0,0.0,35.0,574.11,574.11,574.11,0.0,0.0,False,none
D-13306,POP Green Tea 1.8gx100 JapaneseS (6ct/cs),1,SF,2023-12,2023-12-01,33.0,33.0,0.0,33.0,549.45,549.45,549.45,0.0,0.0,False,none
D-13306,POP Green Tea 1.8gx100 JapaneseS (6ct/cs),1,SF,2024-01,2024-01-01,48.0,48.0,0.0,48.0,804.89,804.89,804.89,0.0,0.0,False,none
D-13306,POP Green Tea 1.8gx100 JapaneseS (6ct/cs),1,SF,2024-02,2024-02-01,44.0,44.0,0.0,44.0,730.8100000000001,730.8100000000001,730.81,0.0,0.0,False,none
D-13306,POP Green Tea 1.8gx100 JapaneseS (6ct/cs),1,SF,2024-03,2024-03-01,51.0,51.0,0.0,51.0,876.2099999999999,876.2099999999999,876.21,0.0,0.0,False,none
D-13306,POP Green Tea 1.8gx100 JapaneseS (6ct/cs),1,SF,2024-04,2024-04-01,49.0,49.0,0.0,49.0,830.74,830.74,830.74,0.0,0.0,False,none
D-13306,POP Green Tea 1.8gx100 JapaneseS (6ct/cs),1,SF,2024-05,2024-05-01,42.0,42.0,0.0,42.0,667.04,667.04,667.04,0.0,0.0,False,none
D-13306,POP Green Tea 1.8gx100 JapaneseS (6ct/cs),1,SF,2024-06,2024-06-01,39.0,39.0,0.0,39.0,678.1999999999999,678.1999999999999,678.2,0.0,0.0,False,none
D-13306,POP Green Tea 1.8gx100 JapaneseS (6ct/cs),1,SF,2024-07,2024-07-01,33.0,33.0,0.0,33.0,447.65999999999997,447.65999999999997,447.66,0.0,0.0,False,none
D-13306,POP Green Tea 1.8gx100 JapaneseS (6ct/cs),1,SF,2024-08,2024-08-01,27.0,27.0,0.0,27.0,454.57,454.57,454.57,0.0,0.0,False,none
D-13306,POP Green Tea 1.8gx100 JapaneseS (6ct/cs),1,SF,2024-09,2024-09-01,48.0,48.0,0.0,48.0,769.95,769.95,769.95,0.0,0.0,False,none
D-13306,POP Green Tea 1.8gx100 JapaneseS (6ct/cs),1,SF,2024-10,2024-10-01,49.0,49.0,0.0,49.0,836.28,836.28,836.28,0.0,0.0,False,none
D-13306,POP Green Tea 1.8gx100 JapaneseS (6ct/cs),1,SF,2024-11,2024-11-01,36.0,36.0,0.0,36.0,622.6600000000001,622.6600000000001,622.66,0.0,0.0,False,none
D-13306,POP Green Tea 1.8gx100 JapaneseS (6ct/cs),1,SF,2024-12,2024-12-01,54.0,54.0,0.0,54.0,895.85,895.85,895.85,0.0,0.0,False,none
D-13306,POP Green Tea 1.8gx100 JapaneseS (6ct/cs),1,SF,2025-01,2025-01-01,49.0,49.0,0.0,49.0,850.84,850.84,850.84,0.0,0.0,False,none
D-13306,POP Green Tea 1.8gx100 JapaneseS (6ct/cs),1,SF,2025-02,2025-02-01,43.0,43.0,0.0,43.0,750.1,750.1,750.1,0.0,0.0,False,none
D-13306,POP Green Tea 1.8gx100 JapaneseS (6ct/cs),1,SF,2025-03,2025-03-01,46.0,46.0,0.0,46.0,665.25,665.25,665.25,0.0,0.0,False,none
D-13306,POP Green Tea 1.8gx100 JapaneseS (6ct/cs),1,SF,2025-04,2025-04-01,71.0,71.0,0.0,71.0,1166.61,1166.61,1166.61,0.0,0.0,False,none
D-13306,POP Green Tea 1.8gx100 JapaneseS (6ct/cs),1,SF,2025-05,2025-05-01,9.0,9.0,0.0,9.0,115.78,115.78,115.78,0.0,0.0,False,none
D-13306,POP Green Tea 1.8gx100 JapaneseS (6ct/cs),1,SF,2025-06,2025-06-01,0.0,0.0,49.0,49.0,0.0,0.0,630.36,0.0,0.0,True,zero_sales_gap
D-13306,POP Green Tea 1.8gx100 JapaneseS (6ct/cs),1,SF,2025-07,2025-07-01,47.0,47.0,0.0,47.0,796.8,796.8,796.8,0.0,0.0,False,none
D-13306,POP Green Tea 1.8gx100 JapaneseS (6ct/cs),1,SF,2025-08,2025-08-01,51.0,51.0,0.0,51.0,973.0799999999999,973.0799999999999,973.08,0.0,0.0,False,none
D-13306,POP Green Tea 1.8gx100 JapaneseS (6ct/cs),1,SF,2025-09,2025-09-01,48.0,48.0,0.0,48.0,911.99,911.99,911.99,0.0,0.0,False,none
D-13306,POP Green Tea 1.8gx100 JapaneseS (6ct/cs),1,SF,2025-10,2025-10-01,35.0,35.0,0.0,35.0,630.97,630.97,630.97,0.0,0.0,False,none
D-13306,POP Green Tea 1.8gx100 JapaneseS (6ct/cs),1,SF,2025-11,2025-11-01,41.0,41.0,0.0,41.0,715.94,715.94,715.94,0.0,0.0,False,none
D-13306,POP Green Tea 1.8gx100 JapaneseS (6ct/cs),1,SF,2025-12,2025-12-01,47.0,43.0,0.0,43.0,893.99,811.99,811.99,4.0,82.0,False,none
D-13306,POP Green Tea 1.8gx100 JapaneseS (6ct/cs),2,NJ,2023-06,2023-06-01,9.0,9.0,0.0,9.0,113.97,113.97,113.97,0.0,0.0,False,none
D-13306,POP Green Tea 1.8gx100 JapaneseS (6ct/cs),2,NJ,2023-07,2023-07-01,25.0,25.0,0.0,25.0,441.0,441.0,441.0,0.0,0.0,False,none
D-13306,POP Green Tea 1.8gx100 JapaneseS (6ct/cs),2,NJ,2023-08,2023-08-01,87.0,87.0,0.0,87.0,1332.98,1332.98,1332.98,0.0,0.0,False,none
D-13306,POP Green Tea 1.8gx100 JapaneseS (6ct/cs),2,NJ,2023-09,2023-09-01,6.0,6.0,68.5,74.5,87.98,87.98,1092.42,0.0,0.0,True,deep_drop_gap
D-13306,POP Green Tea 1.8gx100 JapaneseS (6ct/cs),2,NJ,2023-10,2023-10-01,63.0,63.0,0.0,63.0,1134.0,1134.0,1134.0,0.0,0.0,False,none
D-13306,POP Green Tea 1.8gx100 JapaneseS (6ct/cs),2,NJ,2023-11,2023-11-01,86.0,86.0,0.0,86.0,1283.14,1283.14,1283.14,0.0,0.0,False,none
D-13306,POP Green Tea 1.8gx100 JapaneseS (6ct/cs),2,NJ,2023-12,2023-12-01,25.0,25.0,60.0,85.0,448.2,448.2,1523.88,0.0,0.0,True,deep_drop_gap
D-13306,POP Green Tea 1.8gx100 JapaneseS (6ct/cs),2,NJ,2024-01,2024-01-01,84.0,84.0,0.0,84.0,1407.87,1407.87,1407.87,0.0,0.0,False,none
D-13306,POP Green Tea 1.8gx100 JapaneseS (6ct/cs),2,NJ,2024-02,2024-02-01,134.0,134.0,0.0,134.0,2017.98,2017.98,2017.98,0.0,0.0,False,none
D-13306,POP Green Tea 1.8gx100 JapaneseS (6ct/cs),2,NJ,2024-03,2024-03-01,30.0,30.0,57.5,87.5,540.0,540.0,1575.0,0.0,0.0,True,deep_drop_gap
D-13306,POP Green Tea 1.8gx100 JapaneseS (6ct/cs),2,NJ,2024-04,2024-04-01,91.0,91.0,0.0,91.0,1430.72,1430.72,1430.72,0.0,0.0,False,none
D-13306,POP Green Tea 1.8gx100 JapaneseS (6ct/cs),2,NJ,2024-05,2024-05-01,43.0,43.0,0.0,43.0,683.91,683.91,683.91,0.0,0.0,False,none
D-13306,POP Green Tea 1.8gx100 JapaneseS (6ct/cs),2,NJ,2024-06,2024-06-01,19.0,19.0,53.0,72.0,308.37,308.37,1168.56,0.0,0.0,True,deep_drop_gap
D-13306,POP Green Tea 1.8gx100 JapaneseS (6ct/cs),2,NJ,2024-07,2024-07-01,53.0,53.0,0.0,53.0,816.19,816.19,816.19,0.0,0.0,False,none
D-13306,POP Green Tea 1.8gx100 JapaneseS (6ct/cs),2,NJ,2024-08,2024-08-01,98.0,98.0,0.0,98.0,1473.41,1473.41,1473.41,0.0,0.0,False,none
D-13306,POP Green Tea 1.8gx100 JapaneseS (6ct/cs),2,NJ,2024-09,2024-09-01,35.0,35.0,0.0,35.0,654.22,654.22,654.22,0.0,0.0,False,none
D-13306,POP Green Tea 1.8gx100 JapaneseS (6ct/cs),2,NJ,2024-10,2024-10-01,75.0,75.0,0.0,75.0,1245.95,1245.95,1245.95,0.0,0.0,False,none
D-13306,POP Green Tea 1.8gx100 JapaneseS (6ct/cs),2,NJ,2024-11,2024-11-01,51.0,51.0,0.0,51.0,829.52,829.52,829.52,0.0,0.0,False,none
D-13306,POP Green Tea 1.8gx100 JapaneseS (6ct/cs),2,NJ,2024-12,2024-12-01,77.0,77.0,0.0,77.0,1192.3899999999999,1192.3899999999999,1192.39,0.0,0.0,False,none
D-13306,POP Green Tea 1.8gx100 JapaneseS (6ct/cs),2,NJ,2025-01,2025-01-01,91.0,91.0,0.0,91.0,1402.5,1402.5,1402.5,0.0,0.0,False,none
D-13306,POP Green Tea 1.8gx100 JapaneseS (6ct/cs),2,NJ,2025-02,2025-02-01,93.0,93.0,0.0,93.0,1476.76,1476.76,1476.76,0.0,0.0,False,none
D-13306,POP Green Tea 1.8gx100 JapaneseS (6ct/cs),2,NJ,2025-03,2025-03-01,47.0,47.0,0.0,47.0,727.96,727.96,727.96,0.0,0.0,False,none
D-13306,POP Green Tea 1.8gx100 JapaneseS (6ct/cs),2,NJ,2025-04,2025-04-01,47.0,47.0,0.0,47.0,752.37,752.37,752.37,0.0,0.0,False,none
D-13306,POP Green Tea 1.8gx100 JapaneseS (6ct/cs),2,NJ,2025-05,2025-05-01,39.0,39.0,0.0,39.0,663.0,663.0,663.0,0.0,0.0,False,none
D-13306,POP Green Tea 1.8gx100 JapaneseS (6ct/cs),2,NJ,2025-06,2025-06-01,2.0,2.0,41.0,43.0,15.98,15.98,343.57,0.0,0.0,True,deep_drop_gap
D-13306,POP Green Tea 1.8gx100 JapaneseS (6ct/cs),2,NJ,2025-07,2025-07-01,139.0,139.0,0.0,139.0,2080.39,2080.39,2080.39,0.0,0.0,False,none
D-13306,POP Green Tea 1.8gx100 JapaneseS (6ct/cs),2,NJ,2025-08,2025-08-01,33.0,33.0,0.0,33.0,625.96,625.96,625.96,0.0,0.0,False,none
D-13306,POP Green Tea 1.8gx100 JapaneseS (6ct/cs),2,NJ,2025-09,2025-09-01,45.0,45.0,0.0,45.0,838.93,838.93,838.93,0.0,0.0,False,none
D-13306,POP Green Tea 1.8gx100 JapaneseS (6ct/cs),2,NJ,2025-10,2025-10-01,103.0,103.0,0.0,103.0,1738.96,1738.96,1738.96,0.0,0.0,False,none
D-13306,POP Green Tea 1.8gx100 JapaneseS (6ct/cs),2,NJ,2025-11,2025-11-01,56.0,51.0,0.0,51.0,1089.62,984.62,984.62,5.0,104.99999999999989,False,none
D-13306,POP Green Tea 1.8gx100 JapaneseS (6ct/cs),2,NJ,2025-12,2025-12-01,48.0,48.0,0.0,48.0,899.96,899.96,899.96,0.0,0.0,False,none
D-13306,POP Green Tea 1.8gx100 JapaneseS (6ct/cs),3,LA,2023-06,2023-06-01,51.0,51.0,0.0,51.0,912.0,912.0,912.0,0.0,0.0,False,none
D-13306,POP Green Tea 1.8gx100 JapaneseS (6ct/cs),3,LA,2023-07,2023-07-01,23.0,23.0,0.0,23.0,403.99,403.99,403.99,0.0,0.0,False,none
D-13306,POP Green Tea 1.8gx100 JapaneseS (6ct/cs),3,LA,2023-08,2023-08-01,21.0,21.0,0.0,21.0,350.0,350.0,350.0,0.0,0.0,False,none
D-13306,POP Green Tea 1.8gx100 JapaneseS (6ct/cs),3,LA,2023-09,2023-09-01,14.0,14.0,0.0,14.0,252.0,252.0,252.0,0.0,0.0,False,none
D-13306,POP Green Tea 1.8gx100 JapaneseS (6ct/cs),3,LA,2023-10,2023-10-01,16.0,16.0,0.0,16.0,257.97,257.97,257.97,0.0,0.0,False,none
D-13306,POP Green Tea 1.8gx100 JapaneseS (6ct/cs),3,LA,2023-11,2023-11-01,11.0,11.0,0.0,11.0,198.0,198.0,198.0,0.0,0.0,False,none
D-13306,POP Green Tea 1.8gx100 JapaneseS (6ct/cs),3,LA,2023-12,2023-12-01,39.0,39.0,0.0,39.0,672.0,672.0,672.0,0.0,0.0,False,none
D-13306,POP Green Tea 1.8gx100 JapaneseS (6ct/cs),3,LA,2024-01,2024-01-01,57.0,57.0,0.0,57.0,951.0,951.0,951.0,0.0,0.0,False,none
D-13306,POP Green Tea 1.8gx100 JapaneseS (6ct/cs),3,LA,2024-02,2024-02-01,55.0,55.0,0.0,55.0,898.0,898.0,898.0,0.0,0.0,False,none
D-13306,POP Green Tea 1.8gx100 JapaneseS (6ct/cs),3,LA,2024-03,2024-03-01,85.0,85.0,0.0,85.0,1280.0,1280.0,1280.0,0.0,0.0,False,none
D-13306,POP Green Tea 1.8gx100 JapaneseS (6ct/cs),3,LA,2024-04,2024-04-01,32.0,32.0,0.0,32.0,524.0,524.0,524.0,0.0,0.0,False,none
D-13306,POP Green Tea 1.8gx100 JapaneseS (6ct/cs),3,LA,2024-05,2024-05-01,58.0,58.0,0.0,58.0,949.0,949.0,949.0,0.0,0.0,False,none
D-13306,POP Green Tea 1.8gx100 JapaneseS (6ct/cs),3,LA,2024-06,2024-06-01,26.0,26.0,0.0,26.0,425.99,425.99,425.99,0.0,0.0,False,none
D-13306,POP Green Tea 1.8gx100 JapaneseS (6ct/cs),3,LA,2024-07,2024-07-01,22.0,22.0,0.0,22.0,375.04,375.04,375.04,0.0,0.0,False,none
D-13306,POP Green Tea 1.8gx100 JapaneseS (6ct/cs),3,LA,2024-08,2024-08-01,51.0,51.0,0.0,51.0,782.0,782.0,782.0,0.0,0.0,False,none
D-13306,POP Green Tea 1.8gx100 JapaneseS (6ct/cs),3,LA,2024-09,2024-09-01,58.0,58.0,0.0,58.0,840.0,840.0,840.0,0.0,0.0,False,none
D-13306,POP Green Tea 1.8gx100 JapaneseS (6ct/cs),3,LA,2024-10,2024-10-01,16.0,16.0,33.5,49.5,268.0,268.0,829.12,0.0,0.0,True,deep_drop_gap
D-13306,POP Green Tea 1.8gx100 JapaneseS (6ct/cs),3,LA,2024-11,2024-11-01,33.0,33.0,0.0,33.0,577.99,577.99,577.99,0.0,0.0,False,none
D-13306,POP Green Tea 1.8gx100 JapaneseS (6ct/cs),3,LA,2024-12,2024-12-01,48.0,48.0,0.0,48.0,770.0,770.0,770.0,0.0,0.0,False,none
D-13306,POP Green Tea 1.8gx100 JapaneseS (6ct/cs),3,LA,2025-01,2025-01-01,16.0,16.0,0.0,16.0,278.0,278.0,278.0,0.0,0.0,False,none
D-13306,POP Green Tea 1.8gx100 JapaneseS (6ct/cs),3,LA,2025-02,2025-02-01,29.0,29.0,0.0,29.0,510.0,510.0,510.0,0.0,0.0,False,none
D-13306,POP Green Tea 1.8gx100 JapaneseS (6ct/cs),3,LA,2025-03,2025-03-01,33.0,33.0,0.0,33.0,564.0,564.0,564.0,0.0,0.0,False,none
D-13306,POP Green Tea 1.8gx100 JapaneseS (6ct/cs),3,LA,2025-04,2025-04-01,63.0,63.0,0.0,63.0,975.98,975.98,975.98,0.0,0.0,False,none
D-13306,POP Green Tea 1.8gx100 JapaneseS (6ct/cs),3,LA,2025-05,2025-05-01,51.0,51.0,0.0,51.0,842.24,842.24,842.24,0.0,0.0,False,none
D-13306,POP Green Tea 1.8gx100 JapaneseS (6ct/cs),3,LA,2025-06,2025-06-01,3.0,3.0,42.0,45.0,54.0,54.0,810.0,0.0,0.0,True,deep_drop_gap
D-13306,POP Green Tea 1.8gx100 JapaneseS (6ct/cs),3,LA,2025-07,2025-07-01,4.0,4.0,20.0,24.0,54.0,54.0,324.0,0.0,0.0,True,deep_drop_gap
D-13306,POP Green Tea 1.8gx100 JapaneseS (6ct/cs),3,LA,2025-08,2025-08-01,39.0,39.0,0.0,39.0,767.0,767.0,767.0,0.0,0.0,False,none
D-13306,POP Green Tea 1.8gx100 JapaneseS (6ct/cs),3,LA,2025-09,2025-09-01,9.0,9.0,22.0,31.0,189.0,189.0,651.0,0.0,0.0,True,deep_drop_gap
D-13306,POP Green Tea 1.8gx100 JapaneseS (6ct/cs),3,LA,2025-10,2025-10-01,23.0,23.0,0.0,23.0,477.0,477.0,477.0,0.0,0.0,False,none
D-13306,POP Green Tea 1.8gx100 JapaneseS (6ct/cs),3,LA,2025-11,2025-11-01,48.0,45.0,0.0,45.0,859.56,802.56,802.56,3.0,57.0,False,none
D-13306,POP Green Tea 1.8gx100 JapaneseS (6ct/cs),3,LA,2025-12,2025-12-01,39.0,39.0,0.0,39.0,802.99,802.99,802.99,0.0,0.0,False,none
D-13306,POP Green Tea 1.8gx100 JapaneseS (6ct/cs),E1,UNMAPPED,2024-12,2024-12-01,3.0,3.0,0.0,3.0,23.97,23.97,23.97,0.0,0.0,False,none
D-13306,POP Green Tea 1.8gx100 JapaneseS (6ct/cs),E1,UNMAPPED,2025-01,2025-01-01,0.0,0.0,2.5,2.5,0.0,0.0,19.97,0.0,0.0,True,zero_sales_gap
D-13306,POP Green Tea 1.8gx100 JapaneseS (6ct/cs),E1,UNMAPPED,2025-02,2025-02-01,0.0,0.0,2.0,2.0,0.0,0.0,15.98,0.0,0.0,True,zero_sales_gap
D-13306,POP Green Tea 1.8gx100 JapaneseS (6ct/cs),E1,UNMAPPED,2025-03,2025-03-01,2.0,2.0,0.0,2.0,15.98,15.98,15.98,0.0,0.0,False,none
D-13306,POP Green Tea 1.8gx100 JapaneseS (6ct/cs),E1,UNMAPPED,2025-04,2025-04-01,1.0,1.0,0.0,1.0,7.99,7.99,7.99,0.0,0.0,False,none
D-13400,POP Organic Green Tea 1.8gx200,2,NJ,2023-02,2023-02-01,150.0,150.0,0.0,150.0,15600.0,15600.0,15600.0,0.0,0.0,False,none
D-13400,POP Organic Green Tea 1.8gx200,2,NJ,2023-03,2023-03-01,0.0,0.0,150.0,150.0,0.0,0.0,15600.0,0.0,0.0,True,zero_sales_gap
D-13400,POP Organic Green Tea 1.8gx200,2,NJ,2023-04,2023-04-01,0.0,0.0,150.0,150.0,0.0,0.0,15600.0,0.0,0.0,True,zero_sales_gap
D-13400,POP Organic Green Tea 1.8gx200,2,NJ,2023-05,2023-05-01,0.0,0.0,0.0,0.0,0.0,0.0,0.0,0.0,0.0,False,none
D-13400,POP Organic Green Tea 1.8gx200,2,NJ,2023-06,2023-06-01,0.0,0.0,0.0,0.0,0.0,0.0,0.0,0.0,0.0,False,none
D-13400,POP Organic Green Tea 1.8gx200,2,NJ,2023-07,2023-07-01,0.0,0.0,0.0,0.0,0.0,0.0,0.0,0.0,0.0,False,none
D-13400,POP Organic Green Tea 1.8gx200,2,NJ,2023-08,2023-08-01,0.0,0.0,300.0,300.0,0.0,0.0,31200.0,0.0,0.0,True,zero_sales_gap
D-13400,POP Organic Green Tea 1.8gx200,2,NJ,2023-09,2023-09-01,0.0,0.0,300.0,300.0,0.0,0.0,31200.0,0.0,0.0,True,zero_sales_gap
D-13400,POP Organic Green Tea 1.8gx200,2,NJ,2023-10,2023-10-01,300.0,300.0,0.0,300.0,30000.0,30000.0,30000.0,0.0,0.0,False,none
D-13400,POP Organic Green Tea 1.8gx200,2,NJ,2023-11,2023-11-01,0.0,0.0,300.0,300.0,0.0,0.0,30000.0,0.0,0.0,True,zero_sales_gap
D-13400,POP Organic Green Tea 1.8gx200,2,NJ,2023-12,2023-12-01,0.0,0.0,300.0,300.0,0.0,0.0,30000.0,0.0,0.0,True,zero_sales_gap
D-13400,POP Organic Green Tea 1.8gx200,2,NJ,2024-01,2024-01-01,0.0,0.0,0.0,0.0,0.0,0.0,0.0,0.0,0.0,False,none
D-13400,POP Organic Green Tea 1.8gx200,2,NJ,2024-02,2024-02-01,0.0,0.0,0.0,0.0,0.0,0.0,0.0,0.0,0.0,False,none
D-13400,POP Organic Green Tea 1.8gx200,2,NJ,2024-03,2024-03-01,0.0,0.0,0.0,0.0,0.0,0.0,0.0,0.0,0.0,False,none
D-13400,POP Organic Green Tea 1.8gx200,2,NJ,2024-04,2024-04-01,0.0,0.0,410.0,410.0,0.0,0.0,41000.0,0.0,0.0,True,zero_sales_gap
D-13400,POP Organic Green Tea 1.8gx200,2,NJ,2024-05,2024-05-01,0.0,0.0,410.0,410.0,0.0,0.0,41000.0,0.0,0.0,True,zero_sales_gap
D-13400,POP Organic Green Tea 1.8gx200,2,NJ,2024-06,2024-06-01,410.0,410.0,0.0,410.0,41000.0,41000.0,41000.0,0.0,0.0,False,none
D-13400,POP Organic Green Tea 1.8gx200,2,NJ,2024-07,2024-07-01,0.0,0.0,410.0,410.0,0.0,0.0,41000.0,0.0,0.0,True,zero_sales_gap
D-13400,POP Organic Green Tea 1.8gx200,2,NJ,2024-08,2024-08-01,0.0,0.0,372.5,372.5,0.0,0.0,37250.0,0.0,0.0,True,zero_sales_gap
D-13400,POP Organic Green Tea 1.8gx200,2,NJ,2024-09,2024-09-01,0.0,0.0,335.0,335.0,0.0,0.0,33500.0,0.0,0.0,True,zero_sales_gap
D-13400,POP Organic Green Tea 1.8gx200,2,NJ,2024-10,2024-10-01,335.0,335.0,0.0,335.0,33500.0,33500.0,33500.0,0.0,0.0,False,none
D-13400,POP Organic Green Tea 1.8gx200,2,NJ,2024-11,2024-11-01,0.0,0.0,246.5,246.5,0.0,0.0,24650.0,0.0,0.0,True,zero_sales_gap
D-13400,POP Organic Green Tea 1.8gx200,2,NJ,2024-12,2024-12-01,0.0,0.0,246.5,246.5,0.0,0.0,24650.0,0.0,0.0,True,zero_sales_gap
D-13400,POP Organic Green Tea 1.8gx200,2,NJ,2025-01,2025-01-01,158.0,158.0,0.0,158.0,15010.0,15010.0,15010.0,0.0,0.0,False,none
D-13400,POP Organic Green Tea 1.8gx200,2,NJ,2025-02,2025-02-01,0.0,0.0,158.0,158.0,0.0,0.0,15010.0,0.0,0.0,True,zero_sales_gap
D-13400,POP Organic Green Tea 1.8gx200,2,NJ,2025-03,2025-03-01,0.0,0.0,158.0,158.0,0.0,0.0,15010.0,0.0,0.0,True,zero_sales_gap
D-13400,POP Organic Green Tea 1.8gx200,2,NJ,2025-04,2025-04-01,0.0,0.0,0.0,0.0,0.0,0.0,0.0,0.0,0.0,False,none
D-13400,POP Organic Green Tea 1.8gx200,2,NJ,2025-05,2025-05-01,0.0,0.0,0.0,0.0,0.0,0.0,0.0,0.0,0.0,False,none
D-13400,POP Organic Green Tea 1.8gx200,2,NJ,2025-06,2025-06-01,0.0,0.0,0.0,0.0,0.0,0.0,0.0,0.0,0.0,False,none
D-13400,POP Organic Green Tea 1.8gx200,2,NJ,2025-07,2025-07-01,0.0,0.0,0.0,0.0,0.0,0.0,0.0,0.0,0.0,False,none
D-13400,POP Organic Green Tea 1.8gx200,2,NJ,2025-08,2025-08-01,0.0,0.0,0.0,0.0,0.0,0.0,0.0,0.0,0.0,False,none
D-13400,POP Organic Green Tea 1.8gx200,2,NJ,2025-09,2025-09-01,0.0,0.0,0.0,0.0,0.0,0.0,0.0,0.0,0.0,False,none
D-13400,POP Organic Green Tea 1.8gx200,2,NJ,2025-10,2025-10-01,0.0,0.0,548.0,548.0,0.0,0.0,52060.0,0.0,0.0,True,zero_sales_gap
D-13400,POP Organic Green Tea 1.8gx200,2,NJ,2025-11,2025-11-01,0.0,0.0,548.0,548.0,0.0,0.0,52060.0,0.0,0.0,True,zero_sales_gap
D-13400,POP Organic Green Tea 1.8gx200,2,NJ,2025-12,2025-12-01,548.0,548.0,0.0,548.0,59184.0,59184.0,59184.0,0.0,0.0,False,none
D-14100N,POP Jasmine Tea 1.8gx100,1,SF,2023-01,2023-01-01,260.0,260.0,0.0,260.0,3278.92,3278.92,3278.92,0.0,0.0,False,none
D-14100N,POP Jasmine Tea 1.8gx100,1,SF,2023-02,2023-02-01,253.0,253.0,0.0,253.0,4022.42,4022.42,4022.42,0.0,0.0,False,none
D-14100N,POP Jasmine Tea 1.8gx100,1,SF,2023-03,2023-03-01,286.0,286.0,0.0,286.0,2571.69,2571.69,2571.69,0.0,0.0,False,none
D-14100N,POP Jasmine Tea 1.8gx100,1,SF,2023-04,2023-04-01,189.0,189.0,0.0,189.0,2153.1899999999996,2153.1899999999996,2153.19,0.0,0.0,False,none
D-14100N,POP Jasmine Tea 1.8gx100,1,SF,2023-05,2023-05-01,0.0,0.0,237.5,237.5,0.0,0.0,2705.73,0.0,0.0,True,zero_sales_gap
D-14100N,POP Jasmine Tea 1.8gx100,1,SF,2023-06,2023-06-01,0.0,0.0,95.5,95.5,0.0,0.0,1087.99,0.0,0.0,True,zero_sales_gap
D-14100N,POP Jasmine Tea 1.8gx100,1,SF,2023-07,2023-07-01,0.0,0.0,2.0,2.0,0.0,0.0,22.79,0.0,0.0,True,zero_sales_gap
D-14100N,POP Jasmine Tea 1.8gx100,1,SF,2023-08,2023-08-01,2.0,2.0,0.0,2.0,0.0,0.0,0.0,0.0,0.0,False,none
D-14100N,POP Jasmine Tea 1.8gx100,2,NJ,2023-01,2023-01-01,139.0,139.0,0.0,139.0,3793.5,3793.5,3793.5,0.0,0.0,False,none
D-14100N,POP Jasmine Tea 1.8gx100,2,NJ,2023-02,2023-02-01,39.0,39.0,80.0,119.0,2370.0,2370.0,7231.54,0.0,0.0,True,deep_drop_gap
D-14100N,POP Jasmine Tea 1.8gx100,2,NJ,2023-03,2023-03-01,119.0,119.0,0.0,119.0,3982.2,3982.2,3982.2,0.0,0.0,False,none
D-14100N,POP Jasmine Tea 1.8gx100,2,NJ,2023-04,2023-04-01,64.0,64.0,0.0,64.0,3510.19,3510.19,3510.19,0.0,0.0,False,none
D-14100N,POP Jasmine Tea 1.8gx100,2,NJ,2023-05,2023-05-01,19.0,19.0,0.0,19.0,660.0,660.0,660.0,0.0,0.0,False,none
D-14100N,POP Jasmine Tea 1.8gx100,2,NJ,2023-06,2023-06-01,0.0,0.0,41.5,41.5,0.0,0.0,1441.58,0.0,0.0,True,zero_sales_gap
D-14100N,POP Jasmine Tea 1.8gx100,2,NJ,2023-07,2023-07-01,0.0,0.0,19.0,19.0,0.0,0.0,660.0,0.0,0.0,True,zero_sales_gap
D-14100N,POP Jasmine Tea 1.8gx100,2,NJ,2023-08,2023-08-01,0.0,0.0,0.0,0.0,0.0,0.0,0.0,0.0,0.0,False,none
D-14100N,POP Jasmine Tea 1.8gx100,2,NJ,2023-09,2023-09-01,0.0,0.0,0.0,0.0,0.0,0.0,0.0,0.0,0.0,False,none
D-14100N,POP Jasmine Tea 1.8gx100,2,NJ,2023-10,2023-10-01,0.0,0.0,0.0,0.0,0.0,0.0,0.0,0.0,0.0,False,none
D-14100N,POP Jasmine Tea 1.8gx100,2,NJ,2023-11,2023-11-01,0.0,0.0,0.0,0.0,0.0,0.0,0.0,0.0,0.0,False,none
D-14100N,POP Jasmine Tea 1.8gx100,2,NJ,2023-12,2023-12-01,0.0,0.0,0.0,0.0,0.0,0.0,0.0,0.0,0.0,False,none
D-14100N,POP Jasmine Tea 1.8gx100,2,NJ,2024-01,2024-01-01,0.0,0.0,8.0,8.0,0.0,0.0,277.89,0.0,0.0,True,zero_sales_gap
D-14100N,POP Jasmine Tea 1.8gx100,2,NJ,2024-02,2024-02-01,0.0,0.0,7.0,7.0,0.0,0.0,243.16,0.0,0.0,True,zero_sales_gap
D-14100N,POP Jasmine Tea 1.8gx100,2,NJ,2024-03,2024-03-01,8.0,8.0,0.0,8.0,720.0,720.0,720.0,0.0,0.0,False,none
D-14100N,POP Jasmine Tea 1.8gx100,2,NJ,2024-04,2024-04-01,6.0,6.0,0.0,6.0,540.0,540.0,540.0,0.0,0.0,False,none
D-14100N,POP Jasmine Tea 1.8gx100,3,LA,2023-01,2023-01-01,53.0,53.0,0.0,53.0,1565.95,1565.95,1565.95,0.0,0.0,False,none
D-14100N,POP Jasmine Tea 1.8gx100,3,LA,2023-02,2023-02-01,41.0,41.0,0.0,41.0,1988.96,1988.96,1988.96,0.0,0.0,False,none
D-14100N,POP Jasmine Tea 1.8gx100,3,LA,2023-03,2023-03-01,34.0,34.0,0.0,34.0,2803.99,2803.99,2803.99,0.0,0.0,False,none
D-14100N,POP Jasmine Tea 1.8gx100,3,LA,2023-04,2023-04-01,27.0,27.0,0.0,27.0,1424.92,1424.92,1424.92,0.0,0.0,False,none
D-14100N,POP Jasmine Tea 1.8gx100,3,LA,2023-05,2023-05-01,44.0,44.0,0.0,44.0,199.0,199.0,199.0,0.0,0.0,False,none
D-14100N,POP Jasmine Tea 1.8gx100##23,3,LA,2023-06,2023-06-01,1.0,1.0,0.0,1.0,90.0,90.0,90.0,0.0,0.0,False,none
D-14100N,POP Jasmine Tea 1.8gx100##23,3,LA,2023-07,2023-07-01,2.0,2.0,0.0,2.0,0.0,0.0,0.0,0.0,0.0,False,none
D-14106,POP Jasmine Tea 1.8gx100 (6ct/cs),1,SF,2023-06,2023-06-01,292.0,292.0,0.0,292.0,4910.41,4910.41,4910.41,0.0,0.0,False,none
D-14106,POP Jasmine Tea 1.8gx100 (6ct/cs),1,SF,2023-07,2023-07-01,121.0,121.0,0.0,121.0,1937.54,1937.54,1937.54,0.0,0.0,False,none
D-14106,POP Jasmine Tea 1.8gx100 (6ct/cs),1,SF,2023-08,2023-08-01,76.0,76.0,0.0,76.0,1226.06,1226.06,1226.06,0.0,0.0,False,none
D-14106,POP Jasmine Tea 1.8gx100 (6ct/cs),1,SF,2023-09,2023-09-01,121.0,121.0,0.0,121.0,5148.82,5148.82,5148.82,0.0,0.0,False,none
D-14106,POP Jasmine Tea 1.8gx100 (6ct/cs),1,SF,2023-10,2023-10-01,127.0,127.0,0.0,127.0,2078.9,2078.9,2078.9,0.0,0.0,False,none
D-14106,POP Jasmine Tea 1.8gx100 (6ct/cs),1,SF,2023-11,2023-11-01,143.0,143.0,0.0,143.0,2254.61,2254.61,2254.61,0.0,0.0,False,none
D-14106,POP Jasmine Tea 1.8gx100 (6ct/cs),1,SF,2023-12,2023-12-01,150.0,144.0,0.0,144.0,2372.34,2285.94,2285.94,6.0,86.40000000000009,False,none
D-14106,POP Jasmine Tea 1.8gx100 (6ct/cs),1,SF,2024-01,2024-01-01,252.0,252.0,0.0,252.0,3955.87,3955.87,3955.87,0.0,0.0,False,none
D-14106,POP Jasmine Tea 1.8gx100 (6ct/cs),1,SF,2024-02,2024-02-01,130.0,130.0,0.0,130.0,2191.64,2191.64,2191.64,0.0,0.0,False,none
D-14106,POP Jasmine Tea 1.8gx100 (6ct/cs),1,SF,2024-03,2024-03-01,205.0,205.0,0.0,205.0,3313.93,3313.93,3313.93,0.0,0.0,False,none
D-14106,POP Jasmine Tea 1.8gx100 (6ct/cs),1,SF,2024-04,2024-04-01,111.0,111.0,0.0,111.0,1795.1,1795.1,1795.1,0.0,0.0,False,none
D-14106,POP Jasmine Tea 1.8gx100 (6ct/cs),1,SF,2024-05,2024-05-01,157.0,157.0,0.0,157.0,2592.64,2592.64,2592.64,0.0,0.0,False,none
D-14106,POP Jasmine Tea 1.8gx100 (6ct/cs),1,SF,2024-06,2024-06-01,87.0,87.0,0.0,87.0,1475.9199999999998,1475.9199999999998,1475.92,0.0,0.0,False,none
D-14106,POP Jasmine Tea 1.8gx100 (6ct/cs),1,SF,2024-07,2024-07-01,93.0,93.0,0.0,93.0,1471.74,1471.74,1471.74,0.0,0.0,False,none
D-14106,POP Jasmine Tea 1.8gx100 (6ct/cs),1,SF,2024-08,2024-08-01,136.0,136.0,0.0,136.0,2232.19,2232.19,2232.19,0.0,0.0,False,none
D-14106,POP Jasmine Tea 1.8gx100 (6ct/cs),1,SF,2024-09,2024-09-01,127.0,127.0,0.0,127.0,2091.5,2091.5,2091.5,0.0,0.0,False,none
D-14106,POP Jasmine Tea 1.8gx100 (6ct/cs),1,SF,2024-10,2024-10-01,175.0,175.0,0.0,175.0,2900.03,2900.03,2900.03,0.0,0.0,False,none
D-14106,POP Jasmine Tea 1.8gx100 (6ct/cs),1,SF,2024-11,2024-11-01,144.0,143.0,0.0,143.0,2289.4300000000003,2276.23,2276.23,1.0,13.200000000000273,False,none
D-14106,POP Jasmine Tea 1.8gx100 (6ct/cs),1,SF,2024-12,2024-12-01,209.0,204.0,0.0,204.0,3332.0099999999998,3262.71,3262.71,5.0,69.29999999999973,False,none
D-14106,POP Jasmine Tea 1.8gx100 (6ct/cs),1,SF,2025-01,2025-01-01,187.0,187.0,0.0,187.0,3108.5299999999997,3108.5299999999997,3108.53,0.0,0.0,False,none
D-14106,POP Jasmine Tea 1.8gx100 (6ct/cs),1,SF,2025-02,2025-02-01,157.0,157.0,0.0,157.0,2553.99,2553.99,2553.99,0.0,0.0,False,none
D-14106,POP Jasmine Tea 1.8gx100 (6ct/cs),1,SF,2025-03,2025-03-01,189.0,189.0,0.0,189.0,2828.63,2828.63,2828.63,0.0,0.0,False,none
D-14106,POP Jasmine Tea 1.8gx100 (6ct/cs),1,SF,2025-04,2025-04-01,141.0,140.0,0.0,140.0,2266.39,2248.09,2248.09,1.0,18.299999999999727,False,none
D-14106,POP Jasmine Tea 1.8gx100 (6ct/cs),1,SF,2025-05,2025-05-01,64.0,64.0,0.0,64.0,1037.3600000000001,1037.3600000000001,1037.36,0.0,0.0,False,none
D-14106,POP Jasmine Tea 1.8gx100 (6ct/cs),1,SF,2025-06,2025-06-01,0.0,0.0,127.0,127.0,0.0,0.0,2058.51,0.0,0.0,True,zero_sales_gap
D-14106,POP Jasmine Tea 1.8gx100 (6ct/cs),1,SF,2025-07,2025-07-01,134.0,134.0,0.0,134.0,2239.04,2239.04,2239.04,0.0,0.0,False,none
D-14106,POP Jasmine Tea 1.8gx100 (6ct/cs),1,SF,2025-08,2025-08-01,120.0,120.0,0.0,120.0,2193.3,2193.3,2193.3,0.0,0.0,False,none
D-14106,POP Jasmine Tea 1.8gx100 (6ct/cs),1,SF,2025-09,2025-09-01,244.0,244.0,0.0,244.0,4182.38,4182.38,4182.38,0.0,0.0,False,none
D-14106,POP Jasmine Tea 1.8gx100 (6ct/cs),1,SF,2025-10,2025-10-01,198.0,198.0,0.0,198.0,3188.39,3188.39,3188.39,0.0,0.0,False,none
D-14106,POP Jasmine Tea 1.8gx100 (6ct/cs),1,SF,2025-11,2025-11-01,1.0,1.0,197.0,198.0,16.5,16.5,3267.0,0.0,0.0,True,deep_drop_gap
D-14106,POP Jasmine Tea 1.8gx100 (6ct/cs),1,SF,2025-12,2025-12-01,121.0,116.0,0.0,116.0,2166.5,2061.5,2061.5,5.0,105.0,False,none
D-14106,POP Jasmine Tea 1.8gx100 (6ct/cs),2,NJ,2023-06,2023-06-01,113.0,113.0,0.0,113.0,1735.99,1735.99,1735.99,0.0,0.0,False,none
D-14106,POP Jasmine Tea 1.8gx100 (6ct/cs),2,NJ,2023-07,2023-07-01,179.0,179.0,0.0,179.0,3116.56,3116.56,3116.56,0.0,0.0,False,none
D-14106,POP Jasmine Tea 1.8gx100 (6ct/cs),2,NJ,2023-08,2023-08-01,228.0,228.0,0.0,228.0,3686.52,3686.52,3686.52,0.0,0.0,False,none
D-14106,POP Jasmine Tea 1.8gx100 (6ct/cs),2,NJ,2023-09,2023-09-01,55.0,55.0,134.5,189.5,962.48,962.48,3316.18,0.0,0.0,True,deep_drop_gap
D-14106,POP Jasmine Tea 1.8gx100 (6ct/cs),2,NJ,2023-10,2023-10-01,155.0,147.0,0.0,147.0,2737.88,2622.38,2622.38,8.0,115.5,False,none
D-14106,POP Jasmine Tea 1.8gx100 (6ct/cs),2,NJ,2023-11,2023-11-01,200.0,200.0,0.0,200.0,3210.38,3210.38,3210.38,0.0,0.0,False,none
D-14106,POP Jasmine Tea 1.8gx100 (6ct/cs),2,NJ,2023-12,2023-12-01,225.0,213.0,0.0,213.0,3275.48,3102.6800000000003,3102.68,12.0,172.79999999999973,False,none
D-14106,POP Jasmine Tea 1.8gx100 (6ct/cs),2,NJ,2024-01,2024-01-01,198.0,194.0,0.0,194.0,3377.82,3325.02,3325.02,4.0,52.80000000000018,False,none
D-14106,POP Jasmine Tea 1.8gx100 (6ct/cs),2,NJ,2024-02,2024-02-01,174.0,174.0,0.0,174.0,3031.7599999999998,3031.7599999999998,3031.76,0.0,0.0,False,none
D-14106,POP Jasmine Tea 1.8gx100 (6ct/cs),2,NJ,2024-03,2024-03-01,116.0,116.0,0.0,116.0,2041.39,2041.39,2041.39,0.0,0.0,False,none
D-14106,POP Jasmine Tea 1.8gx100 (6ct/cs),2,NJ,2024-04,2024-04-01,146.0,146.0,0.0,146.0,2362.4700000000003,2362.4700000000003,2362.47,0.0,0.0,False,none
D-14106,POP Jasmine Tea 1.8gx100 (6ct/cs),2,NJ,2024-05,2024-05-01,165.0,165.0,0.0,165.0,2874.65,2874.65,2874.65,0.0,0.0,False,none
D-14106,POP Jasmine Tea 1.8gx100 (6ct/cs),2,NJ,2024-06,2024-06-01,111.0,111.0,0.0,111.0,1980.9,1980.9,1980.9,0.0,0.0,False,none
D-14106,POP Jasmine Tea 1.8gx100 (6ct/cs),2,NJ,2024-07,2024-07-01,168.0,168.0,0.0,168.0,2706.48,2706.48,2706.48,0.0,0.0,False,none
D-14106,POP Jasmine Tea 1.8gx100 (6ct/cs),2,NJ,2024-08,2024-08-01,151.0,147.0,0.0,147.0,2373.5699999999997,2320.77,2320.77,4.0,52.79999999999973,False,none
D-14106,POP Jasmine Tea 1.8gx100 (6ct/cs),2,NJ,2024-09,2024-09-01,107.0,97.0,0.0,97.0,1926.0,1746.0,1746.0,10.0,180.0,False,none
D-14106,POP Jasmine Tea 1.8gx100 (6ct/cs),2,NJ,2024-10,2024-10-01,79.0,79.0,0.0,79.0,1357.99,1357.99,1357.99,0.0,0.0,False,none
D-14106,POP Jasmine Tea 1.8gx100 (6ct/cs),2,NJ,2024-11,2024-11-01,251.0,251.0,0.0,251.0,3970.71,3970.71,3970.71,0.0,0.0,False,none
D-14106,POP Jasmine Tea 1.8gx100 (6ct/cs),2,NJ,2024-12,2024-12-01,146.0,120.0,0.0,120.0,2350.7200000000003,1994.3200000000002,1994.32,26.0,356.4000000000001,False,none
D-14106,POP Jasmine Tea 1.8gx100 (6ct/cs),2,NJ,2025-01,2025-01-01,279.0,269.0,0.0,269.0,4375.9,4243.9,4243.9,10.0,132.0,False,none
D-14106,POP Jasmine Tea 1.8gx100 (6ct/cs),2,NJ,2025-02,2025-02-01,176.0,161.0,0.0,161.0,3083.64,2836.14,2836.14,15.0,247.5,False,none
D-14106,POP Jasmine Tea 1.8gx100 (6ct/cs),2,NJ,2025-03,2025-03-01,153.0,153.0,0.0,153.0,2611.93,2611.93,2611.93,0.0,0.0,False,none
D-14106,POP Jasmine Tea 1.8gx100 (6ct/cs),2,NJ,2025-04,2025-04-01,210.0,210.0,0.0,210.0,3348.48,3348.48,3348.48,0.0,0.0,False,none
D-14106,POP Jasmine Tea 1.8gx100 (6ct/cs),2,NJ,2025-05,2025-05-01,1.0,1.0,0.0,1.0,6.24,6.24,6.24,0.0,0.0,False,none
D-14106,POP Jasmine Tea 1.8gx100 (6ct/cs),2,NJ,2025-06,2025-06-01,0.0,0.0,168.5,168.5,0.0,0.0,1051.44,0.0,0.0,True,zero_sales_gap
D-14106,POP Jasmine Tea 1.8gx100 (6ct/cs),2,NJ,2025-07,2025-07-01,194.0,194.0,0.0,194.0,2930.4,2930.4,2930.4,0.0,0.0,False,none
D-14106,POP Jasmine Tea 1.8gx100 (6ct/cs),2,NJ,2025-08,2025-08-01,147.0,143.0,0.0,143.0,2813.85,2740.65,2740.65,4.0,73.19999999999982,False,none
D-14106,POP Jasmine Tea 1.8gx100 (6ct/cs),2,NJ,2025-09,2025-09-01,149.0,145.0,0.0,145.0,2852.9,2779.7,2779.7,4.0,73.20000000000027,False,none
D-14106,POP Jasmine Tea 1.8gx100 (6ct/cs),2,NJ,2025-10,2025-10-01,239.0,223.0,0.0,223.0,4196.28,3850.68,3850.68,16.0,345.5999999999999,False,none
D-14106,POP Jasmine Tea 1.8gx100 (6ct/cs),2,NJ,2025-11,2025-11-01,2.0,1.0,156.0,157.0,28.990000000000002,7.99,1254.43,1.0,21.0,True,deep_drop_gap
D-14106,POP Jasmine Tea 1.8gx100 (6ct/cs),2,NJ,2025-12,2025-12-01,160.0,157.0,0.0,157.0,3077.07,3012.27,3012.27,3.0,64.80000000000018,False,none
D-14106,POP Jasmine Tea 1.8gx100 (6ct/cs),3,LA,2023-06,2023-06-01,64.0,64.0,0.0,64.0,1051.9,1051.9,1051.9,0.0,0.0,False,none
D-14106,POP Jasmine Tea 1.8gx100 (6ct/cs),3,LA,2023-07,2023-07-01,51.0,51.0,0.0,51.0,907.99,907.99,907.99,0.0,0.0,False,none
D-14106,POP Jasmine Tea 1.8gx100 (6ct/cs),3,LA,2023-08,2023-08-01,70.0,70.0,0.0,70.0,1143.93,1143.93,1143.93,0.0,0.0,False,none
D-14106,POP Jasmine Tea 1.8gx100 (6ct/cs),3,LA,2023-09,2023-09-01,48.0,48.0,0.0,48.0,852.0,852.0,852.0,0.0,0.0,False,none
D-14106,POP Jasmine Tea 1.8gx100 (6ct/cs),3,LA,2023-10,2023-10-01,113.0,113.0,0.0,113.0,2019.0,2019.0,2019.0,0.0,0.0,False,none
D-14106,POP Jasmine Tea 1.8gx100 (6ct/cs),3,LA,2023-11,2023-11-01,87.0,87.0,0.0,87.0,1515.0,1515.0,1515.0,0.0,0.0,False,none
D-14106,POP Jasmine Tea 1.8gx100 (6ct/cs),3,LA,2023-12,2023-12-01,105.0,105.0,0.0,105.0,1842.5,1842.5,1842.5,0.0,0.0,False,none
D-14106,POP Jasmine Tea 1.8gx100 (6ct/cs),3,LA,2024-01,2024-01-01,99.0,97.0,0.0,97.0,1636.9,1610.5,1610.5,2.0,26.40000000000009,False,none
D-14106,POP Jasmine Tea 1.8gx100 (6ct/cs),3,LA,2024-02,2024-02-01,85.0,85.0,0.0,85.0,1423.0,1423.0,1423.0,0.0,0.0,False,none
D-14106,POP Jasmine Tea 1.8gx100 (6ct/cs),3,LA,2024-03,2024-03-01,123.0,123.0,0.0,123.0,1940.6,1940.6,1940.6,0.0,0.0,False,none
D-14106,POP Jasmine Tea 1.8gx100 (6ct/cs),3,LA,2024-04,2024-04-01,120.0,108.0,0.0,108.0,1896.4,1738.0,1738.0,12.0,158.4000000000001,False,none
D-14106,POP Jasmine Tea 1.8gx100 (6ct/cs),3,LA,2024-05,2024-05-01,75.0,75.0,0.0,75.0,1236.0,1236.0,1236.0,0.0,0.0,False,none
D-14106,POP Jasmine Tea 1.8gx100 (6ct/cs),3,LA,2024-06,2024-06-01,93.0,93.0,0.0,93.0,1506.5,1506.5,1506.5,0.0,0.0,False,none
D-14106,POP Jasmine Tea 1.8gx100 (6ct/cs),3,LA,2024-07,2024-07-01,52.0,52.0,0.0,52.0,906.04,906.04,906.04,0.0,0.0,False,none
D-14106,POP Jasmine Tea 1.8gx100 (6ct/cs),3,LA,2024-08,2024-08-01,81.0,81.0,0.0,81.0,1239.5,1239.5,1239.5,0.0,0.0,False,none
D-14106,POP Jasmine Tea 1.8gx100 (6ct/cs),3,LA,2024-09,2024-09-01,57.0,57.0,0.0,57.0,967.0,967.0,967.0,0.0,0.0,False,none
D-14106,POP Jasmine Tea 1.8gx100 (6ct/cs),3,LA,2024-10,2024-10-01,110.0,110.0,0.0,110.0,1762.5,1762.5,1762.5,0.0,0.0,False,none
D-14106,POP Jasmine Tea 1.8gx100 (6ct/cs),3,LA,2024-11,2024-11-01,66.0,65.0,0.0,65.0,1115.69,1102.49,1102.49,1.0,13.200000000000045,False,none
D-14106,POP Jasmine Tea 1.8gx100 (6ct/cs),3,LA,2024-12,2024-12-01,83.0,81.0,0.0,81.0,1322.4,1296.0,1296.0,2.0,26.40000000000009,False,none
D-14106,POP Jasmine Tea 1.8gx100 (6ct/cs),3,LA,2025-01,2025-01-01,164.0,164.0,0.0,164.0,2428.8,2428.8,2428.8,0.0,0.0,False,none
D-14106,POP Jasmine Tea 1.8gx100 (6ct/cs),3,LA,2025-02,2025-02-01,56.0,54.0,0.0,54.0,951.98,918.98,918.98,2.0,33.0,False,none
D-14106,POP Jasmine Tea 1.8gx100 (6ct/cs),3,LA,2025-03,2025-03-01,54.0,54.0,0.0,54.0,912.0,912.0,912.0,0.0,0.0,False,none
D-14106,POP Jasmine Tea 1.8gx100 (6ct/cs),3,LA,2025-04,2025-04-01,134.0,134.0,0.0,134.0,2194.42,2194.42,2194.42,0.0,0.0,False,none
D-14106,POP Jasmine Tea 1.8gx100 (6ct/cs),3,LA,2025-05,2025-05-01,67.0,67.0,0.0,67.0,1029.42,1029.42,1029.42,0.0,0.0,False,none
D-14106,POP Jasmine Tea 1.8gx100 (6ct/cs),3,LA,2025-06,2025-06-01,7.0,7.0,72.5,79.5,123.0,123.0,1396.93,0.0,0.0,True,deep_drop_gap
D-14106,POP Jasmine Tea 1.8gx100 (6ct/cs),3,LA,2025-07,2025-07-01,69.0,69.0,0.0,69.0,1099.9,1099.9,1099.9,0.0,0.0,False,none
D-14106,POP Jasmine Tea 1.8gx100 (6ct/cs),3,LA,2025-08,2025-08-01,90.0,90.0,0.0,90.0,1412.4,1412.4,1412.4,0.0,0.0,False,none
D-14106,POP Jasmine Tea 1.8gx100 (6ct/cs),3,LA,2025-09,2025-09-01,51.0,50.0,0.0,50.0,976.8,958.5,958.5,1.0,18.299999999999955,False,none
D-14106,POP Jasmine Tea 1.8gx100 (6ct/cs),3,LA,2025-10,2025-10-01,108.0,108.0,0.0,108.0,1956.94,1956.94,1956.94,0.0,0.0,False,none
D-14106,POP Jasmine Tea 1.8gx100 (6ct/cs),3,LA,2025-11,2025-11-01,85.0,76.0,0.0,76.0,1448.56,1261.96,1261.96,9.0,186.5999999999999,False,none
D-14106,POP Jasmine Tea 1.8gx100 (6ct/cs),3,LA,2025-12,2025-12-01,59.0,59.0,0.0,59.0,1117.99,1117.99,1117.99,0.0,0.0,False,none
D-14106,POP Jasmine Tea 1.8gx100 (6ct/cs),E1,UNMAPPED,2024-12,2024-12-01,4.0,4.0,0.0,4.0,31.96,31.96,31.96,0.0,0.0,False,none
D-14106,POP Jasmine Tea 1.8gx100 (6ct/cs),E1,UNMAPPED,2025-01,2025-01-01,7.0,7.0,0.0,7.0,55.93000000000001,55.93000000000001,55.93,0.0,0.0,False,none
D-14106,POP Jasmine Tea 1.8gx100 (6ct/cs),E1,UNMAPPED,2025-02,2025-02-01,0.0,0.0,4.0,4.0,0.0,0.0,31.96,0.0,0.0,True,zero_sales_gap
D-14106,POP Jasmine Tea 1.8gx100 (6ct/cs),E1,UNMAPPED,2025-03,2025-03-01,1.0,1.0,0.0,1.0,7.99,7.99,7.99,0.0,0.0,False,none
D-14200N,POP Organic Jasmine Tea 1.8gx100,1,SF,2023-01,2023-01-01,325.0,325.0,0.0,325.0,8771.539999999999,8771.539999999999,8771.54,0.0,0.0,False,none
D-14200N,POP Organic Jasmine Tea 1.8gx100,1,SF,2023-02,2023-02-01,127.0,127.0,0.0,127.0,4792.85,4792.85,4792.85,0.0,0.0,False,none
D-14200N,POP Organic Jasmine Tea 1.8gx100,1,SF,2023-03,2023-03-01,306.0,306.0,0.0,306.0,10567.74,10567.74,10567.74,0.0,0.0,False,none
D-14200N,POP Organic Jasmine Tea 1.8gx100,1,SF,2023-04,2023-04-01,173.0,173.0,0.0,173.0,2954.7000000000003,2954.7000000000003,2954.7,0.0,0.0,False,none
D-14200N,POP Organic Jasmine Tea 1.8gx100,1,SF,2023-05,2023-05-01,141.0,141.0,0.0,141.0,3883.52,3883.52,3883.52,0.0,0.0,False,none
D-14200N,POP Organic Jasmine Tea 1.8gx100,1,SF,2023-06,2023-06-01,0.0,0.0,141.0,141.0,0.0,0.0,3883.52,0.0,0.0,True,zero_sales_gap
D-14200N,POP Organic Jasmine Tea 1.8gx100,1,SF,2023-07,2023-07-01,0.0,0.0,71.5,71.5,0.0,0.0,1969.3,0.0,0.0,True,zero_sales_gap
D-14200N,POP Organic Jasmine Tea 1.8gx100,1,SF,2023-08,2023-08-01,2.0,2.0,0.0,2.0,0.0,0.0,0.0,0.0,0.0,False,none
D-14200N,POP Organic Jasmine Tea 1.8gx100,2,NJ,2023-01,2023-01-01,94.0,94.0,0.0,94.0,8899.09,8899.09,8899.09,0.0,0.0,False,none
D-14200N,POP Organic Jasmine Tea 1.8gx100,2,NJ,2023-02,2023-02-01,130.0,130.0,0.0,130.0,9615.19,9615.19,9615.19,0.0,0.0,False,none
D-14200N,POP Organic Jasmine Tea 1.8gx100,2,NJ,2023-03,2023-03-01,123.0,123.0,0.0,123.0,9178.0,9178.0,9178.0,0.0,0.0,False,none
D-14200N,POP Organic Jasmine Tea 1.8gx100,2,NJ,2023-04,2023-04-01,104.0,104.0,0.0,104.0,5354.12,5354.12,5354.12,0.0,0.0,False,none
D-14200N,POP Organic Jasmine Tea 1.8gx100,2,NJ,2023-05,2023-05-01,94.0,94.0,0.0,94.0,7349.97,7349.97,7349.97,0.0,0.0,False,none
D-14200N,POP Organic Jasmine Tea 1.8gx100,2,NJ,2023-06,2023-06-01,11.0,11.0,0.0,11.0,990.0,990.0,990.0,0.0,0.0,False,none
D-14200N,POP Organic Jasmine Tea 1.8gx100,3,LA,2023-01,2023-01-01,150.0,150.0,0.0,150.0,9066.4,9066.4,9066.4,0.0,0.0,False,none
D-14200N,POP Organic Jasmine Tea 1.8gx100,3,LA,2023-02,2023-02-01,86.0,86.0,0.0,86.0,3458.35,3458.35,3458.35,0.0,0.0,False,none
D-14200N,POP Organic Jasmine Tea 1.8gx100,3,LA,2023-03,2023-03-01,115.0,115.0,0.0,115.0,9469.37,9469.37,9469.37,0.0,0.0,False,none
D-14200N,POP Organic Jasmine Tea 1.8gx100,3,LA,2023-04,2023-04-01,60.0,60.0,0.0,60.0,6057.97,6057.97,6057.97,0.0,0.0,False,none
D-14200N,POP Organic Jasmine Tea 1.8gx100,3,LA,2023-05,2023-05-01,68.0,68.0,0.0,68.0,4129.98,4129.98,4129.98,0.0,0.0,False,none
D-14200N,POP Organic Jasmine Tea 1.8gx100##23,1,SF,2023-08,2023-08-01,2.0,2.0,0.0,2.0,8.99,8.99,8.99,0.0,0.0,False,none
D-14200N,POP Organic Jasmine Tea 1.8gx100##23,1,SF,2023-09,2023-09-01,56.0,56.0,0.0,56.0,314.0,314.0,314.0,0.0,0.0,False,none
D-14200N,POP Organic Jasmine Tea 1.8gx100##23,1,SF,2023-10,2023-10-01,15.0,15.0,0.0,15.0,239.84,239.84,239.84,0.0,0.0,False,none
D-14206,POP OG Jasmine Tea 1.8gx100 (6ct/cs),1,SF,2023-06,2023-06-01,153.0,153.0,0.0,153.0,3199.02,3199.02,3199.02,0.0,0.0,False,none
D-14206,POP OG Jasmine Tea 1.8gx100 (6ct/cs),1,SF,2023-07,2023-07-01,77.0,77.0,0.0,77.0,1843.6399999999999,1843.6399999999999,1843.64,0.0,0.0,False,none
D-14206,POP OG Jasmine Tea 1.8gx100 (6ct/cs),1,SF,2023-08,2023-08-01,473.0,473.0,0.0,473.0,8566.51,8566.51,8566.51,0.0,0.0,False,none
D-14206,POP OG Jasmine Tea 1.8gx100 (6ct/cs),1,SF,2023-09,2023-09-01,105.0,44.0,237.5,281.5,2128.88,847.88,5424.5,61.0,1281.0,True,deep_drop_gap
D-14206,POP OG Jasmine Tea 1.8gx100 (6ct/cs),1,SF,2023-10,2023-10-01,471.0,471.0,0.0,471.0,9584.4,9584.4,9584.4,0.0,0.0,False,none
D-14206,POP OG Jasmine Tea 1.8gx100 (6ct/cs),1,SF,2023-11,2023-11-01,92.0,92.0,0.0,92.0,1719.1200000000001,1719.1200000000001,1719.12,0.0,0.0,False,none
D-14206,POP OG Jasmine Tea 1.8gx100 (6ct/cs),1,SF,2023-12,2023-12-01,257.0,207.0,0.0,207.0,5055.77,4095.77,4095.77,50.0,960.0000000000005,False,none
D-14206,POP OG Jasmine Tea 1.8gx100 (6ct/cs),1,SF,2024-01,2024-01-01,347.0,253.0,0.0,253.0,6535.78,4956.58,4956.58,94.0,1579.1999999999998,False,none
D-14206,POP OG Jasmine Tea 1.8gx100 (6ct/cs),1,SF,2024-02,2024-02-01,281.0,281.0,0.0,281.0,5912.719999999999,5912.719999999999,5912.72,0.0,0.0,False,none
D-14206,POP OG Jasmine Tea 1.8gx100 (6ct/cs),1,SF,2024-03,2024-03-01,213.0,213.0,0.0,213.0,4152.37,4152.37,4152.37,0.0,0.0,False,none
D-14206,POP OG Jasmine Tea 1.8gx100 (6ct/cs),1,SF,2024-04,2024-04-01,614.0,297.0,0.0,297.0,11355.2,6029.599999999999,6029.6,317.0,5325.600000000001,False,none
D-14206,POP OG Jasmine Tea 1.8gx100 (6ct/cs),1,SF,2024-05,2024-05-01,223.0,201.0,0.0,201.0,4431.68,3969.6800000000003,3969.68,22.0,462.0,False,none
D-14206,POP OG Jasmine Tea 1.8gx100 (6ct/cs),1,SF,2024-06,2024-06-01,125.0,125.0,0.0,125.0,2510.18,2510.18,2510.18,0.0,0.0,False,none
D-14206,POP OG Jasmine Tea 1.8gx100 (6ct/cs),1,SF,2024-07,2024-07-01,94.0,94.0,0.0,94.0,1756.66,1756.66,1756.66,0.0,0.0,False,none
D-14206,POP OG Jasmine Tea 1.8gx100 (6ct/cs),1,SF,2024-08,2024-08-01,396.0,116.0,0.0,116.0,6942.47,2238.4700000000003,2238.47,280.0,4704.0,False,none
D-14206,POP OG Jasmine Tea 1.8gx100 (6ct/cs),1,SF,2024-09,2024-09-01,59.0,39.0,120.0,159.0,1251.58,771.5799999999999,3145.67,20.0,480.0,True,deep_drop_gap
D-14206,POP OG Jasmine Tea 1.8gx100 (6ct/cs),1,SF,2024-10,2024-10-01,387.0,387.0,0.0,387.0,7475.9400000000005,7475.9400000000005,7475.94,0.0,0.0,False,none
D-14206,POP OG Jasmine Tea 1.8gx100 (6ct/cs),1,SF,2024-11,2024-11-01,335.0,202.0,0.0,202.0,6120.85,3815.0499999999997,3815.05,133.0,2305.8000000000006,False,none
D-14206,POP OG Jasmine Tea 1.8gx100 (6ct/cs),1,SF,2024-12,2024-12-01,376.0,189.0,0.0,189.0,6769.500000000001,3627.9,3627.9,187.0,3141.600000000001,False,none
D-14206,POP OG Jasmine Tea 1.8gx100 (6ct/cs),1,SF,2025-01,2025-01-01,374.0,374.0,0.0,374.0,6683.610000000001,6683.610000000001,6683.61,0.0,0.0,False,none
D-14206,POP OG Jasmine Tea 1.8gx100 (6ct/cs),1,SF,2025-02,2025-02-01,239.0,154.0,0.0,154.0,4843.4,3058.4,3058.4,85.0,1784.9999999999995,False,none
D-14206,POP OG Jasmine Tea 1.8gx100 (6ct/cs),1,SF,2025-03,2025-03-01,151.0,100.0,0.0,100.0,3244.66,2066.56,2066.56,51.0,1178.1,False,none
D-14206,POP OG Jasmine Tea 1.8gx100 (6ct/cs),1,SF,2025-04,2025-04-01,316.0,102.0,0.0,102.0,6051.799999999999,1468.76,1468.76,214.0,4583.039999999999,False,none
D-14206,POP OG Jasmine Tea 1.8gx100 (6ct/cs),1,SF,2025-05,2025-05-01,306.0,306.0,0.0,306.0,5818.44,5818.44,5818.44,0.0,0.0,False,none
D-14206,POP OG Jasmine Tea 1.8gx100 (6ct/cs),1,SF,2025-06,2025-06-01,138.0,121.0,0.0,121.0,2906.48,2513.7799999999997,2513.78,17.0,392.7000000000003,False,none
D-14206,POP OG Jasmine Tea 1.8gx100 (6ct/cs),1,SF,2025-07,2025-07-01,232.0,147.0,0.0,147.0,5117.88,3154.38,3154.38,85.0,1963.5,False,none
D-14206,POP OG Jasmine Tea 1.8gx100 (6ct/cs),1,SF,2025-08,2025-08-01,144.0,144.0,0.0,144.0,3226.9799999999996,3226.9799999999996,3226.98,0.0,0.0,False,none
D-14206,POP OG Jasmine Tea 1.8gx100 (6ct/cs),1,SF,2025-09,2025-09-01,541.0,100.0,0.0,100.0,12229.589999999998,2042.49,2042.49,441.0,10187.099999999999,False,none
D-14206,POP OG Jasmine Tea 1.8gx100 (6ct/cs),1,SF,2025-10,2025-10-01,133.0,133.0,0.0,133.0,2530.59,2530.59,2530.59,0.0,0.0,False,none
D-14206,POP OG Jasmine Tea 1.8gx100 (6ct/cs),1,SF,2025-11,2025-11-01,54.0,54.0,0.0,54.0,1140.7,1140.7,1140.7,0.0,0.0,False,none
D-14206,POP OG Jasmine Tea 1.8gx100 (6ct/cs),1,SF,2025-12,2025-12-01,165.0,163.0,0.0,163.0,3607.6099999999997,3557.6099999999997,3557.61,2.0,50.0,False,none
D-14206,POP OG Jasmine Tea 1.8gx100 (6ct/cs),2,NJ,2023-06,2023-06-01,75.0,75.0,0.0,75.0,1425.0,1425.0,1425.0,0.0,0.0,False,none
D-14206,POP OG Jasmine Tea 1.8gx100 (6ct/cs),2,NJ,2023-07,2023-07-01,191.0,191.0,0.0,191.0,4005.0,4005.0,4005.0,0.0,0.0,False,none
D-14206,POP OG Jasmine Tea 1.8gx100 (6ct/cs),2,NJ,2023-08,2023-08-01,933.0,933.0,0.0,933.0,17455.469999999998,17455.469999999998,17455.47,0.0,0.0,False,none
D-14206,POP OG Jasmine Tea 1.8gx100 (6ct/cs),2,NJ,2023-09,2023-09-01,151.0,91.0,0.0,91.0,2750.27,1742.27,1742.27,60.0,1008.0,False,none
D-14206,POP OG Jasmine Tea 1.8gx100 (6ct/cs),2,NJ,2023-10,2023-10-01,434.0,418.0,0.0,418.0,8587.130000000001,8284.73,8284.73,16.0,302.40000000000146,False,none
D-14206,POP OG Jasmine Tea 1.8gx100 (6ct/cs),2,NJ,2023-11,2023-11-01,309.0,309.0,0.0,309.0,5974.7,5974.7,5974.7,0.0,0.0,False,none
D-14206,POP OG Jasmine Tea 1.8gx100 (6ct/cs),2,NJ,2023-12,2023-12-01,480.0,147.0,0.0,147.0,8910.25,2940.25,2940.25,333.0,5970.0,False,none
D-14206,POP OG Jasmine Tea 1.8gx100 (6ct/cs),2,NJ,2024-01,2024-01-01,508.0,363.0,0.0,363.0,9375.27,6939.2699999999995,6939.27,145.0,2436.000000000001,False,none
D-14206,POP OG Jasmine Tea 1.8gx100 (6ct/cs),2,NJ,2024-02,2024-02-01,467.0,297.0,0.0,297.0,9617.48,6047.48,6047.48,170.0,3570.0,False,none
D-14206,POP OG Jasmine Tea 1.8gx100 (6ct/cs),2,NJ,2024-03,2024-03-01,402.0,400.0,0.0,400.0,7909.71,7876.110000000001,7876.11,2.0,33.599999999999454,False,none
D-14206,POP OG Jasmine Tea 1.8gx100 (6ct/cs),2,NJ,2024-04,2024-04-01,1008.0,1007.0,0.0,1007.0,18799.86,18783.059999999998,18783.06,1.0,16.80000000000291,False,none
D-14206,POP OG Jasmine Tea 1.8gx100 (6ct/cs),2,NJ,2024-05,2024-05-01,177.0,160.0,0.0,160.0,3718.59,3361.59,3361.59,17.0,357.0,False,none
D-14206,POP OG Jasmine Tea 1.8gx100 (6ct/cs),2,NJ,2024-06,2024-06-01,114.0,114.0,0.0,114.0,2328.96,2328.96,2328.96,0.0,0.0,False,none
D-14206,POP OG Jasmine Tea 1.8gx100 (6ct/cs),2,NJ,2024-07,2024-07-01,358.0,256.0,0.0,256.0,6489.93,4776.33,4776.33,102.0,1713.6000000000004,False,none
D-14206,POP OG Jasmine Tea 1.8gx100 (6ct/cs),2,NJ,2024-08,2024-08-01,312.0,144.0,0.0,144.0,5930.29,2822.29,2822.29,168.0,3108.0,False,none
D-14206,POP OG Jasmine Tea 1.8gx100 (6ct/cs),2,NJ,2024-09,2024-09-01,149.0,139.0,0.0,139.0,3047.5499999999997,2807.5499999999997,2807.55,10.0,240.0,False,none
D-14206,POP OG Jasmine Tea 1.8gx100 (6ct/cs),2,NJ,2024-10,2024-10-01,321.0,185.0,0.0,185.0,5932.57,3647.77,3647.77,136.0,2284.7999999999997,False,none
D-14206,POP OG Jasmine Tea 1.8gx100 (6ct/cs),2,NJ,2024-11,2024-11-01,218.0,218.0,0.0,218.0,4168.45,4168.45,4168.45,0.0,0.0,False,none
D-14206,POP OG Jasmine Tea 1.8gx100 (6ct/cs),2,NJ,2024-12,2024-12-01,344.0,262.0,0.0,262.0,6411.89,5034.29,5034.29,82.0,1377.6000000000004,False,none
D-14206,POP OG Jasmine Tea 1.8gx100 (6ct/cs),2,NJ,2025-01,2025-01-01,597.0,412.0,0.0,412.0,11778.41,8527.609999999999,8527.61,185.0,3250.800000000001,False,none
D-14206,POP OG Jasmine Tea 1.8gx100 (6ct/cs),2,NJ,2025-02,2025-02-01,629.0,139.0,0.0,139.0,13254.189999999999,2964.19,2964.19,490.0,10289.999999999998,False,none
D-14206,POP OG Jasmine Tea 1.8gx100 (6ct/cs),2,NJ,2025-03,2025-03-01,229.0,206.0,0.0,206.0,4396.08,3892.5,3892.5,23.0,503.5799999999999,False,none
D-14206,POP OG Jasmine Tea 1.8gx100 (6ct/cs),2,NJ,2025-04,2025-04-01,488.0,210.0,0.0,210.0,8988.28,3823.12,3823.12,278.0,5165.160000000001,False,none
D-14206,POP OG Jasmine Tea 1.8gx100 (6ct/cs),2,NJ,2025-05,2025-05-01,371.0,276.0,0.0,276.0,7290.1900000000005,5516.11,5516.11,95.0,1774.0800000000008,False,none
D-14206,POP OG Jasmine Tea 1.8gx100 (6ct/cs),2,NJ,2025-06,2025-06-01,254.0,220.0,0.0,220.0,5367.43,4582.03,4582.03,34.0,785.4000000000005,False,none
D-14206,POP OG Jasmine Tea 1.8gx100 (6ct/cs),2,NJ,2025-07,2025-07-01,264.0,264.0,0.0,264.0,5302.11,5302.11,5302.11,0.0,0.0,False,none
D-14206,POP OG Jasmine Tea 1.8gx100 (6ct/cs),2,NJ,2025-08,2025-08-01,184.0,170.0,0.0,170.0,4561.98,4238.58,4238.58,14.0,323.39999999999964,False,none
D-14206,POP OG Jasmine Tea 1.8gx100 (6ct/cs),2,NJ,2025-09,2025-09-01,264.0,61.0,0.0,61.0,6183.84,1494.54,1494.54,203.0,4689.3,False,none
D-14206,POP OG Jasmine Tea 1.8gx100 (6ct/cs),2,NJ,2025-10,2025-10-01,203.0,203.0,0.0,203.0,4845.1900000000005,4845.1900000000005,4845.19,0.0,0.0,False,none
D-14206,POP OG Jasmine Tea 1.8gx100 (6ct/cs),2,NJ,2025-11,2025-11-01,221.0,215.0,0.0,215.0,5195.099999999999,5031.66,5031.66,6.0,163.4399999999996,False,none
D-14206,POP OG Jasmine Tea 1.8gx100 (6ct/cs),2,NJ,2025-12,2025-12-01,147.0,93.0,0.0,93.0,3723.6600000000003,2246.2200000000003,2246.22,54.0,1477.44,False,none
D-14206,POP OG Jasmine Tea 1.8gx100 (6ct/cs),3,LA,2023-06,2023-06-01,354.0,354.0,0.0,354.0,2220.0,2220.0,2220.0,0.0,0.0,False,none
D-14206,POP OG Jasmine Tea 1.8gx100 (6ct/cs),3,LA,2023-07,2023-07-01,95.0,95.0,259.0,354.0,2088.0,2088.0,7780.55,0.0,0.0,True,deep_drop_gap
D-14206,POP OG Jasmine Tea 1.8gx100 (6ct/cs),3,LA,2023-08,2023-08-01,686.0,686.0,0.0,686.0,11652.779999999999,11652.779999999999,11652.78,0.0,0.0,False,none
D-14206,POP OG Jasmine Tea 1.8gx100 (6ct/cs),3,LA,2023-09,2023-09-01,67.0,50.0,0.0,50.0,1397.91,1040.91,1040.91,17.0,357.0,False,none
D-14206,POP OG Jasmine Tea 1.8gx100 (6ct/cs),3,LA,2023-10,2023-10-01,43.0,43.0,86.5,129.5,872.97,872.97,2629.06,0.0,0.0,True,deep_drop_gap
D-14206,POP OG Jasmine Tea 1.8gx100 (6ct/cs),3,LA,2023-11,2023-11-01,58.0,58.0,0.0,58.0,1160.36,1160.36,1160.36,0.0,0.0,False,none
D-14206,POP OG Jasmine Tea 1.8gx100 (6ct/cs),3,LA,2023-12,2023-12-01,201.0,201.0,0.0,201.0,4269.0,4269.0,4269.0,0.0,0.0,False,none
D-14206,POP OG Jasmine Tea 1.8gx100 (6ct/cs),3,LA,2024-01,2024-01-01,258.0,139.0,0.0,139.0,4748.2,2749.0,2749.0,119.0,1999.1999999999998,False,none
D-14206,POP OG Jasmine Tea 1.8gx100 (6ct/cs),3,LA,2024-02,2024-02-01,314.0,314.0,0.0,314.0,6668.99,6668.99,6668.99,0.0,0.0,False,none
D-14206,POP OG Jasmine Tea 1.8gx100 (6ct/cs),3,LA,2024-03,2024-03-01,98.0,98.0,0.0,98.0,1948.0,1948.0,1948.0,0.0,0.0,False,none
D-14206,POP OG Jasmine Tea 1.8gx100 (6ct/cs),3,LA,2024-04,2024-04-01,580.0,104.0,0.0,104.0,10096.8,2100.0,2100.0,476.0,7996.799999999999,False,none
D-14206,POP OG Jasmine Tea 1.8gx100 (6ct/cs),3,LA,2024-05,2024-05-01,43.0,43.0,0.0,43.0,893.0,893.0,893.0,0.0,0.0,False,none
D-14206,POP OG Jasmine Tea 1.8gx100 (6ct/cs),3,LA,2024-06,2024-06-01,81.0,81.0,0.0,81.0,1670.0,1670.0,1670.0,0.0,0.0,False,none
D-14206,POP OG Jasmine Tea 1.8gx100 (6ct/cs),3,LA,2024-07,2024-07-01,96.0,96.0,0.0,96.0,2007.99,2007.99,2007.99,0.0,0.0,False,none
D-14206,POP OG Jasmine Tea 1.8gx100 (6ct/cs),3,LA,2024-08,2024-08-01,391.0,153.0,0.0,153.0,6840.4,2842.0,2842.0,238.0,3998.3999999999996,False,none
D-14206,POP OG Jasmine Tea 1.8gx100 (6ct/cs),3,LA,2024-09,2024-09-01,46.0,46.0,78.5,124.5,999.0,999.0,2703.82,0.0,0.0,True,deep_drop_gap
D-14206,POP OG Jasmine Tea 1.8gx100 (6ct/cs),3,LA,2024-10,2024-10-01,321.0,321.0,0.0,321.0,5859.2,5859.2,5859.2,0.0,0.0,False,none
D-14206,POP OG Jasmine Tea 1.8gx100 (6ct/cs),3,LA,2024-11,2024-11-01,290.0,52.0,0.0,52.0,5166.39,1167.99,1167.99,238.0,3998.4000000000005,False,none
D-14206,POP OG Jasmine Tea 1.8gx100 (6ct/cs),3,LA,2024-12,2024-12-01,526.0,288.0,0.0,288.0,9626.4,5628.0,5628.0,238.0,3998.3999999999996,False,none
D-14206,POP OG Jasmine Tea 1.8gx100 (6ct/cs),3,LA,2025-01,2025-01-01,360.0,360.0,0.0,360.0,6419.24,6419.24,6419.24,0.0,0.0,False,none
D-14206,POP OG Jasmine Tea 1.8gx100 (6ct/cs),3,LA,2025-02,2025-02-01,278.0,40.0,0.0,40.0,5919.0,921.0,921.0,238.0,4998.0,False,none
D-14206,POP OG Jasmine Tea 1.8gx100 (6ct/cs),3,LA,2025-03,2025-03-01,389.0,389.0,0.0,389.0,7199.0,7199.0,7199.0,0.0,0.0,False,none
D-14206,POP OG Jasmine Tea 1.8gx100 (6ct/cs),3,LA,2025-04,2025-04-01,491.0,372.0,0.0,372.0,9203.119999999999,7004.0,7004.0,119.0,2199.119999999999,False,none
D-14206,POP OG Jasmine Tea 1.8gx100 (6ct/cs),3,LA,2025-05,2025-05-01,404.0,404.0,0.0,404.0,7476.92,7476.92,7476.92,0.0,0.0,False,none
D-14206,POP OG Jasmine Tea 1.8gx100 (6ct/cs),3,LA,2025-06,2025-06-01,37.0,37.0,240.0,277.0,834.59,834.59,6248.15,0.0,0.0,True,deep_drop_gap
D-14206,POP OG Jasmine Tea 1.8gx100 (6ct/cs),3,LA,2025-07,2025-07-01,318.0,182.0,0.0,182.0,6615.6,3474.0,3474.0,136.0,3141.6000000000004,False,none
D-14206,POP OG Jasmine Tea 1.8gx100 (6ct/cs),3,LA,2025-08,2025-08-01,69.0,69.0,0.0,69.0,1631.65,1631.65,1631.65,0.0,0.0,False,none
D-14206,POP OG Jasmine Tea 1.8gx100 (6ct/cs),3,LA,2025-09,2025-09-01,854.0,191.0,0.0,191.0,19167.3,3852.0,3852.0,663.0,15315.3,False,none
D-14206,POP OG Jasmine Tea 1.8gx100 (6ct/cs),3,LA,2025-10,2025-10-01,75.0,57.0,0.0,57.0,1907.0,1475.0,1475.0,18.0,432.0,False,none
D-14206,POP OG Jasmine Tea 1.8gx100 (6ct/cs),3,LA,2025-11,2025-11-01,108.0,105.0,0.0,105.0,2783.0,2708.0,2708.0,3.0,75.0,False,none
D-14206,POP OG Jasmine Tea 1.8gx100 (6ct/cs),3,LA,2025-12,2025-12-01,231.0,228.0,0.0,228.0,4500.0,4419.0,4419.0,3.0,81.0,False,none
D-14206,POP OG Jasmine Tea 1.8gx100 (6ct/cs),E1,UNMAPPED,2024-01,2024-01-01,2.0,2.0,0.0,2.0,17.98,17.98,17.98,0.0,0.0,False,none
D-14206,POP OG Jasmine Tea 1.8gx100 (6ct/cs),E1,UNMAPPED,2024-02,2024-02-01,2.0,2.0,0.0,2.0,17.98,17.98,17.98,0.0,0.0,False,none
D-14206,POP OG Jasmine Tea 1.8gx100 (6ct/cs),E1,UNMAPPED,2024-03,2024-03-01,0.0,0.0,2.0,2.0,0.0,0.0,17.98,0.0,0.0,True,zero_sales_gap
D-14206,POP OG Jasmine Tea 1.8gx100 (6ct/cs),E1,UNMAPPED,2024-04,2024-04-01,0.0,0.0,2.0,2.0,0.0,0.0,17.98,0.0,0.0,True,zero_sales_gap
D-14206,POP OG Jasmine Tea 1.8gx100 (6ct/cs),E1,UNMAPPED,2024-05,2024-05-01,0.0,0.0,0.0,0.0,0.0,0.0,0.0,0.0,0.0,False,none
D-14206,POP OG Jasmine Tea 1.8gx100 (6ct/cs),E1,UNMAPPED,2024-06,2024-06-01,0.0,0.0,0.0,0.0,0.0,0.0,0.0,0.0,0.0,False,none
D-14206,POP OG Jasmine Tea 1.8gx100 (6ct/cs),E1,UNMAPPED,2024-07,2024-07-01,0.0,0.0,0.0,0.0,0.0,0.0,0.0,0.0,0.0,False,none
D-14206,POP OG Jasmine Tea 1.8gx100 (6ct/cs),E1,UNMAPPED,2024-08,2024-08-01,0.0,0.0,0.0,0.0,0.0,0.0,0.0,0.0,0.0,False,none
D-14206,POP OG Jasmine Tea 1.8gx100 (6ct/cs),E1,UNMAPPED,2024-09,2024-09-01,0.0,0.0,0.0,0.0,0.0,0.0,0.0,0.0,0.0,False,none
D-14206,POP OG Jasmine Tea 1.8gx100 (6ct/cs),E1,UNMAPPED,2024-10,2024-10-01,0.0,0.0,6.0,6.0,0.0,0.0,53.94,0.0,0.0,True,zero_sales_gap
D-14206,POP OG Jasmine Tea 1.8gx100 (6ct/cs),E1,UNMAPPED,2024-11,2024-11-01,0.0,0.0,5.5,5.5,0.0,0.0,49.44,0.0,0.0,True,zero_sales_gap
D-14206,POP OG Jasmine Tea 1.8gx100 (6ct/cs),E1,UNMAPPED,2024-12,2024-12-01,6.0,6.0,0.0,6.0,47.980000000000004,47.980000000000004,47.98,0.0,0.0,False,none
D-14206,POP OG Jasmine Tea 1.8gx100 (6ct/cs),E1,UNMAPPED,2025-01,2025-01-01,5.0,5.0,0.0,5.0,49.95,49.95,49.95,0.0,0.0,False,none
D-14206,POP OG Jasmine Tea 1.8gx100 (6ct/cs),E1,UNMAPPED,2025-02,2025-02-01,6.0,6.0,0.0,6.0,59.94,59.94,59.94,0.0,0.0,False,none
D-14206,POP OG Jasmine Tea 1.8gx100 (6ct/cs),E1,UNMAPPED,2025-03,2025-03-01,7.0,7.0,0.0,7.0,69.93,69.93,69.93,0.0,0.0,False,none
D-14206,POP OG Jasmine Tea 1.8gx100 (6ct/cs),E1,UNMAPPED,2025-04,2025-04-01,0.0,0.0,6.0,6.0,0.0,0.0,59.94,0.0,0.0,True,zero_sales_gap
D-14206,POP OG Jasmine Tea 1.8gx100 (6ct/cs),E1,UNMAPPED,2025-05,2025-05-01,0.0,0.0,5.0,5.0,0.0,0.0,49.95,0.0,0.0,True,zero_sales_gap
D-14206,POP OG Jasmine Tea 1.8gx100 (6ct/cs),E1,UNMAPPED,2025-06,2025-06-01,5.0,5.0,0.0,5.0,57.95,57.95,57.95,0.0,0.0,False,none
D-14206,POP OG Jasmine Tea 1.8gx100 (6ct/cs),E1,UNMAPPED,2025-07,2025-07-01,3.0,3.0,0.0,3.0,34.769999999999996,34.769999999999996,34.77,0.0,0.0,False,none
D-14206,POP OG Jasmine Tea 1.8gx100 (6ct/cs),E1,UNMAPPED,2025-08,2025-08-01,5.0,5.0,0.0,5.0,57.95,57.95,57.95,0.0,0.0,False,none
D-14206,POP OG Jasmine Tea 1.8gx100 (6ct/cs),E1,UNMAPPED,2025-09,2025-09-01,1.0,1.0,0.0,1.0,11.59,11.59,11.59,0.0,0.0,False,none
D-14212,POP Organic Jasmine Tea 1.8gx20 (12ct/cs),1,SF,2025-02,2025-02-01,1.0,1.0,0.0,1.0,0.0,0.0,0.0,0.0,0.0,False,none
D-14212,POP Organic Jasmine Tea 1.8gx20 (12ct/cs),1,SF,2025-03,2025-03-01,27.0,27.0,0.0,27.0,51.0,51.0,51.0,0.0,0.0,False,none
D-14212,POP Organic Jasmine Tea 1.8gx20 (12ct/cs),1,SF,2025-04,2025-04-01,7.0,7.0,11.5,18.5,20.880000000000003,20.880000000000003,55.18,0.0,0.0,True,deep_drop_gap
D-14212,POP Organic Jasmine Tea 1.8gx20 (12ct/cs),1,SF,2025-05,2025-05-01,12.0,12.0,0.0,12.0,14.4,14.4,14.4,0.0,0.0,False,none
D-14212,POP Organic Jasmine Tea 1.8gx20 (12ct/cs),1,SF,2025-06,2025-06-01,25.0,25.0,0.0,25.0,363.24,363.24,363.24,0.0,0.0,False,none
D-14212,POP Organic Jasmine Tea 1.8gx20 (12ct/cs),1,SF,2025-07,2025-07-01,25.0,25.0,0.0,25.0,360.0,360.0,360.0,0.0,0.0,False,none
D-14212,POP Organic Jasmine Tea 1.8gx20 (12ct/cs),1,SF,2025-08,2025-08-01,1.0,1.0,19.5,20.5,16.0,16.0,328.0,0.0,0.0,True,deep_drop_gap
D-14212,POP Organic Jasmine Tea 1.8gx20 (12ct/cs),1,SF,2025-09,2025-09-01,12.0,12.0,0.0,12.0,138.24,138.24,138.24,0.0,0.0,False,none
D-14212,POP Organic Jasmine Tea 1.8gx20 (12ct/cs),1,SF,2025-10,2025-10-01,16.0,16.0,0.0,16.0,85.96000000000001,85.96000000000001,85.96,0.0,0.0,False,none
D-14212,POP Organic Jasmine Tea 1.8gx20 (12ct/cs),1,SF,2025-11,2025-11-01,3.0,3.0,0.0,3.0,48.0,48.0,48.0,0.0,0.0,False,none
D-14212,POP Organic Jasmine Tea 1.8gx20 (12ct/cs),2,NJ,2025-06,2025-06-01,22.0,22.0,0.0,22.0,309.6,309.6,309.6,0.0,0.0,False,none
D-14212,POP Organic Jasmine Tea 1.8gx20 (12ct/cs),2,NJ,2025-07,2025-07-01,3.0,3.0,27.0,30.0,26.4,26.4,264.0,0.0,0.0,True,deep_drop_gap
D-14212,POP Organic Jasmine Tea 1.8gx20 (12ct/cs),2,NJ,2025-08,2025-08-01,79.0,79.0,0.0,79.0,652.84,652.84,652.84,0.0,0.0,False,none
D-14212,POP Organic Jasmine Tea 1.8gx20 (12ct/cs),2,NJ,2025-09,2025-09-01,30.0,30.0,0.0,30.0,451.20000000000005,451.20000000000005,451.2,0.0,0.0,False,none
D-14212,POP Organic Jasmine Tea 1.8gx20 (12ct/cs),2,NJ,2025-10,2025-10-01,31.0,31.0,0.0,31.0,434.72,434.72,434.72,0.0,0.0,False,none
D-14212,POP Organic Jasmine Tea 1.8gx20 (12ct/cs),2,NJ,2025-11,2025-11-01,12.0,12.0,0.0,12.0,187.2,187.2,187.2,0.0,0.0,False,none
D-14212,POP Organic Jasmine Tea 1.8gx20 (12ct/cs),2,NJ,2025-12,2025-12-01,11.0,11.0,0.0,11.0,176.0,176.0,176.0,0.0,0.0,False,none
D-14212,POP Organic Jasmine Tea 1.8gx20 (12ct/cs),3,LA,2025-05,2025-05-01,3.0,3.0,0.0,3.0,43.2,43.2,43.2,0.0,0.0,False,none
D-14212,POP Organic Jasmine Tea 1.8gx20 (12ct/cs),3,LA,2025-06,2025-06-01,2.0,2.0,0.0,2.0,28.8,28.8,28.8,0.0,0.0,False,none
D-14212,POP Organic Jasmine Tea 1.8gx20 (12ct/cs),3,LA,2025-07,2025-07-01,4.0,4.0,0.0,4.0,57.6,57.6,57.6,0.0,0.0,False,none
D-14212,POP Organic Jasmine Tea 1.8gx20 (12ct/cs),3,LA,2025-08,2025-08-01,6.0,6.0,0.0,6.0,92.8,92.8,92.8,0.0,0.0,False,none
D-14212,POP Organic Jasmine Tea 1.8gx20 (12ct/cs),3,LA,2025-09,2025-09-01,1.0,1.0,4.0,5.0,16.0,16.0,80.0,0.0,0.0,True,deep_drop_gap
D-14212,POP Organic Jasmine Tea 1.8gx20 (12ct/cs),3,LA,2025-10,2025-10-01,7.0,7.0,0.0,7.0,112.0,112.0,112.0,0.0,0.0,False,none
D-14212,POP Organic Jasmine Tea 1.8gx20 (12ct/cs),3,LA,2025-11,2025-11-01,4.0,4.0,0.0,4.0,62.4,62.4,62.4,0.0,0.0,False,none
D-14212,POP Organic Jasmine Tea 1.8gx20 (12ct/cs),3,LA,2025-12,2025-12-01,11.0,10.0,0.0,10.0,176.0,160.0,160.0,1.0,16.0,False,none
D-14220,POP Organic Jasmine Tea 1.8gx20,1,SF,2023-01,2023-01-01,4.0,4.0,0.0,4.0,48.38,48.38,48.38,0.0,0.0,False,none
D-14220,POP Organic Jasmine Tea 1.8gx20,1,SF,2023-02,2023-02-01,21.0,21.0,0.0,21.0,185.11,185.11,185.11,0.0,0.0,False,none
D-14220,POP Organic Jasmine Tea 1.8gx20,1,SF,2023-03,2023-03-01,9.0,9.0,0.0,9.0,14.969999999999999,14.969999999999999,14.97,0.0,0.0,False,none
D-14220,POP Organic Jasmine Tea 1.8gx20,1,SF,2023-04,2023-04-01,2.0,2.0,4.5,6.5,1.2,1.2,3.9,0.0,0.0,True,deep_drop_gap
D-14220,POP Organic Jasmine Tea 1.8gx20,1,SF,2023-05,2023-05-01,4.0,4.0,0.0,4.0,150.48000000000002,150.48000000000002,150.48,0.0,0.0,False,none
D-14220,POP Organic Jasmine Tea 1.8gx20,1,SF,2023-06,2023-06-01,4.0,4.0,0.0,4.0,4.8,4.8,4.8,0.0,0.0,False,none
D-14220,POP Organic Jasmine Tea 1.8gx20,1,SF,2023-07,2023-07-01,1.0,1.0,3.0,4.0,43.2,43.2,172.8,0.0,0.0,True,deep_drop_gap
D-14220,POP Organic Jasmine Tea 1.8gx20,1,SF,2023-08,2023-08-01,15.0,15.0,0.0,15.0,48.38,48.38,48.38,0.0,0.0,False,none
D-14220,POP Organic Jasmine Tea 1.8gx20,1,SF,2023-09,2023-09-01,1.0,1.0,5.5,6.5,0.0,0.0,0.0,0.0,0.0,True,deep_drop_gap
D-14220,POP Organic Jasmine Tea 1.8gx20,1,SF,2023-10,2023-10-01,8.0,8.0,0.0,8.0,101.94,101.94,101.94,0.0,0.0,False,none
D-14220,POP Organic Jasmine Tea 1.8gx20,1,SF,2023-11,2023-11-01,5.0,5.0,0.0,5.0,161.35,161.35,161.35,0.0,0.0,False,none
D-14220,POP Organic Jasmine Tea 1.8gx20,1,SF,2023-12,2023-12-01,2.0,1.0,0.0,1.0,37.150000000000006,2.59,2.59,1.0,34.56,False,none
D-14220,POP Organic Jasmine Tea 1.8gx20,1,SF,2024-01,2024-01-01,4.0,4.0,0.0,4.0,2.59,2.59,2.59,0.0,0.0,False,none
D-14220,POP Organic Jasmine Tea 1.8gx20,1,SF,2024-02,2024-02-01,2.0,2.0,0.0,2.0,45.790000000000006,45.790000000000006,45.79,0.0,0.0,False,none
D-14220,POP Organic Jasmine Tea 1.8gx20,1,SF,2024-03,2024-03-01,0.0,0.0,3.5,3.5,0.0,0.0,80.13,0.0,0.0,True,zero_sales_gap
D-14220,POP Organic Jasmine Tea 1.8gx20,1,SF,2024-04,2024-04-01,4.0,4.0,0.0,4.0,138.24,138.24,138.24,0.0,0.0,False,none
D-14220,POP Organic Jasmine Tea 1.8gx20,1,SF,2024-05,2024-05-01,3.0,3.0,0.0,3.0,149.04000000000002,149.04000000000002,149.04,0.0,0.0,False,none
D-14220,POP Organic Jasmine Tea 1.8gx20,1,SF,2024-06,2024-06-01,3.0,3.0,0.0,3.0,129.60000000000002,129.60000000000002,129.6,0.0,0.0,False,none
D-14220,POP Organic Jasmine Tea 1.8gx20,1,SF,2024-07,2024-07-01,6.0,6.0,0.0,6.0,46.690000000000005,46.690000000000005,46.69,0.0,0.0,False,none
D-14220,POP Organic Jasmine Tea 1.8gx20,1,SF,2024-08,2024-08-01,6.0,6.0,0.0,6.0,193.57000000000002,193.57000000000002,193.57,0.0,0.0,False,none
D-14220,POP Organic Jasmine Tea 1.8gx20,1,SF,2024-09,2024-09-01,17.0,15.0,0.0,15.0,150.98,64.58,64.58,2.0,86.39999999999999,False,none
D-14220,POP Organic Jasmine Tea 1.8gx20,1,SF,2024-10,2024-10-01,26.0,26.0,0.0,26.0,115.2,115.2,115.2,0.0,0.0,False,none
D-14220,POP Organic Jasmine Tea 1.8gx20,1,SF,2024-11,2024-11-01,18.0,18.0,0.0,18.0,276.84000000000003,276.84000000000003,276.84,0.0,0.0,False,none
D-14220,POP Organic Jasmine Tea 1.8gx20,1,SF,2024-12,2024-12-01,14.0,14.0,0.0,14.0,100.80000000000001,100.80000000000001,100.8,0.0,0.0,False,none
D-14220,POP Organic Jasmine Tea 1.8gx20,1,SF,2025-01,2025-01-01,20.0,20.0,0.0,20.0,221.76,221.76,221.76,0.0,0.0,False,none
D-14220,POP Organic Jasmine Tea 1.8gx20,1,SF,2025-02,2025-02-01,37.0,37.0,0.0,37.0,76.44,76.44,76.44,0.0,0.0,False,none
D-14220,POP Organic Jasmine Tea 1.8gx20,1,SF,2025-03,2025-03-01,17.0,17.0,0.0,17.0,63.43000000000001,63.43000000000001,63.43,0.0,0.0,False,none
D-14220,POP Organic Jasmine Tea 1.8gx20,1,SF,2025-04,2025-04-01,29.0,29.0,0.0,29.0,34.8,34.8,34.8,0.0,0.0,False,none
D-14220,POP Organic Jasmine Tea 1.8gx20,2,NJ,2023-01,2023-01-01,2.0,2.0,0.0,2.0,75.6,75.6,75.6,0.0,0.0,False,none
D-14220,POP Organic Jasmine Tea 1.8gx20,2,NJ,2023-02,2023-02-01,5.0,5.0,0.0,5.0,74.88,74.88,74.88,0.0,0.0,False,none
D-14220,POP Organic Jasmine Tea 1.8gx20,2,NJ,2023-03,2023-03-01,3.0,3.0,0.0,3.0,4.41,4.41,4.41,0.0,0.0,False,none
D-14220,POP Organic Jasmine Tea 1.8gx20,2,NJ,2023-04,2023-04-01,0.0,0.0,4.0,4.0,0.0,0.0,5.88,0.0,0.0,True,zero_sales_gap
D-14220,POP Organic Jasmine Tea 1.8gx20,2,NJ,2023-05,2023-05-01,0.0,0.0,7.5,7.5,0.0,0.0,11.02,0.0,0.0,True,zero_sales_gap
D-14220,POP Organic Jasmine Tea 1.8gx20,2,NJ,2023-06,2023-06-01,0.0,0.0,12.5,12.5,0.0,0.0,18.38,0.0,0.0,True,zero_sales_gap
D-14220,POP Organic Jasmine Tea 1.8gx20,2,NJ,2023-07,2023-07-01,12.0,12.0,0.0,12.0,478.08000000000004,478.08000000000004,478.08,0.0,0.0,False,none
D-14220,POP Organic Jasmine Tea 1.8gx20,2,NJ,2023-08,2023-08-01,13.0,13.0,0.0,13.0,516.24,516.24,516.24,0.0,0.0,False,none
D-14220,POP Organic Jasmine Tea 1.8gx20,2,NJ,2023-09,2023-09-01,6.0,6.0,0.0,6.0,232.56,232.56,232.56,0.0,0.0,False,none
D-14220,POP Organic Jasmine Tea 1.8gx20,2,NJ,2023-10,2023-10-01,7.0,7.0,0.0,7.0,298.8,298.8,298.8,0.0,0.0,False,none
D-14220,POP Organic Jasmine Tea 1.8gx20,2,NJ,2023-11,2023-11-01,2.0,2.0,5.0,7.0,63.36,63.36,221.76,0.0,0.0,True,deep_drop_gap
D-14220,POP Organic Jasmine Tea 1.8gx20,2,NJ,2023-12,2023-12-01,8.0,7.0,0.0,7.0,236.16000000000003,201.60000000000002,201.6,1.0,34.56,False,none
D-14220,POP Organic Jasmine Tea 1.8gx20,2,NJ,2024-01,2024-01-01,31.0,31.0,0.0,31.0,984.09,984.09,984.09,0.0,0.0,False,none
D-14220,POP Organic Jasmine Tea 1.8gx20,2,NJ,2024-02,2024-02-01,7.0,7.0,0.0,7.0,214.99,214.99,214.99,0.0,0.0,False,none
D-14220,POP Organic Jasmine Tea 1.8gx20,2,NJ,2024-03,2024-03-01,11.0,11.0,0.0,11.0,356.07000000000005,356.07000000000005,356.07,0.0,0.0,False,none
D-14220,POP Organic Jasmine Tea 1.8gx20,2,NJ,2024-04,2024-04-01,24.0,24.0,0.0,24.0,711.5,711.5,711.5,0.0,0.0,False,none
D-14220,POP Organic Jasmine Tea 1.8gx20,2,NJ,2024-05,2024-05-01,12.0,12.0,0.0,12.0,471.49,471.49,471.49,0.0,0.0,False,none
D-14220,POP Organic Jasmine Tea 1.8gx20,2,NJ,2024-06,2024-06-01,7.0,7.0,11.0,18.0,52.02,52.02,133.77,0.0,0.0,True,deep_drop_gap
D-14220,POP Organic Jasmine Tea 1.8gx20,2,NJ,2024-07,2024-07-01,34.0,34.0,0.0,34.0,362.88,362.88,362.88,0.0,0.0,False,none
D-14220,POP Organic Jasmine Tea 1.8gx20,2,NJ,2024-08,2024-08-01,10.0,6.0,0.0,6.0,365.76000000000005,233.28000000000003,233.28,4.0,132.48000000000002,False,none
D-14220,POP Organic Jasmine Tea 1.8gx20,2,NJ,2024-09,2024-09-01,6.0,3.0,22.5,25.5,215.89,86.29,733.46,3.0,129.59999999999997,True,deep_drop_gap
D-14220,POP Organic Jasmine Tea 1.8gx20,2,NJ,2024-10,2024-10-01,31.0,31.0,0.0,31.0,234.72000000000003,234.72000000000003,234.72,0.0,0.0,False,none
D-14220,POP Organic Jasmine Tea 1.8gx20,2,NJ,2024-11,2024-11-01,20.0,20.0,0.0,20.0,485.24,485.24,485.24,0.0,0.0,False,none
D-14220,POP Organic Jasmine Tea 1.8gx20,2,NJ,2024-12,2024-12-01,15.0,13.0,0.0,13.0,451.33000000000004,382.21000000000004,382.21,2.0,69.12,False,none
D-14220,POP Organic Jasmine Tea 1.8gx20,2,NJ,2025-01,2025-01-01,15.0,15.0,0.0,15.0,572.83,572.83,572.83,0.0,0.0,False,none
D-14220,POP Organic Jasmine Tea 1.8gx20,2,NJ,2025-02,2025-02-01,37.0,37.0,0.0,37.0,479.30000000000007,479.30000000000007,479.3,0.0,0.0,False,none
D-14220,POP Organic Jasmine Tea 1.8gx20,2,NJ,2025-03,2025-03-01,12.0,7.0,0.0,7.0,447.84000000000003,275.04,275.04,5.0,172.8,False,none
D-14220,POP Organic Jasmine Tea 1.8gx20,2,NJ,2025-04,2025-04-01,8.0,8.0,21.0,29.0,226.47,226.47,820.95,0.0,0.0,True,deep_drop_gap
D-14220,POP Organic Jasmine Tea 1.8gx20,2,NJ,2025-05,2025-05-01,29.0,29.0,0.0,29.0,76.80000000000001,76.80000000000001,76.8,0.0,0.0,False,none
D-14220,POP Organic Jasmine Tea 1.8gx20,3,LA,2023-01,2023-01-01,37.0,37.0,0.0,37.0,121.4,121.4,121.4,0.0,0.0,False,none
D-14220,POP Organic Jasmine Tea 1.8gx20,3,LA,2023-02,2023-02-01,0.0,0.0,37.0,37.0,0.0,0.0,121.4,0.0,0.0,True,zero_sales_gap
D-14220,POP Organic Jasmine Tea 1.8gx20,3,LA,2023-03,2023-03-01,0.0,0.0,37.0,37.0,0.0,0.0,121.4,0.0,0.0,True,zero_sales_gap
D-14220,POP Organic Jasmine Tea 1.8gx20,3,LA,2023-04,2023-04-01,0.0,0.0,0.0,0.0,0.0,0.0,0.0,0.0,0.0,False,none
D-14220,POP Organic Jasmine Tea 1.8gx20,3,LA,2023-05,2023-05-01,0.0,0.0,20.0,20.0,0.0,0.0,65.62,0.0,0.0,True,zero_sales_gap
D-14220,POP Organic Jasmine Tea 1.8gx20,3,LA,2023-06,2023-06-01,0.0,0.0,24.5,24.5,0.0,0.0,80.39,0.0,0.0,True,zero_sales_gap
D-14220,POP Organic Jasmine Tea 1.8gx20,3,LA,2023-07,2023-07-01,20.0,20.0,0.0,20.0,446.70000000000005,446.70000000000005,446.7,0.0,0.0,False,none
D-14220,POP Organic Jasmine Tea 1.8gx20,3,LA,2023-08,2023-08-01,29.0,29.0,0.0,29.0,170.52,170.52,170.52,0.0,0.0,False,none
D-14220,POP Organic Jasmine Tea 1.8gx20,3,LA,2023-09,2023-09-01,7.0,7.0,0.0,7.0,331.56,331.56,331.56,0.0,0.0,False,none
D-14220,POP Organic Jasmine Tea 1.8gx20,3,LA,2023-10,2023-10-01,5.0,5.0,0.0,5.0,225.72000000000003,225.72000000000003,225.72,0.0,0.0,False,none
D-14220,POP Organic Jasmine Tea 1.8gx20,3,LA,2023-11,2023-11-01,2.0,2.0,0.0,2.0,45.790000000000006,45.790000000000006,45.79,0.0,0.0,False,none
D-14220,POP Organic Jasmine Tea 1.8gx20,3,LA,2023-12,2023-12-01,0.0,0.0,2.0,2.0,0.0,0.0,45.79,0.0,0.0,True,zero_sales_gap
D-14220,POP Organic Jasmine Tea 1.8gx20,3,LA,2024-01,2024-01-01,0.0,0.0,2.0,2.0,0.0,0.0,45.79,0.0,0.0,True,zero_sales_gap
D-14220,POP Organic Jasmine Tea 1.8gx20,3,LA,2024-02,2024-02-01,2.0,2.0,0.0,2.0,2.94,2.94,2.94,0.0,0.0,False,none
D-14220,POP Organic Jasmine Tea 1.8gx20,3,LA,2024-03,2024-03-01,0.0,0.0,2.0,2.0,0.0,0.0,2.94,0.0,0.0,True,zero_sales_gap
D-14220,POP Organic Jasmine Tea 1.8gx20,3,LA,2024-04,2024-04-01,32.0,32.0,0.0,32.0,38.4,38.4,38.4,0.0,0.0,False,none
D-14220,POP Organic Jasmine Tea 1.8gx20,3,LA,2024-05,2024-05-01,1.0,1.0,5.0,6.0,43.2,43.2,259.2,0.0,0.0,True,deep_drop_gap
D-14220,POP Organic Jasmine Tea 1.8gx20,3,LA,2024-06,2024-06-01,4.0,4.0,0.0,4.0,172.8,172.8,172.8,0.0,0.0,False,none
D-14220,POP Organic Jasmine Tea 1.8gx20,3,LA,2024-07,2024-07-01,6.0,6.0,0.0,6.0,259.20000000000005,259.20000000000005,259.2,0.0,0.0,False,none
D-14220,POP Organic Jasmine Tea 1.8gx20,3,LA,2024-08,2024-08-01,3.0,3.0,0.0,3.0,43.2,43.2,43.2,0.0,0.0,False,none
D-14220,POP Organic Jasmine Tea 1.8gx20,3,LA,2024-09,2024-09-01,1.0,1.0,3.5,4.5,43.2,43.2,194.4,0.0,0.0,True,deep_drop_gap
D-14220,POP Organic Jasmine Tea 1.8gx20,3,LA,2024-10,2024-10-01,15.0,15.0,0.0,15.0,230.70000000000002,230.70000000000002,230.7,0.0,0.0,False,none
D-14220,POP Organic Jasmine Tea 1.8gx20,3,LA,2024-11,2024-11-01,1.0,1.0,3.0,4.0,43.2,43.2,172.8,0.0,0.0,True,deep_drop_gap
D-14220,POP Organic Jasmine Tea 1.8gx20,3,LA,2024-12,2024-12-01,3.0,3.0,0.0,3.0,88.85000000000001,88.85000000000001,88.85,0.0,0.0,False,none
D-14220,POP Organic Jasmine Tea 1.8gx20,3,LA,2025-01,2025-01-01,5.0,5.0,0.0,5.0,216.0,216.0,216.0,0.0,0.0,False,none
D-14220,POP Organic Jasmine Tea 1.8gx20,3,LA,2025-02,2025-02-01,3.0,3.0,0.0,3.0,129.60000000000002,129.60000000000002,129.6,0.0,0.0,False,none
D-14220,POP Organic Jasmine Tea 1.8gx20,3,LA,2025-03,2025-03-01,1.0,1.0,3.0,4.0,43.2,43.2,172.8,0.0,0.0,True,deep_drop_gap
D-14220,POP Organic Jasmine Tea 1.8gx20,3,LA,2025-04,2025-04-01,2.0,2.0,0.0,2.0,5.46,5.46,5.46,0.0,0.0,False,none
D-14220,POP Organic Jasmine Tea 1.8gx20,3,LA,2025-05,2025-05-01,12.0,12.0,0.0,12.0,33.379999999999995,33.379999999999995,33.38,0.0,0.0,False,none
D-14220,POP Organic Jasmine Tea 1.8gx20,3,LA,2025-06,2025-06-01,2.0,2.0,0.0,2.0,6.58,6.58,6.58,0.0,0.0,False,none
D-14220,POP Organic Jasmine Tea 1.8gx20,3,LA,2025-07,2025-07-01,2.0,2.0,0.0,2.0,3.99,3.99,3.99,0.0,0.0,False,none
D-14220,POP Organic Jasmine Tea 1.8gx20,3,LA,2025-08,2025-08-01,3.0,3.0,0.0,3.0,11.97,11.97,11.97,0.0,0.0,False,none
D-14220,POP Organic Jasmine Tea 1.8gx20,3,LA,2025-09,2025-09-01,1.0,1.0,0.0,1.0,2.59,2.59,2.59,0.0,0.0,False,none
D-14220,POP Organic Jasmine Tea 1.8gx20,3,LA,2025-10,2025-10-01,0.0,0.0,1.0,1.0,0.0,0.0,2.59,0.0,0.0,True,zero_sales_gap
D-14220,POP Organic Jasmine Tea 1.8gx20,3,LA,2025-11,2025-11-01,1.0,1.0,0.0,1.0,2.8,2.8,2.8,0.0,0.0,False,none
D-14220,POP Organic Jasmine Tea 1.8gx20,E1,UNMAPPED,2025-01,2025-01-01,2.0,2.0,0.0,2.0,6.98,6.98,6.98,0.0,0.0,False,none
D-14220,POP Organic Jasmine Tea 1.8gx20,E1,UNMAPPED,2025-02,2025-02-01,1.0,1.0,0.0,1.0,3.49,3.49,3.49,0.0,0.0,False,none
D-14220,POP Organic Jasmine Tea 1.8gx20,E1,UNMAPPED,2025-03,2025-03-01,1.0,1.0,0.0,1.0,3.49,3.49,3.49,0.0,0.0,False,none
D-14220,POP Organic Jasmine Tea 1.8gx20,E1,UNMAPPED,2025-04,2025-04-01,0.0,0.0,1.0,1.0,0.0,0.0,3.49,0.0,0.0,True,zero_sales_gap
D-14220,POP Organic Jasmine Tea 1.8gx20,E1,UNMAPPED,2025-05,2025-05-01,0.0,0.0,1.0,1.0,0.0,0.0,3.49,0.0,0.0,True,zero_sales_gap
D-14220,POP Organic Jasmine Tea 1.8gx20,E1,UNMAPPED,2025-06,2025-06-01,0.0,0.0,1.0,1.0,0.0,0.0,3.49,0.0,0.0,True,zero_sales_gap
D-14220,POP Organic Jasmine Tea 1.8gx20,E1,UNMAPPED,2025-07,2025-07-01,1.0,1.0,0.0,1.0,3.99,3.99,3.99,0.0,0.0,False,none
D-14220,POP Organic Jasmine Tea 1.8gx20,E1,UNMAPPED,2025-08,2025-08-01,0.0,0.0,4.0,4.0,0.0,0.0,15.96,0.0,0.0,True,zero_sales_gap
D-14220,POP Organic Jasmine Tea 1.8gx20,E1,UNMAPPED,2025-09,2025-09-01,0.0,0.0,2.0,2.0,0.0,0.0,7.98,0.0,0.0,True,zero_sales_gap
D-14220,POP Organic Jasmine Tea 1.8gx20,E1,UNMAPPED,2025-10,2025-10-01,7.0,7.0,0.0,7.0,27.93,27.93,27.93,0.0,0.0,False,none
D-14220,POP Organic Jasmine Tea 1.8gx20,E1,UNMAPPED,2025-11,2025-11-01,2.0,2.0,0.0,2.0,7.98,7.98,7.98,0.0,0.0,False,none
D-14220,POP Organic Jasmine Tea 1.8gx20,E1,UNMAPPED,2025-12,2025-12-01,1.0,1.0,0.0,1.0,3.99,3.99,3.99,0.0,0.0,False,none
D-15100N,POP Oolong Tea 1.8gx100 (New),1,SF,2023-01,2023-01-01,37.0,37.0,0.0,37.0,628.65,628.65,628.65,0.0,0.0,False,none
D-15100N,POP Oolong Tea 1.8gx100 (New),1,SF,2023-02,2023-02-01,51.0,51.0,179.0,230.0,3481.77,3481.77,15702.1,0.0,0.0,True,deep_drop_gap
D-15100N,POP Oolong Tea 1.8gx100 (New),1,SF,2023-03,2023-03-01,376.0,376.0,0.0,376.0,2912.0299999999997,2912.0299999999997,2912.03,0.0,0.0,False,none
D-15100N,POP Oolong Tea 1.8gx100 (New),1,SF,2023-04,2023-04-01,230.0,230.0,0.0,230.0,1600.78,1600.78,1600.78,0.0,0.0,False,none
D-15100N,POP Oolong Tea 1.8gx100 (New),1,SF,2023-05,2023-05-01,184.0,184.0,0.0,184.0,2420.89,2420.89,2420.89,0.0,0.0,False,none
D-15100N,POP Oolong Tea 1.8gx100 (New),1,SF,2023-06,2023-06-01,0.0,0.0,184.0,184.0,0.0,0.0,2420.89,0.0,0.0,True,zero_sales_gap
D-15100N,POP Oolong Tea 1.8gx100 (New),1,SF,2023-07,2023-07-01,0.0,0.0,93.0,93.0,0.0,0.0,1223.6,0.0,0.0,True,zero_sales_gap
D-15100N,POP Oolong Tea 1.8gx100 (New),1,SF,2023-08,2023-08-01,2.0,2.0,0.0,2.0,0.0,0.0,0.0,0.0,0.0,False,none
D-15100N,POP Oolong Tea 1.8gx100 (New),2,NJ,2023-01,2023-01-01,35.0,35.0,0.0,35.0,883.99,883.99,883.99,0.0,0.0,False,none
D-15100N,POP Oolong Tea 1.8gx100 (New),2,NJ,2023-02,2023-02-01,0.0,0.0,115.0,115.0,0.0,0.0,2904.54,0.0,0.0,True,zero_sales_gap
D-15100N,POP Oolong Tea 1.8gx100 (New),2,NJ,2023-03,2023-03-01,131.0,131.0,0.0,131.0,5433.08,5433.08,5433.08,0.0,0.0,False,none
D-15100N,POP Oolong Tea 1.8gx100 (New),2,NJ,2023-04,2023-04-01,115.0,115.0,0.0,115.0,2146.41,2146.41,2146.41,0.0,0.0,False,none
D-15100N,POP Oolong Tea 1.8gx100 (New),2,NJ,2023-05,2023-05-01,22.0,22.0,93.0,115.0,1992.3,1992.3,10414.3,0.0,0.0,True,deep_drop_gap
D-15100N,POP Oolong Tea 1.8gx100 (New),2,NJ,2023-06,2023-06-01,2.0,2.0,0.0,2.0,180.0,180.0,180.0,0.0,0.0,False,none
D-15100N,POP Oolong Tea 1.8gx100 (New),3,LA,2023-01,2023-01-01,31.0,31.0,0.0,31.0,650.9,650.9,650.9,0.0,0.0,False,none
D-15100N,POP Oolong Tea 1.8gx100 (New),3,LA,2023-02,2023-02-01,11.0,11.0,0.0,11.0,547.95,547.95,547.95,0.0,0.0,False,none
D-15100N,POP Oolong Tea 1.8gx100 (New),3,LA,2023-03,2023-03-01,24.0,24.0,0.0,24.0,1834.99,1834.99,1834.99,0.0,0.0,False,none
D-15100N,POP Oolong Tea 1.8gx100 (New),3,LA,2023-04,2023-04-01,12.0,12.0,0.0,12.0,991.5,991.5,991.5,0.0,0.0,False,none
D-15100N,POP Oolong Tea 1.8gx100 (New),3,LA,2023-05,2023-05-01,13.0,13.0,0.0,13.0,859.01,859.01,859.01,0.0,0.0,False,none
D-15100N,POP Oolong Tea 1.8gx100 (New),3,LA,2023-06,2023-06-01,2.0,2.0,0.0,2.0,15.98,15.98,15.98,0.0,0.0,False,none
D-15100N,POP Oolong Tea 1.8gx100 (New)##23,3,LA,2023-06,2023-06-01,27.0,27.0,0.0,27.0,168.0,168.0,168.0,0.0,0.0,False,none
D-15106,POP Oolong Tea 1.8gx100 (6ct/cs),1,SF,2023-06,2023-06-01,380.0,380.0,0.0,380.0,2634.58,2634.58,2634.58,0.0,0.0,False,none
D-15106,POP Oolong Tea 1.8gx100 (6ct/cs),1,SF,2023-07,2023-07-01,147.0,147.0,0.0,147.0,2421.3199999999997,2421.3199999999997,2421.32,0.0,0.0,False,none
D-15106,POP Oolong Tea 1.8gx100 (6ct/cs),1,SF,2023-08,2023-08-01,52.0,52.0,151.5,203.5,798.72,798.72,3125.76,0.0,0.0,True,deep_drop_gap
D-15106,POP Oolong Tea 1.8gx100 (6ct/cs),1,SF,2023-09,2023-09-01,28.0,28.0,100.5,128.5,456.3,456.3,2094.09,0.0,0.0,True,deep_drop_gap
D-15106,POP Oolong Tea 1.8gx100 (6ct/cs),1,SF,2023-10,2023-10-01,260.0,260.0,0.0,260.0,4542.2,4542.2,4542.2,0.0,0.0,False,none
D-15106,POP Oolong Tea 1.8gx100 (6ct/cs),1,SF,2023-11,2023-11-01,110.0,110.0,0.0,110.0,1900.58,1900.58,1900.58,0.0,0.0,False,none
D-15106,POP Oolong Tea 1.8gx100 (6ct/cs),1,SF,2023-12,2023-12-01,76.0,55.0,0.0,55.0,1183.07,880.67,880.67,21.0,302.4,False,none
D-15106,POP Oolong Tea 1.8gx100 (6ct/cs),1,SF,2024-01,2024-01-01,213.0,213.0,0.0,213.0,3418.19,3418.19,3418.19,0.0,0.0,False,none
D-15106,POP Oolong Tea 1.8gx100 (6ct/cs),1,SF,2024-02,2024-02-01,72.0,72.0,0.0,72.0,1211.99,1211.99,1211.99,0.0,0.0,False,none
D-15106,POP Oolong Tea 1.8gx100 (6ct/cs),1,SF,2024-03,2024-03-01,231.0,231.0,0.0,231.0,4015.9,4015.9,4015.9,0.0,0.0,False,none
D-15106,POP Oolong Tea 1.8gx100 (6ct/cs),1,SF,2024-04,2024-04-01,80.0,80.0,0.0,80.0,1218.75,1218.75,1218.75,0.0,0.0,False,none
D-15106,POP Oolong Tea 1.8gx100 (6ct/cs),1,SF,2024-05,2024-05-01,104.0,104.0,0.0,104.0,1770.7,1770.7,1770.7,0.0,0.0,False,none
D-15106,POP Oolong Tea 1.8gx100 (6ct/cs),1,SF,2024-06,2024-06-01,48.0,48.0,0.0,48.0,794.96,794.96,794.96,0.0,0.0,False,none
D-15106,POP Oolong Tea 1.8gx100 (6ct/cs),1,SF,2024-07,2024-07-01,53.0,53.0,0.0,53.0,862.63,862.63,862.63,0.0,0.0,False,none
D-15106,POP Oolong Tea 1.8gx100 (6ct/cs),1,SF,2024-08,2024-08-01,96.0,96.0,0.0,96.0,1503.44,1503.44,1503.44,0.0,0.0,False,none
D-15106,POP Oolong Tea 1.8gx100 (6ct/cs),1,SF,2024-09,2024-09-01,64.0,54.0,0.0,54.0,1083.44,903.44,903.44,10.0,180.0,False,none
D-15106,POP Oolong Tea 1.8gx100 (6ct/cs),1,SF,2024-10,2024-10-01,70.0,70.0,0.0,70.0,1156.5900000000001,1156.5900000000001,1156.59,0.0,0.0,False,none
D-15106,POP Oolong Tea 1.8gx100 (6ct/cs),1,SF,2024-11,2024-11-01,109.0,109.0,0.0,109.0,1720.28,1720.28,1720.28,0.0,0.0,False,none
D-15106,POP Oolong Tea 1.8gx100 (6ct/cs),1,SF,2024-12,2024-12-01,65.0,65.0,0.0,65.0,1011.86,1011.86,1011.86,0.0,0.0,False,none
D-15106,POP Oolong Tea 1.8gx100 (6ct/cs),1,SF,2025-01,2025-01-01,121.0,121.0,0.0,121.0,2061.76,2061.76,2061.76,0.0,0.0,False,none
D-15106,POP Oolong Tea 1.8gx100 (6ct/cs),1,SF,2025-02,2025-02-01,138.0,138.0,0.0,138.0,2183.47,2183.47,2183.47,0.0,0.0,False,none
D-15106,POP Oolong Tea 1.8gx100 (6ct/cs),1,SF,2025-03,2025-03-01,95.0,95.0,0.0,95.0,1400.51,1400.51,1400.51,0.0,0.0,False,none
D-15106,POP Oolong Tea 1.8gx100 (6ct/cs),1,SF,2025-04,2025-04-01,88.0,88.0,0.0,88.0,1490.08,1490.08,1490.08,0.0,0.0,False,none
D-15106,POP Oolong Tea 1.8gx100 (6ct/cs),1,SF,2025-05,2025-05-01,69.0,69.0,0.0,69.0,1120.1000000000001,1120.1000000000001,1120.1,0.0,0.0,False,none
D-15106,POP Oolong Tea 1.8gx100 (6ct/cs),1,SF,2025-06,2025-06-01,68.0,68.0,0.0,68.0,1139.48,1139.48,1139.48,0.0,0.0,False,none
D-15106,POP Oolong Tea 1.8gx100 (6ct/cs),1,SF,2025-07,2025-07-01,51.0,51.0,0.0,51.0,858.53,858.53,858.53,0.0,0.0,False,none
D-15106,POP Oolong Tea 1.8gx100 (6ct/cs),1,SF,2025-08,2025-08-01,63.0,63.0,0.0,63.0,1080.32,1080.32,1080.32,0.0,0.0,False,none
D-15106,POP Oolong Tea 1.8gx100 (6ct/cs),1,SF,2025-09,2025-09-01,137.0,137.0,0.0,137.0,2332.21,2332.21,2332.21,0.0,0.0,False,none
D-15106,POP Oolong Tea 1.8gx100 (6ct/cs),1,SF,2025-10,2025-10-01,81.0,81.0,0.0,81.0,1403.48,1403.48,1403.48,0.0,0.0,False,none
D-15106,POP Oolong Tea 1.8gx100 (6ct/cs),1,SF,2025-11,2025-11-01,71.0,71.0,0.0,71.0,1281.06,1281.06,1281.06,0.0,0.0,False,none
D-15106,POP Oolong Tea 1.8gx100 (6ct/cs),1,SF,2025-12,2025-12-01,140.0,135.0,0.0,135.0,2573.64,2474.64,2474.64,5.0,99.0,False,none
D-15106,POP Oolong Tea 1.8gx100 (6ct/cs),2,NJ,2023-06,2023-06-01,84.0,84.0,0.0,84.0,1252.1399999999999,1252.1399999999999,1252.14,0.0,0.0,False,none
D-15106,POP Oolong Tea 1.8gx100 (6ct/cs),2,NJ,2023-07,2023-07-01,101.0,101.0,0.0,101.0,1767.62,1767.62,1767.62,0.0,0.0,False,none
D-15106,POP Oolong Tea 1.8gx100 (6ct/cs),2,NJ,2023-08,2023-08-01,487.0,487.0,0.0,487.0,7479.49,7479.49,7479.49,0.0,0.0,False,none
D-15106,POP Oolong Tea 1.8gx100 (6ct/cs),2,NJ,2023-09,2023-09-01,53.0,53.0,112.0,165.0,934.99,934.99,2910.82,0.0,0.0,True,deep_drop_gap
D-15106,POP Oolong Tea 1.8gx100 (6ct/cs),2,NJ,2023-10,2023-10-01,204.0,202.0,0.0,202.0,3255.56,3225.86,3225.86,2.0,29.699999999999818,False,none
D-15106,POP Oolong Tea 1.8gx100 (6ct/cs),2,NJ,2023-11,2023-11-01,128.0,128.0,0.0,128.0,2055.19,2055.19,2055.19,0.0,0.0,False,none
D-15106,POP Oolong Tea 1.8gx100 (6ct/cs),2,NJ,2023-12,2023-12-01,100.0,42.0,0.0,42.0,1573.99,745.99,745.99,58.0,828.0,False,none
D-15106,POP Oolong Tea 1.8gx100 (6ct/cs),2,NJ,2024-01,2024-01-01,591.0,588.0,0.0,588.0,8662.66,8623.060000000001,8623.06,3.0,39.599999999998545,False,none
D-15106,POP Oolong Tea 1.8gx100 (6ct/cs),2,NJ,2024-02,2024-02-01,275.0,275.0,0.0,275.0,4551.18,4551.18,4551.18,0.0,0.0,False,none
D-15106,POP Oolong Tea 1.8gx100 (6ct/cs),2,NJ,2024-03,2024-03-01,68.0,68.0,208.5,276.5,1174.47,1174.47,4775.6,0.0,0.0,True,deep_drop_gap
D-15106,POP Oolong Tea 1.8gx100 (6ct/cs),2,NJ,2024-04,2024-04-01,168.0,168.0,0.0,168.0,2545.98,2545.98,2545.98,0.0,0.0,False,none
D-15106,POP Oolong Tea 1.8gx100 (6ct/cs),2,NJ,2024-05,2024-05-01,278.0,278.0,0.0,278.0,4622.33,4622.33,4622.33,0.0,0.0,False,none
D-15106,POP Oolong Tea 1.8gx100 (6ct/cs),2,NJ,2024-06,2024-06-01,185.0,185.0,0.0,185.0,3093.54,3093.54,3093.54,0.0,0.0,False,none
D-15106,POP Oolong Tea 1.8gx100 (6ct/cs),2,NJ,2024-07,2024-07-01,84.0,84.0,0.0,84.0,1218.12,1218.12,1218.12,0.0,0.0,False,none
D-15106,POP Oolong Tea 1.8gx100 (6ct/cs),2,NJ,2024-08,2024-08-01,230.0,216.0,0.0,216.0,3385.17,3197.07,3197.07,14.0,188.0999999999999,False,none
D-15106,POP Oolong Tea 1.8gx100 (6ct/cs),2,NJ,2024-09,2024-09-01,66.0,66.0,0.0,66.0,1137.95,1137.95,1137.95,0.0,0.0,False,none
D-15106,POP Oolong Tea 1.8gx100 (6ct/cs),2,NJ,2024-10,2024-10-01,56.0,56.0,136.0,192.0,1007.55,1007.55,3454.46,0.0,0.0,True,deep_drop_gap
D-15106,POP Oolong Tea 1.8gx100 (6ct/cs),2,NJ,2024-11,2024-11-01,168.0,168.0,0.0,168.0,2790.55,2790.55,2790.55,0.0,0.0,False,none
D-15106,POP Oolong Tea 1.8gx100 (6ct/cs),2,NJ,2024-12,2024-12-01,335.0,335.0,0.0,335.0,4972.49,4972.49,4972.49,0.0,0.0,False,none
D-15106,POP Oolong Tea 1.8gx100 (6ct/cs),2,NJ,2025-01,2025-01-01,136.0,133.0,0.0,133.0,2290.43,2250.83,2250.83,3.0,39.59999999999991,False,none
D-15106,POP Oolong Tea 1.8gx100 (6ct/cs),2,NJ,2025-02,2025-02-01,140.0,139.0,0.0,139.0,2139.8,2123.3,2123.3,1.0,16.5,False,none
D-15106,POP Oolong Tea 1.8gx100 (6ct/cs),2,NJ,2025-03,2025-03-01,203.0,198.0,0.0,198.0,3059.16,2978.64,2978.64,5.0,80.51999999999998,False,none
D-15106,POP Oolong Tea 1.8gx100 (6ct/cs),2,NJ,2025-04,2025-04-01,72.0,70.0,0.0,70.0,1185.62,1156.34,1156.34,2.0,29.279999999999973,False,none
D-15106,POP Oolong Tea 1.8gx100 (6ct/cs),2,NJ,2025-05,2025-05-01,159.0,159.0,0.0,159.0,2466.89,2466.89,2466.89,0.0,0.0,False,none
D-15106,POP Oolong Tea 1.8gx100 (6ct/cs),2,NJ,2025-06,2025-06-01,76.0,70.0,0.0,70.0,1378.29,1268.49,1268.49,6.0,109.79999999999995,False,none
D-15106,POP Oolong Tea 1.8gx100 (6ct/cs),2,NJ,2025-07,2025-07-01,85.0,85.0,0.0,85.0,1237.07,1237.07,1237.07,0.0,0.0,False,none
D-15106,POP Oolong Tea 1.8gx100 (6ct/cs),2,NJ,2025-08,2025-08-01,174.0,171.0,0.0,171.0,3437.26,3382.36,3382.36,3.0,54.90000000000009,False,none
D-15106,POP Oolong Tea 1.8gx100 (6ct/cs),2,NJ,2025-09,2025-09-01,80.0,80.0,0.0,80.0,1600.2,1600.2,1600.2,0.0,0.0,False,none
D-15106,POP Oolong Tea 1.8gx100 (6ct/cs),2,NJ,2025-10,2025-10-01,173.0,173.0,0.0,173.0,2894.66,2894.66,2894.66,0.0,0.0,False,none
D-15106,POP Oolong Tea 1.8gx100 (6ct/cs),2,NJ,2025-11,2025-11-01,59.0,53.0,0.0,53.0,1180.14,1054.14,1054.14,6.0,126.0,False,none
D-15106,POP Oolong Tea 1.8gx100 (6ct/cs),2,NJ,2025-12,2025-12-01,71.0,71.0,0.0,71.0,1253.87,1253.87,1253.87,0.0,0.0,False,none
D-15106,POP Oolong Tea 1.8gx100 (6ct/cs),3,LA,2023-06,2023-06-01,82.0,82.0,0.0,82.0,1386.0,1386.0,1386.0,0.0,0.0,False,none
D-15106,POP Oolong Tea 1.8gx100 (6ct/cs),3,LA,2023-07,2023-07-01,105.0,105.0,0.0,105.0,1585.99,1585.99,1585.99,0.0,0.0,False,none
D-15106,POP Oolong Tea 1.8gx100 (6ct/cs),3,LA,2023-08,2023-08-01,69.0,69.0,0.0,69.0,1008.56,1008.56,1008.56,0.0,0.0,False,none
D-15106,POP Oolong Tea 1.8gx100 (6ct/cs),3,LA,2023-09,2023-09-01,15.0,15.0,37.0,52.0,258.49,258.49,896.1,0.0,0.0,True,deep_drop_gap
D-15106,POP Oolong Tea 1.8gx100 (6ct/cs),3,LA,2023-10,2023-10-01,30.0,30.0,0.0,30.0,507.79,507.79,507.79,0.0,0.0,False,none
D-15106,POP Oolong Tea 1.8gx100 (6ct/cs),3,LA,2023-11,2023-11-01,35.0,35.0,0.0,35.0,594.0,594.0,594.0,0.0,0.0,False,none
D-15106,POP Oolong Tea 1.8gx100 (6ct/cs),3,LA,2023-12,2023-12-01,53.0,53.0,0.0,53.0,828.6,828.6,828.6,0.0,0.0,False,none
D-15106,POP Oolong Tea 1.8gx100 (6ct/cs),3,LA,2024-01,2024-01-01,72.0,72.0,0.0,72.0,1096.0,1096.0,1096.0,0.0,0.0,False,none
D-15106,POP Oolong Tea 1.8gx100 (6ct/cs),3,LA,2024-02,2024-02-01,64.0,63.0,0.0,63.0,1032.0,1014.0,1014.0,1.0,18.0,False,none
D-15106,POP Oolong Tea 1.8gx100 (6ct/cs),3,LA,2024-03,2024-03-01,72.0,72.0,0.0,72.0,1214.5,1214.5,1214.5,0.0,0.0,False,none
D-15106,POP Oolong Tea 1.8gx100 (6ct/cs),3,LA,2024-04,2024-04-01,87.0,81.0,0.0,81.0,1397.95,1318.75,1318.75,6.0,79.20000000000005,False,none
D-15106,POP Oolong Tea 1.8gx100 (6ct/cs),3,LA,2024-05,2024-05-01,118.0,118.0,0.0,118.0,1727.7,1727.7,1727.7,0.0,0.0,False,none
D-15106,POP Oolong Tea 1.8gx100 (6ct/cs),3,LA,2024-06,2024-06-01,44.0,44.0,0.0,44.0,679.0,679.0,679.0,0.0,0.0,False,none
D-15106,POP Oolong Tea 1.8gx100 (6ct/cs),3,LA,2024-07,2024-07-01,39.0,39.0,0.0,39.0,652.4,652.4,652.4,0.0,0.0,False,none
D-15106,POP Oolong Tea 1.8gx100 (6ct/cs),3,LA,2024-08,2024-08-01,25.0,19.0,0.0,19.0,417.2,338.0,338.0,6.0,79.19999999999999,False,none
D-15106,POP Oolong Tea 1.8gx100 (6ct/cs),3,LA,2024-09,2024-09-01,21.0,21.0,0.0,21.0,353.0,353.0,353.0,0.0,0.0,False,none
D-15106,POP Oolong Tea 1.8gx100 (6ct/cs),3,LA,2024-10,2024-10-01,31.0,29.0,0.0,29.0,496.0,460.0,460.0,2.0,36.0,False,none
D-15106,POP Oolong Tea 1.8gx100 (6ct/cs),3,LA,2024-11,2024-11-01,87.0,81.0,0.0,81.0,1357.2,1278.0,1278.0,6.0,79.20000000000005,False,none
D-15106,POP Oolong Tea 1.8gx100 (6ct/cs),3,LA,2024-12,2024-12-01,38.0,36.0,0.0,36.0,582.4,556.0,556.0,2.0,26.399999999999977,False,none
D-15106,POP Oolong Tea 1.8gx100 (6ct/cs),3,LA,2025-01,2025-01-01,49.0,49.0,0.0,49.0,753.79,753.79,753.79,0.0,0.0,False,none
D-15106,POP Oolong Tea 1.8gx100 (6ct/cs),3,LA,2025-02,2025-02-01,84.0,81.0,0.0,81.0,1287.48,1237.98,1237.98,3.0,49.5,False,none
D-15106,POP Oolong Tea 1.8gx100 (6ct/cs),3,LA,2025-03,2025-03-01,38.0,38.0,0.0,38.0,591.7,591.7,591.7,0.0,0.0,False,none
D-15106,POP Oolong Tea 1.8gx100 (6ct/cs),3,LA,2025-04,2025-04-01,49.0,49.0,0.0,49.0,792.8,792.8,792.8,0.0,0.0,False,none
D-15106,POP Oolong Tea 1.8gx100 (6ct/cs),3,LA,2025-05,2025-05-01,39.0,39.0,0.0,39.0,621.16,621.16,621.16,0.0,0.0,False,none
D-15106,POP Oolong Tea 1.8gx100 (6ct/cs),3,LA,2025-06,2025-06-01,21.0,21.0,0.0,21.0,247.87,247.87,247.87,0.0,0.0,False,none
D-15106,POP Oolong Tea 1.8gx100 (6ct/cs),3,LA,2025-07,2025-07-01,50.0,47.0,0.0,47.0,852.9,798.0,798.0,3.0,54.89999999999998,False,none
D-15106,POP Oolong Tea 1.8gx100 (6ct/cs),3,LA,2025-08,2025-08-01,71.0,71.0,0.0,71.0,1190.3,1190.3,1190.3,0.0,0.0,False,none
D-15106,POP Oolong Tea 1.8gx100 (6ct/cs),3,LA,2025-09,2025-09-01,14.0,8.0,51.0,59.0,277.8,168.0,1239.0,6.0,109.80000000000001,True,deep_drop_gap
D-15106,POP Oolong Tea 1.8gx100 (6ct/cs),3,LA,2025-10,2025-10-01,25.0,25.0,0.0,25.0,479.98,479.98,479.98,0.0,0.0,False,none
D-15106,POP Oolong Tea 1.8gx100 (6ct/cs),3,LA,2025-11,2025-11-01,128.0,120.0,0.0,120.0,2284.4,2111.6,2111.6,8.0,172.80000000000018,False,none
D-15106,POP Oolong Tea 1.8gx100 (6ct/cs),3,LA,2025-12,2025-12-01,50.0,50.0,0.0,50.0,908.0,908.0,908.0,0.0,0.0,False,none
D-15106,POP Oolong Tea 1.8gx100 (6ct/cs),E1,UNMAPPED,2024-12,2024-12-01,1.0,1.0,0.0,1.0,7.99,7.99,7.99,0.0,0.0,False,none
D-15106,POP Oolong Tea 1.8gx100 (6ct/cs),E1,UNMAPPED,2025-01,2025-01-01,0.0,0.0,1.0,1.0,0.0,0.0,7.99,0.0,0.0,True,zero_sales_gap
D-15106,POP Oolong Tea 1.8gx100 (6ct/cs),E1,UNMAPPED,2025-02,2025-02-01,1.0,1.0,0.0,1.0,7.99,7.99,7.99,0.0,0.0,False,none
D-15106,POP Oolong Tea 1.8gx100 (6ct/cs),E1,UNMAPPED,2025-03,2025-03-01,2.0,2.0,0.0,2.0,15.98,15.98,15.98,0.0,0.0,False,none
D-15106,POP Oolong Tea 1.8gx100 (6ct/cs),E1,UNMAPPED,2025-04,2025-04-01,2.0,2.0,0.0,2.0,12.48,12.48,12.48,0.0,0.0,False,none
D-15106,POP Oolong Tea 1.8gx100 (6ct/cs),E1,UNMAPPED,2025-05,2025-05-01,0.0,0.0,2.0,2.0,0.0,0.0,12.48,0.0,0.0,True,zero_sales_gap
D-15106,POP Oolong Tea 1.8gx100 (6ct/cs),E1,UNMAPPED,2025-06,2025-06-01,2.0,2.0,0.0,2.0,15.98,15.98,15.98,0.0,0.0,False,none
D-15106,POP Oolong Tea 1.8gx100 (6ct/cs),E1,UNMAPPED,2025-07,2025-07-01,1.0,1.0,0.0,1.0,7.99,7.99,7.99,0.0,0.0,False,none
D-15106,POP Oolong Tea 1.8gx100 (6ct/cs),E1,UNMAPPED,2025-08,2025-08-01,0.0,0.0,2.0,2.0,0.0,0.0,15.98,0.0,0.0,True,zero_sales_gap
D-15106,POP Oolong Tea 1.8gx100 (6ct/cs),E1,UNMAPPED,2025-09,2025-09-01,3.0,3.0,0.0,3.0,23.97,23.97,23.97,0.0,0.0,False,none
D-15200N,POP Organic Oolong Tea 1.8gx100,1,SF,2023-01,2023-01-01,264.0,264.0,0.0,264.0,10243.02,10243.02,10243.02,0.0,0.0,False,none
D-15200N,POP Organic Oolong Tea 1.8gx100,1,SF,2023-02,2023-02-01,182.0,182.0,0.0,182.0,8749.74,8749.74,8749.74,0.0,0.0,False,none
D-15200N,POP Organic Oolong Tea 1.8gx100,1,SF,2023-03,2023-03-01,225.0,225.0,0.0,225.0,8385.79,8385.79,8385.79,0.0,0.0,False,none
D-15200N,POP Organic Oolong Tea 1.8gx100,1,SF,2023-04,2023-04-01,154.0,154.0,0.0,154.0,2231.0,2231.0,2231.0,0.0,0.0,False,none
D-15200N,POP Organic Oolong Tea 1.8gx100,1,SF,2023-05,2023-05-01,229.0,229.0,0.0,229.0,9942.03,9942.03,9942.03,0.0,0.0,False,none
D-15200N,POP Organic Oolong Tea 1.8gx100,1,SF,2023-06,2023-06-01,76.0,76.0,0.0,76.0,418.70000000000005,418.70000000000005,418.7,0.0,0.0,False,none
D-15200N,POP Organic Oolong Tea 1.8gx100,1,SF,2023-07,2023-07-01,43.0,43.0,0.0,43.0,3085.86,3085.86,3085.86,0.0,0.0,False,none
D-15200N,POP Organic Oolong Tea 1.8gx100,1,SF,2023-08,2023-08-01,28.0,28.0,0.0,28.0,1655.0,1655.0,1655.0,0.0,0.0,False,none
D-15200N,POP Organic Oolong Tea 1.8gx100,1,SF,2023-09,2023-09-01,7.0,7.0,23.5,30.5,495.0,495.0,2156.79,0.0,0.0,True,deep_drop_gap
D-15200N,POP Organic Oolong Tea 1.8gx100,1,SF,2023-10,2023-10-01,10.0,10.0,18.0,28.0,311.84000000000003,311.84000000000003,873.15,0.0,0.0,True,deep_drop_gap
D-15200N,POP Organic Oolong Tea 1.8gx100,1,SF,2023-11,2023-11-01,33.0,33.0,0.0,33.0,132.0,132.0,132.0,0.0,0.0,False,none
D-15200N,POP Organic Oolong Tea 1.8gx100,2,NJ,2023-01,2023-01-01,137.0,137.0,0.0,137.0,13054.98,13054.98,13054.98,0.0,0.0,False,none
D-15200N,POP Organic Oolong Tea 1.8gx100,2,NJ,2023-02,2023-02-01,87.0,87.0,0.0,87.0,6478.05,6478.05,6478.05,0.0,0.0,False,none
D-15200N,POP Organic Oolong Tea 1.8gx100,2,NJ,2023-03,2023-03-01,170.0,170.0,0.0,170.0,12441.39,12441.39,12441.39,0.0,0.0,False,none
D-15200N,POP Organic Oolong Tea 1.8gx100,2,NJ,2023-04,2023-04-01,150.0,150.0,0.0,150.0,11704.76,11704.76,11704.76,0.0,0.0,False,none
D-15200N,POP Organic Oolong Tea 1.8gx100,2,NJ,2023-05,2023-05-01,210.0,210.0,0.0,210.0,17085.25,17085.25,17085.25,0.0,0.0,False,none
D-15200N,POP Organic Oolong Tea 1.8gx100,2,NJ,2023-06,2023-06-01,68.0,68.0,0.0,68.0,4439.91,4439.91,4439.91,0.0,0.0,False,none
D-15200N,POP Organic Oolong Tea 1.8gx100,2,NJ,2023-07,2023-07-01,71.0,71.0,0.0,71.0,6172.91,6172.91,6172.91,0.0,0.0,False,none
D-15200N,POP Organic Oolong Tea 1.8gx100,2,NJ,2023-08,2023-08-01,63.0,63.0,0.0,63.0,5365.1,5365.1,5365.1,0.0,0.0,False,none
D-15200N,POP Organic Oolong Tea 1.8gx100,2,NJ,2023-09,2023-09-01,10.0,10.0,40.5,50.5,533.94,533.94,2696.4,0.0,0.0,True,deep_drop_gap
D-15200N,POP Organic Oolong Tea 1.8gx100,2,NJ,2023-10,2023-10-01,38.0,38.0,0.0,38.0,3635.96,3635.96,3635.96,0.0,0.0,False,none
D-15200N,POP Organic Oolong Tea 1.8gx100,2,NJ,2023-11,2023-11-01,3.0,3.0,9.0,12.0,84.0,84.0,336.0,0.0,0.0,True,deep_drop_gap
D-15200N,POP Organic Oolong Tea 1.8gx100,2,NJ,2023-12,2023-12-01,12.0,12.0,0.0,12.0,48.0,48.0,48.0,0.0,0.0,False,none
D-15200N,POP Organic Oolong Tea 1.8gx100,3,LA,2023-01,2023-01-01,130.0,130.0,0.0,130.0,8386.84,8386.84,8386.84,0.0,0.0,False,none
D-15200N,POP Organic Oolong Tea 1.8gx100,3,LA,2023-02,2023-02-01,40.0,40.0,90.0,130.0,1871.93,1871.93,6083.77,0.0,0.0,True,deep_drop_gap
D-15200N,POP Organic Oolong Tea 1.8gx100,3,LA,2023-03,2023-03-01,143.0,143.0,0.0,143.0,10879.26,10879.26,10879.26,0.0,0.0,False,none
D-15200N,POP Organic Oolong Tea 1.8gx100,3,LA,2023-04,2023-04-01,57.0,57.0,88.5,145.5,4259.74,4259.74,10873.55,0.0,0.0,True,deep_drop_gap
D-15200N,POP Organic Oolong Tea 1.8gx100,3,LA,2023-05,2023-05-01,148.0,148.0,0.0,148.0,10398.47,10398.47,10398.47,0.0,0.0,False,none
D-15200N,POP Organic Oolong Tea 1.8gx100,3,LA,2023-06,2023-06-01,400.0,400.0,0.0,400.0,3541.18,3541.18,3541.18,0.0,0.0,False,none
D-15200N,POP Organic Oolong Tea 1.8gx100,3,LA,2023-07,2023-07-01,8.0,8.0,76.5,84.5,497.98,497.98,5259.91,0.0,0.0,True,deep_drop_gap
D-15200N,POP Organic Oolong Tea 1.8gx100,3,LA,2023-08,2023-08-01,21.0,21.0,0.0,21.0,1800.0,1800.0,1800.0,0.0,0.0,False,none
D-15200N,POP Organic Oolong Tea 1.8gx100,3,LA,2023-09,2023-09-01,17.0,17.0,0.0,17.0,1878.28,1878.28,1878.28,0.0,0.0,False,none
D-15200N,POP Organic Oolong Tea 1.8gx100,3,LA,2023-10,2023-10-01,28.0,28.0,0.0,28.0,112.0,112.0,112.0,0.0,0.0,False,none
D-15206,POP OG Oolong Tea 1.8gx100 (6ct/cs),1,SF,2023-06,2023-06-01,36.0,36.0,0.0,36.0,264.0,264.0,264.0,0.0,0.0,False,none
D-15206,POP OG Oolong Tea 1.8gx100 (6ct/cs),1,SF,2023-07,2023-07-01,42.0,42.0,0.0,42.0,995.46,995.46,995.46,0.0,0.0,False,none
D-15206,POP OG Oolong Tea 1.8gx100 (6ct/cs),1,SF,2023-08,2023-08-01,504.0,504.0,0.0,504.0,8840.339999999998,8840.339999999998,8840.34,0.0,0.0,False,none
D-15206,POP OG Oolong Tea 1.8gx100 (6ct/cs),1,SF,2023-09,2023-09-01,60.0,26.0,0.0,26.0,1168.28,454.28,454.28,34.0,714.0,False,none
D-15206,POP OG Oolong Tea 1.8gx100 (6ct/cs),1,SF,2023-10,2023-10-01,110.0,110.0,0.0,110.0,2048.64,2048.64,2048.64,0.0,0.0,False,none
D-15206,POP OG Oolong Tea 1.8gx100 (6ct/cs),1,SF,2023-11,2023-11-01,88.0,88.0,0.0,88.0,1602.13,1602.13,1602.13,0.0,0.0,False,none
D-15206,POP OG Oolong Tea 1.8gx100 (6ct/cs),1,SF,2023-12,2023-12-01,198.0,178.0,0.0,178.0,3594.33,3210.33,3210.33,20.0,384.0,False,none
D-15206,POP OG Oolong Tea 1.8gx100 (6ct/cs),1,SF,2024-01,2024-01-01,402.0,206.0,0.0,206.0,7408.7300000000005,4115.93,4115.93,196.0,3292.8,False,none
D-15206,POP OG Oolong Tea 1.8gx100 (6ct/cs),1,SF,2024-02,2024-02-01,362.0,362.0,0.0,362.0,7465.8099999999995,7465.8099999999995,7465.81,0.0,0.0,False,none
D-15206,POP OG Oolong Tea 1.8gx100 (6ct/cs),1,SF,2024-03,2024-03-01,810.0,810.0,0.0,810.0,17077.489999999998,17077.489999999998,17077.49,0.0,0.0,False,none
D-15206,POP OG Oolong Tea 1.8gx100 (6ct/cs),1,SF,2024-04,2024-04-01,479.0,86.0,0.0,86.0,8304.58,1702.18,1702.18,393.0,6602.4,False,none
D-15206,POP OG Oolong Tea 1.8gx100 (6ct/cs),1,SF,2024-05,2024-05-01,102.0,98.0,0.0,98.0,1938.25,1854.25,1854.25,4.0,84.0,False,none
D-15206,POP OG Oolong Tea 1.8gx100 (6ct/cs),1,SF,2024-06,2024-06-01,64.0,64.0,0.0,64.0,1322.16,1322.16,1322.16,0.0,0.0,False,none
D-15206,POP OG Oolong Tea 1.8gx100 (6ct/cs),1,SF,2024-07,2024-07-01,101.0,101.0,0.0,101.0,1996.66,1996.66,1996.66,0.0,0.0,False,none
D-15206,POP OG Oolong Tea 1.8gx100 (6ct/cs),1,SF,2024-08,2024-08-01,371.0,15.0,0.0,15.0,6266.33,285.53,285.53,356.0,5980.8,False,none
D-15206,POP OG Oolong Tea 1.8gx100 (6ct/cs),1,SF,2024-09,2024-09-01,65.0,65.0,0.0,65.0,1239.8300000000002,1239.8300000000002,1239.83,0.0,0.0,False,none
D-15206,POP OG Oolong Tea 1.8gx100 (6ct/cs),1,SF,2024-10,2024-10-01,445.0,445.0,0.0,445.0,8644.41,8644.41,8644.41,0.0,0.0,False,none
D-15206,POP OG Oolong Tea 1.8gx100 (6ct/cs),1,SF,2024-11,2024-11-01,330.0,159.0,0.0,159.0,5664.48,2791.68,2791.68,171.0,2872.7999999999997,False,none
D-15206,POP OG Oolong Tea 1.8gx100 (6ct/cs),1,SF,2024-12,2024-12-01,844.0,584.0,0.0,584.0,15708.36,11260.560000000001,11260.56,260.0,4447.799999999999,False,none
D-15206,POP OG Oolong Tea 1.8gx100 (6ct/cs),1,SF,2025-01,2025-01-01,568.0,568.0,0.0,568.0,9812.08,9812.08,9812.08,0.0,0.0,False,none
D-15206,POP OG Oolong Tea 1.8gx100 (6ct/cs),1,SF,2025-02,2025-02-01,224.0,83.0,0.0,83.0,4670.55,1709.55,1709.55,141.0,2961.0,False,none
D-15206,POP OG Oolong Tea 1.8gx100 (6ct/cs),1,SF,2025-03,2025-03-01,145.0,94.0,0.0,94.0,3261.0099999999998,2082.91,2082.91,51.0,1178.1,False,none
D-15206,POP OG Oolong Tea 1.8gx100 (6ct/cs),1,SF,2025-04,2025-04-01,227.0,77.0,0.0,77.0,4428.92,1333.52,1333.52,150.0,3095.4,False,none
D-15206,POP OG Oolong Tea 1.8gx100 (6ct/cs),1,SF,2025-05,2025-05-01,328.0,328.0,0.0,328.0,6186.680000000001,6186.680000000001,6186.68,0.0,0.0,False,none
D-15206,POP OG Oolong Tea 1.8gx100 (6ct/cs),1,SF,2025-06,2025-06-01,76.0,59.0,0.0,59.0,1772.03,1379.33,1379.33,17.0,392.70000000000005,False,none
D-15206,POP OG Oolong Tea 1.8gx100 (6ct/cs),1,SF,2025-07,2025-07-01,204.0,68.0,0.0,68.0,4624.44,1482.84,1482.84,136.0,3141.5999999999995,False,none
D-15206,POP OG Oolong Tea 1.8gx100 (6ct/cs),1,SF,2025-08,2025-08-01,209.0,209.0,0.0,209.0,4701.9400000000005,4701.9400000000005,4701.94,0.0,0.0,False,none
D-15206,POP OG Oolong Tea 1.8gx100 (6ct/cs),1,SF,2025-09,2025-09-01,538.0,66.0,0.0,66.0,12216.300000000001,1313.1,1313.1,472.0,10903.2,False,none
D-15206,POP OG Oolong Tea 1.8gx100 (6ct/cs),1,SF,2025-10,2025-10-01,82.0,82.0,0.0,82.0,1603.1100000000001,1603.1100000000001,1603.11,0.0,0.0,False,none
D-15206,POP OG Oolong Tea 1.8gx100 (6ct/cs),1,SF,2025-11,2025-11-01,197.0,163.0,0.0,163.0,4768.56,3838.32,3838.32,34.0,930.2400000000002,False,none
D-15206,POP OG Oolong Tea 1.8gx100 (6ct/cs),1,SF,2025-12,2025-12-01,111.0,110.0,0.0,110.0,2749.94,2724.94,2724.94,1.0,25.0,False,none
D-15206,POP OG Oolong Tea 1.8gx100 (6ct/cs),2,NJ,2023-03,2023-03-01,32.0,32.0,0.0,32.0,768.0,768.0,768.0,0.0,0.0,False,none
D-15206,POP OG Oolong Tea 1.8gx100 (6ct/cs),2,NJ,2023-04,2023-04-01,0.0,0.0,21.0,21.0,0.0,0.0,504.0,0.0,0.0,True,zero_sales_gap
D-15206,POP OG Oolong Tea 1.8gx100 (6ct/cs),2,NJ,2023-05,2023-05-01,0.0,0.0,32.0,32.0,0.0,0.0,768.0,0.0,0.0,True,zero_sales_gap
D-15206,POP OG Oolong Tea 1.8gx100 (6ct/cs),2,NJ,2023-06,2023-06-01,10.0,10.0,0.0,10.0,240.0,240.0,240.0,0.0,0.0,False,none
D-15206,POP OG Oolong Tea 1.8gx100 (6ct/cs),2,NJ,2023-07,2023-07-01,77.0,77.0,0.0,77.0,1600.24,1600.24,1600.24,0.0,0.0,False,none
D-15206,POP OG Oolong Tea 1.8gx100 (6ct/cs),2,NJ,2023-08,2023-08-01,830.0,830.0,0.0,830.0,15465.57,15465.57,15465.57,0.0,0.0,False,none
D-15206,POP OG Oolong Tea 1.8gx100 (6ct/cs),2,NJ,2023-09,2023-09-01,252.0,122.0,0.0,122.0,4898.179999999999,2714.18,2714.18,130.0,2183.9999999999995,False,none
D-15206,POP OG Oolong Tea 1.8gx100 (6ct/cs),2,NJ,2023-10,2023-10-01,359.0,321.0,0.0,321.0,6992.05,6231.85,6231.85,38.0,760.1999999999998,False,none
D-15206,POP OG Oolong Tea 1.8gx100 (6ct/cs),2,NJ,2023-11,2023-11-01,416.0,416.0,0.0,416.0,7541.389999999999,7541.389999999999,7541.39,0.0,0.0,False,none
D-15206,POP OG Oolong Tea 1.8gx100 (6ct/cs),2,NJ,2023-12,2023-12-01,850.0,220.0,0.0,220.0,15518.69,4440.29,4440.29,630.0,11078.400000000001,False,none
D-15206,POP OG Oolong Tea 1.8gx100 (6ct/cs),2,NJ,2024-01,2024-01-01,866.0,357.0,0.0,357.0,15282.25,6731.05,6731.05,509.0,8551.2,False,none
D-15206,POP OG Oolong Tea 1.8gx100 (6ct/cs),2,NJ,2024-02,2024-02-01,668.0,396.0,0.0,396.0,14081.59,8369.59,8369.59,272.0,5712.0,False,none
D-15206,POP OG Oolong Tea 1.8gx100 (6ct/cs),2,NJ,2024-03,2024-03-01,302.0,299.0,0.0,299.0,5934.48,5879.88,5879.88,3.0,54.599999999999454,False,none
D-15206,POP OG Oolong Tea 1.8gx100 (6ct/cs),2,NJ,2024-04,2024-04-01,1248.0,1248.0,0.0,1248.0,24166.449999999997,24166.449999999997,24166.45,0.0,0.0,False,none
D-15206,POP OG Oolong Tea 1.8gx100 (6ct/cs),2,NJ,2024-05,2024-05-01,436.0,436.0,0.0,436.0,8992.02,8992.02,8992.02,0.0,0.0,False,none
D-15206,POP OG Oolong Tea 1.8gx100 (6ct/cs),2,NJ,2024-06,2024-06-01,229.0,229.0,0.0,229.0,4813.56,4813.56,4813.56,0.0,0.0,False,none
D-15206,POP OG Oolong Tea 1.8gx100 (6ct/cs),2,NJ,2024-07,2024-07-01,228.0,211.0,0.0,211.0,4093.98,3808.3799999999997,3808.38,17.0,285.60000000000036,False,none
D-15206,POP OG Oolong Tea 1.8gx100 (6ct/cs),2,NJ,2024-08,2024-08-01,556.0,207.0,0.0,207.0,10527.24,4199.04,4199.04,349.0,6328.2,False,none
D-15206,POP OG Oolong Tea 1.8gx100 (6ct/cs),2,NJ,2024-09,2024-09-01,120.0,93.0,0.0,93.0,2347.5899999999997,1893.99,1893.99,27.0,453.5999999999997,False,none
D-15206,POP OG Oolong Tea 1.8gx100 (6ct/cs),2,NJ,2024-10,2024-10-01,598.0,201.0,0.0,201.0,10557.150000000001,3887.5499999999997,3887.55,397.0,6669.600000000002,False,none
D-15206,POP OG Oolong Tea 1.8gx100 (6ct/cs),2,NJ,2024-11,2024-11-01,512.0,495.0,0.0,495.0,9644.79,9287.79,9287.79,17.0,357.0,False,none
D-15206,POP OG Oolong Tea 1.8gx100 (6ct/cs),2,NJ,2024-12,2024-12-01,579.0,438.0,0.0,438.0,10438.36,7943.56,7943.56,141.0,2494.8,False,none
D-15206,POP OG Oolong Tea 1.8gx100 (6ct/cs),2,NJ,2025-01,2025-01-01,852.0,621.0,0.0,621.0,16919.69,12669.289999999999,12669.29,231.0,4250.4,False,none
D-15206,POP OG Oolong Tea 1.8gx100 (6ct/cs),2,NJ,2025-02,2025-02-01,1171.0,469.0,0.0,469.0,24565.38,9764.58,9764.58,702.0,14800.800000000001,False,none
D-15206,POP OG Oolong Tea 1.8gx100 (6ct/cs),2,NJ,2025-03,2025-03-01,594.0,401.0,0.0,401.0,13124.25,8800.59,8800.59,193.0,4323.66,False,none
D-15206,POP OG Oolong Tea 1.8gx100 (6ct/cs),2,NJ,2025-04,2025-04-01,878.0,373.0,0.0,373.0,15852.520000000002,6520.12,6520.12,505.0,9332.400000000001,False,none
D-15206,POP OG Oolong Tea 1.8gx100 (6ct/cs),2,NJ,2025-05,2025-05-01,454.0,427.0,0.0,427.0,8874.390000000001,8296.890000000001,8296.89,27.0,577.5,False,none
D-15206,POP OG Oolong Tea 1.8gx100 (6ct/cs),2,NJ,2025-06,2025-06-01,222.0,103.0,0.0,103.0,5045.709999999999,2296.81,2296.81,119.0,2748.899999999999,False,none
D-15206,POP OG Oolong Tea 1.8gx100 (6ct/cs),2,NJ,2025-07,2025-07-01,364.0,339.0,0.0,339.0,7380.8,6803.299999999999,6803.3,25.0,577.5000000000009,False,none
D-15206,POP OG Oolong Tea 1.8gx100 (6ct/cs),2,NJ,2025-08,2025-08-01,717.0,310.0,0.0,310.0,14875.82,7211.24,7211.24,407.0,7664.58,False,none
D-15206,POP OG Oolong Tea 1.8gx100 (6ct/cs),2,NJ,2025-09,2025-09-01,300.0,107.0,0.0,107.0,6853.38,2395.08,2395.08,193.0,4458.3,False,none
D-15206,POP OG Oolong Tea 1.8gx100 (6ct/cs),2,NJ,2025-10,2025-10-01,260.0,260.0,0.0,260.0,5770.259999999999,5770.259999999999,5770.26,0.0,0.0,False,none
D-15206,POP OG Oolong Tea 1.8gx100 (6ct/cs),2,NJ,2025-11,2025-11-01,622.0,603.0,0.0,603.0,14291.539999999999,13772.42,13772.42,19.0,519.119999999999,False,none
D-15206,POP OG Oolong Tea 1.8gx100 (6ct/cs),2,NJ,2025-12,2025-12-01,684.0,528.0,0.0,528.0,15882.5,11614.34,11614.34,156.0,4268.16,False,none
D-15206,POP OG Oolong Tea 1.8gx100 (6ct/cs),3,LA,2023-08,2023-08-01,434.0,434.0,0.0,434.0,7310.97,7310.97,7310.97,0.0,0.0,False,none
D-15206,POP OG Oolong Tea 1.8gx100 (6ct/cs),3,LA,2023-09,2023-09-01,42.0,25.0,131.0,156.0,881.95,524.95,3275.69,17.0,357.0,True,deep_drop_gap
D-15206,POP OG Oolong Tea 1.8gx100 (6ct/cs),3,LA,2023-10,2023-10-01,156.0,156.0,0.0,156.0,3744.0,3744.0,3744.0,0.0,0.0,False,none
D-15206,POP OG Oolong Tea 1.8gx100 (6ct/cs),3,LA,2023-11,2023-11-01,84.0,84.0,0.0,84.0,1651.46,1651.46,1651.46,0.0,0.0,False,none
D-15206,POP OG Oolong Tea 1.8gx100 (6ct/cs),3,LA,2023-12,2023-12-01,211.0,211.0,0.0,211.0,4000.2,4000.2,4000.2,0.0,0.0,False,none
D-15206,POP OG Oolong Tea 1.8gx100 (6ct/cs),3,LA,2024-01,2024-01-01,140.0,140.0,0.0,140.0,2765.0,2765.0,2765.0,0.0,0.0,False,none
D-15206,POP OG Oolong Tea 1.8gx100 (6ct/cs),3,LA,2024-02,2024-02-01,369.0,365.0,0.0,365.0,7767.0,7671.0,7671.0,4.0,96.0,False,none
D-15206,POP OG Oolong Tea 1.8gx100 (6ct/cs),3,LA,2024-03,2024-03-01,269.0,269.0,0.0,269.0,5685.96,5685.96,5685.96,0.0,0.0,False,none
D-15206,POP OG Oolong Tea 1.8gx100 (6ct/cs),3,LA,2024-04,2024-04-01,592.0,235.0,0.0,235.0,10394.95,4397.35,4397.35,357.0,5997.6,False,none
D-15206,POP OG Oolong Tea 1.8gx100 (6ct/cs),3,LA,2024-05,2024-05-01,750.0,750.0,0.0,750.0,13609.8,13609.8,13609.8,0.0,0.0,False,none
D-15206,POP OG Oolong Tea 1.8gx100 (6ct/cs),3,LA,2024-06,2024-06-01,60.0,60.0,162.0,222.0,1296.0,1296.0,4795.2,0.0,0.0,True,deep_drop_gap
D-15206,POP OG Oolong Tea 1.8gx100 (6ct/cs),3,LA,2024-07,2024-07-01,209.0,209.0,0.0,209.0,4013.99,4013.99,4013.99,0.0,0.0,False,none
D-15206,POP OG Oolong Tea 1.8gx100 (6ct/cs),3,LA,2024-08,2024-08-01,145.0,26.0,0.0,26.0,2561.2,562.0,562.0,119.0,1999.1999999999998,False,none
D-15206,POP OG Oolong Tea 1.8gx100 (6ct/cs),3,LA,2024-09,2024-09-01,404.0,404.0,0.0,404.0,7447.2,7447.2,7447.2,0.0,0.0,False,none
D-15206,POP OG Oolong Tea 1.8gx100 (6ct/cs),3,LA,2024-10,2024-10-01,263.0,262.0,0.0,262.0,5056.17,5032.17,5032.17,1.0,24.0,False,none
D-15206,POP OG Oolong Tea 1.8gx100 (6ct/cs),3,LA,2024-11,2024-11-01,569.0,450.0,0.0,450.0,10279.6,8280.4,8280.4,119.0,1999.2000000000007,False,none
D-15206,POP OG Oolong Tea 1.8gx100 (6ct/cs),3,LA,2024-12,2024-12-01,739.0,501.0,0.0,501.0,13890.35,9891.95,9891.95,238.0,3998.3999999999996,False,none
D-15206,POP OG Oolong Tea 1.8gx100 (6ct/cs),3,LA,2025-01,2025-01-01,230.0,230.0,0.0,230.0,4101.64,4101.64,4101.64,0.0,0.0,False,none
D-15206,POP OG Oolong Tea 1.8gx100 (6ct/cs),3,LA,2025-02,2025-02-01,878.0,640.0,0.0,640.0,16602.0,11604.0,11604.0,238.0,4998.0,False,none
D-15206,POP OG Oolong Tea 1.8gx100 (6ct/cs),3,LA,2025-03,2025-03-01,17.0,17.0,451.5,468.5,349.5,349.5,9631.81,0.0,0.0,True,deep_drop_gap
D-15206,POP OG Oolong Tea 1.8gx100 (6ct/cs),3,LA,2025-04,2025-04-01,326.0,326.0,0.0,326.0,6077.0,6077.0,6077.0,0.0,0.0,False,none
D-15206,POP OG Oolong Tea 1.8gx100 (6ct/cs),3,LA,2025-05,2025-05-01,611.0,611.0,0.0,611.0,11238.24,11238.24,11238.24,0.0,0.0,False,none
D-15206,POP OG Oolong Tea 1.8gx100 (6ct/cs),3,LA,2025-06,2025-06-01,34.0,34.0,426.0,460.0,762.79,762.79,10320.1,0.0,0.0,True,deep_drop_gap
D-15206,POP OG Oolong Tea 1.8gx100 (6ct/cs),3,LA,2025-07,2025-07-01,594.0,594.0,0.0,594.0,10909.0,10909.0,10909.0,0.0,0.0,False,none
D-15206,POP OG Oolong Tea 1.8gx100 (6ct/cs),3,LA,2025-08,2025-08-01,46.0,46.0,102.0,148.0,1044.25,1044.25,3359.76,0.0,0.0,True,deep_drop_gap
D-15206,POP OG Oolong Tea 1.8gx100 (6ct/cs),3,LA,2025-09,2025-09-01,382.0,25.0,0.0,25.0,8880.78,634.0799999999999,634.08,357.0,8246.7,False,none
D-15206,POP OG Oolong Tea 1.8gx100 (6ct/cs),3,LA,2025-10,2025-10-01,280.0,262.0,0.0,262.0,5384.2,4952.2,4952.2,18.0,432.0,False,none
D-15206,POP OG Oolong Tea 1.8gx100 (6ct/cs),3,LA,2025-11,2025-11-01,844.0,841.0,0.0,841.0,16025.0,15950.0,15950.0,3.0,75.0,False,none
D-15206,POP OG Oolong Tea 1.8gx100 (6ct/cs),3,LA,2025-12,2025-12-01,358.0,355.0,0.0,355.0,7001.4,6920.4,6920.4,3.0,81.0,False,none
D-15206,POP OG Oolong Tea 1.8gx100 (6ct/cs),E1,UNMAPPED,2024-02,2024-02-01,2.0,2.0,0.0,2.0,17.98,17.98,17.98,0.0,0.0,False,none
D-15206,POP OG Oolong Tea 1.8gx100 (6ct/cs),E1,UNMAPPED,2024-03,2024-03-01,0.0,0.0,2.0,2.0,0.0,0.0,17.98,0.0,0.0,True,zero_sales_gap
D-15206,POP OG Oolong Tea 1.8gx100 (6ct/cs),E1,UNMAPPED,2024-04,2024-04-01,0.0,0.0,2.0,2.0,0.0,0.0,17.98,0.0,0.0,True,zero_sales_gap
D-15206,POP OG Oolong Tea 1.8gx100 (6ct/cs),E1,UNMAPPED,2024-05,2024-05-01,0.0,0.0,0.0,0.0,0.0,0.0,0.0,0.0,0.0,False,none
D-15206,POP OG Oolong Tea 1.8gx100 (6ct/cs),E1,UNMAPPED,2024-06,2024-06-01,0.0,0.0,0.0,0.0,0.0,0.0,0.0,0.0,0.0,False,none
D-15206,POP OG Oolong Tea 1.8gx100 (6ct/cs),E1,UNMAPPED,2024-07,2024-07-01,0.0,0.0,0.0,0.0,0.0,0.0,0.0,0.0,0.0,False,none
D-15206,POP OG Oolong Tea 1.8gx100 (6ct/cs),E1,UNMAPPED,2024-08,2024-08-01,0.0,0.0,0.0,0.0,0.0,0.0,0.0,0.0,0.0,False,none
D-15206,POP OG Oolong Tea 1.8gx100 (6ct/cs),E1,UNMAPPED,2024-09,2024-09-01,0.0,0.0,0.0,0.0,0.0,0.0,0.0,0.0,0.0,False,none
D-15206,POP OG Oolong Tea 1.8gx100 (6ct/cs),E1,UNMAPPED,2024-10,2024-10-01,0.0,0.0,1.0,1.0,0.0,0.0,8.99,0.0,0.0,True,zero_sales_gap
D-15206,POP OG Oolong Tea 1.8gx100 (6ct/cs),E1,UNMAPPED,2024-11,2024-11-01,0.0,0.0,3.0,3.0,0.0,0.0,26.97,0.0,0.0,True,zero_sales_gap
D-15206,POP OG Oolong Tea 1.8gx100 (6ct/cs),E1,UNMAPPED,2024-12,2024-12-01,1.0,1.0,0.0,1.0,7.0,7.0,7.0,0.0,0.0,False,none
D-15206,POP OG Oolong Tea 1.8gx100 (6ct/cs),E1,UNMAPPED,2025-01,2025-01-01,5.0,5.0,0.0,5.0,49.95,49.95,49.95,0.0,0.0,False,none
D-15206,POP OG Oolong Tea 1.8gx100 (6ct/cs),E1,UNMAPPED,2025-02,2025-02-01,5.0,5.0,0.0,5.0,49.95,49.95,49.95,0.0,0.0,False,none
D-15206,POP OG Oolong Tea 1.8gx100 (6ct/cs),E1,UNMAPPED,2025-03,2025-03-01,6.0,6.0,0.0,6.0,59.94,59.94,59.94,0.0,0.0,False,none
D-15206,POP OG Oolong Tea 1.8gx100 (6ct/cs),E1,UNMAPPED,2025-04,2025-04-01,2.0,2.0,0.0,2.0,19.98,19.98,19.98,0.0,0.0,False,none
D-15206,POP OG Oolong Tea 1.8gx100 (6ct/cs),E1,UNMAPPED,2025-05,2025-05-01,0.0,0.0,4.0,4.0,0.0,0.0,39.96,0.0,0.0,True,zero_sales_gap
D-15206,POP OG Oolong Tea 1.8gx100 (6ct/cs),E1,UNMAPPED,2025-06,2025-06-01,0.0,0.0,11.5,11.5,0.0,0.0,114.88,0.0,0.0,True,zero_sales_gap
D-15206,POP OG Oolong Tea 1.8gx100 (6ct/cs),E1,UNMAPPED,2025-07,2025-07-01,0.0,0.0,21.0,21.0,0.0,0.0,209.79,0.0,0.0,True,zero_sales_gap
D-15206,POP OG Oolong Tea 1.8gx100 (6ct/cs),E1,UNMAPPED,2025-08,2025-08-01,21.0,21.0,0.0,21.0,0.0,0.0,0.0,0.0,0.0,False,none
D-15212,POP Organic Oolong Tea 1.8gx20 (12ct/cs),1,SF,2025-06,2025-06-01,23.0,3.0,0.0,3.0,310.44,46.44,46.44,20.0,264.0,False,none
D-15212,POP Organic Oolong Tea 1.8gx20 (12ct/cs),1,SF,2025-07,2025-07-01,10.0,5.0,0.0,5.0,138.0,72.0,72.0,5.0,66.0,False,none
D-15212,POP Organic Oolong Tea 1.8gx20 (12ct/cs),1,SF,2025-08,2025-08-01,30.0,30.0,0.0,30.0,264.04,264.04,264.04,0.0,0.0,False,none
D-15212,POP Organic Oolong Tea 1.8gx20 (12ct/cs),1,SF,2025-09,2025-09-01,8.0,8.0,0.0,8.0,52.24,52.24,52.24,0.0,0.0,False,none
D-15212,POP Organic Oolong Tea 1.8gx20 (12ct/cs),1,SF,2025-10,2025-10-01,10.0,10.0,0.0,10.0,65.3,65.3,65.3,0.0,0.0,False,none
D-15212,POP Organic Oolong Tea 1.8gx20 (12ct/cs),2,NJ,2025-02,2025-02-01,2.0,2.0,0.0,2.0,28.8,28.8,28.8,0.0,0.0,False,none
D-15212,POP Organic Oolong Tea 1.8gx20 (12ct/cs),2,NJ,2025-03,2025-03-01,45.0,45.0,0.0,45.0,611.52,611.52,611.52,0.0,0.0,False,none
D-15212,POP Organic Oolong Tea 1.8gx20 (12ct/cs),2,NJ,2025-04,2025-04-01,0.0,0.0,23.5,23.5,0.0,0.0,319.35,0.0,0.0,True,zero_sales_gap
D-15212,POP Organic Oolong Tea 1.8gx20 (12ct/cs),2,NJ,2025-05,2025-05-01,36.0,36.0,0.0,36.0,371.52,371.52,371.52,0.0,0.0,False,none
D-15212,POP Organic Oolong Tea 1.8gx20 (12ct/cs),2,NJ,2025-06,2025-06-01,18.0,11.0,0.0,11.0,247.32,154.92000000000002,154.92,7.0,92.39999999999998,False,none
D-15212,POP Organic Oolong Tea 1.8gx20 (12ct/cs),2,NJ,2025-07,2025-07-01,39.0,39.0,0.0,39.0,409.8,409.8,409.8,0.0,0.0,False,none
D-15212,POP Organic Oolong Tea 1.8gx20 (12ct/cs),2,NJ,2025-08,2025-08-01,81.0,80.0,0.0,80.0,1151.2,1138.0,1138.0,1.0,13.200000000000045,False,none
D-15212,POP Organic Oolong Tea 1.8gx20 (12ct/cs),2,NJ,2025-09,2025-09-01,21.0,21.0,0.0,21.0,319.44,319.44,319.44,0.0,0.0,False,none
D-15212,POP Organic Oolong Tea 1.8gx20 (12ct/cs),2,NJ,2025-10,2025-10-01,1.0,1.0,17.0,18.0,16.0,16.0,288.0,0.0,0.0,True,deep_drop_gap
D-15212,POP Organic Oolong Tea 1.8gx20 (12ct/cs),2,NJ,2025-11,2025-11-01,8.0,6.0,0.0,6.0,148.72,115.84,115.84,2.0,32.879999999999995,False,none
D-15212,POP Organic Oolong Tea 1.8gx20 (12ct/cs),2,NJ,2025-12,2025-12-01,15.0,15.0,0.0,15.0,245.72,245.72,245.72,0.0,0.0,False,none
D-15212,POP Organic Oolong Tea 1.8gx20 (12ct/cs),3,LA,2025-06,2025-06-01,7.0,0.0,0.0,0.0,92.4,0.0,0.0,7.0,92.4,False,none
D-15212,POP Organic Oolong Tea 1.8gx20 (12ct/cs),3,LA,2025-07,2025-07-01,2.0,2.0,0.0,2.0,28.8,28.8,28.8,0.0,0.0,False,none
D-15212,POP Organic Oolong Tea 1.8gx20 (12ct/cs),3,LA,2025-08,2025-08-01,0.0,0.0,5.5,5.5,0.0,0.0,79.2,0.0,0.0,True,zero_sales_gap
D-15212,POP Organic Oolong Tea 1.8gx20 (12ct/cs),3,LA,2025-09,2025-09-01,0.0,0.0,2.0,2.0,0.0,0.0,28.8,0.0,0.0,True,zero_sales_gap
D-15212,POP Organic Oolong Tea 1.8gx20 (12ct/cs),3,LA,2025-10,2025-10-01,9.0,9.0,0.0,9.0,139.2,139.2,139.2,0.0,0.0,False,none
D-15212,POP Organic Oolong Tea 1.8gx20 (12ct/cs),3,LA,2025-11,2025-11-01,10.0,2.0,0.0,2.0,163.52,32.0,32.0,8.0,131.52,False,none
D-15212,POP Organic Oolong Tea 1.8gx20 (12ct/cs),3,LA,2025-12,2025-12-01,20.0,19.0,0.0,19.0,150.4,134.4,134.4,1.0,16.0,False,none
D-15220N,POP Organic Oolong Tea 1.8gx20,1,SF,2023-01,2023-01-01,21.0,21.0,0.0,21.0,272.74,272.74,272.74,0.0,0.0,False,none
D-15220N,POP Organic Oolong Tea 1.8gx20,1,SF,2023-02,2023-02-01,17.0,17.0,0.0,17.0,417.22,417.22,417.22,0.0,0.0,False,none
D-15220N,POP Organic Oolong Tea 1.8gx20,1,SF,2023-03,2023-03-01,18.0,18.0,0.0,18.0,571.5000000000001,571.5000000000001,571.5,0.0,0.0,False,none
D-15220N,POP Organic Oolong Tea 1.8gx20,1,SF,2023-04,2023-04-01,26.0,26.0,0.0,26.0,198.25,198.25,198.25,0.0,0.0,False,none
D-15220N,POP Organic Oolong Tea 1.8gx20,1,SF,2023-05,2023-05-01,26.0,26.0,0.0,26.0,527.23,527.23,527.23,0.0,0.0,False,none
D-15220N,POP Organic Oolong Tea 1.8gx20,1,SF,2023-06,2023-06-01,6.0,6.0,19.5,25.5,250.52999999999997,250.52999999999997,1064.75,0.0,0.0,True,deep_drop_gap
D-15220N,POP Organic Oolong Tea 1.8gx20,1,SF,2023-07,2023-07-01,2.0,2.0,17.5,19.5,86.4,86.4,842.4,0.0,0.0,True,deep_drop_gap
D-15220N,POP Organic Oolong Tea 1.8gx20,1,SF,2023-08,2023-08-01,25.0,25.0,0.0,25.0,573.85,573.85,573.85,0.0,0.0,False,none
D-15220N,POP Organic Oolong Tea 1.8gx20,1,SF,2023-09,2023-09-01,14.0,14.0,0.0,14.0,300.95,300.95,300.95,0.0,0.0,False,none
D-15220N,POP Organic Oolong Tea 1.8gx20,1,SF,2023-10,2023-10-01,18.0,18.0,0.0,18.0,223.35000000000002,223.35000000000002,223.35,0.0,0.0,False,none
D-15220N,POP Organic Oolong Tea 1.8gx20,1,SF,2023-11,2023-11-01,11.0,11.0,0.0,11.0,359.28,359.28,359.28,0.0,0.0,False,none
D-15220N,POP Organic Oolong Tea 1.8gx20,1,SF,2023-12,2023-12-01,16.0,12.0,0.0,12.0,432.57,294.33,294.33,4.0,138.24,False,none
D-15220N,POP Organic Oolong Tea 1.8gx20,1,SF,2024-01,2024-01-01,35.0,27.0,0.0,27.0,751.1300000000001,497.69000000000005,497.69,8.0,253.44000000000005,False,none
D-15220N,POP Organic Oolong Tea 1.8gx20,1,SF,2024-02,2024-02-01,10.0,10.0,0.0,10.0,141.01,141.01,141.01,0.0,0.0,False,none
D-15220N,POP Organic Oolong Tea 1.8gx20,1,SF,2024-03,2024-03-01,4.0,4.0,8.0,12.0,95.49000000000001,95.49000000000001,286.47,0.0,0.0,True,deep_drop_gap
D-15220N,POP Organic Oolong Tea 1.8gx20,1,SF,2024-04,2024-04-01,16.0,5.0,0.0,5.0,447.46000000000004,98.98,98.98,11.0,348.48,False,none
D-15220N,POP Organic Oolong Tea 1.8gx20,1,SF,2024-05,2024-05-01,14.0,14.0,0.0,14.0,494.42,494.42,494.42,0.0,0.0,False,none
D-15220N,POP Organic Oolong Tea 1.8gx20,1,SF,2024-06,2024-06-01,11.0,11.0,0.0,11.0,323.66,323.66,323.66,0.0,0.0,False,none
D-15220N,POP Organic Oolong Tea 1.8gx20,1,SF,2024-07,2024-07-01,20.0,20.0,0.0,20.0,141.16,141.16,141.16,0.0,0.0,False,none
D-15220N,POP Organic Oolong Tea 1.8gx20,1,SF,2024-08,2024-08-01,44.0,37.0,0.0,37.0,641.76,420.0,420.0,7.0,221.76,False,none
D-15220N,POP Organic Oolong Tea 1.8gx20,1,SF,2024-09,2024-09-01,27.0,26.0,0.0,26.0,133.72000000000003,90.52000000000001,90.52,1.0,43.20000000000002,False,none
D-15220N,POP Organic Oolong Tea 1.8gx20,1,SF,2024-10,2024-10-01,46.0,46.0,0.0,46.0,442.32000000000005,442.32000000000005,442.32,0.0,0.0,False,none
D-15220N,POP Organic Oolong Tea 1.8gx20,1,SF,2024-11,2024-11-01,61.0,56.0,0.0,56.0,1759.6399999999999,1601.24,1601.24,5.0,158.39999999999986,False,none
D-15220N,POP Organic Oolong Tea 1.8gx20,1,SF,2024-12,2024-12-01,6.0,1.0,39.5,40.5,201.60000000000002,43.2,1749.6,5.0,158.40000000000003,True,deep_drop_gap
D-15220N,POP Organic Oolong Tea 1.8gx20,1,SF,2025-01,2025-01-01,35.0,35.0,0.0,35.0,596.67,596.67,596.67,0.0,0.0,False,none
D-15220N,POP Organic Oolong Tea 1.8gx20,1,SF,2025-02,2025-02-01,28.0,28.0,0.0,28.0,142.28,142.28,142.28,0.0,0.0,False,none
D-15220N,POP Organic Oolong Tea 1.8gx20,1,SF,2025-03,2025-03-01,66.0,62.0,0.0,62.0,314.48,156.08,156.08,4.0,158.4,False,none
D-15220N,POP Organic Oolong Tea 1.8gx20,1,SF,2025-04,2025-04-01,63.0,57.0,0.0,57.0,547.7099999999999,310.10999999999996,310.11,6.0,237.59999999999997,False,none
D-15220N,POP Organic Oolong Tea 1.8gx20,1,SF,2025-05,2025-05-01,14.0,14.0,43.0,57.0,77.76,77.76,316.59,0.0,0.0,True,deep_drop_gap
D-15220N,POP Organic Oolong Tea 1.8gx20,1,SF,2025-06,2025-06-01,1.0,1.0,0.0,1.0,2.59,2.59,2.59,0.0,0.0,False,none
D-15220N,POP Organic Oolong Tea 1.8gx20,1,SF,2025-07,2025-07-01,0.0,0.0,7.5,7.5,0.0,0.0,19.42,0.0,0.0,True,zero_sales_gap
D-15220N,POP Organic Oolong Tea 1.8gx20,1,SF,2025-08,2025-08-01,1.0,1.0,0.0,1.0,0.0,0.0,0.0,0.0,0.0,False,none
D-15220N,POP Organic Oolong Tea 1.8gx20,1,SF,2025-09,2025-09-01,19.0,19.0,0.0,19.0,25.590000000000003,25.590000000000003,25.59,0.0,0.0,False,none
D-15220N,POP Organic Oolong Tea 1.8gx20,2,NJ,2023-01,2023-01-01,65.0,65.0,0.0,65.0,751.6800000000001,751.6800000000001,751.68,0.0,0.0,False,none
D-15220N,POP Organic Oolong Tea 1.8gx20,2,NJ,2023-02,2023-02-01,16.0,16.0,68.0,84.0,503.64000000000004,503.64000000000004,2644.11,0.0,0.0,True,deep_drop_gap
D-15220N,POP Organic Oolong Tea 1.8gx20,2,NJ,2023-03,2023-03-01,185.0,185.0,0.0,185.0,1192.5000000000002,1192.5000000000002,1192.5,0.0,0.0,False,none
D-15220N,POP Organic Oolong Tea 1.8gx20,2,NJ,2023-04,2023-04-01,84.0,84.0,0.0,84.0,779.04,779.04,779.04,0.0,0.0,False,none
D-15220N,POP Organic Oolong Tea 1.8gx20,2,NJ,2023-05,2023-05-01,42.0,42.0,0.0,42.0,1413.5,1413.5,1413.5,0.0,0.0,False,none
D-15220N,POP Organic Oolong Tea 1.8gx20,2,NJ,2023-06,2023-06-01,2.0,2.0,52.0,54.0,79.2,79.2,2138.4,0.0,0.0,True,deep_drop_gap
D-15220N,POP Organic Oolong Tea 1.8gx20,2,NJ,2023-07,2023-07-01,18.0,18.0,0.0,18.0,660.96,660.96,660.96,0.0,0.0,False,none
D-15220N,POP Organic Oolong Tea 1.8gx20,2,NJ,2023-08,2023-08-01,66.0,66.0,0.0,66.0,1704.6,1704.6,1704.6,0.0,0.0,False,none
D-15220N,POP Organic Oolong Tea 1.8gx20,2,NJ,2023-09,2023-09-01,0.0,0.0,58.0,58.0,0.0,0.0,1497.98,0.0,0.0,True,zero_sales_gap
D-15220N,POP Organic Oolong Tea 1.8gx20,2,NJ,2023-10,2023-10-01,0.0,0.0,66.0,66.0,0.0,0.0,1704.6,0.0,0.0,True,zero_sales_gap
D-15220N,POP Organic Oolong Tea 1.8gx20,2,NJ,2023-11,2023-11-01,58.0,58.0,0.0,58.0,597.89,597.89,597.89,0.0,0.0,False,none
D-15220N,POP Organic Oolong Tea 1.8gx20,2,NJ,2023-12,2023-12-01,102.0,92.0,0.0,92.0,1014.5699999999999,667.53,667.53,10.0,347.03999999999996,False,none
D-15220N,POP Organic Oolong Tea 1.8gx20,2,NJ,2024-01,2024-01-01,43.0,41.0,0.0,41.0,1483.1999999999998,1419.8400000000001,1419.84,2.0,63.35999999999967,False,none
D-15220N,POP Organic Oolong Tea 1.8gx20,2,NJ,2024-02,2024-02-01,13.0,13.0,21.5,34.5,411.19,411.19,1091.23,0.0,0.0,True,deep_drop_gap
D-15220N,POP Organic Oolong Tea 1.8gx20,2,NJ,2024-03,2024-03-01,22.0,21.0,0.0,21.0,755.85,724.1700000000001,724.17,1.0,31.67999999999995,False,none
D-15220N,POP Organic Oolong Tea 1.8gx20,2,NJ,2024-04,2024-04-01,28.0,28.0,0.0,28.0,960.8400000000001,960.8400000000001,960.84,0.0,0.0,False,none
D-15220N,POP Organic Oolong Tea 1.8gx20,2,NJ,2024-05,2024-05-01,19.0,19.0,0.0,19.0,802.08,802.08,802.08,0.0,0.0,False,none
D-15220N,POP Organic Oolong Tea 1.8gx20,2,NJ,2024-06,2024-06-01,15.0,15.0,0.0,15.0,376.02,376.02,376.02,0.0,0.0,False,none
D-15220N,POP Organic Oolong Tea 1.8gx20,2,NJ,2024-07,2024-07-01,32.0,32.0,0.0,32.0,719.0300000000001,719.0300000000001,719.03,0.0,0.0,False,none
D-15220N,POP Organic Oolong Tea 1.8gx20,2,NJ,2024-08,2024-08-01,42.0,38.0,0.0,38.0,1136.86,1010.14,1010.14,4.0,126.71999999999991,False,none
D-15220N,POP Organic Oolong Tea 1.8gx20,2,NJ,2024-09,2024-09-01,41.0,41.0,0.0,41.0,740.92,740.92,740.92,0.0,0.0,False,none
D-15220N,POP Organic Oolong Tea 1.8gx20,2,NJ,2024-10,2024-10-01,11.0,11.0,22.0,33.0,298.8,298.8,896.4,0.0,0.0,True,deep_drop_gap
D-15220N,POP Organic Oolong Tea 1.8gx20,2,NJ,2024-11,2024-11-01,21.0,21.0,0.0,21.0,610.74,610.74,610.74,0.0,0.0,False,none
D-15220N,POP Organic Oolong Tea 1.8gx20,2,NJ,2024-12,2024-12-01,41.0,28.0,0.0,28.0,1211.84,761.12,761.12,13.0,450.7199999999999,False,none
D-15220N,POP Organic Oolong Tea 1.8gx20,2,NJ,2025-01,2025-01-01,22.0,21.0,0.0,21.0,762.98,731.3,731.3,1.0,31.680000000000064,False,none
D-15220N,POP Organic Oolong Tea 1.8gx20,2,NJ,2025-02,2025-02-01,11.0,10.0,0.0,10.0,379.58000000000004,339.98,339.98,1.0,39.60000000000002,False,none
D-15220N,POP Organic Oolong Tea 1.8gx20,2,NJ,2025-03,2025-03-01,30.0,17.0,0.0,17.0,986.5400000000001,530.06,530.06,13.0,456.48000000000013,False,none
D-15220N,POP Organic Oolong Tea 1.8gx20,2,NJ,2025-04,2025-04-01,2.0,2.0,11.0,13.0,6.08,6.08,39.52,0.0,0.0,True,deep_drop_gap
D-15220N,POP Organic Oolong Tea 1.8gx20,2,NJ,2025-05,2025-05-01,13.0,13.0,0.0,13.0,15.6,15.6,15.6,0.0,0.0,False,none
D-15220N,POP Organic Oolong Tea 1.8gx20,3,LA,2023-01,2023-01-01,24.0,24.0,0.0,24.0,248.4,248.4,248.4,0.0,0.0,False,none
D-15220N,POP Organic Oolong Tea 1.8gx20,3,LA,2023-02,2023-02-01,9.0,9.0,0.0,9.0,252.81,252.81,252.81,0.0,0.0,False,none
D-15220N,POP Organic Oolong Tea 1.8gx20,3,LA,2023-03,2023-03-01,18.0,18.0,0.0,18.0,396.57000000000005,396.57000000000005,396.57,0.0,0.0,False,none
D-15220N,POP Organic Oolong Tea 1.8gx20,3,LA,2023-04,2023-04-01,12.0,12.0,0.0,12.0,407.66,407.66,407.66,0.0,0.0,False,none
D-15220N,POP Organic Oolong Tea 1.8gx20,3,LA,2023-05,2023-05-01,19.0,19.0,0.0,19.0,330.19,330.19,330.19,0.0,0.0,False,none
D-15220N,POP Organic Oolong Tea 1.8gx20,3,LA,2023-06,2023-06-01,151.0,151.0,0.0,151.0,342.86,342.86,342.86,0.0,0.0,False,none
D-15220N,POP Organic Oolong Tea 1.8gx20,3,LA,2023-07,2023-07-01,16.0,16.0,0.0,16.0,266.7,266.7,266.7,0.0,0.0,False,none
D-15220N,POP Organic Oolong Tea 1.8gx20,3,LA,2023-08,2023-08-01,6.0,6.0,0.0,6.0,259.20000000000005,259.20000000000005,259.2,0.0,0.0,False,none
D-15220N,POP Organic Oolong Tea 1.8gx20,3,LA,2023-09,2023-09-01,10.0,10.0,0.0,10.0,379.94,379.94,379.94,0.0,0.0,False,none
D-15220N,POP Organic Oolong Tea 1.8gx20,3,LA,2023-10,2023-10-01,5.0,5.0,0.0,5.0,216.0,216.0,216.0,0.0,0.0,False,none
D-15220N,POP Organic Oolong Tea 1.8gx20,3,LA,2023-11,2023-11-01,8.0,8.0,0.0,8.0,236.16000000000003,236.16000000000003,236.16,0.0,0.0,False,none
D-15220N,POP Organic Oolong Tea 1.8gx20,3,LA,2023-12,2023-12-01,10.0,10.0,0.0,10.0,379.44,379.44,379.44,0.0,0.0,False,none
D-15220N,POP Organic Oolong Tea 1.8gx20,3,LA,2024-01,2024-01-01,12.0,10.0,0.0,10.0,484.56000000000006,421.20000000000005,421.2,2.0,63.360000000000014,False,none
D-15220N,POP Organic Oolong Tea 1.8gx20,3,LA,2024-02,2024-02-01,9.0,9.0,0.0,9.0,305.34000000000003,305.34000000000003,305.34,0.0,0.0,False,none
D-15220N,POP Organic Oolong Tea 1.8gx20,3,LA,2024-03,2024-03-01,24.0,24.0,0.0,24.0,806.4000000000001,806.4000000000001,806.4,0.0,0.0,False,none
D-15220N,POP Organic Oolong Tea 1.8gx20,3,LA,2024-04,2024-04-01,16.0,15.0,0.0,15.0,178.92000000000002,147.24,147.24,1.0,31.680000000000007,False,none
D-15220N,POP Organic Oolong Tea 1.8gx20,3,LA,2024-05,2024-05-01,5.0,5.0,0.0,5.0,172.8,172.8,172.8,0.0,0.0,False,none
D-15220N,POP Organic Oolong Tea 1.8gx20,3,LA,2024-06,2024-06-01,5.0,5.0,0.0,5.0,216.0,216.0,216.0,0.0,0.0,False,none
D-15220N,POP Organic Oolong Tea 1.8gx20,3,LA,2024-07,2024-07-01,7.0,7.0,0.0,7.0,305.28000000000003,305.28000000000003,305.28,0.0,0.0,False,none
D-15220N,POP Organic Oolong Tea 1.8gx20,3,LA,2024-08,2024-08-01,7.0,7.0,0.0,7.0,216.0,216.0,216.0,0.0,0.0,False,none
D-15220N,POP Organic Oolong Tea 1.8gx20,3,LA,2024-09,2024-09-01,6.0,6.0,0.0,6.0,259.20000000000005,259.20000000000005,259.2,0.0,0.0,False,none
D-15220N,POP Organic Oolong Tea 1.8gx20,3,LA,2024-10,2024-10-01,14.0,14.0,0.0,14.0,183.9,183.9,183.9,0.0,0.0,False,none
D-15220N,POP Organic Oolong Tea 1.8gx20,3,LA,2024-11,2024-11-01,3.0,2.0,0.0,2.0,118.08000000000001,86.4,86.4,1.0,31.680000000000007,False,none
D-15220N,POP Organic Oolong Tea 1.8gx20,3,LA,2024-12,2024-12-01,2.0,2.0,6.0,8.0,86.4,86.4,345.6,0.0,0.0,True,deep_drop_gap
D-15220N,POP Organic Oolong Tea 1.8gx20,3,LA,2025-01,2025-01-01,7.0,7.0,0.0,7.0,279.36,279.36,279.36,0.0,0.0,False,none
D-15220N,POP Organic Oolong Tea 1.8gx20,3,LA,2025-02,2025-02-01,9.0,9.0,0.0,9.0,345.6,345.6,345.6,0.0,0.0,False,none
D-15220N,POP Organic Oolong Tea 1.8gx20,3,LA,2025-03,2025-03-01,9.0,8.0,0.0,8.0,385.20000000000005,345.6,345.6,1.0,39.60000000000002,False,none
D-15220N,POP Organic Oolong Tea 1.8gx20,3,LA,2025-04,2025-04-01,20.0,18.0,0.0,18.0,816.33,737.1300000000001,737.13,2.0,79.19999999999993,False,none
D-15220N,POP Organic Oolong Tea 1.8gx20,3,LA,2025-05,2025-05-01,15.0,15.0,0.0,15.0,243.29999999999998,243.29999999999998,243.3,0.0,0.0,False,none
D-15220N,POP Organic Oolong Tea 1.8gx20,3,LA,2025-06,2025-06-01,4.0,4.0,10.0,14.0,88.99000000000001,88.99000000000001,311.47,0.0,0.0,True,deep_drop_gap
D-15220N,POP Organic Oolong Tea 1.8gx20,3,LA,2025-07,2025-07-01,2.0,2.0,11.0,13.0,43.2,43.2,280.8,0.0,0.0,True,deep_drop_gap
D-15220N,POP Organic Oolong Tea 1.8gx20,3,LA,2025-08,2025-08-01,13.0,13.0,0.0,13.0,18.39,18.39,18.39,0.0,0.0,False,none
D-15220N,POP Organic Oolong Tea 1.8gx20,3,LA,2025-09,2025-09-01,0.0,0.0,7.5,7.5,0.0,0.0,10.61,0.0,0.0,True,zero_sales_gap
D-15220N,POP Organic Oolong Tea 1.8gx20,3,LA,2025-10,2025-10-01,0.0,0.0,8.0,8.0,0.0,0.0,11.32,0.0,0.0,True,zero_sales_gap
D-15220N,POP Organic Oolong Tea 1.8gx20,3,LA,2025-11,2025-11-01,0.0,0.0,3.0,3.0,0.0,0.0,4.24,0.0,0.0,True,zero_sales_gap
D-15220N,POP Organic Oolong Tea 1.8gx20,3,LA,2025-12,2025-12-01,3.0,3.0,0.0,3.0,10.780000000000001,10.780000000000001,10.78,0.0,0.0,False,none
D-15220N,POP Organic Oolong Tea 1.8gx20,E1,UNMAPPED,2024-12,2024-12-01,3.0,3.0,0.0,3.0,10.47,10.47,10.47,0.0,0.0,False,none
D-15220N,POP Organic Oolong Tea 1.8gx20,E1,UNMAPPED,2025-01,2025-01-01,0.0,0.0,2.0,2.0,0.0,0.0,6.98,0.0,0.0,True,zero_sales_gap
D-15220N,POP Organic Oolong Tea 1.8gx20,E1,UNMAPPED,2025-02,2025-02-01,0.0,0.0,2.0,2.0,0.0,0.0,6.98,0.0,0.0,True,zero_sales_gap
D-15220N,POP Organic Oolong Tea 1.8gx20,E1,UNMAPPED,2025-03,2025-03-01,1.0,1.0,0.0,1.0,3.49,3.49,3.49,0.0,0.0,False,none
D-15220N,POP Organic Oolong Tea 1.8gx20,E1,UNMAPPED,2025-04,2025-04-01,0.0,0.0,1.0,1.0,0.0,0.0,3.49,0.0,0.0,True,zero_sales_gap
D-15220N,POP Organic Oolong Tea 1.8gx20,E1,UNMAPPED,2025-05,2025-05-01,0.0,0.0,1.0,1.0,0.0,0.0,3.49,0.0,0.0,True,zero_sales_gap
D-15220N,POP Organic Oolong Tea 1.8gx20,E1,UNMAPPED,2025-06,2025-06-01,0.0,0.0,0.0,0.0,0.0,0.0,0.0,0.0,0.0,False,none
D-15220N,POP Organic Oolong Tea 1.8gx20,E1,UNMAPPED,2025-07,2025-07-01,0.0,0.0,0.0,0.0,0.0,0.0,0.0,0.0,0.0,False,none
D-15220N,POP Organic Oolong Tea 1.8gx20,E1,UNMAPPED,2025-08,2025-08-01,0.0,0.0,7.0,7.0,0.0,0.0,24.43,0.0,0.0,True,zero_sales_gap
D-15220N,POP Organic Oolong Tea 1.8gx20,E1,UNMAPPED,2025-09,2025-09-01,0.0,0.0,4.0,4.0,0.0,0.0,13.96,0.0,0.0,True,zero_sales_gap
D-15220N,POP Organic Oolong Tea 1.8gx20,E1,UNMAPPED,2025-10,2025-10-01,7.0,7.0,0.0,7.0,27.93,27.93,27.93,0.0,0.0,False,none
D-15220N,POP Organic Oolong Tea 1.8gx20,E1,UNMAPPED,2025-11,2025-11-01,1.0,1.0,0.0,1.0,3.99,3.99,3.99,0.0,0.0,False,none
D-15400,POP Organic Oolong Tea 1.8gx200,2,NJ,2023-02,2023-02-01,585.0,585.0,0.0,585.0,60840.0,60840.0,60840.0,0.0,0.0,False,none
D-15400,POP Organic Oolong Tea 1.8gx200,2,NJ,2023-03,2023-03-01,0.0,0.0,585.0,585.0,0.0,0.0,60840.0,0.0,0.0,True,zero_sales_gap
D-15400,POP Organic Oolong Tea 1.8gx200,2,NJ,2023-04,2023-04-01,0.0,0.0,585.0,585.0,0.0,0.0,60840.0,0.0,0.0,True,zero_sales_gap
D-15400,POP Organic Oolong Tea 1.8gx200,2,NJ,2023-05,2023-05-01,0.0,0.0,0.0,0.0,0.0,0.0,0.0,0.0,0.0,False,none
D-15400,POP Organic Oolong Tea 1.8gx200,2,NJ,2023-06,2023-06-01,0.0,0.0,0.0,0.0,0.0,0.0,0.0,0.0,0.0,False,none
D-15400,POP Organic Oolong Tea 1.8gx200,2,NJ,2023-07,2023-07-01,0.0,0.0,0.0,0.0,0.0,0.0,0.0,0.0,0.0,False,none
D-15400,POP Organic Oolong Tea 1.8gx200,2,NJ,2023-08,2023-08-01,0.0,0.0,458.0,458.0,0.0,0.0,47632.0,0.0,0.0,True,zero_sales_gap
D-15400,POP Organic Oolong Tea 1.8gx200,2,NJ,2023-09,2023-09-01,0.0,0.0,458.0,458.0,0.0,0.0,47632.0,0.0,0.0,True,zero_sales_gap
D-15400,POP Organic Oolong Tea 1.8gx200,2,NJ,2023-10,2023-10-01,458.0,458.0,0.0,458.0,45800.0,45800.0,45800.0,0.0,0.0,False,none
D-15400,POP Organic Oolong Tea 1.8gx200,2,NJ,2023-11,2023-11-01,0.0,0.0,458.0,458.0,0.0,0.0,45800.0,0.0,0.0,True,zero_sales_gap
D-15400,POP Organic Oolong Tea 1.8gx200,2,NJ,2023-12,2023-12-01,0.0,0.0,458.0,458.0,0.0,0.0,45800.0,0.0,0.0,True,zero_sales_gap
D-15400,POP Organic Oolong Tea 1.8gx200,2,NJ,2024-01,2024-01-01,0.0,0.0,0.0,0.0,0.0,0.0,0.0,0.0,0.0,False,none
D-15400,POP Organic Oolong Tea 1.8gx200,2,NJ,2024-02,2024-02-01,0.0,0.0,757.0,757.0,0.0,0.0,75700.0,0.0,0.0,True,zero_sales_gap
D-15400,POP Organic Oolong Tea 1.8gx200,2,NJ,2024-03,2024-03-01,0.0,0.0,757.0,757.0,0.0,0.0,75700.0,0.0,0.0,True,zero_sales_gap
D-15400,POP Organic Oolong Tea 1.8gx200,2,NJ,2024-04,2024-04-01,757.0,757.0,0.0,757.0,75700.0,75700.0,75700.0,0.0,0.0,False,none
D-15400,POP Organic Oolong Tea 1.8gx200,2,NJ,2024-05,2024-05-01,0.0,0.0,552.5,552.5,0.0,0.0,55250.0,0.0,0.0,True,zero_sales_gap
D-15400,POP Organic Oolong Tea 1.8gx200,2,NJ,2024-06,2024-06-01,348.0,348.0,0.0,348.0,34800.0,34800.0,34800.0,0.0,0.0,False,none
D-15400,POP Organic Oolong Tea 1.8gx200,2,NJ,2024-07,2024-07-01,0.0,0.0,348.0,348.0,0.0,0.0,34800.0,0.0,0.0,True,zero_sales_gap
D-15400,POP Organic Oolong Tea 1.8gx200,2,NJ,2024-08,2024-08-01,0.0,0.0,385.5,385.5,0.0,0.0,38550.0,0.0,0.0,True,zero_sales_gap
D-15400,POP Organic Oolong Tea 1.8gx200,2,NJ,2024-09,2024-09-01,0.0,0.0,423.0,423.0,0.0,0.0,42300.0,0.0,0.0,True,zero_sales_gap
D-15400,POP Organic Oolong Tea 1.8gx200,2,NJ,2024-10,2024-10-01,423.0,423.0,0.0,423.0,42300.0,42300.0,42300.0,0.0,0.0,False,none
D-15400,POP Organic Oolong Tea 1.8gx200,2,NJ,2024-11,2024-11-01,0.0,0.0,511.5,511.5,0.0,0.0,51150.0,0.0,0.0,True,zero_sales_gap
D-15400,POP Organic Oolong Tea 1.8gx200,2,NJ,2024-12,2024-12-01,0.0,0.0,511.5,511.5,0.0,0.0,51150.0,0.0,0.0,True,zero_sales_gap
D-15400,POP Organic Oolong Tea 1.8gx200,2,NJ,2025-01,2025-01-01,600.0,600.0,0.0,600.0,57000.0,57000.0,57000.0,0.0,0.0,False,none
D-15400,POP Organic Oolong Tea 1.8gx200,2,NJ,2025-02,2025-02-01,0.0,0.0,600.0,600.0,0.0,0.0,57000.0,0.0,0.0,True,zero_sales_gap
D-15400,POP Organic Oolong Tea 1.8gx200,2,NJ,2025-03,2025-03-01,0.0,0.0,600.0,600.0,0.0,0.0,57000.0,0.0,0.0,True,zero_sales_gap
D-15400,POP Organic Oolong Tea 1.8gx200,2,NJ,2025-04,2025-04-01,0.0,0.0,0.0,0.0,0.0,0.0,0.0,0.0,0.0,False,none
D-15400,POP Organic Oolong Tea 1.8gx200,2,NJ,2025-05,2025-05-01,0.0,0.0,0.0,0.0,0.0,0.0,0.0,0.0,0.0,False,none
D-15400,POP Organic Oolong Tea 1.8gx200,2,NJ,2025-06,2025-06-01,0.0,0.0,0.0,0.0,0.0,0.0,0.0,0.0,0.0,False,none
D-15400,POP Organic Oolong Tea 1.8gx200,2,NJ,2025-07,2025-07-01,0.0,0.0,0.0,0.0,0.0,0.0,0.0,0.0,0.0,False,none
D-15400,POP Organic Oolong Tea 1.8gx200,2,NJ,2025-08,2025-08-01,0.0,0.0,0.0,0.0,0.0,0.0,0.0,0.0,0.0,False,none
D-15400,POP Organic Oolong Tea 1.8gx200,2,NJ,2025-09,2025-09-01,0.0,0.0,0.0,0.0,0.0,0.0,0.0,0.0,0.0,False,none
D-15400,POP Organic Oolong Tea 1.8gx200,2,NJ,2025-10,2025-10-01,0.0,0.0,210.0,210.0,0.0,0.0,19950.0,0.0,0.0,True,zero_sales_gap
D-15400,POP Organic Oolong Tea 1.8gx200,2,NJ,2025-11,2025-11-01,0.0,0.0,210.0,210.0,0.0,0.0,19950.0,0.0,0.0,True,zero_sales_gap
D-15400,POP Organic Oolong Tea 1.8gx200,2,NJ,2025-12,2025-12-01,210.0,210.0,0.0,210.0,22680.0,22680.0,22680.0,0.0,0.0,False,none
D-16100N,POP Ti Kuan Yin Tea 1.8gx100,1,SF,2023-01,2023-01-01,136.0,136.0,0.0,136.0,820.61,820.61,820.61,0.0,0.0,False,none
D-16100N,POP Ti Kuan Yin Tea 1.8gx100,1,SF,2023-02,2023-02-01,95.0,95.0,0.0,95.0,792.25,792.25,792.25,0.0,0.0,False,none
D-16100N,POP Ti Kuan Yin Tea 1.8gx100,1,SF,2023-03,2023-03-01,109.0,109.0,0.0,109.0,1154.0,1154.0,1154.0,0.0,0.0,False,none
D-16100N,POP Ti Kuan Yin Tea 1.8gx100,1,SF,2023-04,2023-04-01,163.0,163.0,0.0,163.0,548.51,548.51,548.51,0.0,0.0,False,none
D-16100N,POP Ti Kuan Yin Tea 1.8gx100,1,SF,2023-05,2023-05-01,82.0,82.0,0.0,82.0,327.06,327.06,327.06,0.0,0.0,False,none
D-16100N,POP Ti Kuan Yin Tea 1.8gx100,2,NJ,2023-01,2023-01-01,17.0,17.0,0.0,17.0,1502.0,1502.0,1502.0,0.0,0.0,False,none
D-16100N,POP Ti Kuan Yin Tea 1.8gx100,2,NJ,2023-02,2023-02-01,19.0,19.0,0.0,19.0,1221.0,1221.0,1221.0,0.0,0.0,False,none
D-16100N,POP Ti Kuan Yin Tea 1.8gx100,2,NJ,2023-03,2023-03-01,45.0,45.0,0.0,45.0,1605.0,1605.0,1605.0,0.0,0.0,False,none
D-16100N,POP Ti Kuan Yin Tea 1.8gx100,2,NJ,2023-04,2023-04-01,37.0,37.0,0.0,37.0,885.0,885.0,885.0,0.0,0.0,False,none
D-16100N,POP Ti Kuan Yin Tea 1.8gx100,2,NJ,2023-05,2023-05-01,67.0,67.0,0.0,67.0,974.87,974.87,974.87,0.0,0.0,False,none
D-16100N,POP Ti Kuan Yin Tea 1.8gx100,2,NJ,2023-06,2023-06-01,0.0,0.0,37.0,37.0,0.0,0.0,538.36,0.0,0.0,True,zero_sales_gap
D-16100N,POP Ti Kuan Yin Tea 1.8gx100,2,NJ,2023-07,2023-07-01,1.0,1.0,0.0,1.0,0.0,0.0,0.0,0.0,0.0,False,none
D-16100N,POP Ti Kuan Yin Tea 1.8gx100,3,LA,2023-01,2023-01-01,6.0,6.0,0.0,6.0,457.99,457.99,457.99,0.0,0.0,False,none
D-16100N,POP Ti Kuan Yin Tea 1.8gx100,3,LA,2023-02,2023-02-01,26.0,26.0,0.0,26.0,2117.99,2117.99,2117.99,0.0,0.0,False,none
D-16100N,POP Ti Kuan Yin Tea 1.8gx100,3,LA,2023-03,2023-03-01,13.0,13.0,0.0,13.0,987.98,987.98,987.98,0.0,0.0,False,none
D-16100N,POP Ti Kuan Yin Tea 1.8gx100,3,LA,2023-04,2023-04-01,5.0,5.0,12.0,17.0,450.0,450.0,1530.0,0.0,0.0,True,deep_drop_gap
D-16100N,POP Ti Kuan Yin Tea 1.8gx100,3,LA,2023-05,2023-05-01,2.0,2.0,11.0,13.0,97.99,97.99,636.93,0.0,0.0,True,deep_drop_gap
D-16100N,POP Ti Kuan Yin Tea 1.8gx100,3,LA,2023-06,2023-06-01,21.0,21.0,0.0,21.0,63.0,63.0,63.0,0.0,0.0,False,none
D-16106,POP Ti Kuan Yin Tea 1.8gx100 (6ct/cs),1,SF,2023-06,2023-06-01,64.0,64.0,0.0,64.0,1027.9,1027.9,1027.9,0.0,0.0,False,none
D-16106,POP Ti Kuan Yin Tea 1.8gx100 (6ct/cs),1,SF,2023-07,2023-07-01,28.0,28.0,0.0,28.0,461.02,461.02,461.02,0.0,0.0,False,none
D-16106,POP Ti Kuan Yin Tea 1.8gx100 (6ct/cs),1,SF,2023-08,2023-08-01,32.0,32.0,0.0,32.0,520.38,520.38,520.38,0.0,0.0,False,none
D-16106,POP Ti Kuan Yin Tea 1.8gx100 (6ct/cs),1,SF,2023-09,2023-09-01,8.0,8.0,22.0,30.0,119.75999999999999,119.75999999999999,449.1,0.0,0.0,True,deep_drop_gap
D-16106,POP Ti Kuan Yin Tea 1.8gx100 (6ct/cs),1,SF,2023-10,2023-10-01,23.0,23.0,0.0,23.0,390.87,390.87,390.87,0.0,0.0,False,none
D-16106,POP Ti Kuan Yin Tea 1.8gx100 (6ct/cs),1,SF,2023-11,2023-11-01,54.0,54.0,0.0,54.0,851.89,851.89,851.89,0.0,0.0,False,none
D-16106,POP Ti Kuan Yin Tea 1.8gx100 (6ct/cs),1,SF,2023-12,2023-12-01,52.0,52.0,0.0,52.0,801.41,801.41,801.41,0.0,0.0,False,none
D-16106,POP Ti Kuan Yin Tea 1.8gx100 (6ct/cs),1,SF,2024-01,2024-01-01,150.0,150.0,0.0,150.0,2435.46,2435.46,2435.46,0.0,0.0,False,none
D-16106,POP Ti Kuan Yin Tea 1.8gx100 (6ct/cs),1,SF,2024-02,2024-02-01,50.0,50.0,0.0,50.0,814.63,814.63,814.63,0.0,0.0,False,none
D-16106,POP Ti Kuan Yin Tea 1.8gx100 (6ct/cs),1,SF,2024-03,2024-03-01,38.0,38.0,0.0,38.0,621.57,621.57,621.57,0.0,0.0,False,none
D-16106,POP Ti Kuan Yin Tea 1.8gx100 (6ct/cs),1,SF,2024-04,2024-04-01,46.0,46.0,0.0,46.0,761.74,761.74,761.74,0.0,0.0,False,none
D-16106,POP Ti Kuan Yin Tea 1.8gx100 (6ct/cs),1,SF,2024-05,2024-05-01,32.0,32.0,0.0,32.0,511.36,511.36,511.36,0.0,0.0,False,none
D-16106,POP Ti Kuan Yin Tea 1.8gx100 (6ct/cs),1,SF,2024-06,2024-06-01,29.0,29.0,0.0,29.0,480.66,480.66,480.66,0.0,0.0,False,none
D-16106,POP Ti Kuan Yin Tea 1.8gx100 (6ct/cs),1,SF,2024-07,2024-07-01,27.0,27.0,0.0,27.0,382.88,382.88,382.88,0.0,0.0,False,none
D-16106,POP Ti Kuan Yin Tea 1.8gx100 (6ct/cs),1,SF,2024-08,2024-08-01,28.0,28.0,0.0,28.0,464.47,464.47,464.47,0.0,0.0,False,none
D-16106,POP Ti Kuan Yin Tea 1.8gx100 (6ct/cs),1,SF,2024-09,2024-09-01,39.0,39.0,0.0,39.0,633.31,633.31,633.31,0.0,0.0,False,none
D-16106,POP Ti Kuan Yin Tea 1.8gx100 (6ct/cs),1,SF,2024-10,2024-10-01,63.0,63.0,0.0,63.0,993.1899999999999,993.1899999999999,993.19,0.0,0.0,False,none
D-16106,POP Ti Kuan Yin Tea 1.8gx100 (6ct/cs),1,SF,2024-11,2024-11-01,37.0,37.0,0.0,37.0,629.4,629.4,629.4,0.0,0.0,False,none
D-16106,POP Ti Kuan Yin Tea 1.8gx100 (6ct/cs),1,SF,2024-12,2024-12-01,50.0,50.0,0.0,50.0,824.6800000000001,824.6800000000001,824.68,0.0,0.0,False,none
D-16106,POP Ti Kuan Yin Tea 1.8gx100 (6ct/cs),1,SF,2025-01,2025-01-01,40.0,40.0,0.0,40.0,703.32,703.32,703.32,0.0,0.0,False,none
D-16106,POP Ti Kuan Yin Tea 1.8gx100 (6ct/cs),1,SF,2025-02,2025-02-01,33.0,33.0,0.0,33.0,564.94,564.94,564.94,0.0,0.0,False,none
D-16106,POP Ti Kuan Yin Tea 1.8gx100 (6ct/cs),1,SF,2025-03,2025-03-01,28.0,28.0,0.0,28.0,475.92,475.92,475.92,0.0,0.0,False,none
D-16106,POP Ti Kuan Yin Tea 1.8gx100 (6ct/cs),1,SF,2025-04,2025-04-01,61.0,61.0,0.0,61.0,1036.6100000000001,1036.6100000000001,1036.61,0.0,0.0,False,none
D-16106,POP Ti Kuan Yin Tea 1.8gx100 (6ct/cs),1,SF,2025-05,2025-05-01,56.0,56.0,0.0,56.0,908.16,908.16,908.16,0.0,0.0,False,none
D-16106,POP Ti Kuan Yin Tea 1.8gx100 (6ct/cs),1,SF,2025-06,2025-06-01,11.0,11.0,43.0,54.0,176.51,176.51,866.5,0.0,0.0,True,deep_drop_gap
D-16106,POP Ti Kuan Yin Tea 1.8gx100 (6ct/cs),1,SF,2025-07,2025-07-01,40.0,40.0,0.0,40.0,667.46,667.46,667.46,0.0,0.0,False,none
D-16106,POP Ti Kuan Yin Tea 1.8gx100 (6ct/cs),1,SF,2025-08,2025-08-01,52.0,52.0,0.0,52.0,894.96,894.96,894.96,0.0,0.0,False,none
D-16106,POP Ti Kuan Yin Tea 1.8gx100 (6ct/cs),1,SF,2025-09,2025-09-01,55.0,55.0,0.0,55.0,976.47,976.47,976.47,0.0,0.0,False,none
D-16106,POP Ti Kuan Yin Tea 1.8gx100 (6ct/cs),1,SF,2025-10,2025-10-01,42.0,42.0,0.0,42.0,679.92,679.92,679.92,0.0,0.0,False,none
D-16106,POP Ti Kuan Yin Tea 1.8gx100 (6ct/cs),1,SF,2025-11,2025-11-01,1.0,1.0,50.0,51.0,19.0,19.0,969.0,0.0,0.0,True,deep_drop_gap
D-16106,POP Ti Kuan Yin Tea 1.8gx100 (6ct/cs),1,SF,2025-12,2025-12-01,51.0,51.0,0.0,51.0,917.82,917.82,917.82,0.0,0.0,False,none
D-16106,POP Ti Kuan Yin Tea 1.8gx100 (6ct/cs),2,NJ,2023-06,2023-06-01,21.0,21.0,0.0,21.0,339.98,339.98,339.98,0.0,0.0,False,none
D-16106,POP Ti Kuan Yin Tea 1.8gx100 (6ct/cs),2,NJ,2023-07,2023-07-01,60.0,60.0,0.0,60.0,1051.99,1051.99,1051.99,0.0,0.0,False,none
D-16106,POP Ti Kuan Yin Tea 1.8gx100 (6ct/cs),2,NJ,2023-08,2023-08-01,43.0,43.0,0.0,43.0,637.99,637.99,637.99,0.0,0.0,False,none
D-16106,POP Ti Kuan Yin Tea 1.8gx100 (6ct/cs),2,NJ,2023-09,2023-09-01,15.0,15.0,38.0,53.0,259.99,259.99,918.63,0.0,0.0,True,deep_drop_gap
D-16106,POP Ti Kuan Yin Tea 1.8gx100 (6ct/cs),2,NJ,2023-10,2023-10-01,46.0,46.0,0.0,46.0,828.0,828.0,828.0,0.0,0.0,False,none
D-16106,POP Ti Kuan Yin Tea 1.8gx100 (6ct/cs),2,NJ,2023-11,2023-11-01,66.0,66.0,0.0,66.0,1039.17,1039.17,1039.17,0.0,0.0,False,none
D-16106,POP Ti Kuan Yin Tea 1.8gx100 (6ct/cs),2,NJ,2023-12,2023-12-01,41.0,41.0,0.0,41.0,726.1899999999999,726.1899999999999,726.19,0.0,0.0,False,none
D-16106,POP Ti Kuan Yin Tea 1.8gx100 (6ct/cs),2,NJ,2024-01,2024-01-01,45.0,45.0,0.0,45.0,764.5600000000001,764.5600000000001,764.56,0.0,0.0,False,none
D-16106,POP Ti Kuan Yin Tea 1.8gx100 (6ct/cs),2,NJ,2024-02,2024-02-01,84.0,84.0,0.0,84.0,1326.98,1326.98,1326.98,0.0,0.0,False,none
D-16106,POP Ti Kuan Yin Tea 1.8gx100 (6ct/cs),2,NJ,2024-03,2024-03-01,27.0,27.0,52.0,79.0,486.0,486.0,1422.0,0.0,0.0,True,deep_drop_gap
D-16106,POP Ti Kuan Yin Tea 1.8gx100 (6ct/cs),2,NJ,2024-04,2024-04-01,88.0,88.0,0.0,88.0,1358.34,1358.34,1358.34,0.0,0.0,False,none
D-16106,POP Ti Kuan Yin Tea 1.8gx100 (6ct/cs),2,NJ,2024-05,2024-05-01,74.0,74.0,0.0,74.0,1203.98,1203.98,1203.98,0.0,0.0,False,none
D-16106,POP Ti Kuan Yin Tea 1.8gx100 (6ct/cs),2,NJ,2024-06,2024-06-01,23.0,23.0,0.0,23.0,410.4,410.4,410.4,0.0,0.0,False,none
D-16106,POP Ti Kuan Yin Tea 1.8gx100 (6ct/cs),2,NJ,2024-07,2024-07-01,40.0,40.0,0.0,40.0,706.04,706.04,706.04,0.0,0.0,False,none
D-16106,POP Ti Kuan Yin Tea 1.8gx100 (6ct/cs),2,NJ,2024-08,2024-08-01,35.0,35.0,0.0,35.0,524.71,524.71,524.71,0.0,0.0,False,none
D-16106,POP Ti Kuan Yin Tea 1.8gx100 (6ct/cs),2,NJ,2024-09,2024-09-01,40.0,40.0,0.0,40.0,709.09,709.09,709.09,0.0,0.0,False,none
D-16106,POP Ti Kuan Yin Tea 1.8gx100 (6ct/cs),2,NJ,2024-10,2024-10-01,29.0,29.0,0.0,29.0,518.4,518.4,518.4,0.0,0.0,False,none
D-16106,POP Ti Kuan Yin Tea 1.8gx100 (6ct/cs),2,NJ,2024-11,2024-11-01,73.0,73.0,0.0,73.0,1152.1,1152.1,1152.1,0.0,0.0,False,none
D-16106,POP Ti Kuan Yin Tea 1.8gx100 (6ct/cs),2,NJ,2024-12,2024-12-01,25.0,25.0,0.0,25.0,428.4,428.4,428.4,0.0,0.0,False,none
D-16106,POP Ti Kuan Yin Tea 1.8gx100 (6ct/cs),2,NJ,2025-01,2025-01-01,66.0,66.0,0.0,66.0,1042.08,1042.08,1042.08,0.0,0.0,False,none
D-16106,POP Ti Kuan Yin Tea 1.8gx100 (6ct/cs),2,NJ,2025-02,2025-02-01,55.0,55.0,0.0,55.0,879.97,879.97,879.97,0.0,0.0,False,none
D-16106,POP Ti Kuan Yin Tea 1.8gx100 (6ct/cs),2,NJ,2025-03,2025-03-01,58.0,58.0,0.0,58.0,871.99,871.99,871.99,0.0,0.0,False,none
D-16106,POP Ti Kuan Yin Tea 1.8gx100 (6ct/cs),2,NJ,2025-04,2025-04-01,48.0,48.0,0.0,48.0,800.34,800.34,800.34,0.0,0.0,False,none
D-16106,POP Ti Kuan Yin Tea 1.8gx100 (6ct/cs),2,NJ,2025-05,2025-05-01,34.0,34.0,0.0,34.0,598.39,598.39,598.39,0.0,0.0,False,none
D-16106,POP Ti Kuan Yin Tea 1.8gx100 (6ct/cs),2,NJ,2025-06,2025-06-01,50.0,50.0,0.0,50.0,869.97,869.97,869.97,0.0,0.0,False,none
D-16106,POP Ti Kuan Yin Tea 1.8gx100 (6ct/cs),2,NJ,2025-07,2025-07-01,92.0,92.0,0.0,92.0,1354.3899999999999,1354.3899999999999,1354.39,0.0,0.0,False,none
D-16106,POP Ti Kuan Yin Tea 1.8gx100 (6ct/cs),2,NJ,2025-08,2025-08-01,17.0,17.0,36.5,53.5,331.99,331.99,1044.79,0.0,0.0,True,deep_drop_gap
D-16106,POP Ti Kuan Yin Tea 1.8gx100 (6ct/cs),2,NJ,2025-09,2025-09-01,17.0,17.0,0.0,17.0,343.99,343.99,343.99,0.0,0.0,False,none
D-16106,POP Ti Kuan Yin Tea 1.8gx100 (6ct/cs),2,NJ,2025-10,2025-10-01,57.0,57.0,0.0,57.0,981.98,981.98,981.98,0.0,0.0,False,none
D-16106,POP Ti Kuan Yin Tea 1.8gx100 (6ct/cs),2,NJ,2025-11,2025-11-01,1.0,1.0,44.0,45.0,7.99,7.99,359.55,0.0,0.0,True,deep_drop_gap
D-16106,POP Ti Kuan Yin Tea 1.8gx100 (6ct/cs),2,NJ,2025-12,2025-12-01,45.0,45.0,0.0,45.0,812.93,812.93,812.93,0.0,0.0,False,none
D-16106,POP Ti Kuan Yin Tea 1.8gx100 (6ct/cs),3,LA,2023-06,2023-06-01,16.0,16.0,0.0,16.0,279.0,279.0,279.0,0.0,0.0,False,none
D-16106,POP Ti Kuan Yin Tea 1.8gx100 (6ct/cs),3,LA,2023-07,2023-07-01,8.0,8.0,0.0,8.0,144.0,144.0,144.0,0.0,0.0,False,none
D-16106,POP Ti Kuan Yin Tea 1.8gx100 (6ct/cs),3,LA,2023-08,2023-08-01,14.0,14.0,0.0,14.0,252.0,252.0,252.0,0.0,0.0,False,none
D-16106,POP Ti Kuan Yin Tea 1.8gx100 (6ct/cs),3,LA,2023-09,2023-09-01,21.0,21.0,0.0,21.0,367.99,367.99,367.99,0.0,0.0,False,none
D-16106,POP Ti Kuan Yin Tea 1.8gx100 (6ct/cs),3,LA,2023-10,2023-10-01,13.0,13.0,0.0,13.0,223.99,223.99,223.99,0.0,0.0,False,none
D-16106,POP Ti Kuan Yin Tea 1.8gx100 (6ct/cs),3,LA,2023-11,2023-11-01,11.0,11.0,0.0,11.0,198.0,198.0,198.0,0.0,0.0,False,none
D-16106,POP Ti Kuan Yin Tea 1.8gx100 (6ct/cs),3,LA,2023-12,2023-12-01,31.0,31.0,0.0,31.0,534.0,534.0,534.0,0.0,0.0,False,none
D-16106,POP Ti Kuan Yin Tea 1.8gx100 (6ct/cs),3,LA,2024-01,2024-01-01,44.0,44.0,0.0,44.0,717.0,717.0,717.0,0.0,0.0,False,none
D-16106,POP Ti Kuan Yin Tea 1.8gx100 (6ct/cs),3,LA,2024-02,2024-02-01,16.0,16.0,0.0,16.0,259.0,259.0,259.0,0.0,0.0,False,none
D-16106,POP Ti Kuan Yin Tea 1.8gx100 (6ct/cs),3,LA,2024-03,2024-03-01,28.0,28.0,0.0,28.0,516.06,516.06,516.06,0.0,0.0,False,none
D-16106,POP Ti Kuan Yin Tea 1.8gx100 (6ct/cs),3,LA,2024-04,2024-04-01,17.0,17.0,0.0,17.0,262.0,262.0,262.0,0.0,0.0,False,none
D-16106,POP Ti Kuan Yin Tea 1.8gx100 (6ct/cs),3,LA,2024-05,2024-05-01,27.0,27.0,0.0,27.0,449.04,449.04,449.04,0.0,0.0,False,none
D-16106,POP Ti Kuan Yin Tea 1.8gx100 (6ct/cs),3,LA,2024-06,2024-06-01,15.0,15.0,0.0,15.0,270.0,270.0,270.0,0.0,0.0,False,none
D-16106,POP Ti Kuan Yin Tea 1.8gx100 (6ct/cs),3,LA,2024-07,2024-07-01,24.0,24.0,0.0,24.0,421.04,421.04,421.04,0.0,0.0,False,none
D-16106,POP Ti Kuan Yin Tea 1.8gx100 (6ct/cs),3,LA,2024-08,2024-08-01,17.0,17.0,0.0,17.0,296.0,296.0,296.0,0.0,0.0,False,none
D-16106,POP Ti Kuan Yin Tea 1.8gx100 (6ct/cs),3,LA,2024-09,2024-09-01,16.0,16.0,0.0,16.0,288.0,288.0,288.0,0.0,0.0,False,none
D-16106,POP Ti Kuan Yin Tea 1.8gx100 (6ct/cs),3,LA,2024-10,2024-10-01,8.0,8.0,0.0,8.0,132.0,132.0,132.0,0.0,0.0,False,none
D-16106,POP Ti Kuan Yin Tea 1.8gx100 (6ct/cs),3,LA,2024-11,2024-11-01,17.0,17.0,0.0,17.0,285.99,285.99,285.99,0.0,0.0,False,none
D-16106,POP Ti Kuan Yin Tea 1.8gx100 (6ct/cs),3,LA,2024-12,2024-12-01,18.0,18.0,0.0,18.0,320.0,320.0,320.0,0.0,0.0,False,none
D-16106,POP Ti Kuan Yin Tea 1.8gx100 (6ct/cs),3,LA,2025-01,2025-01-01,13.0,13.0,0.0,13.0,234.0,234.0,234.0,0.0,0.0,False,none
D-16106,POP Ti Kuan Yin Tea 1.8gx100 (6ct/cs),3,LA,2025-02,2025-02-01,32.0,32.0,0.0,32.0,576.0,576.0,576.0,0.0,0.0,False,none
D-16106,POP Ti Kuan Yin Tea 1.8gx100 (6ct/cs),3,LA,2025-03,2025-03-01,35.0,35.0,0.0,35.0,505.0,505.0,505.0,0.0,0.0,False,none
D-16106,POP Ti Kuan Yin Tea 1.8gx100 (6ct/cs),3,LA,2025-04,2025-04-01,37.0,37.0,0.0,37.0,599.24,599.24,599.24,0.0,0.0,False,none
D-16106,POP Ti Kuan Yin Tea 1.8gx100 (6ct/cs),3,LA,2025-05,2025-05-01,36.0,36.0,0.0,36.0,601.99,601.99,601.99,0.0,0.0,False,none
D-16106,POP Ti Kuan Yin Tea 1.8gx100 (6ct/cs),3,LA,2025-06,2025-06-01,11.0,11.0,0.0,11.0,183.99,183.99,183.99,0.0,0.0,False,none
D-16106,POP Ti Kuan Yin Tea 1.8gx100 (6ct/cs),3,LA,2025-07,2025-07-01,14.0,14.0,0.0,14.0,234.0,234.0,234.0,0.0,0.0,False,none
D-16106,POP Ti Kuan Yin Tea 1.8gx100 (6ct/cs),3,LA,2025-08,2025-08-01,18.0,18.0,0.0,18.0,374.0,374.0,374.0,0.0,0.0,False,none
D-16106,POP Ti Kuan Yin Tea 1.8gx100 (6ct/cs),3,LA,2025-09,2025-09-01,6.0,6.0,0.0,6.0,126.0,126.0,126.0,0.0,0.0,False,none
D-16106,POP Ti Kuan Yin Tea 1.8gx100 (6ct/cs),3,LA,2025-10,2025-10-01,13.0,13.0,0.0,13.0,242.98,242.98,242.98,0.0,0.0,False,none
D-16106,POP Ti Kuan Yin Tea 1.8gx100 (6ct/cs),3,LA,2025-11,2025-11-01,13.0,13.0,0.0,13.0,258.0,258.0,258.0,0.0,0.0,False,none
D-16106,POP Ti Kuan Yin Tea 1.8gx100 (6ct/cs),3,LA,2025-12,2025-12-01,16.0,16.0,0.0,16.0,318.0,318.0,318.0,0.0,0.0,False,none
D-16106,POP Ti Kuan Yin Tea 1.8gx100 (6ct/cs),E1,UNMAPPED,2025-01,2025-01-01,2.0,2.0,0.0,2.0,15.98,15.98,15.98,0.0,0.0,False,none
D-16106,POP Ti Kuan Yin Tea 1.8gx100 (6ct/cs),E1,UNMAPPED,2025-02,2025-02-01,0.0,0.0,2.0,2.0,0.0,0.0,15.98,0.0,0.0,True,zero_sales_gap
D-16106,POP Ti Kuan Yin Tea 1.8gx100 (6ct/cs),E1,UNMAPPED,2025-03,2025-03-01,1.0,1.0,0.0,1.0,7.99,7.99,7.99,0.0,0.0,False,none
D-16106,POP Ti Kuan Yin Tea 1.8gx100 (6ct/cs),E1,UNMAPPED,2025-04,2025-04-01,2.0,2.0,0.0,2.0,12.48,12.48,12.48,0.0,0.0,False,none
D-16106,POP Ti Kuan Yin Tea 1.8gx100 (6ct/cs),E1,UNMAPPED,2025-05,2025-05-01,0.0,0.0,2.0,2.0,0.0,0.0,12.48,0.0,0.0,True,zero_sales_gap
D-16106,POP Ti Kuan Yin Tea 1.8gx100 (6ct/cs),E1,UNMAPPED,2025-06,2025-06-01,0.0,0.0,2.0,2.0,0.0,0.0,12.48,0.0,0.0,True,zero_sales_gap
D-16106,POP Ti Kuan Yin Tea 1.8gx100 (6ct/cs),E1,UNMAPPED,2025-07,2025-07-01,2.0,2.0,0.0,2.0,15.98,15.98,15.98,0.0,0.0,False,none
D-16106,POP Ti Kuan Yin Tea 1.8gx100 (6ct/cs),E1,UNMAPPED,2025-08,2025-08-01,0.0,0.0,3.0,3.0,0.0,0.0,23.97,0.0,0.0,True,zero_sales_gap
D-16106,POP Ti Kuan Yin Tea 1.8gx100 (6ct/cs),E1,UNMAPPED,2025-09,2025-09-01,4.0,4.0,0.0,4.0,31.96,31.96,31.96,0.0,0.0,False,none
D-17100N,POP Pu-Erh Tea 1.8gx100 (New),1,SF,2023-01,2023-01-01,184.0,184.0,0.0,184.0,2403.77,2403.77,2403.77,0.0,0.0,False,none
D-17100N,POP Pu-Erh Tea 1.8gx100 (New),1,SF,2023-02,2023-02-01,271.0,271.0,0.0,271.0,4738.34,4738.34,4738.34,0.0,0.0,False,none
D-17100N,POP Pu-Erh Tea 1.8gx100 (New),1,SF,2023-03,2023-03-01,170.0,170.0,0.0,170.0,2207.5,2207.5,2207.5,0.0,0.0,False,none
D-17100N,POP Pu-Erh Tea 1.8gx100 (New),1,SF,2023-04,2023-04-01,191.0,191.0,0.0,191.0,2084.29,2084.29,2084.29,0.0,0.0,False,none
D-17100N,POP Pu-Erh Tea 1.8gx100 (New),1,SF,2023-05,2023-05-01,0.0,0.0,180.5,180.5,0.0,0.0,1969.71,0.0,0.0,True,zero_sales_gap
D-17100N,POP Pu-Erh Tea 1.8gx100 (New),1,SF,2023-06,2023-06-01,0.0,0.0,96.5,96.5,0.0,0.0,1053.06,0.0,0.0,True,zero_sales_gap
D-17100N,POP Pu-Erh Tea 1.8gx100 (New),1,SF,2023-07,2023-07-01,0.0,0.0,2.0,2.0,0.0,0.0,21.83,0.0,0.0,True,zero_sales_gap
D-17100N,POP Pu-Erh Tea 1.8gx100 (New),1,SF,2023-08,2023-08-01,2.0,2.0,0.0,2.0,0.0,0.0,0.0,0.0,0.0,False,none
D-17100N,POP Pu-Erh Tea 1.8gx100 (New),2,NJ,2023-01,2023-01-01,104.0,104.0,0.0,104.0,4314.79,4314.79,4314.79,0.0,0.0,False,none
D-17100N,POP Pu-Erh Tea 1.8gx100 (New),2,NJ,2023-02,2023-02-01,73.0,73.0,0.0,73.0,3745.8,3745.8,3745.8,0.0,0.0,False,none
D-17100N,POP Pu-Erh Tea 1.8gx100 (New),2,NJ,2023-03,2023-03-01,331.0,331.0,0.0,331.0,4758.9,4758.9,4758.9,0.0,0.0,False,none
D-17100N,POP Pu-Erh Tea 1.8gx100 (New),2,NJ,2023-04,2023-04-01,35.0,35.0,0.0,35.0,2001.27,2001.27,2001.27,0.0,0.0,False,none
D-17100N,POP Pu-Erh Tea 1.8gx100 (New),2,NJ,2023-05,2023-05-01,5.0,5.0,0.0,5.0,222.0,222.0,222.0,0.0,0.0,False,none
D-17100N,POP Pu-Erh Tea 1.8gx100 (New),3,LA,2023-01,2023-01-01,42.0,42.0,0.0,42.0,1683.25,1683.25,1683.25,0.0,0.0,False,none
D-17100N,POP Pu-Erh Tea 1.8gx100 (New),3,LA,2023-02,2023-02-01,24.0,24.0,0.0,24.0,1885.48,1885.48,1885.48,0.0,0.0,False,none
D-17100N,POP Pu-Erh Tea 1.8gx100 (New),3,LA,2023-03,2023-03-01,17.0,17.0,0.0,17.0,1299.98,1299.98,1299.98,0.0,0.0,False,none
D-17100N,POP Pu-Erh Tea 1.8gx100 (New),3,LA,2023-04,2023-04-01,33.0,33.0,0.0,33.0,2485.01,2485.01,2485.01,0.0,0.0,False,none
D-17100N,POP Pu-Erh Tea 1.8gx100 (New),3,LA,2023-05,2023-05-01,24.0,24.0,0.0,24.0,965.89,965.89,965.89,0.0,0.0,False,none
D-17100N,POP Pu-Erh Tea 1.8gx100 (New)##23,3,LA,2023-06,2023-06-01,37.0,37.0,0.0,37.0,111.0,111.0,111.0,0.0,0.0,False,none
D-17106,POP Pu-Erh Tea 1.8gx100 (6ct/cs),1,SF,2023-06,2023-06-01,215.0,215.0,0.0,215.0,3159.36,3159.36,3159.36,0.0,0.0,False,none
D-17106,POP Pu-Erh Tea 1.8gx100 (6ct/cs),1,SF,2023-07,2023-07-01,203.0,203.0,0.0,203.0,3484.37,3484.37,3484.37,0.0,0.0,False,none
D-17106,POP Pu-Erh Tea 1.8gx100 (6ct/cs),1,SF,2023-08,2023-08-01,93.0,93.0,0.0,93.0,1480.38,1480.38,1480.38,0.0,0.0,False,none
D-17106,POP Pu-Erh Tea 1.8gx100 (6ct/cs),1,SF,2023-09,2023-09-01,89.0,89.0,0.0,89.0,1362.72,1362.72,1362.72,0.0,0.0,False,none
D-17106,POP Pu-Erh Tea 1.8gx100 (6ct/cs),1,SF,2023-10,2023-10-01,273.0,273.0,0.0,273.0,4772.65,4772.65,4772.65,0.0,0.0,False,none
D-17106,POP Pu-Erh Tea 1.8gx100 (6ct/cs),1,SF,2023-11,2023-11-01,120.0,120.0,0.0,120.0,1923.75,1923.75,1923.75,0.0,0.0,False,none
D-17106,POP Pu-Erh Tea 1.8gx100 (6ct/cs),1,SF,2023-12,2023-12-01,154.0,118.0,0.0,118.0,2395.09,1876.6899999999998,1876.69,36.0,518.4000000000003,False,none
D-17106,POP Pu-Erh Tea 1.8gx100 (6ct/cs),1,SF,2024-01,2024-01-01,114.0,114.0,0.0,114.0,1685.07,1685.07,1685.07,0.0,0.0,False,none
D-17106,POP Pu-Erh Tea 1.8gx100 (6ct/cs),1,SF,2024-02,2024-02-01,144.0,129.0,0.0,129.0,2420.45,2150.45,2150.45,15.0,270.0,False,none
D-17106,POP Pu-Erh Tea 1.8gx100 (6ct/cs),1,SF,2024-03,2024-03-01,339.0,339.0,0.0,339.0,5573.5599999999995,5573.5599999999995,5573.56,0.0,0.0,False,none
D-17106,POP Pu-Erh Tea 1.8gx100 (6ct/cs),1,SF,2024-04,2024-04-01,233.0,233.0,0.0,233.0,3820.49,3820.49,3820.49,0.0,0.0,False,none
D-17106,POP Pu-Erh Tea 1.8gx100 (6ct/cs),1,SF,2024-05,2024-05-01,215.0,215.0,0.0,215.0,3557.21,3557.21,3557.21,0.0,0.0,False,none
D-17106,POP Pu-Erh Tea 1.8gx100 (6ct/cs),1,SF,2024-06,2024-06-01,183.0,183.0,0.0,183.0,2899.72,2899.72,2899.72,0.0,0.0,False,none
D-17106,POP Pu-Erh Tea 1.8gx100 (6ct/cs),1,SF,2024-07,2024-07-01,302.0,302.0,0.0,302.0,4901.83,4901.83,4901.83,0.0,0.0,False,none
D-17106,POP Pu-Erh Tea 1.8gx100 (6ct/cs),1,SF,2024-08,2024-08-01,106.0,106.0,0.0,106.0,1759.37,1759.37,1759.37,0.0,0.0,False,none
D-17106,POP Pu-Erh Tea 1.8gx100 (6ct/cs),1,SF,2024-09,2024-09-01,95.0,95.0,153.5,248.5,1573.28,1573.28,4115.37,0.0,0.0,True,deep_drop_gap
D-17106,POP Pu-Erh Tea 1.8gx100 (6ct/cs),1,SF,2024-10,2024-10-01,293.0,293.0,0.0,293.0,4838.33,4838.33,4838.33,0.0,0.0,False,none
D-17106,POP Pu-Erh Tea 1.8gx100 (6ct/cs),1,SF,2024-11,2024-11-01,208.0,204.0,0.0,204.0,3183.0600000000004,3130.26,3130.26,4.0,52.80000000000018,False,none
D-17106,POP Pu-Erh Tea 1.8gx100 (6ct/cs),1,SF,2024-12,2024-12-01,345.0,345.0,0.0,345.0,5606.96,5606.96,5606.96,0.0,0.0,False,none
D-17106,POP Pu-Erh Tea 1.8gx100 (6ct/cs),1,SF,2025-01,2025-01-01,335.0,335.0,0.0,335.0,5163.97,5163.97,5163.97,0.0,0.0,False,none
D-17106,POP Pu-Erh Tea 1.8gx100 (6ct/cs),1,SF,2025-02,2025-02-01,97.0,91.0,0.0,91.0,1638.26,1539.26,1539.26,6.0,99.0,False,none
D-17106,POP Pu-Erh Tea 1.8gx100 (6ct/cs),1,SF,2025-03,2025-03-01,121.0,121.0,0.0,121.0,1946.35,1946.35,1946.35,0.0,0.0,False,none
D-17106,POP Pu-Erh Tea 1.8gx100 (6ct/cs),1,SF,2025-04,2025-04-01,146.0,146.0,0.0,146.0,2493.74,2493.74,2493.74,0.0,0.0,False,none
D-17106,POP Pu-Erh Tea 1.8gx100 (6ct/cs),1,SF,2025-05,2025-05-01,176.0,176.0,0.0,176.0,2871.67,2871.67,2871.67,0.0,0.0,False,none
D-17106,POP Pu-Erh Tea 1.8gx100 (6ct/cs),1,SF,2025-06,2025-06-01,146.0,146.0,0.0,146.0,2361.94,2361.94,2361.94,0.0,0.0,False,none
D-17106,POP Pu-Erh Tea 1.8gx100 (6ct/cs),1,SF,2025-07,2025-07-01,104.0,104.0,0.0,104.0,1755.28,1755.28,1755.28,0.0,0.0,False,none
D-17106,POP Pu-Erh Tea 1.8gx100 (6ct/cs),1,SF,2025-08,2025-08-01,87.0,87.0,0.0,87.0,1562.56,1562.56,1562.56,0.0,0.0,False,none
D-17106,POP Pu-Erh Tea 1.8gx100 (6ct/cs),1,SF,2025-09,2025-09-01,75.0,75.0,0.0,75.0,1281.98,1281.98,1281.98,0.0,0.0,False,none
D-17106,POP Pu-Erh Tea 1.8gx100 (6ct/cs),1,SF,2025-10,2025-10-01,259.0,259.0,0.0,259.0,4615.06,4615.06,4615.06,0.0,0.0,False,none
D-17106,POP Pu-Erh Tea 1.8gx100 (6ct/cs),1,SF,2025-11,2025-11-01,249.0,249.0,0.0,249.0,4379.9,4379.9,4379.9,0.0,0.0,False,none
D-17106,POP Pu-Erh Tea 1.8gx100 (6ct/cs),1,SF,2025-12,2025-12-01,162.0,160.0,0.0,160.0,2504.14,2464.14,2464.14,2.0,40.0,False,none
D-17106,POP Pu-Erh Tea 1.8gx100 (6ct/cs),2,NJ,2023-06,2023-06-01,91.0,91.0,0.0,91.0,1319.97,1319.97,1319.97,0.0,0.0,False,none
D-17106,POP Pu-Erh Tea 1.8gx100 (6ct/cs),2,NJ,2023-07,2023-07-01,198.0,198.0,0.0,198.0,3292.63,3292.63,3292.63,0.0,0.0,False,none
D-17106,POP Pu-Erh Tea 1.8gx100 (6ct/cs),2,NJ,2023-08,2023-08-01,574.0,574.0,0.0,574.0,8722.83,8722.83,8722.83,0.0,0.0,False,none
D-17106,POP Pu-Erh Tea 1.8gx100 (6ct/cs),2,NJ,2023-09,2023-09-01,263.0,263.0,0.0,263.0,4605.8099999999995,4605.8099999999995,4605.81,0.0,0.0,False,none
D-17106,POP Pu-Erh Tea 1.8gx100 (6ct/cs),2,NJ,2023-10,2023-10-01,537.0,487.0,0.0,487.0,9765.64,9075.939999999999,9075.94,50.0,689.7000000000007,False,none
D-17106,POP Pu-Erh Tea 1.8gx100 (6ct/cs),2,NJ,2023-11,2023-11-01,348.0,348.0,0.0,348.0,5850.23,5850.23,5850.23,0.0,0.0,False,none
D-17106,POP Pu-Erh Tea 1.8gx100 (6ct/cs),2,NJ,2023-12,2023-12-01,115.0,87.0,367.0,454.0,1637.18,1233.98,6439.39,28.0,403.20000000000005,True,deep_drop_gap
D-17106,POP Pu-Erh Tea 1.8gx100 (6ct/cs),2,NJ,2024-01,2024-01-01,730.0,720.0,0.0,720.0,11979.05,11847.05,11847.05,10.0,132.0,False,none
D-17106,POP Pu-Erh Tea 1.8gx100 (6ct/cs),2,NJ,2024-02,2024-02-01,421.0,421.0,0.0,421.0,7198.51,7198.51,7198.51,0.0,0.0,False,none
D-17106,POP Pu-Erh Tea 1.8gx100 (6ct/cs),2,NJ,2024-03,2024-03-01,167.0,167.0,311.5,478.5,3006.2999999999997,3006.2999999999997,8613.86,0.0,0.0,True,deep_drop_gap
D-17106,POP Pu-Erh Tea 1.8gx100 (6ct/cs),2,NJ,2024-04,2024-04-01,536.0,536.0,0.0,536.0,7924.86,7924.86,7924.86,0.0,0.0,False,none
D-17106,POP Pu-Erh Tea 1.8gx100 (6ct/cs),2,NJ,2024-05,2024-05-01,401.0,401.0,0.0,401.0,6943.7699999999995,6943.7699999999995,6943.77,0.0,0.0,False,none
D-17106,POP Pu-Erh Tea 1.8gx100 (6ct/cs),2,NJ,2024-06,2024-06-01,88.0,88.0,247.0,335.0,1512.54,1512.54,5757.96,0.0,0.0,True,deep_drop_gap
D-17106,POP Pu-Erh Tea 1.8gx100 (6ct/cs),2,NJ,2024-07,2024-07-01,121.0,121.0,0.0,121.0,1927.88,1927.88,1927.88,0.0,0.0,False,none
D-17106,POP Pu-Erh Tea 1.8gx100 (6ct/cs),2,NJ,2024-08,2024-08-01,319.0,269.0,0.0,269.0,4699.8099999999995,3904.51,3904.51,50.0,795.2999999999993,False,none
D-17106,POP Pu-Erh Tea 1.8gx100 (6ct/cs),2,NJ,2024-09,2024-09-01,128.0,108.0,0.0,108.0,2157.92,1797.92,1797.92,20.0,360.0,False,none
D-17106,POP Pu-Erh Tea 1.8gx100 (6ct/cs),2,NJ,2024-10,2024-10-01,155.0,155.0,0.0,155.0,2498.67,2498.67,2498.67,0.0,0.0,False,none
D-17106,POP Pu-Erh Tea 1.8gx100 (6ct/cs),2,NJ,2024-11,2024-11-01,305.0,305.0,0.0,305.0,4847.64,4847.64,4847.64,0.0,0.0,False,none
D-17106,POP Pu-Erh Tea 1.8gx100 (6ct/cs),2,NJ,2024-12,2024-12-01,271.0,271.0,0.0,271.0,4097.75,4097.75,4097.75,0.0,0.0,False,none
D-17106,POP Pu-Erh Tea 1.8gx100 (6ct/cs),2,NJ,2025-01,2025-01-01,490.0,487.0,0.0,487.0,7777.8,7738.200000000001,7738.2,3.0,39.599999999999454,False,none
D-17106,POP Pu-Erh Tea 1.8gx100 (6ct/cs),2,NJ,2025-02,2025-02-01,245.0,226.0,0.0,226.0,3915.57,3602.07,3602.07,19.0,313.5,False,none
D-17106,POP Pu-Erh Tea 1.8gx100 (6ct/cs),2,NJ,2025-03,2025-03-01,414.0,396.0,0.0,396.0,6000.97,5671.57,5671.57,18.0,329.40000000000055,False,none
D-17106,POP Pu-Erh Tea 1.8gx100 (6ct/cs),2,NJ,2025-04,2025-04-01,55.0,52.0,155.5,207.5,975.67,924.43,3688.83,3.0,51.24000000000001,True,deep_drop_gap
D-17106,POP Pu-Erh Tea 1.8gx100 (6ct/cs),2,NJ,2025-05,2025-05-01,189.0,189.0,0.0,189.0,3009.59,3009.59,3009.59,0.0,0.0,False,none
D-17106,POP Pu-Erh Tea 1.8gx100 (6ct/cs),2,NJ,2025-06,2025-06-01,96.0,88.0,0.0,88.0,1692.58,1546.18,1546.18,8.0,146.39999999999986,False,none
D-17106,POP Pu-Erh Tea 1.8gx100 (6ct/cs),2,NJ,2025-07,2025-07-01,104.0,104.0,0.0,104.0,1562.18,1562.18,1562.18,0.0,0.0,False,none
D-17106,POP Pu-Erh Tea 1.8gx100 (6ct/cs),2,NJ,2025-08,2025-08-01,80.0,77.0,0.0,77.0,1517.48,1462.58,1462.58,3.0,54.90000000000009,False,none
D-17106,POP Pu-Erh Tea 1.8gx100 (6ct/cs),2,NJ,2025-09,2025-09-01,193.0,184.0,0.0,184.0,3581.99,3417.29,3417.29,9.0,164.69999999999982,False,none
D-17106,POP Pu-Erh Tea 1.8gx100 (6ct/cs),2,NJ,2025-10,2025-10-01,328.0,322.0,0.0,322.0,5795.1900000000005,5665.59,5665.59,6.0,129.60000000000036,False,none
D-17106,POP Pu-Erh Tea 1.8gx100 (6ct/cs),2,NJ,2025-11,2025-11-01,286.0,276.0,0.0,276.0,4916.35,4703.95,4703.95,10.0,212.40000000000055,False,none
D-17106,POP Pu-Erh Tea 1.8gx100 (6ct/cs),2,NJ,2025-12,2025-12-01,146.0,140.0,0.0,140.0,2690.21,2560.61,2560.61,6.0,129.5999999999999,False,none
D-17106,POP Pu-Erh Tea 1.8gx100 (6ct/cs),3,LA,2023-06,2023-06-01,37.0,37.0,0.0,37.0,666.0,666.0,666.0,0.0,0.0,False,none
D-17106,POP Pu-Erh Tea 1.8gx100 (6ct/cs),3,LA,2023-07,2023-07-01,232.0,232.0,0.0,232.0,3976.5,3976.5,3976.5,0.0,0.0,False,none
D-17106,POP Pu-Erh Tea 1.8gx100 (6ct/cs),3,LA,2023-08,2023-08-01,44.0,44.0,74.0,118.0,812.1800000000001,812.1800000000001,2178.12,0.0,0.0,True,deep_drop_gap
D-17106,POP Pu-Erh Tea 1.8gx100 (6ct/cs),3,LA,2023-09,2023-09-01,33.0,33.0,182.5,215.5,573.98,573.98,3748.26,0.0,0.0,True,deep_drop_gap
D-17106,POP Pu-Erh Tea 1.8gx100 (6ct/cs),3,LA,2023-10,2023-10-01,199.0,199.0,0.0,199.0,3312.0,3312.0,3312.0,0.0,0.0,False,none
D-17106,POP Pu-Erh Tea 1.8gx100 (6ct/cs),3,LA,2023-11,2023-11-01,238.0,238.0,0.0,238.0,4036.4700000000003,4036.4700000000003,4036.47,0.0,0.0,False,none
D-17106,POP Pu-Erh Tea 1.8gx100 (6ct/cs),3,LA,2023-12,2023-12-01,90.0,90.0,0.0,90.0,1526.0,1526.0,1526.0,0.0,0.0,False,none
D-17106,POP Pu-Erh Tea 1.8gx100 (6ct/cs),3,LA,2024-01,2024-01-01,192.0,190.0,0.0,190.0,3174.9,3148.5,3148.5,2.0,26.40000000000009,False,none
D-17106,POP Pu-Erh Tea 1.8gx100 (6ct/cs),3,LA,2024-02,2024-02-01,172.0,163.0,0.0,163.0,2501.0,2339.0,2339.0,9.0,162.0,False,none
D-17106,POP Pu-Erh Tea 1.8gx100 (6ct/cs),3,LA,2024-03,2024-03-01,166.0,166.0,0.0,166.0,2846.52,2846.52,2846.52,0.0,0.0,False,none
D-17106,POP Pu-Erh Tea 1.8gx100 (6ct/cs),3,LA,2024-04,2024-04-01,458.0,449.0,0.0,449.0,6558.16,6439.36,6439.36,9.0,118.80000000000018,False,none
D-17106,POP Pu-Erh Tea 1.8gx100 (6ct/cs),3,LA,2024-05,2024-05-01,834.0,827.0,0.0,827.0,12152.0,12036.5,12036.5,7.0,115.5,False,none
D-17106,POP Pu-Erh Tea 1.8gx100 (6ct/cs),3,LA,2024-06,2024-06-01,82.0,82.0,189.5,271.5,1211.0,1211.0,4009.59,0.0,0.0,True,deep_drop_gap
D-17106,POP Pu-Erh Tea 1.8gx100 (6ct/cs),3,LA,2024-07,2024-07-01,94.0,94.0,0.0,94.0,1434.5,1434.5,1434.5,0.0,0.0,False,none
D-17106,POP Pu-Erh Tea 1.8gx100 (6ct/cs),3,LA,2024-08,2024-08-01,41.0,38.0,0.0,38.0,688.6,649.0,649.0,3.0,39.60000000000002,False,none
D-17106,POP Pu-Erh Tea 1.8gx100 (6ct/cs),3,LA,2024-09,2024-09-01,200.0,200.0,0.0,200.0,2820.0,2820.0,2820.0,0.0,0.0,False,none
D-17106,POP Pu-Erh Tea 1.8gx100 (6ct/cs),3,LA,2024-10,2024-10-01,94.0,94.0,0.0,94.0,1353.76,1353.76,1353.76,0.0,0.0,False,none
D-17106,POP Pu-Erh Tea 1.8gx100 (6ct/cs),3,LA,2024-11,2024-11-01,50.0,40.0,142.0,182.0,836.0,704.0,3203.2,10.0,132.0,True,deep_drop_gap
D-17106,POP Pu-Erh Tea 1.8gx100 (6ct/cs),3,LA,2024-12,2024-12-01,415.0,415.0,0.0,415.0,6151.97,6151.97,6151.97,0.0,0.0,False,none
D-17106,POP Pu-Erh Tea 1.8gx100 (6ct/cs),3,LA,2025-01,2025-01-01,164.0,164.0,0.0,164.0,2461.01,2461.01,2461.01,0.0,0.0,False,none
D-17106,POP Pu-Erh Tea 1.8gx100 (6ct/cs),3,LA,2025-02,2025-02-01,236.0,226.0,0.0,226.0,3389.0,3224.0,3224.0,10.0,165.0,False,none
D-17106,POP Pu-Erh Tea 1.8gx100 (6ct/cs),3,LA,2025-03,2025-03-01,239.0,239.0,0.0,239.0,3503.0,3503.0,3503.0,0.0,0.0,False,none
D-17106,POP Pu-Erh Tea 1.8gx100 (6ct/cs),3,LA,2025-04,2025-04-01,321.0,315.0,0.0,315.0,4642.04,4554.2,4554.2,6.0,87.84000000000015,False,none
D-17106,POP Pu-Erh Tea 1.8gx100 (6ct/cs),3,LA,2025-05,2025-05-01,79.0,79.0,168.5,247.5,1219.39,1219.39,3820.24,0.0,0.0,True,deep_drop_gap
D-17106,POP Pu-Erh Tea 1.8gx100 (6ct/cs),3,LA,2025-06,2025-06-01,22.0,18.0,149.5,167.5,383.19,309.99,2884.63,4.0,73.19999999999999,True,deep_drop_gap
D-17106,POP Pu-Erh Tea 1.8gx100 (6ct/cs),3,LA,2025-07,2025-07-01,262.0,256.0,0.0,256.0,3815.8,3706.0,3706.0,6.0,109.80000000000018,False,none
D-17106,POP Pu-Erh Tea 1.8gx100 (6ct/cs),3,LA,2025-08,2025-08-01,22.0,22.0,0.0,22.0,426.0,426.0,426.0,0.0,0.0,False,none
D-17106,POP Pu-Erh Tea 1.8gx100 (6ct/cs),3,LA,2025-09,2025-09-01,56.0,33.0,111.5,144.5,1107.9,687.0,3008.23,23.0,420.9000000000001,True,deep_drop_gap
D-17106,POP Pu-Erh Tea 1.8gx100 (6ct/cs),3,LA,2025-10,2025-10-01,33.0,33.0,104.5,137.5,613.28,613.28,2555.33,0.0,0.0,True,deep_drop_gap
D-17106,POP Pu-Erh Tea 1.8gx100 (6ct/cs),3,LA,2025-11,2025-11-01,319.0,300.0,0.0,300.0,5101.99,4702.39,4702.39,19.0,399.59999999999945,False,none
D-17106,POP Pu-Erh Tea 1.8gx100 (6ct/cs),3,LA,2025-12,2025-12-01,252.0,242.0,0.0,242.0,3887.4,3654.0,3654.0,10.0,233.4000000000001,False,none
D-17106,POP Pu-Erh Tea 1.8gx100 (6ct/cs),E1,UNMAPPED,2025-01,2025-01-01,3.0,3.0,0.0,3.0,23.97,23.97,23.97,0.0,0.0,False,none
D-17106,POP Pu-Erh Tea 1.8gx100 (6ct/cs),E1,UNMAPPED,2025-02,2025-02-01,0.0,0.0,2.0,2.0,0.0,0.0,15.98,0.0,0.0,True,zero_sales_gap
D-17106,POP Pu-Erh Tea 1.8gx100 (6ct/cs),E1,UNMAPPED,2025-03,2025-03-01,2.0,2.0,0.0,2.0,15.98,15.98,15.98,0.0,0.0,False,none
D-17106,POP Pu-Erh Tea 1.8gx100 (6ct/cs),E1,UNMAPPED,2025-04,2025-04-01,2.0,2.0,0.0,2.0,12.48,12.48,12.48,0.0,0.0,False,none
D-17106,POP Pu-Erh Tea 1.8gx100 (6ct/cs),E1,UNMAPPED,2025-05,2025-05-01,0.0,0.0,2.0,2.0,0.0,0.0,12.48,0.0,0.0,True,zero_sales_gap
D-17106,POP Pu-Erh Tea 1.8gx100 (6ct/cs),E1,UNMAPPED,2025-06,2025-06-01,0.0,0.0,3.0,3.0,0.0,0.0,18.72,0.0,0.0,True,zero_sales_gap
D-17106,POP Pu-Erh Tea 1.8gx100 (6ct/cs),E1,UNMAPPED,2025-07,2025-07-01,4.0,4.0,0.0,4.0,31.96,31.96,31.96,0.0,0.0,False,none
D-17200,POP Organic Pu-Erh Tea 1.8gx100,1,SF,2023-01,2023-01-01,143.0,143.0,0.0,143.0,818.67,818.67,818.67,0.0,0.0,False,none
D-17200,POP Organic Pu-Erh Tea 1.8gx100,1,SF,2023-02,2023-02-01,41.0,41.0,102.0,143.0,925.4200000000001,925.4200000000001,3227.68,0.0,0.0,True,deep_drop_gap
D-17200,POP Organic Pu-Erh Tea 1.8gx100,1,SF,2023-03,2023-03-01,126.0,126.0,0.0,126.0,835.46,835.46,835.46,0.0,0.0,False,none
D-17200,POP Organic Pu-Erh Tea 1.8gx100,1,SF,2023-04,2023-04-01,165.0,165.0,0.0,165.0,977.0699999999999,977.0699999999999,977.07,0.0,0.0,False,none
D-17200,POP Organic Pu-Erh Tea 1.8gx100,1,SF,2023-05,2023-05-01,146.0,146.0,0.0,146.0,933.75,933.75,933.75,0.0,0.0,False,none
D-17200,POP Organic Pu-Erh Tea 1.8gx100,1,SF,2023-06,2023-06-01,159.0,159.0,0.0,159.0,1045.88,1045.88,1045.88,0.0,0.0,False,none
D-17200,POP Organic Pu-Erh Tea 1.8gx100,1,SF,2023-07,2023-07-01,97.0,97.0,0.0,97.0,454.74,454.74,454.74,0.0,0.0,False,none
D-17200,POP Organic Pu-Erh Tea 1.8gx100,1,SF,2023-08,2023-08-01,52.0,52.0,0.0,52.0,429.2,429.2,429.2,0.0,0.0,False,none
D-17200,POP Organic Pu-Erh Tea 1.8gx100,1,SF,2023-09,2023-09-01,37.0,37.0,0.0,37.0,242.0,242.0,242.0,0.0,0.0,False,none
D-17200,POP Organic Pu-Erh Tea 1.8gx100,1,SF,2023-10,2023-10-01,34.0,34.0,0.0,34.0,515.84,515.84,515.84,0.0,0.0,False,none
D-17200,POP Organic Pu-Erh Tea 1.8gx100,1,SF,2023-11,2023-11-01,24.0,24.0,0.0,24.0,212.0,212.0,212.0,0.0,0.0,False,none
D-17200,POP Organic Pu-Erh Tea 1.8gx100,1,SF,2023-12,2023-12-01,15.0,15.0,0.0,15.0,146.0,146.0,146.0,0.0,0.0,False,none
D-17200,POP Organic Pu-Erh Tea 1.8gx100,1,SF,2024-01,2024-01-01,25.0,25.0,0.0,25.0,216.0,216.0,216.0,0.0,0.0,False,none
D-17200,POP Organic Pu-Erh Tea 1.8gx100,1,SF,2024-02,2024-02-01,290.0,290.0,0.0,290.0,1072.0,1072.0,1072.0,0.0,0.0,False,none
D-17200,POP Organic Pu-Erh Tea 1.8gx100,1,SF,2024-03,2024-03-01,40.0,40.0,117.5,157.5,141.84,141.84,558.5,0.0,0.0,True,deep_drop_gap
D-17200,POP Organic Pu-Erh Tea 1.8gx100,1,SF,2024-04,2024-04-01,305.0,305.0,0.0,305.0,224.0,224.0,224.0,0.0,0.0,False,none
D-17200,POP Organic Pu-Erh Tea 1.8gx100,1,SF,2024-05,2024-05-01,17.0,17.0,0.0,17.0,0.0,0.0,0.0,0.0,0.0,False,none
D-17200,POP Organic Pu-Erh Tea 1.8gx100,1,SF,2024-06,2024-06-01,29.0,29.0,0.0,29.0,40.0,40.0,40.0,0.0,0.0,False,none
D-17200,POP Organic Pu-Erh Tea 1.8gx100,1,SF,2024-07,2024-07-01,2.0,2.0,0.0,2.0,0.0,0.0,0.0,0.0,0.0,False,none
D-17200,POP Organic Pu-Erh Tea 1.8gx100,2,NJ,2023-01,2023-01-01,8.0,8.0,0.0,8.0,880.0,880.0,880.0,0.0,0.0,False,none
D-17200,POP Organic Pu-Erh Tea 1.8gx100,2,NJ,2023-02,2023-02-01,52.0,52.0,0.0,52.0,2082.0,2082.0,2082.0,0.0,0.0,False,none
D-17200,POP Organic Pu-Erh Tea 1.8gx100,2,NJ,2023-03,2023-03-01,38.0,38.0,0.0,38.0,2353.97,2353.97,2353.97,0.0,0.0,False,none
D-17200,POP Organic Pu-Erh Tea 1.8gx100,2,NJ,2023-04,2023-04-01,25.0,25.0,0.0,25.0,1135.05,1135.05,1135.05,0.0,0.0,False,none
D-17200,POP Organic Pu-Erh Tea 1.8gx100,2,NJ,2023-05,2023-05-01,26.0,26.0,0.0,26.0,1305.94,1305.94,1305.94,0.0,0.0,False,none
D-17200,POP Organic Pu-Erh Tea 1.8gx100,2,NJ,2023-06,2023-06-01,57.0,57.0,0.0,57.0,1216.87,1216.87,1216.87,0.0,0.0,False,none
D-17200,POP Organic Pu-Erh Tea 1.8gx100,2,NJ,2023-07,2023-07-01,27.0,27.0,0.0,27.0,675.5699999999999,675.5699999999999,675.57,0.0,0.0,False,none
D-17200,POP Organic Pu-Erh Tea 1.8gx100,2,NJ,2023-08,2023-08-01,2.0,2.0,17.5,19.5,229.0,229.0,2232.75,0.0,0.0,True,deep_drop_gap
D-17200,POP Organic Pu-Erh Tea 1.8gx100,2,NJ,2023-09,2023-09-01,1.0,1.0,8.5,9.5,120.0,120.0,1140.0,0.0,0.0,True,deep_drop_gap
D-17200,POP Organic Pu-Erh Tea 1.8gx100,2,NJ,2023-10,2023-10-01,12.0,12.0,0.0,12.0,964.2,964.2,964.2,0.0,0.0,False,none
D-17200,POP Organic Pu-Erh Tea 1.8gx100,2,NJ,2023-11,2023-11-01,7.0,7.0,0.0,7.0,829.0,829.0,829.0,0.0,0.0,False,none
D-17200,POP Organic Pu-Erh Tea 1.8gx100,2,NJ,2023-12,2023-12-01,2.0,2.0,7.5,9.5,240.0,240.0,1140.0,0.0,0.0,True,deep_drop_gap
D-17200,POP Organic Pu-Erh Tea 1.8gx100,2,NJ,2024-01,2024-01-01,55.0,55.0,0.0,55.0,336.0,336.0,336.0,0.0,0.0,False,none
D-17200,POP Organic Pu-Erh Tea 1.8gx100,2,NJ,2024-02,2024-02-01,1.0,1.0,0.0,1.0,0.0,0.0,0.0,0.0,0.0,False,none
D-17200,POP Organic Pu-Erh Tea 1.8gx100,2,NJ,2024-03,2024-03-01,1.0,1.0,0.0,1.0,120.0,120.0,120.0,0.0,0.0,False,none
D-17200,POP Organic Pu-Erh Tea 1.8gx100,3,LA,2023-01,2023-01-01,39.0,39.0,0.0,39.0,1489.44,1489.44,1489.44,0.0,0.0,False,none
D-17200,POP Organic Pu-Erh Tea 1.8gx100,3,LA,2023-02,2023-02-01,69.0,69.0,0.0,69.0,1311.54,1311.54,1311.54,0.0,0.0,False,none
D-17200,POP Organic Pu-Erh Tea 1.8gx100,3,LA,2023-03,2023-03-01,35.0,35.0,0.0,35.0,1745.38,1745.38,1745.38,0.0,0.0,False,none
D-17200,POP Organic Pu-Erh Tea 1.8gx100,3,LA,2023-04,2023-04-01,15.0,15.0,0.0,15.0,1575.98,1575.98,1575.98,0.0,0.0,False,none
D-17200,POP Organic Pu-Erh Tea 1.8gx100,3,LA,2023-05,2023-05-01,27.0,27.0,0.0,27.0,1033.6100000000001,1033.6100000000001,1033.61,0.0,0.0,False,none
D-17200,POP Organic Pu-Erh Tea 1.8gx100,3,LA,2023-06,2023-06-01,18.0,18.0,0.0,18.0,555.58,555.58,555.58,0.0,0.0,False,none
D-17200,POP Organic Pu-Erh Tea 1.8gx100,3,LA,2023-07,2023-07-01,43.0,43.0,0.0,43.0,1094.58,1094.58,1094.58,0.0,0.0,False,none
D-17200,POP Organic Pu-Erh Tea 1.8gx100,3,LA,2023-08,2023-08-01,8.0,8.0,0.0,8.0,264.0,264.0,264.0,0.0,0.0,False,none
D-17200,POP Organic Pu-Erh Tea 1.8gx100,3,LA,2023-09,2023-09-01,0.0,0.0,8.0,8.0,0.0,0.0,264.0,0.0,0.0,True,zero_sales_gap
D-17200,POP Organic Pu-Erh Tea 1.8gx100,3,LA,2023-10,2023-10-01,2.0,2.0,0.0,2.0,240.0,240.0,240.0,0.0,0.0,False,none
D-17200,POP Organic Pu-Erh Tea 1.8gx100,3,LA,2023-11,2023-11-01,0.0,0.0,2.0,2.0,0.0,0.0,240.0,0.0,0.0,True,zero_sales_gap
D-17200,POP Organic Pu-Erh Tea 1.8gx100,3,LA,2023-12,2023-12-01,1.0,1.0,0.0,1.0,85.0,85.0,85.0,0.0,0.0,False,none
D-17200,POP Organic Pu-Erh Tea 1.8gx100,3,LA,2024-01,2024-01-01,9.0,9.0,0.0,9.0,314.0,314.0,314.0,0.0,0.0,False,none
D-17200,POP Organic Pu-Erh Tea 1.8gx100,3,LA,2024-02,2024-02-01,58.0,58.0,0.0,58.0,348.0,348.0,348.0,0.0,0.0,False,none
D-17200,POP Organic Pu-Erh Tea 1.8gx100,3,LA,2024-03,2024-03-01,2.0,2.0,7.0,9.0,240.0,240.0,1080.0,0.0,0.0,True,deep_drop_gap
D-17200,POP Organic Pu-Erh Tea 1.8gx100,3,LA,2024-04,2024-04-01,6.0,6.0,0.0,6.0,120.0,120.0,120.0,0.0,0.0,False,none
D-17200,POP Organic Pu-Erh Tea 1.8gx100,3,LA,2024-05,2024-05-01,0.0,0.0,6.0,6.0,0.0,0.0,120.0,0.0,0.0,True,zero_sales_gap
D-17200,POP Organic Pu-Erh Tea 1.8gx100,3,LA,2024-06,2024-06-01,6.0,6.0,0.0,6.0,24.0,24.0,24.0,0.0,0.0,False,none
D-17200,POP Organic Pu-Erh Tea 1.8gx100,3,LA,2024-07,2024-07-01,29.0,29.0,0.0,29.0,88.0,88.0,88.0,0.0,0.0,False,none
D-17206,POP OG Pu-Erh Tea 1.8gx100 (6ct/cs),1,SF,2023-08,2023-08-01,17.0,17.0,0.0,17.0,283.32,283.32,283.32,0.0,0.0,False,none
D-17206,POP OG Pu-Erh Tea 1.8gx100 (6ct/cs),1,SF,2023-09,2023-09-01,13.0,13.0,0.0,13.0,303.28,303.28,303.28,0.0,0.0,False,none
D-17206,POP OG Pu-Erh Tea 1.8gx100 (6ct/cs),1,SF,2023-10,2023-10-01,16.0,16.0,0.0,16.0,222.37,222.37,222.37,0.0,0.0,False,none
D-17206,POP OG Pu-Erh Tea 1.8gx100 (6ct/cs),1,SF,2023-11,2023-11-01,20.0,20.0,0.0,20.0,316.03,316.03,316.03,0.0,0.0,False,none
D-17206,POP OG Pu-Erh Tea 1.8gx100 (6ct/cs),1,SF,2023-12,2023-12-01,27.0,27.0,0.0,27.0,523.31,523.31,523.31,0.0,0.0,False,none
D-17206,POP OG Pu-Erh Tea 1.8gx100 (6ct/cs),1,SF,2024-01,2024-01-01,26.0,26.0,0.0,26.0,409.33000000000004,409.33000000000004,409.33,0.0,0.0,False,none
D-17206,POP OG Pu-Erh Tea 1.8gx100 (6ct/cs),1,SF,2024-02,2024-02-01,21.0,21.0,0.0,21.0,381.04,381.04,381.04,0.0,0.0,False,none
D-17206,POP OG Pu-Erh Tea 1.8gx100 (6ct/cs),1,SF,2024-03,2024-03-01,21.0,21.0,0.0,21.0,478.09,478.09,478.09,0.0,0.0,False,none
D-17206,POP OG Pu-Erh Tea 1.8gx100 (6ct/cs),1,SF,2024-04,2024-04-01,38.0,38.0,0.0,38.0,849.61,849.61,849.61,0.0,0.0,False,none
D-17206,POP OG Pu-Erh Tea 1.8gx100 (6ct/cs),1,SF,2024-05,2024-05-01,34.0,34.0,0.0,34.0,482.56,482.56,482.56,0.0,0.0,False,none
D-17206,POP OG Pu-Erh Tea 1.8gx100 (6ct/cs),1,SF,2024-06,2024-06-01,12.0,12.0,24.0,36.0,203.94,203.94,611.82,0.0,0.0,True,deep_drop_gap
D-17206,POP OG Pu-Erh Tea 1.8gx100 (6ct/cs),1,SF,2024-07,2024-07-01,44.0,44.0,0.0,44.0,665.59,665.59,665.59,0.0,0.0,False,none
D-17206,POP OG Pu-Erh Tea 1.8gx100 (6ct/cs),1,SF,2024-08,2024-08-01,34.0,34.0,0.0,34.0,609.73,609.73,609.73,0.0,0.0,False,none
D-17206,POP OG Pu-Erh Tea 1.8gx100 (6ct/cs),1,SF,2024-09,2024-09-01,88.0,88.0,0.0,88.0,1554.51,1554.51,1554.51,0.0,0.0,False,none
D-17206,POP OG Pu-Erh Tea 1.8gx100 (6ct/cs),1,SF,2024-10,2024-10-01,33.0,33.0,0.0,33.0,690.91,690.91,690.91,0.0,0.0,False,none
D-17206,POP OG Pu-Erh Tea 1.8gx100 (6ct/cs),1,SF,2024-11,2024-11-01,29.0,29.0,0.0,29.0,554.67,554.67,554.67,0.0,0.0,False,none
D-17206,POP OG Pu-Erh Tea 1.8gx100 (6ct/cs),1,SF,2024-12,2024-12-01,33.0,33.0,0.0,33.0,641.9300000000001,641.9300000000001,641.93,0.0,0.0,False,none
D-17206,POP OG Pu-Erh Tea 1.8gx100 (6ct/cs),1,SF,2025-01,2025-01-01,51.0,51.0,0.0,51.0,866.64,866.64,866.64,0.0,0.0,False,none
D-17206,POP OG Pu-Erh Tea 1.8gx100 (6ct/cs),1,SF,2025-02,2025-02-01,30.0,30.0,0.0,30.0,510.2,510.2,510.2,0.0,0.0,False,none
D-17206,POP OG Pu-Erh Tea 1.8gx100 (6ct/cs),1,SF,2025-03,2025-03-01,35.0,35.0,0.0,35.0,717.98,717.98,717.98,0.0,0.0,False,none
D-17206,POP OG Pu-Erh Tea 1.8gx100 (6ct/cs),1,SF,2025-04,2025-04-01,85.0,85.0,0.0,85.0,1114.32,1114.32,1114.32,0.0,0.0,False,none
D-17206,POP OG Pu-Erh Tea 1.8gx100 (6ct/cs),1,SF,2025-05,2025-05-01,6.0,6.0,29.5,35.5,119.08999999999999,119.08999999999999,704.62,0.0,0.0,True,deep_drop_gap
D-17206,POP OG Pu-Erh Tea 1.8gx100 (6ct/cs),1,SF,2025-06,2025-06-01,19.0,19.0,0.0,19.0,434.86999999999995,434.86999999999995,434.87,0.0,0.0,False,none
D-17206,POP OG Pu-Erh Tea 1.8gx100 (6ct/cs),1,SF,2025-07,2025-07-01,36.0,36.0,0.0,36.0,705.27,705.27,705.27,0.0,0.0,False,none
D-17206,POP OG Pu-Erh Tea 1.8gx100 (6ct/cs),1,SF,2025-08,2025-08-01,20.0,20.0,0.0,20.0,404.76,404.76,404.76,0.0,0.0,False,none
D-17206,POP OG Pu-Erh Tea 1.8gx100 (6ct/cs),1,SF,2025-09,2025-09-01,38.0,38.0,0.0,38.0,782.33,782.33,782.33,0.0,0.0,False,none
D-17206,POP OG Pu-Erh Tea 1.8gx100 (6ct/cs),1,SF,2025-10,2025-10-01,63.0,63.0,0.0,63.0,920.91,920.91,920.91,0.0,0.0,False,none
D-17206,POP OG Pu-Erh Tea 1.8gx100 (6ct/cs),1,SF,2025-11,2025-11-01,39.0,39.0,0.0,39.0,757.01,757.01,757.01,0.0,0.0,False,none
D-17206,POP OG Pu-Erh Tea 1.8gx100 (6ct/cs),1,SF,2025-12,2025-12-01,37.0,36.0,0.0,36.0,854.07,829.07,829.07,1.0,25.0,False,none
D-17206,POP OG Pu-Erh Tea 1.8gx100 (6ct/cs),2,NJ,2023-07,2023-07-01,8.0,8.0,0.0,8.0,130.47,130.47,130.47,0.0,0.0,False,none
D-17206,POP OG Pu-Erh Tea 1.8gx100 (6ct/cs),2,NJ,2023-08,2023-08-01,66.0,66.0,0.0,66.0,1194.38,1194.38,1194.38,0.0,0.0,False,none
D-17206,POP OG Pu-Erh Tea 1.8gx100 (6ct/cs),2,NJ,2023-09,2023-09-01,42.0,42.0,0.0,42.0,875.37,875.37,875.37,0.0,0.0,False,none
D-17206,POP OG Pu-Erh Tea 1.8gx100 (6ct/cs),2,NJ,2023-10,2023-10-01,35.0,35.0,0.0,35.0,746.89,746.89,746.89,0.0,0.0,False,none
D-17206,POP OG Pu-Erh Tea 1.8gx100 (6ct/cs),2,NJ,2023-11,2023-11-01,46.0,46.0,0.0,46.0,691.1700000000001,691.1700000000001,691.17,0.0,0.0,False,none
D-17206,POP OG Pu-Erh Tea 1.8gx100 (6ct/cs),2,NJ,2023-12,2023-12-01,61.0,61.0,0.0,61.0,1192.17,1192.17,1192.17,0.0,0.0,False,none
D-17206,POP OG Pu-Erh Tea 1.8gx100 (6ct/cs),2,NJ,2024-01,2024-01-01,61.0,61.0,0.0,61.0,1087.04,1087.04,1087.04,0.0,0.0,False,none
D-17206,POP OG Pu-Erh Tea 1.8gx100 (6ct/cs),2,NJ,2024-02,2024-02-01,85.0,85.0,0.0,85.0,1418.59,1418.59,1418.59,0.0,0.0,False,none
D-17206,POP OG Pu-Erh Tea 1.8gx100 (6ct/cs),2,NJ,2024-03,2024-03-01,72.0,72.0,0.0,72.0,1315.45,1315.45,1315.45,0.0,0.0,False,none
D-17206,POP OG Pu-Erh Tea 1.8gx100 (6ct/cs),2,NJ,2024-04,2024-04-01,75.0,75.0,0.0,75.0,1517.76,1517.76,1517.76,0.0,0.0,False,none
D-17206,POP OG Pu-Erh Tea 1.8gx100 (6ct/cs),2,NJ,2024-05,2024-05-01,2.0,2.0,71.5,73.5,17.98,17.98,660.76,0.0,0.0,True,deep_drop_gap
D-17206,POP OG Pu-Erh Tea 1.8gx100 (6ct/cs),2,NJ,2024-06,2024-06-01,38.0,38.0,0.0,38.0,785.91,785.91,785.91,0.0,0.0,False,none
D-17206,POP OG Pu-Erh Tea 1.8gx100 (6ct/cs),2,NJ,2024-07,2024-07-01,114.0,114.0,0.0,114.0,2080.49,2080.49,2080.49,0.0,0.0,False,none
D-17206,POP OG Pu-Erh Tea 1.8gx100 (6ct/cs),2,NJ,2024-08,2024-08-01,102.0,95.0,0.0,95.0,1971.0,1853.4,1853.4,7.0,117.59999999999991,False,none
D-17206,POP OG Pu-Erh Tea 1.8gx100 (6ct/cs),2,NJ,2024-09,2024-09-01,57.0,57.0,0.0,57.0,1156.66,1156.66,1156.66,0.0,0.0,False,none
D-17206,POP OG Pu-Erh Tea 1.8gx100 (6ct/cs),2,NJ,2024-10,2024-10-01,64.0,64.0,0.0,64.0,1232.27,1232.27,1232.27,0.0,0.0,False,none
D-17206,POP OG Pu-Erh Tea 1.8gx100 (6ct/cs),2,NJ,2024-11,2024-11-01,107.0,107.0,0.0,107.0,1967.62,1967.62,1967.62,0.0,0.0,False,none
D-17206,POP OG Pu-Erh Tea 1.8gx100 (6ct/cs),2,NJ,2024-12,2024-12-01,71.0,71.0,0.0,71.0,1271.04,1271.04,1271.04,0.0,0.0,False,none
D-17206,POP OG Pu-Erh Tea 1.8gx100 (6ct/cs),2,NJ,2025-01,2025-01-01,102.0,102.0,0.0,102.0,1995.15,1995.15,1995.15,0.0,0.0,False,none
D-17206,POP OG Pu-Erh Tea 1.8gx100 (6ct/cs),2,NJ,2025-02,2025-02-01,74.0,74.0,0.0,74.0,1484.32,1484.32,1484.32,0.0,0.0,False,none
D-17206,POP OG Pu-Erh Tea 1.8gx100 (6ct/cs),2,NJ,2025-03,2025-03-01,98.0,85.0,0.0,85.0,1931.49,1664.85,1664.85,13.0,266.6400000000001,False,none
D-17206,POP OG Pu-Erh Tea 1.8gx100 (6ct/cs),2,NJ,2025-04,2025-04-01,125.0,125.0,0.0,125.0,2166.79,2166.79,2166.79,0.0,0.0,False,none
D-17206,POP OG Pu-Erh Tea 1.8gx100 (6ct/cs),2,NJ,2025-05,2025-05-01,53.0,53.0,0.0,53.0,1177.98,1177.98,1177.98,0.0,0.0,False,none
D-17206,POP OG Pu-Erh Tea 1.8gx100 (6ct/cs),2,NJ,2025-06,2025-06-01,97.0,97.0,0.0,97.0,1877.21,1877.21,1877.21,0.0,0.0,False,none
D-17206,POP OG Pu-Erh Tea 1.8gx100 (6ct/cs),2,NJ,2025-07,2025-07-01,88.0,88.0,0.0,88.0,1643.84,1643.84,1643.84,0.0,0.0,False,none
D-17206,POP OG Pu-Erh Tea 1.8gx100 (6ct/cs),2,NJ,2025-08,2025-08-01,55.0,55.0,0.0,55.0,1186.49,1186.49,1186.49,0.0,0.0,False,none
D-17206,POP OG Pu-Erh Tea 1.8gx100 (6ct/cs),2,NJ,2025-09,2025-09-01,57.0,57.0,0.0,57.0,1208.02,1208.02,1208.02,0.0,0.0,False,none
D-17206,POP OG Pu-Erh Tea 1.8gx100 (6ct/cs),2,NJ,2025-10,2025-10-01,91.0,91.0,0.0,91.0,1950.3600000000001,1950.3600000000001,1950.36,0.0,0.0,False,none
D-17206,POP OG Pu-Erh Tea 1.8gx100 (6ct/cs),2,NJ,2025-11,2025-11-01,35.0,32.0,0.0,32.0,779.49,697.77,697.77,3.0,81.72000000000003,False,none
D-17206,POP OG Pu-Erh Tea 1.8gx100 (6ct/cs),2,NJ,2025-12,2025-12-01,51.0,51.0,0.0,51.0,1234.13,1234.13,1234.13,0.0,0.0,False,none
D-17206,POP OG Pu-Erh Tea 1.8gx100 (6ct/cs),3,LA,2023-08,2023-08-01,4.0,4.0,0.0,4.0,64.58,64.58,64.58,0.0,0.0,False,none
D-17206,POP OG Pu-Erh Tea 1.8gx100 (6ct/cs),3,LA,2023-09,2023-09-01,8.0,8.0,0.0,8.0,161.98,161.98,161.98,0.0,0.0,False,none
D-17206,POP OG Pu-Erh Tea 1.8gx100 (6ct/cs),3,LA,2023-10,2023-10-01,11.0,11.0,0.0,11.0,264.0,264.0,264.0,0.0,0.0,False,none
D-17206,POP OG Pu-Erh Tea 1.8gx100 (6ct/cs),3,LA,2023-11,2023-11-01,17.0,17.0,0.0,17.0,374.44,374.44,374.44,0.0,0.0,False,none
D-17206,POP OG Pu-Erh Tea 1.8gx100 (6ct/cs),3,LA,2023-12,2023-12-01,35.0,35.0,0.0,35.0,735.0,735.0,735.0,0.0,0.0,False,none
D-17206,POP OG Pu-Erh Tea 1.8gx100 (6ct/cs),3,LA,2024-01,2024-01-01,22.0,22.0,0.0,22.0,508.0,508.0,508.0,0.0,0.0,False,none
D-17206,POP OG Pu-Erh Tea 1.8gx100 (6ct/cs),3,LA,2024-02,2024-02-01,23.0,23.0,0.0,23.0,537.0,537.0,537.0,0.0,0.0,False,none
D-17206,POP OG Pu-Erh Tea 1.8gx100 (6ct/cs),3,LA,2024-03,2024-03-01,62.0,62.0,0.0,62.0,1138.0,1138.0,1138.0,0.0,0.0,False,none
D-17206,POP OG Pu-Erh Tea 1.8gx100 (6ct/cs),3,LA,2024-04,2024-04-01,49.0,49.0,0.0,49.0,1036.0,1036.0,1036.0,0.0,0.0,False,none
D-17206,POP OG Pu-Erh Tea 1.8gx100 (6ct/cs),3,LA,2024-05,2024-05-01,29.0,29.0,0.0,29.0,595.0,595.0,595.0,0.0,0.0,False,none
D-17206,POP OG Pu-Erh Tea 1.8gx100 (6ct/cs),3,LA,2024-06,2024-06-01,2.0,2.0,29.5,31.5,33.99,33.99,535.34,0.0,0.0,True,deep_drop_gap
D-17206,POP OG Pu-Erh Tea 1.8gx100 (6ct/cs),3,LA,2024-07,2024-07-01,30.0,30.0,0.0,30.0,675.99,675.99,675.99,0.0,0.0,False,none
D-17206,POP OG Pu-Erh Tea 1.8gx100 (6ct/cs),3,LA,2024-08,2024-08-01,33.0,33.0,0.0,33.0,633.0,633.0,633.0,0.0,0.0,False,none
D-17206,POP OG Pu-Erh Tea 1.8gx100 (6ct/cs),3,LA,2024-09,2024-09-01,26.0,26.0,0.0,26.0,621.6,621.6,621.6,0.0,0.0,False,none
D-17206,POP OG Pu-Erh Tea 1.8gx100 (6ct/cs),3,LA,2024-10,2024-10-01,24.0,24.0,0.0,24.0,506.0,506.0,506.0,0.0,0.0,False,none
D-17206,POP OG Pu-Erh Tea 1.8gx100 (6ct/cs),3,LA,2024-11,2024-11-01,50.0,50.0,0.0,50.0,996.58,996.58,996.58,0.0,0.0,False,none
D-17206,POP OG Pu-Erh Tea 1.8gx100 (6ct/cs),3,LA,2024-12,2024-12-01,39.0,39.0,0.0,39.0,893.2,893.2,893.2,0.0,0.0,False,none
D-17206,POP OG Pu-Erh Tea 1.8gx100 (6ct/cs),3,LA,2025-01,2025-01-01,63.0,63.0,0.0,63.0,1238.0,1238.0,1238.0,0.0,0.0,False,none
D-17206,POP OG Pu-Erh Tea 1.8gx100 (6ct/cs),3,LA,2025-02,2025-02-01,22.0,22.0,0.0,22.0,474.0,474.0,474.0,0.0,0.0,False,none
D-17206,POP OG Pu-Erh Tea 1.8gx100 (6ct/cs),3,LA,2025-03,2025-03-01,25.0,25.0,0.0,25.0,562.8,562.8,562.8,0.0,0.0,False,none
D-17206,POP OG Pu-Erh Tea 1.8gx100 (6ct/cs),3,LA,2025-04,2025-04-01,52.0,52.0,0.0,52.0,1063.22,1063.22,1063.22,0.0,0.0,False,none
D-17206,POP OG Pu-Erh Tea 1.8gx100 (6ct/cs),3,LA,2025-05,2025-05-01,40.0,40.0,0.0,40.0,777.52,777.52,777.52,0.0,0.0,False,none
D-17206,POP OG Pu-Erh Tea 1.8gx100 (6ct/cs),3,LA,2025-06,2025-06-01,30.0,30.0,0.0,30.0,688.39,688.39,688.39,0.0,0.0,False,none
D-17206,POP OG Pu-Erh Tea 1.8gx100 (6ct/cs),3,LA,2025-07,2025-07-01,22.0,22.0,0.0,22.0,518.2,518.2,518.2,0.0,0.0,False,none
D-17206,POP OG Pu-Erh Tea 1.8gx100 (6ct/cs),3,LA,2025-08,2025-08-01,25.0,25.0,0.0,25.0,634.8,634.8,634.8,0.0,0.0,False,none
D-17206,POP OG Pu-Erh Tea 1.8gx100 (6ct/cs),3,LA,2025-09,2025-09-01,18.0,18.0,0.0,18.0,474.6,474.6,474.6,0.0,0.0,False,none
D-17206,POP OG Pu-Erh Tea 1.8gx100 (6ct/cs),3,LA,2025-10,2025-10-01,41.0,23.0,0.0,23.0,1027.4,595.4,595.4,18.0,432.0000000000001,False,none
D-17206,POP OG Pu-Erh Tea 1.8gx100 (6ct/cs),3,LA,2025-11,2025-11-01,43.0,40.0,0.0,40.0,1086.6,1011.6,1011.6,3.0,74.99999999999989,False,none
D-17206,POP OG Pu-Erh Tea 1.8gx100 (6ct/cs),3,LA,2025-12,2025-12-01,30.0,30.0,0.0,30.0,788.4,788.4,788.4,0.0,0.0,False,none
D-17206,POP OG Pu-Erh Tea 1.8gx100 (6ct/cs),E1,UNMAPPED,2024-01,2024-01-01,2.0,2.0,0.0,2.0,17.98,17.98,17.98,0.0,0.0,False,none
D-17206,POP OG Pu-Erh Tea 1.8gx100 (6ct/cs),E1,UNMAPPED,2024-02,2024-02-01,1.0,1.0,0.0,1.0,8.99,8.99,8.99,0.0,0.0,False,none
D-17206,POP OG Pu-Erh Tea 1.8gx100 (6ct/cs),E1,UNMAPPED,2024-03,2024-03-01,0.0,0.0,1.5,1.5,0.0,0.0,13.48,0.0,0.0,True,zero_sales_gap
D-17206,POP OG Pu-Erh Tea 1.8gx100 (6ct/cs),E1,UNMAPPED,2024-04,2024-04-01,0.0,0.0,1.0,1.0,0.0,0.0,8.99,0.0,0.0,True,zero_sales_gap
D-17206,POP OG Pu-Erh Tea 1.8gx100 (6ct/cs),E1,UNMAPPED,2024-05,2024-05-01,0.0,0.0,0.0,0.0,0.0,0.0,0.0,0.0,0.0,False,none
D-17206,POP OG Pu-Erh Tea 1.8gx100 (6ct/cs),E1,UNMAPPED,2024-06,2024-06-01,0.0,0.0,0.0,0.0,0.0,0.0,0.0,0.0,0.0,False,none
D-17206,POP OG Pu-Erh Tea 1.8gx100 (6ct/cs),E1,UNMAPPED,2024-07,2024-07-01,0.0,0.0,0.0,0.0,0.0,0.0,0.0,0.0,0.0,False,none
D-17206,POP OG Pu-Erh Tea 1.8gx100 (6ct/cs),E1,UNMAPPED,2024-08,2024-08-01,0.0,0.0,0.0,0.0,0.0,0.0,0.0,0.0,0.0,False,none
D-17206,POP OG Pu-Erh Tea 1.8gx100 (6ct/cs),E1,UNMAPPED,2024-09,2024-09-01,0.0,0.0,0.0,0.0,0.0,0.0,0.0,0.0,0.0,False,none
D-17206,POP OG Pu-Erh Tea 1.8gx100 (6ct/cs),E1,UNMAPPED,2024-10,2024-10-01,0.0,0.0,1.0,1.0,0.0,0.0,8.99,0.0,0.0,True,zero_sales_gap
D-17206,POP OG Pu-Erh Tea 1.8gx100 (6ct/cs),E1,UNMAPPED,2024-11,2024-11-01,0.0,0.0,1.5,1.5,0.0,0.0,13.48,0.0,0.0,True,zero_sales_gap
D-17206,POP OG Pu-Erh Tea 1.8gx100 (6ct/cs),E1,UNMAPPED,2024-12,2024-12-01,1.0,1.0,0.0,1.0,9.99,9.99,9.99,0.0,0.0,False,none
D-17206,POP OG Pu-Erh Tea 1.8gx100 (6ct/cs),E1,UNMAPPED,2025-01,2025-01-01,2.0,2.0,0.0,2.0,19.98,19.98,19.98,0.0,0.0,False,none
D-17206,POP OG Pu-Erh Tea 1.8gx100 (6ct/cs),E1,UNMAPPED,2025-02,2025-02-01,2.0,2.0,0.0,2.0,19.98,19.98,19.98,0.0,0.0,False,none
D-17206,POP OG Pu-Erh Tea 1.8gx100 (6ct/cs),E1,UNMAPPED,2025-03,2025-03-01,12.0,12.0,0.0,12.0,119.88,119.88,119.88,0.0,0.0,False,none
D-17206,POP OG Pu-Erh Tea 1.8gx100 (6ct/cs),E1,UNMAPPED,2025-04,2025-04-01,0.0,0.0,2.0,2.0,0.0,0.0,19.98,0.0,0.0,True,zero_sales_gap
D-17206,POP OG Pu-Erh Tea 1.8gx100 (6ct/cs),E1,UNMAPPED,2025-05,2025-05-01,2.0,2.0,0.0,2.0,18.98,18.98,18.98,0.0,0.0,False,none
D-17206,POP OG Pu-Erh Tea 1.8gx100 (6ct/cs),E1,UNMAPPED,2025-06,2025-06-01,1.0,1.0,0.0,1.0,11.59,11.59,11.59,0.0,0.0,False,none
D-17206,POP OG Pu-Erh Tea 1.8gx100 (6ct/cs),E1,UNMAPPED,2025-07,2025-07-01,1.0,1.0,0.0,1.0,11.59,11.59,11.59,0.0,0.0,False,none
D-18012,POP White Tea 1.8gx20 (12ct/cs),1,SF,2025-08,2025-08-01,1.0,1.0,0.0,1.0,14.0,14.0,14.0,0.0,0.0,False,none
D-18012,POP White Tea 1.8gx20 (12ct/cs),1,SF,2025-09,2025-09-01,5.0,5.0,0.0,5.0,48.0,48.0,48.0,0.0,0.0,False,none
D-18012,POP White Tea 1.8gx20 (12ct/cs),1,SF,2025-10,2025-10-01,6.0,6.0,0.0,6.0,7.02,7.02,7.02,0.0,0.0,False,none
D-18012,POP White Tea 1.8gx20 (12ct/cs),2,NJ,2025-12,2025-12-01,2.0,2.0,0.0,2.0,0.0,0.0,0.0,0.0,0.0,False,none
D-18012,POP White Tea 1.8gx20 (12ct/cs),3,LA,2025-07,2025-07-01,2.0,2.0,0.0,2.0,0.0,0.0,0.0,0.0,0.0,False,none
D-18012,POP White Tea 1.8gx20 (12ct/cs),3,LA,2025-08,2025-08-01,0.0,0.0,2.0,2.0,0.0,0.0,0.0,0.0,0.0,True,zero_sales_gap
D-18012,POP White Tea 1.8gx20 (12ct/cs),3,LA,2025-09,2025-09-01,0.0,0.0,1.5,1.5,0.0,0.0,0.0,0.0,0.0,True,zero_sales_gap
D-18012,POP White Tea 1.8gx20 (12ct/cs),3,LA,2025-10,2025-10-01,0.0,0.0,2.5,2.5,0.0,0.0,0.0,0.0,0.0,True,zero_sales_gap
D-18012,POP White Tea 1.8gx20 (12ct/cs),3,LA,2025-11,2025-11-01,1.0,1.0,0.0,1.0,14.0,14.0,14.0,0.0,0.0,False,none
D-18012,POP White Tea 1.8gx20 (12ct/cs),3,LA,2025-12,2025-12-01,4.0,4.0,0.0,4.0,56.0,56.0,56.0,0.0,0.0,False,none
D-18100N,POP White Tea 1.8gx100 (New),1,SF,2023-01,2023-01-01,41.0,41.0,0.0,41.0,489.65,489.65,489.65,0.0,0.0,False,none
D-18100N,POP White Tea 1.8gx100 (New),1,SF,2023-02,2023-02-01,22.0,22.0,0.0,22.0,771.27,771.27,771.27,0.0,0.0,False,none
D-18100N,POP White Tea 1.8gx100 (New),1,SF,2023-03,2023-03-01,34.0,34.0,0.0,34.0,366.92,366.92,366.92,0.0,0.0,False,none
D-18100N,POP White Tea 1.8gx100 (New),1,SF,2023-04,2023-04-01,41.0,41.0,0.0,41.0,408.26,408.26,408.26,0.0,0.0,False,none
D-18100N,POP White Tea 1.8gx100 (New),1,SF,2023-05,2023-05-01,24.0,24.0,0.0,24.0,255.98,255.98,255.98,0.0,0.0,False,none
D-18100N,POP White Tea 1.8gx100 (New),1,SF,2023-06,2023-06-01,31.0,31.0,0.0,31.0,180.0,180.0,180.0,0.0,0.0,False,none
D-18100N,POP White Tea 1.8gx100 (New),1,SF,2023-07,2023-07-01,2.0,2.0,23.5,25.5,180.0,180.0,2295.0,0.0,0.0,True,deep_drop_gap
D-18100N,POP White Tea 1.8gx100 (New),1,SF,2023-08,2023-08-01,27.0,27.0,0.0,27.0,72.3,72.3,72.3,0.0,0.0,False,none
D-18100N,POP White Tea 1.8gx100 (New),1,SF,2023-09,2023-09-01,8.0,8.0,0.0,8.0,198.0,198.0,198.0,0.0,0.0,False,none
D-18100N,POP White Tea 1.8gx100 (New),1,SF,2023-10,2023-10-01,1.0,1.0,24.0,25.0,90.0,90.0,2250.0,0.0,0.0,True,deep_drop_gap
D-18100N,POP White Tea 1.8gx100 (New),1,SF,2023-11,2023-11-01,25.0,25.0,0.0,25.0,0.0,0.0,0.0,0.0,0.0,False,none
D-18100N,POP White Tea 1.8gx100 (New),2,NJ,2023-01,2023-01-01,4.0,4.0,0.0,4.0,336.0,336.0,336.0,0.0,0.0,False,none
D-18100N,POP White Tea 1.8gx100 (New),2,NJ,2023-02,2023-02-01,17.0,17.0,0.0,17.0,1129.99,1129.99,1129.99,0.0,0.0,False,none
D-18100N,POP White Tea 1.8gx100 (New),2,NJ,2023-03,2023-03-01,40.0,40.0,0.0,40.0,441.0,441.0,441.0,0.0,0.0,False,none
D-18100N,POP White Tea 1.8gx100 (New),2,NJ,2023-04,2023-04-01,12.0,12.0,0.0,12.0,1077.3,1077.3,1077.3,0.0,0.0,False,none
D-18100N,POP White Tea 1.8gx100 (New),2,NJ,2023-05,2023-05-01,16.0,16.0,0.0,16.0,790.98,790.98,790.98,0.0,0.0,False,none
D-18100N,POP White Tea 1.8gx100 (New),2,NJ,2023-06,2023-06-01,17.0,17.0,0.0,17.0,217.5,217.5,217.5,0.0,0.0,False,none
D-18100N,POP White Tea 1.8gx100 (New),2,NJ,2023-07,2023-07-01,31.0,31.0,0.0,31.0,391.5,391.5,391.5,0.0,0.0,False,none
D-18100N,POP White Tea 1.8gx100 (New),2,NJ,2023-08,2023-08-01,12.0,12.0,0.0,12.0,95.88,95.88,95.88,0.0,0.0,False,none
D-18100N,POP White Tea 1.8gx100 (New),3,LA,2023-01,2023-01-01,9.0,9.0,0.0,9.0,399.95,399.95,399.95,0.0,0.0,False,none
D-18100N,POP White Tea 1.8gx100 (New),3,LA,2023-02,2023-02-01,32.0,32.0,0.0,32.0,348.0,348.0,348.0,0.0,0.0,False,none
D-18100N,POP White Tea 1.8gx100 (New),3,LA,2023-03,2023-03-01,7.0,7.0,0.0,7.0,511.99,511.99,511.99,0.0,0.0,False,none
D-18100N,POP White Tea 1.8gx100 (New),3,LA,2023-04,2023-04-01,13.0,13.0,0.0,13.0,579.43,579.43,579.43,0.0,0.0,False,none
D-18100N,POP White Tea 1.8gx100 (New),3,LA,2023-05,2023-05-01,8.0,8.0,0.0,8.0,609.49,609.49,609.49,0.0,0.0,False,none
D-18100N,POP White Tea 1.8gx100 (New),3,LA,2023-06,2023-06-01,25.0,25.0,0.0,25.0,393.0,393.0,393.0,0.0,0.0,False,none
D-18106,POP White Tea 1.8gx100 (6ct/cs),1,SF,2023-06,2023-06-01,15.0,15.0,0.0,15.0,233.7,233.7,233.7,0.0,0.0,False,none
D-18106,POP White Tea 1.8gx100 (6ct/cs),1,SF,2023-07,2023-07-01,14.0,14.0,0.0,14.0,247.07999999999998,247.07999999999998,247.08,0.0,0.0,False,none
D-18106,POP White Tea 1.8gx100 (6ct/cs),1,SF,2023-08,2023-08-01,18.0,18.0,0.0,18.0,181.81,181.81,181.81,0.0,0.0,False,none
D-18106,POP White Tea 1.8gx100 (6ct/cs),1,SF,2023-09,2023-09-01,2.0,2.0,14.0,16.0,24.35,24.35,194.8,0.0,0.0,True,deep_drop_gap
D-18106,POP White Tea 1.8gx100 (6ct/cs),1,SF,2023-10,2023-10-01,65.0,65.0,0.0,65.0,1162.8,1162.8,1162.8,0.0,0.0,False,none
D-18106,POP White Tea 1.8gx100 (6ct/cs),1,SF,2023-11,2023-11-01,4.0,4.0,21.5,25.5,54.0,54.0,344.25,0.0,0.0,True,deep_drop_gap
D-18106,POP White Tea 1.8gx100 (6ct/cs),1,SF,2023-12,2023-12-01,16.0,8.0,0.0,8.0,237.92000000000002,122.72,122.72,8.0,115.20000000000002,False,none
D-18106,POP White Tea 1.8gx100 (6ct/cs),1,SF,2024-01,2024-01-01,43.0,43.0,0.0,43.0,653.09,653.09,653.09,0.0,0.0,False,none
D-18106,POP White Tea 1.8gx100 (6ct/cs),1,SF,2024-02,2024-02-01,25.0,25.0,0.0,25.0,403.33000000000004,403.33000000000004,403.33,0.0,0.0,False,none
D-18106,POP White Tea 1.8gx100 (6ct/cs),1,SF,2024-03,2024-03-01,5.0,5.0,21.0,26.0,78.35,78.35,407.42,0.0,0.0,True,deep_drop_gap
D-18106,POP White Tea 1.8gx100 (6ct/cs),1,SF,2024-04,2024-04-01,27.0,27.0,0.0,27.0,396.29,396.29,396.29,0.0,0.0,False,none
D-18106,POP White Tea 1.8gx100 (6ct/cs),1,SF,2024-05,2024-05-01,5.0,5.0,9.0,14.0,59.97,59.97,167.92,0.0,0.0,True,deep_drop_gap
D-18106,POP White Tea 1.8gx100 (6ct/cs),1,SF,2024-06,2024-06-01,5.0,5.0,13.0,18.0,86.72,86.72,312.19,0.0,0.0,True,deep_drop_gap
D-18106,POP White Tea 1.8gx100 (6ct/cs),1,SF,2024-07,2024-07-01,23.0,23.0,0.0,23.0,268.12,268.12,268.12,0.0,0.0,False,none
D-18106,POP White Tea 1.8gx100 (6ct/cs),1,SF,2024-08,2024-08-01,13.0,13.0,0.0,13.0,217.36,217.36,217.36,0.0,0.0,False,none
D-18106,POP White Tea 1.8gx100 (6ct/cs),1,SF,2024-09,2024-09-01,23.0,19.0,0.0,19.0,359.13,287.13,287.13,4.0,72.0,False,none
D-18106,POP White Tea 1.8gx100 (6ct/cs),1,SF,2024-10,2024-10-01,21.0,21.0,0.0,21.0,319.32,319.32,319.32,0.0,0.0,False,none
D-18106,POP White Tea 1.8gx100 (6ct/cs),1,SF,2024-11,2024-11-01,28.0,27.0,0.0,27.0,303.72,290.52,290.52,1.0,13.200000000000045,False,none
D-18106,POP White Tea 1.8gx100 (6ct/cs),1,SF,2024-12,2024-12-01,26.0,25.0,0.0,25.0,409.90000000000003,396.70000000000005,396.7,1.0,13.199999999999989,False,none
D-18106,POP White Tea 1.8gx100 (6ct/cs),1,SF,2025-01,2025-01-01,23.0,23.0,0.0,23.0,365.47,365.47,365.47,0.0,0.0,False,none
D-18106,POP White Tea 1.8gx100 (6ct/cs),1,SF,2025-02,2025-02-01,46.0,40.0,0.0,40.0,827.26,728.26,728.26,6.0,99.0,False,none
D-18106,POP White Tea 1.8gx100 (6ct/cs),1,SF,2025-03,2025-03-01,0.0,0.0,23.0,23.0,0.0,0.0,418.75,0.0,0.0,True,zero_sales_gap
D-18106,POP White Tea 1.8gx100 (6ct/cs),1,SF,2025-04,2025-04-01,1.0,1.0,0.0,1.0,7.99,7.99,7.99,0.0,0.0,False,none
D-18106,POP White Tea 1.8gx100 (6ct/cs),1,SF,2025-05,2025-05-01,0.0,0.0,10.0,10.0,0.0,0.0,79.9,0.0,0.0,True,zero_sales_gap
D-18106,POP White Tea 1.8gx100 (6ct/cs),1,SF,2025-06,2025-06-01,0.0,0.0,8.0,8.0,0.0,0.0,63.92,0.0,0.0,True,zero_sales_gap
D-18106,POP White Tea 1.8gx100 (6ct/cs),1,SF,2025-07,2025-07-01,19.0,19.0,0.0,19.0,317.15999999999997,317.15999999999997,317.16,0.0,0.0,False,none
D-18106,POP White Tea 1.8gx100 (6ct/cs),1,SF,2025-08,2025-08-01,8.0,8.0,0.0,8.0,127.74,127.74,127.74,0.0,0.0,False,none
D-18106,POP White Tea 1.8gx100 (6ct/cs),1,SF,2025-09,2025-09-01,14.0,14.0,0.0,14.0,251.88,251.88,251.88,0.0,0.0,False,none
D-18106,POP White Tea 1.8gx100 (6ct/cs),1,SF,2025-10,2025-10-01,10.0,10.0,0.0,10.0,201.0,201.0,201.0,0.0,0.0,False,none
D-18106,POP White Tea 1.8gx100 (6ct/cs),1,SF,2025-11,2025-11-01,10.0,10.0,0.0,10.0,174.5,174.5,174.5,0.0,0.0,False,none
D-18106,POP White Tea 1.8gx100 (6ct/cs),1,SF,2025-12,2025-12-01,18.0,13.0,0.0,13.0,324.97,227.97,227.97,5.0,97.00000000000003,False,none
D-18106,POP White Tea 1.8gx100 (6ct/cs),2,NJ,2023-06,2023-06-01,1.0,1.0,0.0,1.0,0.0,0.0,0.0,0.0,0.0,False,none
D-18106,POP White Tea 1.8gx100 (6ct/cs),2,NJ,2023-07,2023-07-01,36.0,36.0,0.0,36.0,613.99,613.99,613.99,0.0,0.0,False,none
D-18106,POP White Tea 1.8gx100 (6ct/cs),2,NJ,2023-08,2023-08-01,133.0,133.0,0.0,133.0,2080.06,2080.06,2080.06,0.0,0.0,False,none
D-18106,POP White Tea 1.8gx100 (6ct/cs),2,NJ,2023-09,2023-09-01,16.0,16.0,30.5,46.5,277.99,277.99,807.91,0.0,0.0,True,deep_drop_gap
D-18106,POP White Tea 1.8gx100 (6ct/cs),2,NJ,2023-10,2023-10-01,42.0,42.0,0.0,42.0,724.47,724.47,724.47,0.0,0.0,False,none
D-18106,POP White Tea 1.8gx100 (6ct/cs),2,NJ,2023-11,2023-11-01,51.0,51.0,0.0,51.0,793.77,793.77,793.77,0.0,0.0,False,none
D-18106,POP White Tea 1.8gx100 (6ct/cs),2,NJ,2023-12,2023-12-01,30.0,11.0,0.0,11.0,441.49,159.49,159.49,19.0,282.0,False,none
D-18106,POP White Tea 1.8gx100 (6ct/cs),2,NJ,2024-01,2024-01-01,64.0,60.0,0.0,60.0,1010.89,958.09,958.09,4.0,52.799999999999955,False,none
D-18106,POP White Tea 1.8gx100 (6ct/cs),2,NJ,2024-02,2024-02-01,112.0,112.0,0.0,112.0,1940.7,1940.7,1940.7,0.0,0.0,False,none
D-18106,POP White Tea 1.8gx100 (6ct/cs),2,NJ,2024-03,2024-03-01,36.0,36.0,0.0,36.0,613.47,613.47,613.47,0.0,0.0,False,none
D-18106,POP White Tea 1.8gx100 (6ct/cs),2,NJ,2024-04,2024-04-01,57.0,57.0,0.0,57.0,856.36,856.36,856.36,0.0,0.0,False,none
D-18106,POP White Tea 1.8gx100 (6ct/cs),2,NJ,2024-05,2024-05-01,76.0,76.0,0.0,76.0,1252.69,1252.69,1252.69,0.0,0.0,False,none
D-18106,POP White Tea 1.8gx100 (6ct/cs),2,NJ,2024-06,2024-06-01,38.0,38.0,0.0,38.0,638.48,638.48,638.48,0.0,0.0,False,none
D-18106,POP White Tea 1.8gx100 (6ct/cs),2,NJ,2024-07,2024-07-01,14.0,14.0,43.0,57.0,200.86,200.86,817.79,0.0,0.0,True,deep_drop_gap
D-18106,POP White Tea 1.8gx100 (6ct/cs),2,NJ,2024-08,2024-08-01,105.0,103.0,0.0,103.0,1736.45,1706.75,1706.75,2.0,29.700000000000045,False,none
D-18106,POP White Tea 1.8gx100 (6ct/cs),2,NJ,2024-09,2024-09-01,15.0,15.0,42.5,57.5,232.47,232.47,891.14,0.0,0.0,True,deep_drop_gap
D-18106,POP White Tea 1.8gx100 (6ct/cs),2,NJ,2024-10,2024-10-01,29.0,29.0,0.0,29.0,461.59000000000003,461.59000000000003,461.59,0.0,0.0,False,none
D-18106,POP White Tea 1.8gx100 (6ct/cs),2,NJ,2024-11,2024-11-01,86.0,86.0,0.0,86.0,1400.59,1400.59,1400.59,0.0,0.0,False,none
D-18106,POP White Tea 1.8gx100 (6ct/cs),2,NJ,2024-12,2024-12-01,54.0,39.0,0.0,39.0,658.3399999999999,460.34000000000003,460.34,15.0,197.9999999999999,False,none
D-18106,POP White Tea 1.8gx100 (6ct/cs),2,NJ,2025-01,2025-01-01,119.0,109.0,0.0,109.0,1808.5,1676.5,1676.5,10.0,132.0,False,none
D-18106,POP White Tea 1.8gx100 (6ct/cs),2,NJ,2025-02,2025-02-01,32.0,26.0,0.0,26.0,486.92,387.92,387.92,6.0,99.0,False,none
D-18106,POP White Tea 1.8gx100 (6ct/cs),2,NJ,2025-03,2025-03-01,61.0,59.0,0.0,59.0,986.23,949.63,949.63,2.0,36.60000000000002,False,none
D-18106,POP White Tea 1.8gx100 (6ct/cs),2,NJ,2025-04,2025-04-01,1.0,1.0,0.0,1.0,7.99,7.99,7.99,0.0,0.0,False,none
D-18106,POP White Tea 1.8gx100 (6ct/cs),2,NJ,2025-05,2025-05-01,0.0,0.0,59.0,59.0,0.0,0.0,471.41,0.0,0.0,True,zero_sales_gap
D-18106,POP White Tea 1.8gx100 (6ct/cs),2,NJ,2025-06,2025-06-01,0.0,0.0,24.0,24.0,0.0,0.0,191.76,0.0,0.0,True,zero_sales_gap
D-18106,POP White Tea 1.8gx100 (6ct/cs),2,NJ,2025-07,2025-07-01,73.0,73.0,0.0,73.0,1296.6,1296.6,1296.6,0.0,0.0,False,none
D-18106,POP White Tea 1.8gx100 (6ct/cs),2,NJ,2025-08,2025-08-01,40.0,24.0,0.0,24.0,777.6,484.8,484.8,16.0,292.8,False,none
D-18106,POP White Tea 1.8gx100 (6ct/cs),2,NJ,2025-09,2025-09-01,51.0,43.0,0.0,43.0,1023.38,876.98,876.98,8.0,146.39999999999998,False,none
D-18106,POP White Tea 1.8gx100 (6ct/cs),2,NJ,2025-10,2025-10-01,110.0,110.0,0.0,110.0,1940.95,1940.95,1940.95,0.0,0.0,False,none
D-18106,POP White Tea 1.8gx100 (6ct/cs),2,NJ,2025-11,2025-11-01,29.0,24.0,0.0,24.0,569.97,464.97,464.97,5.0,105.0,False,none
D-18106,POP White Tea 1.8gx100 (6ct/cs),2,NJ,2025-12,2025-12-01,27.0,27.0,0.0,27.0,532.99,532.99,532.99,0.0,0.0,False,none
D-18106,POP White Tea 1.8gx100 (6ct/cs),3,LA,2023-06,2023-06-01,8.0,8.0,0.0,8.0,124.99,124.99,124.99,0.0,0.0,False,none
D-18106,POP White Tea 1.8gx100 (6ct/cs),3,LA,2023-07,2023-07-01,30.0,30.0,0.0,30.0,532.5,532.5,532.5,0.0,0.0,False,none
D-18106,POP White Tea 1.8gx100 (6ct/cs),3,LA,2023-08,2023-08-01,21.0,21.0,0.0,21.0,349.5,349.5,349.5,0.0,0.0,False,none
D-18106,POP White Tea 1.8gx100 (6ct/cs),3,LA,2023-09,2023-09-01,7.0,7.0,11.5,18.5,115.99,115.99,306.54,0.0,0.0,True,deep_drop_gap
D-18106,POP White Tea 1.8gx100 (6ct/cs),3,LA,2023-10,2023-10-01,16.0,16.0,0.0,16.0,264.0,264.0,264.0,0.0,0.0,False,none
D-18106,POP White Tea 1.8gx100 (6ct/cs),3,LA,2023-11,2023-11-01,10.0,10.0,0.0,10.0,168.0,168.0,168.0,0.0,0.0,False,none
D-18106,POP White Tea 1.8gx100 (6ct/cs),3,LA,2023-12,2023-12-01,18.0,18.0,0.0,18.0,294.0,294.0,294.0,0.0,0.0,False,none
D-18106,POP White Tea 1.8gx100 (6ct/cs),3,LA,2024-01,2024-01-01,45.0,45.0,0.0,45.0,730.0,730.0,730.0,0.0,0.0,False,none
D-18106,POP White Tea 1.8gx100 (6ct/cs),3,LA,2024-02,2024-02-01,10.0,10.0,36.5,46.5,180.0,180.0,837.0,0.0,0.0,True,deep_drop_gap
D-18106,POP White Tea 1.8gx100 (6ct/cs),3,LA,2024-03,2024-03-01,49.0,49.0,0.0,49.0,730.35,730.35,730.35,0.0,0.0,False,none
D-18106,POP White Tea 1.8gx100 (6ct/cs),3,LA,2024-04,2024-04-01,48.0,48.0,0.0,48.0,715.0,715.0,715.0,0.0,0.0,False,none
D-18106,POP White Tea 1.8gx100 (6ct/cs),3,LA,2024-05,2024-05-01,38.0,38.0,0.0,38.0,519.0,519.0,519.0,0.0,0.0,False,none
D-18106,POP White Tea 1.8gx100 (6ct/cs),3,LA,2024-06,2024-06-01,17.0,17.0,0.0,17.0,302.0,302.0,302.0,0.0,0.0,False,none
D-18106,POP White Tea 1.8gx100 (6ct/cs),3,LA,2024-07,2024-07-01,13.0,13.0,0.0,13.0,224.0,224.0,224.0,0.0,0.0,False,none
D-18106,POP White Tea 1.8gx100 (6ct/cs),3,LA,2024-08,2024-08-01,40.0,40.0,0.0,40.0,559.0,559.0,559.0,0.0,0.0,False,none
D-18106,POP White Tea 1.8gx100 (6ct/cs),3,LA,2024-09,2024-09-01,10.0,10.0,0.0,10.0,155.0,155.0,155.0,0.0,0.0,False,none
D-18106,POP White Tea 1.8gx100 (6ct/cs),3,LA,2024-10,2024-10-01,20.0,20.0,0.0,20.0,294.0,294.0,294.0,0.0,0.0,False,none
D-18106,POP White Tea 1.8gx100 (6ct/cs),3,LA,2024-11,2024-11-01,29.0,29.0,0.0,29.0,441.99,441.99,441.99,0.0,0.0,False,none
D-18106,POP White Tea 1.8gx100 (6ct/cs),3,LA,2024-12,2024-12-01,41.0,41.0,0.0,41.0,592.0,592.0,592.0,0.0,0.0,False,none
D-18106,POP White Tea 1.8gx100 (6ct/cs),3,LA,2025-01,2025-01-01,38.0,38.0,0.0,38.0,508.0,508.0,508.0,0.0,0.0,False,none
D-18106,POP White Tea 1.8gx100 (6ct/cs),3,LA,2025-02,2025-02-01,20.0,20.0,0.0,20.0,328.0,328.0,328.0,0.0,0.0,False,none
D-18106,POP White Tea 1.8gx100 (6ct/cs),3,LA,2025-03,2025-03-01,10.0,10.0,0.0,10.0,180.0,180.0,180.0,0.0,0.0,False,none
D-18106,POP White Tea 1.8gx100 (6ct/cs),3,LA,2025-04,2025-04-01,4.0,4.0,0.0,4.0,31.96,31.96,31.96,0.0,0.0,False,none
D-18106,POP White Tea 1.8gx100 (6ct/cs),3,LA,2025-05,2025-05-01,0.0,0.0,7.0,7.0,0.0,0.0,55.93,0.0,0.0,True,zero_sales_gap
D-18106,POP White Tea 1.8gx100 (6ct/cs),3,LA,2025-06,2025-06-01,0.0,0.0,7.0,7.0,0.0,0.0,55.93,0.0,0.0,True,zero_sales_gap
D-18106,POP White Tea 1.8gx100 (6ct/cs),3,LA,2025-07,2025-07-01,7.0,7.0,0.0,7.0,93.0,93.0,93.0,0.0,0.0,False,none
D-18106,POP White Tea 1.8gx100 (6ct/cs),3,LA,2025-08,2025-08-01,28.0,28.0,0.0,28.0,513.9,513.9,513.9,0.0,0.0,False,none
D-18106,POP White Tea 1.8gx100 (6ct/cs),3,LA,2025-09,2025-09-01,101.0,101.0,0.0,101.0,1506.0,1506.0,1506.0,0.0,0.0,False,none
D-18106,POP White Tea 1.8gx100 (6ct/cs),3,LA,2025-10,2025-10-01,12.0,12.0,21.5,33.5,237.0,237.0,661.62,0.0,0.0,True,deep_drop_gap
D-18106,POP White Tea 1.8gx100 (6ct/cs),3,LA,2025-11,2025-11-01,41.0,39.0,0.0,39.0,741.8,698.6,698.6,2.0,43.19999999999993,False,none
D-18106,POP White Tea 1.8gx100 (6ct/cs),3,LA,2025-12,2025-12-01,12.0,12.0,0.0,12.0,242.0,242.0,242.0,0.0,0.0,False,none
D-18106,POP White Tea 1.8gx100 (6ct/cs),E1,UNMAPPED,2025-01,2025-01-01,1.0,1.0,0.0,1.0,7.99,7.99,7.99,0.0,0.0,False,none
D-18106,POP White Tea 1.8gx100 (6ct/cs),E1,UNMAPPED,2025-02,2025-02-01,4.0,4.0,0.0,4.0,31.96,31.96,31.96,0.0,0.0,False,none
D-18106,POP White Tea 1.8gx100 (6ct/cs),E1,UNMAPPED,2025-03,2025-03-01,0.0,0.0,4.0,4.0,0.0,0.0,31.96,0.0,0.0,True,zero_sales_gap
D-18106,POP White Tea 1.8gx100 (6ct/cs),E1,UNMAPPED,2025-04,2025-04-01,7.0,7.0,0.0,7.0,47.18,47.18,47.18,0.0,0.0,False,none
D-18120N,POP White Tea 1.8gx20 (New),1,SF,2023-01,2023-01-01,27.0,27.0,0.0,27.0,47.66,47.66,47.66,0.0,0.0,False,none
D-18120N,POP White Tea 1.8gx20 (New),1,SF,2023-02,2023-02-01,3.0,3.0,6.0,9.0,37.99,37.99,113.97,0.0,0.0,True,deep_drop_gap
D-18120N,POP White Tea 1.8gx20 (New),1,SF,2023-03,2023-03-01,9.0,9.0,0.0,9.0,11.969999999999999,11.969999999999999,11.97,0.0,0.0,False,none
D-18120N,POP White Tea 1.8gx20 (New),1,SF,2023-04,2023-04-01,8.0,8.0,0.0,8.0,183.98,183.98,183.98,0.0,0.0,False,none
D-18120N,POP White Tea 1.8gx20 (New),1,SF,2023-05,2023-05-01,27.0,27.0,0.0,27.0,727.99,727.99,727.99,0.0,0.0,False,none
D-18120N,POP White Tea 1.8gx20 (New),1,SF,2023-06,2023-06-01,7.0,7.0,0.0,7.0,7.99,7.99,7.99,0.0,0.0,False,none
D-18120N,POP White Tea 1.8gx20 (New),1,SF,2023-07,2023-07-01,1.0,1.0,5.5,6.5,36.0,36.0,234.0,0.0,0.0,True,deep_drop_gap
D-18120N,POP White Tea 1.8gx20 (New),1,SF,2023-08,2023-08-01,4.0,4.0,0.0,4.0,46.230000000000004,46.230000000000004,46.23,0.0,0.0,False,none
D-18120N,POP White Tea 1.8gx20 (New),1,SF,2023-09,2023-09-01,6.0,6.0,0.0,6.0,6.0,6.0,6.0,0.0,0.0,False,none
D-18120N,POP White Tea 1.8gx20 (New),1,SF,2023-10,2023-10-01,3.0,3.0,0.0,3.0,52.17,52.17,52.17,0.0,0.0,False,none
D-18120N,POP White Tea 1.8gx20 (New),1,SF,2023-11,2023-11-01,10.0,10.0,0.0,10.0,9.98,9.98,9.98,0.0,0.0,False,none
D-18120N,POP White Tea 1.8gx20 (New),1,SF,2023-12,2023-12-01,3.0,1.0,0.0,1.0,59.59,1.99,1.99,2.0,57.6,False,none
D-18120N,POP White Tea 1.8gx20 (New),1,SF,2024-01,2024-01-01,6.0,6.0,0.0,6.0,6.0,6.0,6.0,0.0,0.0,False,none
D-18120N,POP White Tea 1.8gx20 (New),1,SF,2024-02,2024-02-01,7.0,7.0,0.0,7.0,42.0,42.0,42.0,0.0,0.0,False,none
D-18120N,POP White Tea 1.8gx20 (New),1,SF,2024-03,2024-03-01,6.0,6.0,0.0,6.0,178.78,178.78,178.78,0.0,0.0,False,none
D-18120N,POP White Tea 1.8gx20 (New),1,SF,2024-04,2024-04-01,12.0,12.0,0.0,12.0,151.99,151.99,151.99,0.0,0.0,False,none
D-18120N,POP White Tea 1.8gx20 (New),1,SF,2024-05,2024-05-01,4.0,4.0,0.0,4.0,54.160000000000004,54.160000000000004,54.16,0.0,0.0,False,none
D-18120N,POP White Tea 1.8gx20 (New),1,SF,2024-06,2024-06-01,0.0,0.0,5.0,5.0,0.0,0.0,67.7,0.0,0.0,True,zero_sales_gap
D-18120N,POP White Tea 1.8gx20 (New),1,SF,2024-07,2024-07-01,2.0,2.0,0.0,2.0,34.86,34.86,34.86,0.0,0.0,False,none
D-18120N,POP White Tea 1.8gx20 (New),1,SF,2024-08,2024-08-01,6.0,6.0,0.0,6.0,152.95,152.95,152.95,0.0,0.0,False,none
D-18120N,POP White Tea 1.8gx20 (New),1,SF,2024-09,2024-09-01,13.0,12.0,0.0,12.0,48.0,12.0,12.0,1.0,36.0,False,none
D-18120N,POP White Tea 1.8gx20 (New),1,SF,2024-10,2024-10-01,14.0,14.0,0.0,14.0,84.0,84.0,84.0,0.0,0.0,False,none
D-18120N,POP White Tea 1.8gx20 (New),1,SF,2024-11,2024-11-01,6.0,6.0,0.0,6.0,216.0,216.0,216.0,0.0,0.0,False,none
D-18120N,POP White Tea 1.8gx20 (New),1,SF,2024-12,2024-12-01,15.0,15.0,0.0,15.0,18.96,18.96,18.96,0.0,0.0,False,none
D-18120N,POP White Tea 1.8gx20 (New),1,SF,2025-01,2025-01-01,25.0,25.0,0.0,25.0,217.68,217.68,217.68,0.0,0.0,False,none
D-18120N,POP White Tea 1.8gx20 (New),1,SF,2025-02,2025-02-01,4.0,4.0,9.5,13.5,94.64,94.64,319.41,0.0,0.0,True,deep_drop_gap
D-18120N,POP White Tea 1.8gx20 (New),1,SF,2025-03,2025-03-01,12.0,12.0,0.0,12.0,12.0,12.0,12.0,0.0,0.0,False,none
D-18120N,POP White Tea 1.8gx20 (New),1,SF,2025-04,2025-04-01,6.0,6.0,0.0,6.0,6.0,6.0,6.0,0.0,0.0,False,none
D-18120N,POP White Tea 1.8gx20 (New),1,SF,2025-05,2025-05-01,3.0,3.0,0.0,3.0,5.97,5.97,5.97,0.0,0.0,False,none
D-18120N,POP White Tea 1.8gx20 (New),2,NJ,2023-01,2023-01-01,1.0,1.0,0.0,1.0,36.0,36.0,36.0,0.0,0.0,False,none
D-18120N,POP White Tea 1.8gx20 (New),2,NJ,2023-02,2023-02-01,5.0,5.0,0.0,5.0,153.0,153.0,153.0,0.0,0.0,False,none
D-18120N,POP White Tea 1.8gx20 (New),2,NJ,2023-03,2023-03-01,3.0,3.0,0.0,3.0,108.0,108.0,108.0,0.0,0.0,False,none
D-18120N,POP White Tea 1.8gx20 (New),2,NJ,2023-04,2023-04-01,3.0,3.0,0.0,3.0,91.8,91.8,91.8,0.0,0.0,False,none
D-18120N,POP White Tea 1.8gx20 (New),2,NJ,2023-05,2023-05-01,3.0,3.0,0.0,3.0,63.910000000000004,63.910000000000004,63.91,0.0,0.0,False,none
D-18120N,POP White Tea 1.8gx20 (New),2,NJ,2023-06,2023-06-01,3.0,3.0,0.0,3.0,91.8,91.8,91.8,0.0,0.0,False,none
D-18120N,POP White Tea 1.8gx20 (New),2,NJ,2023-07,2023-07-01,1.0,1.0,2.0,3.0,36.0,36.0,108.0,0.0,0.0,True,deep_drop_gap
D-18120N,POP White Tea 1.8gx20 (New),2,NJ,2023-08,2023-08-01,1.0,1.0,0.0,1.0,1.99,1.99,1.99,0.0,0.0,False,none
D-18120N,POP White Tea 1.8gx20 (New),2,NJ,2023-09,2023-09-01,0.0,0.0,1.0,1.0,0.0,0.0,1.99,0.0,0.0,True,zero_sales_gap
D-18120N,POP White Tea 1.8gx20 (New),2,NJ,2023-10,2023-10-01,1.0,1.0,0.0,1.0,36.0,36.0,36.0,0.0,0.0,False,none
D-18120N,POP White Tea 1.8gx20 (New),2,NJ,2023-11,2023-11-01,7.0,7.0,0.0,7.0,207.72,207.72,207.72,0.0,0.0,False,none
D-18120N,POP White Tea 1.8gx20 (New),2,NJ,2023-12,2023-12-01,26.0,24.0,0.0,24.0,93.6,36.0,36.0,2.0,57.599999999999994,False,none
D-18120N,POP White Tea 1.8gx20 (New),2,NJ,2024-01,2024-01-01,6.0,6.0,0.0,6.0,171.36,171.36,171.36,0.0,0.0,False,none
D-18120N,POP White Tea 1.8gx20 (New),2,NJ,2024-02,2024-02-01,8.0,8.0,0.0,8.0,261.0,261.0,261.0,0.0,0.0,False,none
D-18120N,POP White Tea 1.8gx20 (New),2,NJ,2024-03,2024-03-01,0.0,0.0,6.0,6.0,0.0,0.0,195.75,0.0,0.0,True,zero_sales_gap
D-18120N,POP White Tea 1.8gx20 (New),2,NJ,2024-04,2024-04-01,6.0,6.0,0.0,6.0,181.8,181.8,181.8,0.0,0.0,False,none
D-18120N,POP White Tea 1.8gx20 (New),2,NJ,2024-05,2024-05-01,1.0,1.0,5.0,6.0,36.0,36.0,216.0,0.0,0.0,True,deep_drop_gap
D-18120N,POP White Tea 1.8gx20 (New),2,NJ,2024-06,2024-06-01,10.0,10.0,0.0,10.0,151.2,151.2,151.2,0.0,0.0,False,none
D-18120N,POP White Tea 1.8gx20 (New),2,NJ,2024-07,2024-07-01,2.0,2.0,4.0,6.0,37.99,37.99,113.97,0.0,0.0,True,deep_drop_gap
D-18120N,POP White Tea 1.8gx20 (New),2,NJ,2024-08,2024-08-01,5.0,5.0,0.0,5.0,151.20000000000002,151.20000000000002,151.2,0.0,0.0,False,none
D-18120N,POP White Tea 1.8gx20 (New),2,NJ,2024-09,2024-09-01,7.0,7.0,0.0,7.0,190.99,190.99,190.99,0.0,0.0,False,none
D-18120N,POP White Tea 1.8gx20 (New),2,NJ,2024-10,2024-10-01,0.0,0.0,5.5,5.5,0.0,0.0,150.06,0.0,0.0,True,zero_sales_gap
D-18120N,POP White Tea 1.8gx20 (New),2,NJ,2024-11,2024-11-01,4.0,4.0,0.0,4.0,109.99,109.99,109.99,0.0,0.0,False,none
D-18120N,POP White Tea 1.8gx20 (New),2,NJ,2024-12,2024-12-01,6.0,6.0,0.0,6.0,41.97,41.97,41.97,0.0,0.0,False,none
D-18120N,POP White Tea 1.8gx20 (New),2,NJ,2025-01,2025-01-01,5.0,5.0,0.0,5.0,111.98,111.98,111.98,0.0,0.0,False,none
D-18120N,POP White Tea 1.8gx20 (New),2,NJ,2025-02,2025-02-01,5.0,5.0,0.0,5.0,77.97,77.97,77.97,0.0,0.0,False,none
D-18120N,POP White Tea 1.8gx20 (New),2,NJ,2025-03,2025-03-01,8.0,8.0,0.0,8.0,212.59,212.59,212.59,0.0,0.0,False,none
D-18120N,POP White Tea 1.8gx20 (New),2,NJ,2025-04,2025-04-01,5.0,5.0,0.0,5.0,42.24,42.24,42.24,0.0,0.0,False,none
D-18120N,POP White Tea 1.8gx20 (New),2,NJ,2025-05,2025-05-01,25.0,25.0,0.0,25.0,143.18,143.18,143.18,0.0,0.0,False,none
D-18120N,POP White Tea 1.8gx20 (New),2,NJ,2025-06,2025-06-01,1.0,1.0,0.0,1.0,36.0,36.0,36.0,0.0,0.0,False,none
D-18120N,POP White Tea 1.8gx20 (New),2,NJ,2025-07,2025-07-01,0.0,0.0,5.0,5.0,0.0,0.0,180.0,0.0,0.0,True,zero_sales_gap
D-18120N,POP White Tea 1.8gx20 (New),2,NJ,2025-08,2025-08-01,5.0,5.0,0.0,5.0,9.95,9.95,9.95,0.0,0.0,False,none
D-18120N,POP White Tea 1.8gx20 (New),2,NJ,2025-09,2025-09-01,0.0,0.0,5.0,5.0,0.0,0.0,9.95,0.0,0.0,True,zero_sales_gap
D-18120N,POP White Tea 1.8gx20 (New),2,NJ,2025-10,2025-10-01,0.0,0.0,5.0,5.0,0.0,0.0,9.95,0.0,0.0,True,zero_sales_gap
D-18120N,POP White Tea 1.8gx20 (New),2,NJ,2025-11,2025-11-01,5.0,5.0,0.0,5.0,210.0,210.0,210.0,0.0,0.0,False,none
D-18120N,POP White Tea 1.8gx20 (New),2,NJ,2025-12,2025-12-01,1.0,1.0,0.0,1.0,1.99,1.99,1.99,0.0,0.0,False,none
D-18120N,POP White Tea 1.8gx20 (New),3,LA,2023-01,2023-01-01,3.0,3.0,0.0,3.0,108.0,108.0,108.0,0.0,0.0,False,none
D-18120N,POP White Tea 1.8gx20 (New),3,LA,2023-02,2023-02-01,2.0,2.0,0.0,2.0,72.0,72.0,72.0,0.0,0.0,False,none
D-18120N,POP White Tea 1.8gx20 (New),3,LA,2023-03,2023-03-01,2.0,2.0,0.0,2.0,72.0,72.0,72.0,0.0,0.0,False,none
D-18120N,POP White Tea 1.8gx20 (New),3,LA,2023-04,2023-04-01,5.0,5.0,0.0,5.0,111.5,111.5,111.5,0.0,0.0,False,none
D-18120N,POP White Tea 1.8gx20 (New),3,LA,2023-05,2023-05-01,2.0,2.0,0.0,2.0,72.0,72.0,72.0,0.0,0.0,False,none
D-18120N,POP White Tea 1.8gx20 (New),3,LA,2023-06,2023-06-01,0.0,0.0,2.0,2.0,0.0,0.0,72.0,0.0,0.0,True,zero_sales_gap
D-18120N,POP White Tea 1.8gx20 (New),3,LA,2023-07,2023-07-01,1.0,1.0,0.0,1.0,36.0,36.0,36.0,0.0,0.0,False,none
D-18120N,POP White Tea 1.8gx20 (New),3,LA,2023-08,2023-08-01,2.0,2.0,0.0,2.0,72.0,72.0,72.0,0.0,0.0,False,none
D-18120N,POP White Tea 1.8gx20 (New),3,LA,2023-09,2023-09-01,0.0,0.0,2.0,2.0,0.0,0.0,72.0,0.0,0.0,True,zero_sales_gap
D-18120N,POP White Tea 1.8gx20 (New),3,LA,2023-10,2023-10-01,20.0,20.0,0.0,20.0,72.0,72.0,72.0,0.0,0.0,False,none
D-18120N,POP White Tea 1.8gx20 (New),3,LA,2023-11,2023-11-01,0.0,0.0,11.5,11.5,0.0,0.0,41.4,0.0,0.0,True,zero_sales_gap
D-18120N,POP White Tea 1.8gx20 (New),3,LA,2023-12,2023-12-01,0.0,0.0,3.0,3.0,0.0,0.0,10.8,0.0,0.0,True,zero_sales_gap
D-18120N,POP White Tea 1.8gx20 (New),3,LA,2024-01,2024-01-01,3.0,3.0,0.0,3.0,108.0,108.0,108.0,0.0,0.0,False,none
D-18120N,POP White Tea 1.8gx20 (New),3,LA,2024-02,2024-02-01,1.0,1.0,2.0,3.0,36.0,36.0,108.0,0.0,0.0,True,deep_drop_gap
D-18120N,POP White Tea 1.8gx20 (New),3,LA,2024-03,2024-03-01,3.0,3.0,0.0,3.0,108.0,108.0,108.0,0.0,0.0,False,none
D-18120N,POP White Tea 1.8gx20 (New),3,LA,2024-04,2024-04-01,2.0,2.0,0.0,2.0,72.0,72.0,72.0,0.0,0.0,False,none
D-18120N,POP White Tea 1.8gx20 (New),3,LA,2024-05,2024-05-01,3.0,3.0,0.0,3.0,108.0,108.0,108.0,0.0,0.0,False,none
D-18120N,POP White Tea 1.8gx20 (New),3,LA,2024-06,2024-06-01,0.0,0.0,2.0,2.0,0.0,0.0,72.0,0.0,0.0,True,zero_sales_gap
D-18120N,POP White Tea 1.8gx20 (New),3,LA,2024-07,2024-07-01,2.0,2.0,0.0,2.0,72.0,72.0,72.0,0.0,0.0,False,none
D-18120N,POP White Tea 1.8gx20 (New),3,LA,2024-08,2024-08-01,1.0,1.0,0.0,1.0,36.0,36.0,36.0,0.0,0.0,False,none
D-18120N,POP White Tea 1.8gx20 (New),3,LA,2024-09,2024-09-01,2.0,2.0,0.0,2.0,72.0,72.0,72.0,0.0,0.0,False,none
D-18120N,POP White Tea 1.8gx20 (New),3,LA,2024-10,2024-10-01,2.0,2.0,0.0,2.0,72.0,72.0,72.0,0.0,0.0,False,none
D-18120N,POP White Tea 1.8gx20 (New),3,LA,2024-11,2024-11-01,1.0,1.0,0.0,1.0,36.0,36.0,36.0,0.0,0.0,False,none
D-18120N,POP White Tea 1.8gx20 (New),3,LA,2024-12,2024-12-01,0.0,0.0,1.5,1.5,0.0,0.0,54.0,0.0,0.0,True,zero_sales_gap
D-18120N,POP White Tea 1.8gx20 (New),3,LA,2025-01,2025-01-01,2.0,2.0,0.0,2.0,72.0,72.0,72.0,0.0,0.0,False,none
D-18120N,POP White Tea 1.8gx20 (New),3,LA,2025-02,2025-02-01,1.0,1.0,0.0,1.0,36.0,36.0,36.0,0.0,0.0,False,none
D-18120N,POP White Tea 1.8gx20 (New),3,LA,2025-03,2025-03-01,1.0,1.0,0.0,1.0,36.0,36.0,36.0,0.0,0.0,False,none
D-18120N,POP White Tea 1.8gx20 (New),3,LA,2025-04,2025-04-01,4.0,4.0,0.0,4.0,144.0,144.0,144.0,0.0,0.0,False,none
D-18120N,POP White Tea 1.8gx20 (New),3,LA,2025-05,2025-05-01,1.0,1.0,0.0,1.0,36.0,36.0,36.0,0.0,0.0,False,none
D-18120N,POP White Tea 1.8gx20 (New),E1,UNMAPPED,2024-12,2024-12-01,1.0,1.0,0.0,1.0,1.99,1.99,1.99,0.0,0.0,False,none
D-18120N,POP White Tea 1.8gx20 (New),E1,UNMAPPED,2025-01,2025-01-01,0.0,0.0,1.0,1.0,0.0,0.0,1.99,0.0,0.0,True,zero_sales_gap
D-18120N,POP White Tea 1.8gx20 (New),E1,UNMAPPED,2025-02,2025-02-01,0.0,0.0,1.0,1.0,0.0,0.0,1.99,0.0,0.0,True,zero_sales_gap
D-18120N,POP White Tea 1.8gx20 (New),E1,UNMAPPED,2025-03,2025-03-01,1.0,1.0,0.0,1.0,1.99,1.99,1.99,0.0,0.0,False,none
D-18120N,POP White Tea 1.8gx20 (New),E1,UNMAPPED,2025-04,2025-04-01,1.0,1.0,0.0,1.0,1.99,1.99,1.99,0.0,0.0,False,none
D-18120N,POP White Tea 1.8gx20 (New),E1,UNMAPPED,2025-05,2025-05-01,0.0,0.0,1.0,1.0,0.0,0.0,1.99,0.0,0.0,True,zero_sales_gap
D-18120N,POP White Tea 1.8gx20 (New),E1,UNMAPPED,2025-06,2025-06-01,0.0,0.0,1.0,1.0,0.0,0.0,1.99,0.0,0.0,True,zero_sales_gap
D-18120N,POP White Tea 1.8gx20 (New),E1,UNMAPPED,2025-07,2025-07-01,1.0,1.0,0.0,1.0,1.99,1.99,1.99,0.0,0.0,False,none
D-18120N,POP White Tea 1.8gx20 (New),E1,UNMAPPED,2025-08,2025-08-01,0.0,0.0,1.0,1.0,0.0,0.0,1.99,0.0,0.0,True,zero_sales_gap
D-18120N,POP White Tea 1.8gx20 (New),E1,UNMAPPED,2025-09,2025-09-01,0.0,0.0,1.0,1.0,0.0,0.0,1.99,0.0,0.0,True,zero_sales_gap
D-18120N,POP White Tea 1.8gx20 (New),E1,UNMAPPED,2025-10,2025-10-01,1.0,1.0,0.0,1.0,1.99,1.99,1.99,0.0,0.0,False,none
D-18200N,POP Organic White Tea 1.8gx100,1,SF,2023-01,2023-01-01,93.0,93.0,0.0,93.0,5404.66,5404.66,5404.66,0.0,0.0,False,none
D-18200N,POP Organic White Tea 1.8gx100,1,SF,2023-02,2023-02-01,52.0,52.0,0.0,52.0,1111.8200000000002,1111.8200000000002,1111.82,0.0,0.0,False,none
D-18200N,POP Organic White Tea 1.8gx100,1,SF,2023-03,2023-03-01,147.0,147.0,0.0,147.0,7857.389999999999,7857.389999999999,7857.39,0.0,0.0,False,none
D-18200N,POP Organic White Tea 1.8gx100,1,SF,2023-04,2023-04-01,52.0,52.0,0.0,52.0,1199.93,1199.93,1199.93,0.0,0.0,False,none
D-18200N,POP Organic White Tea 1.8gx100,1,SF,2023-05,2023-05-01,114.0,114.0,0.0,114.0,5807.97,5807.97,5807.97,0.0,0.0,False,none
D-18200N,POP Organic White Tea 1.8gx100,1,SF,2023-06,2023-06-01,20.0,20.0,0.0,20.0,526.0,526.0,526.0,0.0,0.0,False,none
D-18200N,POP Organic White Tea 1.8gx100,1,SF,2023-07,2023-07-01,14.0,14.0,0.0,14.0,819.0,819.0,819.0,0.0,0.0,False,none
D-18200N,POP Organic White Tea 1.8gx100,1,SF,2023-08,2023-08-01,20.0,20.0,0.0,20.0,1436.99,1436.99,1436.99,0.0,0.0,False,none
D-18200N,POP Organic White Tea 1.8gx100,1,SF,2023-09,2023-09-01,24.0,24.0,0.0,24.0,189.09,189.09,189.09,0.0,0.0,False,none
D-18200N,POP Organic White Tea 1.8gx100,1,SF,2023-10,2023-10-01,14.0,14.0,0.0,14.0,233.68,233.68,233.68,0.0,0.0,False,none
D-18200N,POP Organic White Tea 1.8gx100,1,SF,2023-11,2023-11-01,10.0,10.0,0.0,10.0,36.4,36.4,36.4,0.0,0.0,False,none
D-18200N,POP Organic White Tea 1.8gx100,1,SF,2023-12,2023-12-01,9.0,9.0,0.0,9.0,32.76,32.76,32.76,0.0,0.0,False,none
D-18200N,POP Organic White Tea 1.8gx100,2,NJ,2023-01,2023-01-01,135.0,135.0,0.0,135.0,12268.03,12268.03,12268.03,0.0,0.0,False,none
D-18200N,POP Organic White Tea 1.8gx100,2,NJ,2023-02,2023-02-01,96.0,96.0,0.0,96.0,5491.09,5491.09,5491.09,0.0,0.0,False,none
D-18200N,POP Organic White Tea 1.8gx100,2,NJ,2023-03,2023-03-01,149.0,149.0,0.0,149.0,9888.08,9888.08,9888.08,0.0,0.0,False,none
D-18200N,POP Organic White Tea 1.8gx100,2,NJ,2023-04,2023-04-01,48.0,48.0,0.0,48.0,4026.06,4026.06,4026.06,0.0,0.0,False,none
D-18200N,POP Organic White Tea 1.8gx100,2,NJ,2023-05,2023-05-01,98.0,98.0,0.0,98.0,7549.34,7549.34,7549.34,0.0,0.0,False,none
D-18200N,POP Organic White Tea 1.8gx100,2,NJ,2023-06,2023-06-01,67.0,67.0,0.0,67.0,4540.86,4540.86,4540.86,0.0,0.0,False,none
D-18200N,POP Organic White Tea 1.8gx100,2,NJ,2023-07,2023-07-01,61.0,61.0,0.0,61.0,5337.91,5337.91,5337.91,0.0,0.0,False,none
D-18200N,POP Organic White Tea 1.8gx100,2,NJ,2023-08,2023-08-01,58.0,58.0,0.0,58.0,5427.0,5427.0,5427.0,0.0,0.0,False,none
D-18200N,POP Organic White Tea 1.8gx100,2,NJ,2023-09,2023-09-01,24.0,24.0,0.0,24.0,1853.94,1853.94,1853.94,0.0,0.0,False,none
D-18200N,POP Organic White Tea 1.8gx100,2,NJ,2023-10,2023-10-01,7.0,7.0,0.0,7.0,644.0,644.0,644.0,0.0,0.0,False,none
D-18200N,POP Organic White Tea 1.8gx100,2,NJ,2023-11,2023-11-01,7.0,7.0,0.0,7.0,266.97,266.97,266.97,0.0,0.0,False,none
D-18200N,POP Organic White Tea 1.8gx100,2,NJ,2023-12,2023-12-01,2.0,2.0,5.0,7.0,120.0,120.0,420.0,0.0,0.0,True,deep_drop_gap
D-18200N,POP Organic White Tea 1.8gx100,2,NJ,2024-01,2024-01-01,38.0,38.0,0.0,38.0,1400.0,1400.0,1400.0,0.0,0.0,False,none
D-18200N,POP Organic White Tea 1.8gx100,3,LA,2023-01,2023-01-01,252.0,252.0,0.0,252.0,8256.51,8256.51,8256.51,0.0,0.0,False,none
D-18200N,POP Organic White Tea 1.8gx100,3,LA,2023-02,2023-02-01,96.0,96.0,0.0,96.0,8193.66,8193.66,8193.66,0.0,0.0,False,none
D-18200N,POP Organic White Tea 1.8gx100,3,LA,2023-03,2023-03-01,70.0,70.0,0.0,70.0,5290.89,5290.89,5290.89,0.0,0.0,False,none
D-18200N,POP Organic White Tea 1.8gx100,3,LA,2023-04,2023-04-01,29.0,29.0,54.0,83.0,3086.0,3086.0,8832.34,0.0,0.0,True,deep_drop_gap
D-18200N,POP Organic White Tea 1.8gx100,3,LA,2023-05,2023-05-01,98.0,98.0,0.0,98.0,8829.95,8829.95,8829.95,0.0,0.0,False,none
D-18200N,POP Organic White Tea 1.8gx100,3,LA,2023-06,2023-06-01,33.0,33.0,0.0,33.0,2635.92,2635.92,2635.92,0.0,0.0,False,none
D-18200N,POP Organic White Tea 1.8gx100,3,LA,2023-07,2023-07-01,35.0,35.0,0.0,35.0,1504.78,1504.78,1504.78,0.0,0.0,False,none
D-18200N,POP Organic White Tea 1.8gx100,3,LA,2023-08,2023-08-01,57.0,57.0,0.0,57.0,4896.0,4896.0,4896.0,0.0,0.0,False,none
D-18206,POP OG White Tea 1.8gx100 (6ct/cs),1,SF,2023-07,2023-07-01,2.0,2.0,0.0,2.0,43.64,43.64,43.64,0.0,0.0,False,none
D-18206,POP OG White Tea 1.8gx100 (6ct/cs),1,SF,2023-08,2023-08-01,389.0,389.0,0.0,389.0,7057.79,7057.79,7057.79,0.0,0.0,False,none
D-18206,POP OG White Tea 1.8gx100 (6ct/cs),1,SF,2023-09,2023-09-01,20.0,15.0,148.5,163.5,320.92,215.92000000000002,2353.53,5.0,105.0,True,deep_drop_gap
D-18206,POP OG White Tea 1.8gx100 (6ct/cs),1,SF,2023-10,2023-10-01,249.0,249.0,0.0,249.0,5356.94,5356.94,5356.94,0.0,0.0,False,none
D-18206,POP OG White Tea 1.8gx100 (6ct/cs),1,SF,2023-11,2023-11-01,78.0,78.0,0.0,78.0,1415.95,1415.95,1415.95,0.0,0.0,False,none
D-18206,POP OG White Tea 1.8gx100 (6ct/cs),1,SF,2023-12,2023-12-01,356.0,118.0,0.0,118.0,6701.900000000001,2132.2999999999997,2132.3,238.0,4569.6,False,none
D-18206,POP OG White Tea 1.8gx100 (6ct/cs),1,SF,2024-01,2024-01-01,310.0,205.0,0.0,205.0,5748.82,3984.82,3984.82,105.0,1763.9999999999995,False,none
D-18206,POP OG White Tea 1.8gx100 (6ct/cs),1,SF,2024-02,2024-02-01,311.0,307.0,0.0,307.0,6861.110000000001,6765.110000000001,6765.11,4.0,96.0,False,none
D-18206,POP OG White Tea 1.8gx100 (6ct/cs),1,SF,2024-03,2024-03-01,170.0,170.0,0.0,170.0,3344.7200000000003,3344.7200000000003,3344.72,0.0,0.0,False,none
D-18206,POP OG White Tea 1.8gx100 (6ct/cs),1,SF,2024-04,2024-04-01,488.0,210.0,0.0,210.0,8554.85,3825.65,3825.65,278.0,4729.200000000001,False,none
D-18206,POP OG White Tea 1.8gx100 (6ct/cs),1,SF,2024-05,2024-05-01,212.0,212.0,0.0,212.0,4487.0599999999995,4487.0599999999995,4487.06,0.0,0.0,False,none
D-18206,POP OG White Tea 1.8gx100 (6ct/cs),1,SF,2024-06,2024-06-01,140.0,140.0,0.0,140.0,2883.2599999999998,2883.2599999999998,2883.26,0.0,0.0,False,none
D-18206,POP OG White Tea 1.8gx100 (6ct/cs),1,SF,2024-07,2024-07-01,71.0,71.0,0.0,71.0,1115.97,1115.97,1115.97,0.0,0.0,False,none
D-18206,POP OG White Tea 1.8gx100 (6ct/cs),1,SF,2024-08,2024-08-01,321.0,211.0,0.0,211.0,5845.78,3997.78,3997.78,110.0,1847.9999999999995,False,none
D-18206,POP OG White Tea 1.8gx100 (6ct/cs),1,SF,2024-09,2024-09-01,122.0,62.0,0.0,62.0,2449.88,1009.88,1009.88,60.0,1440.0,False,none
D-18206,POP OG White Tea 1.8gx100 (6ct/cs),1,SF,2024-10,2024-10-01,269.0,269.0,0.0,269.0,5533.31,5533.31,5533.31,0.0,0.0,False,none
D-18206,POP OG White Tea 1.8gx100 (6ct/cs),1,SF,2024-11,2024-11-01,251.0,166.0,0.0,166.0,4169.78,2741.7799999999997,2741.78,85.0,1428.0,False,none
D-18206,POP OG White Tea 1.8gx100 (6ct/cs),1,SF,2024-12,2024-12-01,294.0,135.0,0.0,135.0,4926.87,2217.87,2217.87,159.0,2709.0,False,none
D-18206,POP OG White Tea 1.8gx100 (6ct/cs),1,SF,2025-01,2025-01-01,467.0,467.0,0.0,467.0,8440.88,8440.88,8440.88,0.0,0.0,False,none
D-18206,POP OG White Tea 1.8gx100 (6ct/cs),1,SF,2025-02,2025-02-01,187.0,117.0,0.0,117.0,3569.0299999999997,2099.0299999999997,2099.03,70.0,1470.0,False,none
D-18206,POP OG White Tea 1.8gx100 (6ct/cs),1,SF,2025-03,2025-03-01,134.0,134.0,0.0,134.0,2283.41,2283.41,2283.41,0.0,0.0,False,none
D-18206,POP OG White Tea 1.8gx100 (6ct/cs),1,SF,2025-04,2025-04-01,186.0,36.0,0.0,36.0,3164.7900000000004,402.03000000000003,402.03,150.0,2762.76,False,none
D-18206,POP OG White Tea 1.8gx100 (6ct/cs),1,SF,2025-05,2025-05-01,195.0,195.0,0.0,195.0,3531.82,3531.82,3531.82,0.0,0.0,False,none
D-18206,POP OG White Tea 1.8gx100 (6ct/cs),1,SF,2025-06,2025-06-01,13.0,11.0,88.5,99.5,283.2,237.0,2143.77,2.0,46.19999999999999,True,deep_drop_gap
D-18206,POP OG White Tea 1.8gx100 (6ct/cs),1,SF,2025-07,2025-07-01,145.0,71.0,0.0,71.0,3213.6299999999997,1504.2299999999998,1504.23,74.0,1709.3999999999999,False,none
D-18206,POP OG White Tea 1.8gx100 (6ct/cs),1,SF,2025-08,2025-08-01,128.0,128.0,0.0,128.0,2934.65,2934.65,2934.65,0.0,0.0,False,none
D-18206,POP OG White Tea 1.8gx100 (6ct/cs),1,SF,2025-09,2025-09-01,308.0,44.0,0.0,44.0,6983.23,884.83,884.83,264.0,6098.4,False,none
D-18206,POP OG White Tea 1.8gx100 (6ct/cs),1,SF,2025-10,2025-10-01,171.0,171.0,0.0,171.0,3910.77,3910.77,3910.77,0.0,0.0,False,none
D-18206,POP OG White Tea 1.8gx100 (6ct/cs),1,SF,2025-11,2025-11-01,38.0,22.0,0.0,22.0,745.43,307.67,307.67,16.0,437.75999999999993,False,none
D-18206,POP OG White Tea 1.8gx100 (6ct/cs),1,SF,2025-12,2025-12-01,42.0,38.0,0.0,38.0,917.83,792.79,792.79,4.0,125.04000000000008,False,none
D-18206,POP OG White Tea 1.8gx100 (6ct/cs),2,NJ,2023-03,2023-03-01,32.0,32.0,0.0,32.0,768.0,768.0,768.0,0.0,0.0,False,none
D-18206,POP OG White Tea 1.8gx100 (6ct/cs),2,NJ,2023-04,2023-04-01,0.0,0.0,21.0,21.0,0.0,0.0,504.0,0.0,0.0,True,zero_sales_gap
D-18206,POP OG White Tea 1.8gx100 (6ct/cs),2,NJ,2023-05,2023-05-01,0.0,0.0,32.0,32.0,0.0,0.0,768.0,0.0,0.0,True,zero_sales_gap
D-18206,POP OG White Tea 1.8gx100 (6ct/cs),2,NJ,2023-06,2023-06-01,10.0,10.0,0.0,10.0,280.2,280.2,280.2,0.0,0.0,False,none
D-18206,POP OG White Tea 1.8gx100 (6ct/cs),2,NJ,2023-07,2023-07-01,51.0,51.0,0.0,51.0,1064.28,1064.28,1064.28,0.0,0.0,False,none
D-18206,POP OG White Tea 1.8gx100 (6ct/cs),2,NJ,2023-08,2023-08-01,588.0,588.0,0.0,588.0,10906.0,10906.0,10906.0,0.0,0.0,False,none
D-18206,POP OG White Tea 1.8gx100 (6ct/cs),2,NJ,2023-09,2023-09-01,158.0,53.0,0.0,53.0,2595.86,831.8599999999999,831.86,105.0,1764.0000000000002,False,none
D-18206,POP OG White Tea 1.8gx100 (6ct/cs),2,NJ,2023-10,2023-10-01,234.0,210.0,0.0,210.0,4828.77,4362.57,4362.57,24.0,466.2000000000007,False,none
D-18206,POP OG White Tea 1.8gx100 (6ct/cs),2,NJ,2023-11,2023-11-01,336.0,336.0,0.0,336.0,6061.13,6061.13,6061.13,0.0,0.0,False,none
D-18206,POP OG White Tea 1.8gx100 (6ct/cs),2,NJ,2023-12,2023-12-01,441.0,61.0,0.0,61.0,7456.11,872.91,872.91,380.0,6583.2,False,none
D-18206,POP OG White Tea 1.8gx100 (6ct/cs),2,NJ,2024-01,2024-01-01,637.0,503.0,0.0,503.0,11765.98,9514.78,9514.78,134.0,2251.199999999999,False,none
D-18206,POP OG White Tea 1.8gx100 (6ct/cs),2,NJ,2024-02,2024-02-01,375.0,209.0,0.0,209.0,7757.87,4271.87,4271.87,166.0,3486.0,False,none
D-18206,POP OG White Tea 1.8gx100 (6ct/cs),2,NJ,2024-03,2024-03-01,237.0,236.0,0.0,236.0,4718.55,4697.55,4697.55,1.0,21.0,False,none
D-18206,POP OG White Tea 1.8gx100 (6ct/cs),2,NJ,2024-04,2024-04-01,890.0,890.0,0.0,890.0,16014.69,16014.69,16014.69,0.0,0.0,False,none
D-18206,POP OG White Tea 1.8gx100 (6ct/cs),2,NJ,2024-05,2024-05-01,451.0,230.0,0.0,230.0,9145.71,4504.71,4504.71,221.0,4640.999999999999,False,none
D-18206,POP OG White Tea 1.8gx100 (6ct/cs),2,NJ,2024-06,2024-06-01,190.0,190.0,0.0,190.0,4243.71,4243.71,4243.71,0.0,0.0,False,none
D-18206,POP OG White Tea 1.8gx100 (6ct/cs),2,NJ,2024-07,2024-07-01,614.0,217.0,0.0,217.0,10608.46,3938.86,3938.86,397.0,6669.5999999999985,False,none
D-18206,POP OG White Tea 1.8gx100 (6ct/cs),2,NJ,2024-08,2024-08-01,424.0,258.0,0.0,258.0,8064.58,4981.78,4981.78,166.0,3082.8,False,none
D-18206,POP OG White Tea 1.8gx100 (6ct/cs),2,NJ,2024-09,2024-09-01,99.0,34.0,0.0,34.0,2142.93,618.9300000000001,618.93,65.0,1523.9999999999998,False,none
D-18206,POP OG White Tea 1.8gx100 (6ct/cs),2,NJ,2024-10,2024-10-01,266.0,120.0,0.0,120.0,4788.860000000001,2336.06,2336.06,146.0,2452.8000000000006,False,none
D-18206,POP OG White Tea 1.8gx100 (6ct/cs),2,NJ,2024-11,2024-11-01,462.0,369.0,0.0,369.0,8643.35,6690.35,6690.35,93.0,1953.0,False,none
D-18206,POP OG White Tea 1.8gx100 (6ct/cs),2,NJ,2024-12,2024-12-01,663.0,506.0,0.0,506.0,11739.51,9101.91,9101.91,157.0,2637.6000000000004,False,none
D-18206,POP OG White Tea 1.8gx100 (6ct/cs),2,NJ,2025-01,2025-01-01,736.0,395.0,0.0,395.0,14667.69,8439.09,8439.09,341.0,6228.6,False,none
D-18206,POP OG White Tea 1.8gx100 (6ct/cs),2,NJ,2025-02,2025-02-01,758.0,195.0,0.0,195.0,15607.890000000001,3784.89,3784.89,563.0,11823.000000000002,False,none
D-18206,POP OG White Tea 1.8gx100 (6ct/cs),2,NJ,2025-03,2025-03-01,232.0,225.0,0.0,225.0,4389.48,4260.12,4260.12,7.0,129.35999999999967,False,none
D-18206,POP OG White Tea 1.8gx100 (6ct/cs),2,NJ,2025-04,2025-04-01,416.0,331.0,0.0,331.0,7392.900000000001,5743.56,5743.56,85.0,1649.3400000000001,False,none
D-18206,POP OG White Tea 1.8gx100 (6ct/cs),2,NJ,2025-05,2025-05-01,336.0,262.0,0.0,262.0,6133.83,4687.77,4687.77,74.0,1446.0599999999995,False,none
D-18206,POP OG White Tea 1.8gx100 (6ct/cs),2,NJ,2025-06,2025-06-01,70.0,53.0,196.0,249.0,1553.01,1160.31,5451.27,17.0,392.70000000000005,True,deep_drop_gap
D-18206,POP OG White Tea 1.8gx100 (6ct/cs),2,NJ,2025-07,2025-07-01,163.0,146.0,0.0,146.0,3170.14,2777.44,2777.44,17.0,392.6999999999998,False,none
D-18206,POP OG White Tea 1.8gx100 (6ct/cs),2,NJ,2025-08,2025-08-01,327.0,236.0,0.0,236.0,7337.5599999999995,5498.8,5498.8,91.0,1838.7599999999993,False,none
D-18206,POP OG White Tea 1.8gx100 (6ct/cs),2,NJ,2025-09,2025-09-01,366.0,117.0,0.0,117.0,8513.6,2761.7,2761.7,249.0,5751.900000000001,False,none
D-18206,POP OG White Tea 1.8gx100 (6ct/cs),2,NJ,2025-10,2025-10-01,339.0,339.0,0.0,339.0,7717.83,7717.83,7717.83,0.0,0.0,False,none
D-18206,POP OG White Tea 1.8gx100 (6ct/cs),2,NJ,2025-11,2025-11-01,440.0,319.0,0.0,319.0,10444.37,7134.53,7134.53,121.0,3309.840000000001,False,none
D-18206,POP OG White Tea 1.8gx100 (6ct/cs),2,NJ,2025-12,2025-12-01,69.0,52.0,0.0,52.0,1528.03,1062.91,1062.91,17.0,465.1199999999999,False,none
D-18206,POP OG White Tea 1.8gx100 (6ct/cs),3,LA,2023-08,2023-08-01,379.0,379.0,0.0,379.0,6343.16,6343.16,6343.16,0.0,0.0,False,none
D-18206,POP OG White Tea 1.8gx100 (6ct/cs),3,LA,2023-09,2023-09-01,216.0,211.0,0.0,211.0,4514.97,4409.97,4409.97,5.0,105.0,False,none
D-18206,POP OG White Tea 1.8gx100 (6ct/cs),3,LA,2023-10,2023-10-01,46.0,46.0,186.0,232.0,1058.97,1058.97,5340.89,0.0,0.0,True,deep_drop_gap
D-18206,POP OG White Tea 1.8gx100 (6ct/cs),3,LA,2023-11,2023-11-01,211.0,211.0,0.0,211.0,4350.95,4350.95,4350.95,0.0,0.0,False,none
D-18206,POP OG White Tea 1.8gx100 (6ct/cs),3,LA,2023-12,2023-12-01,253.0,253.0,0.0,253.0,5326.99,5326.99,5326.99,0.0,0.0,False,none
D-18206,POP OG White Tea 1.8gx100 (6ct/cs),3,LA,2024-01,2024-01-01,220.0,118.0,0.0,118.0,4186.6,2473.0,2473.0,102.0,1713.6000000000004,False,none
D-18206,POP OG White Tea 1.8gx100 (6ct/cs),3,LA,2024-02,2024-02-01,397.0,397.0,0.0,397.0,7811.95,7811.95,7811.95,0.0,0.0,False,none
D-18206,POP OG White Tea 1.8gx100 (6ct/cs),3,LA,2024-03,2024-03-01,120.0,120.0,0.0,120.0,2504.35,2504.35,2504.35,0.0,0.0,False,none
D-18206,POP OG White Tea 1.8gx100 (6ct/cs),3,LA,2024-04,2024-04-01,461.0,138.0,0.0,138.0,7993.39,2566.99,2566.99,323.0,5426.400000000001,False,none
D-18206,POP OG White Tea 1.8gx100 (6ct/cs),3,LA,2024-05,2024-05-01,3.0,3.0,99.0,102.0,36.980000000000004,36.980000000000004,1257.32,0.0,0.0,True,deep_drop_gap
D-18206,POP OG White Tea 1.8gx100 (6ct/cs),3,LA,2024-06,2024-06-01,64.0,64.0,0.0,64.0,1332.0,1332.0,1332.0,0.0,0.0,False,none
D-18206,POP OG White Tea 1.8gx100 (6ct/cs),3,LA,2024-07,2024-07-01,84.0,84.0,0.0,84.0,1560.76,1560.76,1560.76,0.0,0.0,False,none
D-18206,POP OG White Tea 1.8gx100 (6ct/cs),3,LA,2024-08,2024-08-01,404.0,285.0,0.0,285.0,7192.4,5193.2,5193.2,119.0,1999.1999999999998,False,none
D-18206,POP OG White Tea 1.8gx100 (6ct/cs),3,LA,2024-09,2024-09-01,238.0,238.0,0.0,238.0,4338.57,4338.57,4338.57,0.0,0.0,False,none
D-18206,POP OG White Tea 1.8gx100 (6ct/cs),3,LA,2024-10,2024-10-01,157.0,153.0,0.0,153.0,3197.0,3101.0,3101.0,4.0,96.0,False,none
D-18206,POP OG White Tea 1.8gx100 (6ct/cs),3,LA,2024-11,2024-11-01,384.0,231.0,0.0,231.0,6796.98,4226.58,4226.58,153.0,2570.3999999999996,False,none
D-18206,POP OG White Tea 1.8gx100 (6ct/cs),3,LA,2024-12,2024-12-01,303.0,201.0,0.0,201.0,5838.6,4125.0,4125.0,102.0,1713.6000000000004,False,none
D-18206,POP OG White Tea 1.8gx100 (6ct/cs),3,LA,2025-01,2025-01-01,217.0,217.0,0.0,217.0,3761.63,3761.63,3761.63,0.0,0.0,False,none
D-18206,POP OG White Tea 1.8gx100 (6ct/cs),3,LA,2025-02,2025-02-01,478.0,342.0,0.0,342.0,9099.0,6243.0,6243.0,136.0,2856.0,False,none
D-18206,POP OG White Tea 1.8gx100 (6ct/cs),3,LA,2025-03,2025-03-01,35.0,35.0,298.0,333.0,595.4,595.4,5664.81,0.0,0.0,True,deep_drop_gap
D-18206,POP OG White Tea 1.8gx100 (6ct/cs),3,LA,2025-04,2025-04-01,341.0,324.0,0.0,324.0,6269.36,5955.2,5955.2,17.0,314.15999999999985,False,none
D-18206,POP OG White Tea 1.8gx100 (6ct/cs),3,LA,2025-05,2025-05-01,525.0,525.0,0.0,525.0,9539.64,9539.64,9539.64,0.0,0.0,False,none
D-18206,POP OG White Tea 1.8gx100 (6ct/cs),3,LA,2025-06,2025-06-01,23.0,23.0,287.0,310.0,493.38,493.38,6649.9,0.0,0.0,True,deep_drop_gap
D-18206,POP OG White Tea 1.8gx100 (6ct/cs),3,LA,2025-07,2025-07-01,296.0,296.0,0.0,296.0,5404.2,5404.2,5404.2,0.0,0.0,False,none
D-18206,POP OG White Tea 1.8gx100 (6ct/cs),3,LA,2025-08,2025-08-01,180.0,180.0,0.0,180.0,3449.4500000000003,3449.4500000000003,3449.45,0.0,0.0,False,none
D-18206,POP OG White Tea 1.8gx100 (6ct/cs),3,LA,2025-09,2025-09-01,240.0,19.0,0.0,19.0,5603.099999999999,498.0,498.0,221.0,5105.099999999999,False,none
D-18206,POP OG White Tea 1.8gx100 (6ct/cs),3,LA,2025-10,2025-10-01,281.0,263.0,0.0,263.0,5356.2,4924.2,4924.2,18.0,432.0,False,none
D-18206,POP OG White Tea 1.8gx100 (6ct/cs),3,LA,2025-11,2025-11-01,53.0,53.0,210.0,263.0,1120.72,1120.72,5561.31,0.0,0.0,True,deep_drop_gap
D-18206,POP OG White Tea 1.8gx100 (6ct/cs),3,LA,2025-12,2025-12-01,325.0,322.0,0.0,322.0,5956.2,5875.2,5875.2,3.0,81.0,False,none
D-18206,POP OG White Tea 1.8gx100 (6ct/cs),E1,UNMAPPED,2024-01,2024-01-01,6.0,6.0,0.0,6.0,53.94,53.94,53.94,0.0,0.0,False,none
D-18206,POP OG White Tea 1.8gx100 (6ct/cs),E1,UNMAPPED,2024-02,2024-02-01,2.0,2.0,0.0,2.0,17.98,17.98,17.98,0.0,0.0,False,none
D-18206,POP OG White Tea 1.8gx100 (6ct/cs),E1,UNMAPPED,2024-03,2024-03-01,0.0,0.0,4.0,4.0,0.0,0.0,35.96,0.0,0.0,True,zero_sales_gap
D-18206,POP OG White Tea 1.8gx100 (6ct/cs),E1,UNMAPPED,2024-04,2024-04-01,0.0,0.0,2.0,2.0,0.0,0.0,17.98,0.0,0.0,True,zero_sales_gap
D-18206,POP OG White Tea 1.8gx100 (6ct/cs),E1,UNMAPPED,2024-05,2024-05-01,0.0,0.0,0.0,0.0,0.0,0.0,0.0,0.0,0.0,False,none
D-18206,POP OG White Tea 1.8gx100 (6ct/cs),E1,UNMAPPED,2024-06,2024-06-01,0.0,0.0,0.0,0.0,0.0,0.0,0.0,0.0,0.0,False,none
D-18206,POP OG White Tea 1.8gx100 (6ct/cs),E1,UNMAPPED,2024-07,2024-07-01,0.0,0.0,0.0,0.0,0.0,0.0,0.0,0.0,0.0,False,none
D-18206,POP OG White Tea 1.8gx100 (6ct/cs),E1,UNMAPPED,2024-08,2024-08-01,0.0,0.0,0.0,0.0,0.0,0.0,0.0,0.0,0.0,False,none
D-18206,POP OG White Tea 1.8gx100 (6ct/cs),E1,UNMAPPED,2024-09,2024-09-01,0.0,0.0,0.0,0.0,0.0,0.0,0.0,0.0,0.0,False,none
D-18206,POP OG White Tea 1.8gx100 (6ct/cs),E1,UNMAPPED,2024-10,2024-10-01,0.0,0.0,0.0,0.0,0.0,0.0,0.0,0.0,0.0,False,none
D-18206,POP OG White Tea 1.8gx100 (6ct/cs),E1,UNMAPPED,2024-11,2024-11-01,0.0,0.0,2.0,2.0,0.0,0.0,17.98,0.0,0.0,True,zero_sales_gap
D-18206,POP OG White Tea 1.8gx100 (6ct/cs),E1,UNMAPPED,2024-12,2024-12-01,0.0,0.0,4.5,4.5,0.0,0.0,40.46,0.0,0.0,True,zero_sales_gap
D-18206,POP OG White Tea 1.8gx100 (6ct/cs),E1,UNMAPPED,2025-01,2025-01-01,2.0,2.0,0.0,2.0,19.98,19.98,19.98,0.0,0.0,False,none
D-18206,POP OG White Tea 1.8gx100 (6ct/cs),E1,UNMAPPED,2025-02,2025-02-01,7.0,7.0,0.0,7.0,69.92999999999999,69.92999999999999,69.93,0.0,0.0,False,none
D-18206,POP OG White Tea 1.8gx100 (6ct/cs),E1,UNMAPPED,2025-03,2025-03-01,4.0,4.0,0.0,4.0,39.96,39.96,39.96,0.0,0.0,False,none
D-18206,POP OG White Tea 1.8gx100 (6ct/cs),E1,UNMAPPED,2025-04,2025-04-01,4.0,4.0,0.0,4.0,39.96,39.96,39.96,0.0,0.0,False,none
D-18206,POP OG White Tea 1.8gx100 (6ct/cs),E1,UNMAPPED,2025-05,2025-05-01,7.0,7.0,0.0,7.0,69.93,69.93,69.93,0.0,0.0,False,none
D-18206,POP OG White Tea 1.8gx100 (6ct/cs),E1,UNMAPPED,2025-06,2025-06-01,2.0,2.0,0.0,2.0,23.18,23.18,23.18,0.0,0.0,False,none
D-18206,POP OG White Tea 1.8gx100 (6ct/cs),E1,UNMAPPED,2025-07,2025-07-01,4.0,4.0,0.0,4.0,46.36,46.36,46.36,0.0,0.0,False,none
D-18206,POP OG White Tea 1.8gx100 (6ct/cs),E1,UNMAPPED,2025-08,2025-08-01,0.0,0.0,2.0,2.0,0.0,0.0,23.18,0.0,0.0,True,zero_sales_gap
D-18206,POP OG White Tea 1.8gx100 (6ct/cs),E1,UNMAPPED,2025-09,2025-09-01,0.0,0.0,2.0,2.0,0.0,0.0,23.18,0.0,0.0,True,zero_sales_gap
D-18206,POP OG White Tea 1.8gx100 (6ct/cs),E1,UNMAPPED,2025-10,2025-10-01,1.0,1.0,0.0,1.0,11.59,11.59,11.59,0.0,0.0,False,none
D-18206,POP OG White Tea 1.8gx100 (6ct/cs),E1,UNMAPPED,2025-11,2025-11-01,2.0,2.0,0.0,2.0,23.18,23.18,23.18,0.0,0.0,False,none
F-04001,POP Ginger Chews Original 1 lb Bulk,1,SF,2023-01,2023-01-01,167.0,167.0,0.0,167.0,5436.08,5436.08,5436.08,0.0,0.0,False,none
F-04001,POP Ginger Chews Original 1 lb Bulk,1,SF,2023-02,2023-02-01,361.0,361.0,0.0,361.0,16428.96,16428.96,16428.96,0.0,0.0,False,none
F-04001,POP Ginger Chews Original 1 lb Bulk,1,SF,2023-03,2023-03-01,191.0,191.0,0.0,191.0,5492.08,5492.08,5492.08,0.0,0.0,False,none
F-04001,POP Ginger Chews Original 1 lb Bulk,1,SF,2023-04,2023-04-01,56.0,56.0,247.5,303.5,1880.79,1880.79,10193.21,0.0,0.0,True,deep_drop_gap
F-04001,POP Ginger Chews Original 1 lb Bulk,1,SF,2023-05,2023-05-01,246.0,246.0,0.0,246.0,10014.22,10014.22,10014.22,0.0,0.0,False,none
F-04001,POP Ginger Chews Original 1 lb Bulk,1,SF,2023-06,2023-06-01,554.0,554.0,0.0,554.0,22405.71,22405.71,22405.71,0.0,0.0,False,none
F-04001,POP Ginger Chews Original 1 lb Bulk,1,SF,2023-07,2023-07-01,706.0,706.0,0.0,706.0,24197.579999999998,24197.579999999998,24197.58,0.0,0.0,False,none
F-04001,POP Ginger Chews Original 1 lb Bulk,1,SF,2023-08,2023-08-01,1209.0,1209.0,0.0,1209.0,41222.130000000005,41222.130000000005,41222.13,0.0,0.0,False,none
F-04001,POP Ginger Chews Original 1 lb Bulk,1,SF,2023-09,2023-09-01,258.0,258.0,0.0,258.0,12177.509999999998,12177.509999999998,12177.51,0.0,0.0,False,none
F-04001,POP Ginger Chews Original 1 lb Bulk,1,SF,2023-10,2023-10-01,556.0,556.0,0.0,556.0,171.57,171.57,171.57,0.0,0.0,False,none
F-04001,POP Ginger Chews Original 1 lb Bulk,1,SF,2023-11,2023-11-01,69.0,69.0,104.5,173.5,2064.2000000000003,2064.2000000000003,5190.42,0.0,0.0,True,deep_drop_gap
F-04001,POP Ginger Chews Original 1 lb Bulk,1,SF,2023-12,2023-12-01,100.0,89.0,0.0,89.0,4288.76,3831.23,3831.23,11.0,457.5300000000002,False,none
F-04001,POP Ginger Chews Original 1 lb Bulk,1,SF,2024-01,2024-01-01,45.0,45.0,0.0,45.0,1049.78,1049.78,1049.78,0.0,0.0,False,none
F-04001,POP Ginger Chews Original 1 lb Bulk,1,SF,2024-02,2024-02-01,71.0,71.0,0.0,71.0,2086.19,2086.19,2086.19,0.0,0.0,False,none
F-04001,POP Ginger Chews Original 1 lb Bulk,1,SF,2024-03,2024-03-01,400.0,400.0,0.0,400.0,18458.5,18458.5,18458.5,0.0,0.0,False,none
F-04001,POP Ginger Chews Original 1 lb Bulk,1,SF,2024-04,2024-04-01,187.0,187.0,0.0,187.0,7366.76,7366.76,7366.76,0.0,0.0,False,none
F-04001,POP Ginger Chews Original 1 lb Bulk,1,SF,2024-05,2024-05-01,403.0,403.0,0.0,403.0,17216.72,17216.72,17216.72,0.0,0.0,False,none
F-04001,POP Ginger Chews Original 1 lb Bulk,1,SF,2024-06,2024-06-01,85.0,85.0,333.5,418.5,3977.0299999999997,3977.0299999999997,19581.02,0.0,0.0,True,deep_drop_gap
F-04001,POP Ginger Chews Original 1 lb Bulk,1,SF,2024-07,2024-07-01,458.0,458.0,0.0,458.0,19143.289999999997,19143.289999999997,19143.29,0.0,0.0,False,none
F-04001,POP Ginger Chews Original 1 lb Bulk,1,SF,2024-08,2024-08-01,434.0,434.0,0.0,434.0,18561.600000000002,18561.600000000002,18561.6,0.0,0.0,False,none
F-04001,POP Ginger Chews Original 1 lb Bulk,1,SF,2024-09,2024-09-01,43.0,43.0,268.5,311.5,1803.2999999999997,1803.2999999999997,13063.44,0.0,0.0,True,deep_drop_gap
F-04001,POP Ginger Chews Original 1 lb Bulk,1,SF,2024-10,2024-10-01,194.0,189.0,0.0,189.0,8159.96,7931.2,7931.2,5.0,228.76000000000022,False,none
F-04001,POP Ginger Chews Original 1 lb Bulk,1,SF,2024-11,2024-11-01,138.0,138.0,0.0,138.0,5939.06,5939.06,5939.06,0.0,0.0,False,none
F-04001,POP Ginger Chews Original 1 lb Bulk,1,SF,2024-12,2024-12-01,63.0,63.0,100.5,163.5,2949.32,2949.32,7654.19,0.0,0.0,True,deep_drop_gap
F-04001,POP Ginger Chews Original 1 lb Bulk,1,SF,2025-01,2025-01-01,299.0,299.0,0.0,299.0,13640.800000000001,13640.800000000001,13640.8,0.0,0.0,False,none
F-04001,POP Ginger Chews Original 1 lb Bulk,1,SF,2025-02,2025-02-01,127.0,127.0,0.0,127.0,6580.83,6580.83,6580.83,0.0,0.0,False,none
F-04001,POP Ginger Chews Original 1 lb Bulk,1,SF,2025-03,2025-03-01,313.0,313.0,0.0,313.0,13180.11,13180.11,13180.11,0.0,0.0,False,none
F-04001,POP Ginger Chews Original 1 lb Bulk,1,SF,2025-04,2025-04-01,101.0,101.0,0.0,101.0,4589.57,4589.57,4589.57,0.0,0.0,False,none
F-04001,POP Ginger Chews Original 1 lb Bulk,1,SF,2025-05,2025-05-01,121.0,121.0,0.0,121.0,3166.09,3166.09,3166.09,0.0,0.0,False,none
F-04001,POP Ginger Chews Original 1 lb Bulk,1,SF,2025-06,2025-06-01,104.0,104.0,0.0,104.0,5830.55,5830.55,5830.55,0.0,0.0,False,none
F-04001,POP Ginger Chews Original 1 lb Bulk,1,SF,2025-07,2025-07-01,41.0,41.0,71.5,112.5,1956.06,1956.06,5367.24,0.0,0.0,True,deep_drop_gap
F-04001,POP Ginger Chews Original 1 lb Bulk,1,SF,2025-08,2025-08-01,33.0,33.0,56.5,89.5,1387.29,1387.29,3762.5,0.0,0.0,True,deep_drop_gap
F-04001,POP Ginger Chews Original 1 lb Bulk,1,SF,2025-09,2025-09-01,121.0,121.0,0.0,121.0,6495.670000000001,6495.670000000001,6495.67,0.0,0.0,False,none
F-04001,POP Ginger Chews Original 1 lb Bulk,1,SF,2025-10,2025-10-01,75.0,75.0,0.0,75.0,4349.27,4349.27,4349.27,0.0,0.0,False,none
F-04001,POP Ginger Chews Original 1 lb Bulk,1,SF,2025-11,2025-11-01,70.0,70.0,0.0,70.0,1508.08,1508.08,1508.08,0.0,0.0,False,none
F-04001,POP Ginger Chews Original 1 lb Bulk,1,SF,2025-12,2025-12-01,183.0,167.0,0.0,167.0,9897.63,8891.859999999999,8891.86,16.0,1005.7700000000004,False,none
F-04001,POP Ginger Chews Original 1 lb Bulk,2,NJ,2023-01,2023-01-01,292.0,292.0,0.0,292.0,13567.33,13567.33,13567.33,0.0,0.0,False,none
F-04001,POP Ginger Chews Original 1 lb Bulk,2,NJ,2023-02,2023-02-01,553.0,553.0,0.0,553.0,19845.44,19845.44,19845.44,0.0,0.0,False,none
F-04001,POP Ginger Chews Original 1 lb Bulk,2,NJ,2023-03,2023-03-01,423.0,423.0,0.0,423.0,18936.129999999997,18936.129999999997,18936.13,0.0,0.0,False,none
F-04001,POP Ginger Chews Original 1 lb Bulk,2,NJ,2023-04,2023-04-01,576.0,576.0,0.0,576.0,27097.55,27097.55,27097.55,0.0,0.0,False,none
F-04001,POP Ginger Chews Original 1 lb Bulk,2,NJ,2023-05,2023-05-01,921.0,921.0,0.0,921.0,37983.82,37983.82,37983.82,0.0,0.0,False,none
F-04001,POP Ginger Chews Original 1 lb Bulk,2,NJ,2023-06,2023-06-01,240.0,240.0,0.0,240.0,11660.94,11660.94,11660.94,0.0,0.0,False,none
F-04001,POP Ginger Chews Original 1 lb Bulk,2,NJ,2023-07,2023-07-01,155.0,155.0,0.0,155.0,7026.49,7026.49,7026.49,0.0,0.0,False,none
F-04001,POP Ginger Chews Original 1 lb Bulk,2,NJ,2023-08,2023-08-01,92.0,92.0,216.0,308.0,3932.2299999999996,3932.2299999999996,13164.42,0.0,0.0,True,deep_drop_gap
F-04001,POP Ginger Chews Original 1 lb Bulk,2,NJ,2023-09,2023-09-01,376.0,376.0,0.0,376.0,16942.38,16942.38,16942.38,0.0,0.0,False,none
F-04001,POP Ginger Chews Original 1 lb Bulk,2,NJ,2023-10,2023-10-01,1187.0,1187.0,0.0,1187.0,54559.52,54559.52,54559.52,0.0,0.0,False,none
F-04001,POP Ginger Chews Original 1 lb Bulk,2,NJ,2023-11,2023-11-01,313.0,225.0,0.0,225.0,12929.609999999999,8806.619999999999,8806.62,88.0,4122.99,False,none
F-04001,POP Ginger Chews Original 1 lb Bulk,2,NJ,2023-12,2023-12-01,268.0,232.0,0.0,232.0,11258.859999999999,9749.029999999999,9749.03,36.0,1509.83,False,none
F-04001,POP Ginger Chews Original 1 lb Bulk,2,NJ,2024-01,2024-01-01,417.0,417.0,0.0,417.0,18964.85,18964.85,18964.85,0.0,0.0,False,none
F-04001,POP Ginger Chews Original 1 lb Bulk,2,NJ,2024-02,2024-02-01,238.0,238.0,0.0,238.0,10407.49,10407.49,10407.49,0.0,0.0,False,none
F-04001,POP Ginger Chews Original 1 lb Bulk,2,NJ,2024-03,2024-03-01,493.0,394.0,0.0,394.0,21654.07,17115.63,17115.63,99.0,4538.439999999999,False,none
F-04001,POP Ginger Chews Original 1 lb Bulk,2,NJ,2024-04,2024-04-01,608.0,608.0,0.0,608.0,26966.2,26966.2,26966.2,0.0,0.0,False,none
F-04001,POP Ginger Chews Original 1 lb Bulk,2,NJ,2024-05,2024-05-01,1064.0,1064.0,0.0,1064.0,47007.69,47007.69,47007.69,0.0,0.0,False,none
F-04001,POP Ginger Chews Original 1 lb Bulk,2,NJ,2024-06,2024-06-01,909.0,909.0,0.0,909.0,41782.07,41782.07,41782.07,0.0,0.0,False,none
F-04001,POP Ginger Chews Original 1 lb Bulk,2,NJ,2024-07,2024-07-01,707.0,707.0,0.0,707.0,31628.150000000005,31628.150000000005,31628.15,0.0,0.0,False,none
F-04001,POP Ginger Chews Original 1 lb Bulk,2,NJ,2024-08,2024-08-01,945.0,898.0,0.0,898.0,39248.630000000005,37462.19,37462.19,47.0,1786.4400000000023,False,none
F-04001,POP Ginger Chews Original 1 lb Bulk,2,NJ,2024-09,2024-09-01,594.0,590.0,0.0,590.0,25764.95,25536.19,25536.19,4.0,228.76000000000204,False,none
F-04001,POP Ginger Chews Original 1 lb Bulk,2,NJ,2024-10,2024-10-01,860.0,860.0,0.0,860.0,38081.65,38081.65,38081.65,0.0,0.0,False,none
F-04001,POP Ginger Chews Original 1 lb Bulk,2,NJ,2024-11,2024-11-01,653.0,565.0,0.0,565.0,28895.09,24772.1,24772.1,88.0,4122.990000000002,False,none
F-04001,POP Ginger Chews Original 1 lb Bulk,2,NJ,2024-12,2024-12-01,260.0,249.0,0.0,249.0,11418.5,11003.05,11003.05,11.0,415.4500000000007,False,none
F-04001,POP Ginger Chews Original 1 lb Bulk,2,NJ,2025-01,2025-01-01,316.0,316.0,0.0,316.0,14371.619999999999,14371.619999999999,14371.62,0.0,0.0,False,none
F-04001,POP Ginger Chews Original 1 lb Bulk,2,NJ,2025-02,2025-02-01,452.0,452.0,0.0,452.0,21859.97,21859.97,21859.97,0.0,0.0,False,none
F-04001,POP Ginger Chews Original 1 lb Bulk,2,NJ,2025-03,2025-03-01,478.0,465.0,0.0,465.0,23341.39,22792.36,22792.36,13.0,549.0299999999988,False,none
F-04001,POP Ginger Chews Original 1 lb Bulk,2,NJ,2025-04,2025-04-01,488.0,488.0,0.0,488.0,24240.35,24240.35,24240.35,0.0,0.0,False,none
F-04001,POP Ginger Chews Original 1 lb Bulk,2,NJ,2025-05,2025-05-01,378.0,342.0,0.0,342.0,18459.59,16949.760000000002,16949.76,36.0,1509.829999999998,False,none
F-04001,POP Ginger Chews Original 1 lb Bulk,2,NJ,2025-06,2025-06-01,359.0,359.0,0.0,359.0,18809.94,18809.94,18809.94,0.0,0.0,False,none
F-04001,POP Ginger Chews Original 1 lb Bulk,2,NJ,2025-07,2025-07-01,148.0,148.0,895.5,1043.5,6690.2699999999995,6690.2699999999995,47170.92,0.0,0.0,True,deep_drop_gap
F-04001,POP Ginger Chews Original 1 lb Bulk,2,NJ,2025-08,2025-08-01,2573.0,2573.0,0.0,2573.0,104298.94,104298.94,104298.94,0.0,0.0,False,none
F-04001,POP Ginger Chews Original 1 lb Bulk,2,NJ,2025-09,2025-09-01,1728.0,1728.0,0.0,1728.0,74935.21,74935.21,74935.21,0.0,0.0,False,none
F-04001,POP Ginger Chews Original 1 lb Bulk,2,NJ,2025-10,2025-10-01,2667.0,2667.0,0.0,2667.0,107175.50000000001,107175.50000000001,107175.5,0.0,0.0,False,none
F-04001,POP Ginger Chews Original 1 lb Bulk,2,NJ,2025-11,2025-11-01,212.0,208.0,1520.0,1728.0,11343.16,11099.15,92208.32,4.0,244.01000000000022,True,deep_drop_gap
F-04001,POP Ginger Chews Original 1 lb Bulk,2,NJ,2025-12,2025-12-01,438.0,350.0,0.0,350.0,19139.390000000003,14038.24,14038.24,88.0,5101.150000000003,False,none
F-04001,POP Ginger Chews Original 1 lb Bulk,3,LA,2023-01,2023-01-01,122.0,122.0,0.0,122.0,5517.469999999999,5517.469999999999,5517.47,0.0,0.0,False,none
F-04001,POP Ginger Chews Original 1 lb Bulk,3,LA,2023-02,2023-02-01,911.0,911.0,0.0,911.0,32763.18,32763.18,32763.18,0.0,0.0,False,none
F-04001,POP Ginger Chews Original 1 lb Bulk,3,LA,2023-03,2023-03-01,70.0,70.0,575.5,645.5,3029.7200000000003,3029.7200000000003,27938.35,0.0,0.0,True,deep_drop_gap
F-04001,POP Ginger Chews Original 1 lb Bulk,3,LA,2023-04,2023-04-01,386.0,386.0,0.0,386.0,13536.929999999998,13536.929999999998,13536.93,0.0,0.0,False,none
F-04001,POP Ginger Chews Original 1 lb Bulk,3,LA,2023-05,2023-05-01,905.0,905.0,0.0,905.0,30120.73,30120.73,30120.73,0.0,0.0,False,none
F-04001,POP Ginger Chews Original 1 lb Bulk,3,LA,2023-06,2023-06-01,230.0,230.0,0.0,230.0,8610.28,8610.28,8610.28,0.0,0.0,False,none
F-04001,POP Ginger Chews Original 1 lb Bulk,3,LA,2023-07,2023-07-01,277.0,277.0,0.0,277.0,12933.61,12933.61,12933.61,0.0,0.0,False,none
F-04001,POP Ginger Chews Original 1 lb Bulk,3,LA,2023-08,2023-08-01,219.0,219.0,0.0,219.0,8545.73,8545.73,8545.73,0.0,0.0,False,none
F-04001,POP Ginger Chews Original 1 lb Bulk,3,LA,2023-09,2023-09-01,1147.0,1147.0,0.0,1147.0,43653.99,43653.99,43653.99,0.0,0.0,False,none
F-04001,POP Ginger Chews Original 1 lb Bulk,3,LA,2023-10,2023-10-01,291.0,291.0,551.5,842.5,12610.21,12610.21,36508.94,0.0,0.0,True,deep_drop_gap
F-04001,POP Ginger Chews Original 1 lb Bulk,3,LA,2023-11,2023-11-01,538.0,538.0,0.0,538.0,25408.08,25408.08,25408.08,0.0,0.0,False,none
F-04001,POP Ginger Chews Original 1 lb Bulk,3,LA,2023-12,2023-12-01,1404.0,1404.0,0.0,1404.0,62204.409999999996,62204.409999999996,62204.41,0.0,0.0,False,none
F-04001,POP Ginger Chews Original 1 lb Bulk,3,LA,2024-01,2024-01-01,495.0,495.0,0.0,495.0,21221.690000000002,21221.690000000002,21221.69,0.0,0.0,False,none
F-04001,POP Ginger Chews Original 1 lb Bulk,3,LA,2024-02,2024-02-01,608.0,603.0,0.0,603.0,26955.88,26727.120000000003,26727.12,5.0,228.7599999999984,False,none
F-04001,POP Ginger Chews Original 1 lb Bulk,3,LA,2024-03,2024-03-01,858.0,858.0,0.0,858.0,36829.69,36829.69,36829.69,0.0,0.0,False,none
F-04001,POP Ginger Chews Original 1 lb Bulk,3,LA,2024-04,2024-04-01,691.0,691.0,0.0,691.0,28860.27,28860.27,28860.27,0.0,0.0,False,none
F-04001,POP Ginger Chews Original 1 lb Bulk,3,LA,2024-05,2024-05-01,459.0,459.0,0.0,459.0,18894.76,18894.76,18894.76,0.0,0.0,False,none
F-04001,POP Ginger Chews Original 1 lb Bulk,3,LA,2024-06,2024-06-01,616.0,616.0,0.0,616.0,26570.670000000002,26570.670000000002,26570.67,0.0,0.0,False,none
F-04001,POP Ginger Chews Original 1 lb Bulk,3,LA,2024-07,2024-07-01,1039.0,1039.0,0.0,1039.0,40914.35,40914.35,40914.35,0.0,0.0,False,none
F-04001,POP Ginger Chews Original 1 lb Bulk,3,LA,2024-08,2024-08-01,855.0,855.0,0.0,855.0,31824.969999999998,31824.969999999998,31824.97,0.0,0.0,False,none
F-04001,POP Ginger Chews Original 1 lb Bulk,3,LA,2024-09,2024-09-01,222.0,222.0,559.0,781.0,10113.640000000001,10113.640000000001,35579.97,0.0,0.0,True,deep_drop_gap
F-04001,POP Ginger Chews Original 1 lb Bulk,3,LA,2024-10,2024-10-01,470.0,470.0,0.0,470.0,16041.21,16041.21,16041.21,0.0,0.0,False,none
F-04001,POP Ginger Chews Original 1 lb Bulk,3,LA,2024-11,2024-11-01,707.0,707.0,0.0,707.0,29051.57,29051.57,29051.57,0.0,0.0,False,none
F-04001,POP Ginger Chews Original 1 lb Bulk,3,LA,2024-12,2024-12-01,987.0,987.0,0.0,987.0,40080.57,40080.57,40080.57,0.0,0.0,False,none
F-04001,POP Ginger Chews Original 1 lb Bulk,3,LA,2025-01,2025-01-01,1082.0,1082.0,0.0,1082.0,44909.700000000004,44909.700000000004,44909.7,0.0,0.0,False,none
F-04001,POP Ginger Chews Original 1 lb Bulk,3,LA,2025-02,2025-02-01,1235.0,1235.0,0.0,1235.0,51205.17,51205.17,51205.17,0.0,0.0,False,none
F-04001,POP Ginger Chews Original 1 lb Bulk,3,LA,2025-03,2025-03-01,141.0,141.0,946.0,1087.0,5521.68,5521.68,42567.85,0.0,0.0,True,deep_drop_gap
F-04001,POP Ginger Chews Original 1 lb Bulk,3,LA,2025-04,2025-04-01,182.0,182.0,675.0,857.0,7701.69,7701.69,36265.65,0.0,0.0,True,deep_drop_gap
F-04001,POP Ginger Chews Original 1 lb Bulk,3,LA,2025-05,2025-05-01,1092.0,1092.0,0.0,1092.0,45927.18,45927.18,45927.18,0.0,0.0,False,none
F-04001,POP Ginger Chews Original 1 lb Bulk,3,LA,2025-06,2025-06-01,622.0,622.0,0.0,622.0,30247.520000000004,30247.520000000004,30247.52,0.0,0.0,False,none
F-04001,POP Ginger Chews Original 1 lb Bulk,3,LA,2025-07,2025-07-01,902.0,880.0,0.0,880.0,42410.6,41402.990000000005,41402.99,22.0,1007.6099999999933,False,none
F-04001,POP Ginger Chews Original 1 lb Bulk,3,LA,2025-08,2025-08-01,555.0,555.0,0.0,555.0,26180.83,26180.83,26180.83,0.0,0.0,False,none
F-04001,POP Ginger Chews Original 1 lb Bulk,3,LA,2025-09,2025-09-01,158.0,158.0,387.5,545.5,8304.710000000001,8304.710000000001,28672.27,0.0,0.0,True,deep_drop_gap
F-04001,POP Ginger Chews Original 1 lb Bulk,3,LA,2025-10,2025-10-01,536.0,536.0,0.0,536.0,24748.87,24748.87,24748.87,0.0,0.0,False,none
F-04001,POP Ginger Chews Original 1 lb Bulk,3,LA,2025-11,2025-11-01,404.0,404.0,0.0,404.0,18424.39,18424.39,18424.39,0.0,0.0,False,none
F-04001,POP Ginger Chews Original 1 lb Bulk,3,LA,2025-12,2025-12-01,42.0,42.0,0.0,42.0,1963.8,1963.8,1963.8,0.0,0.0,False,none
F-04001,POP Ginger Chews Original 1 lb Bulk,E1,UNMAPPED,2024-12,2024-12-01,1.0,1.0,0.0,1.0,10.95,10.95,10.95,0.0,0.0,False,none
F-04001,POP Ginger Chews Original 1 lb Bulk,E1,UNMAPPED,2025-01,2025-01-01,13.0,13.0,0.0,13.0,131.36,131.36,131.36,0.0,0.0,False,none
F-04001,POP Ginger Chews Original 1 lb Bulk,E1,UNMAPPED,2025-02,2025-02-01,12.0,12.0,0.0,12.0,120.42,120.42,120.42,0.0,0.0,False,none
F-04070,POP Ginger Chews Original 8 oz,1,SF,2023-01,2023-01-01,5291.0,5291.0,0.0,5291.0,29331.39,29331.39,29331.39,0.0,0.0,False,none
F-04070,POP Ginger Chews Original 8 oz,1,SF,2023-02,2023-02-01,2905.0,2905.0,0.0,2905.0,39017.97,39017.97,39017.97,0.0,0.0,False,none
F-04070,POP Ginger Chews Original 8 oz,1,SF,2023-03,2023-03-01,5067.0,5067.0,0.0,5067.0,49502.78,49502.78,49502.78,0.0,0.0,False,none
F-04070,POP Ginger Chews Original 8 oz,1,SF,2023-04,2023-04-01,4918.0,4918.0,0.0,4918.0,47790.65,47790.65,47790.65,0.0,0.0,False,none
F-04070,POP Ginger Chews Original 8 oz,1,SF,2023-05,2023-05-01,4909.0,4909.0,0.0,4909.0,47473.45,47473.45,47473.45,0.0,0.0,False,none
F-04070,POP Ginger Chews Original 8 oz,1,SF,2023-06,2023-06-01,4264.0,4264.0,0.0,4264.0,39189.30999999999,39189.30999999999,39189.31,0.0,0.0,False,none
F-04070,POP Ginger Chews Original 8 oz,1,SF,2023-07,2023-07-01,5761.0,5761.0,0.0,5761.0,59317.34,59317.34,59317.34,0.0,0.0,False,none
F-04070,POP Ginger Chews Original 8 oz,1,SF,2023-08,2023-08-01,3600.0,3600.0,0.0,3600.0,48603.75,48603.75,48603.75,0.0,0.0,False,none
F-04070,POP Ginger Chews Original 8 oz,1,SF,2023-09,2023-09-01,1595.0,1595.0,3462.0,5057.0,21532.03,21532.03,68268.01,0.0,0.0,True,deep_drop_gap
F-04070,POP Ginger Chews Original 8 oz,1,SF,2023-10,2023-10-01,6239.0,6239.0,0.0,6239.0,84808.08,84808.08,84808.08,0.0,0.0,False,none
F-04070,POP Ginger Chews Original 8 oz,1,SF,2023-11,2023-11-01,4353.0,4353.0,0.0,4353.0,58882.350000000006,58882.350000000006,58882.35,0.0,0.0,False,none
F-04070,POP Ginger Chews Original 8 oz,1,SF,2023-12,2023-12-01,1991.0,1991.0,3645.0,5636.0,26490.34,26490.34,74987.22,0.0,0.0,True,deep_drop_gap
F-04070,POP Ginger Chews Original 8 oz,1,SF,2024-01,2024-01-01,5033.0,5033.0,0.0,5033.0,68401.59,68401.59,68401.59,0.0,0.0,False,none
F-04070,POP Ginger Chews Original 8 oz,1,SF,2024-02,2024-02-01,6272.0,6272.0,0.0,6272.0,85134.52999999998,85134.52999999998,85134.53,0.0,0.0,False,none
F-04070,POP Ginger Chews Original 8 oz,1,SF,2024-03,2024-03-01,4497.0,4497.0,0.0,4497.0,61030.24,61030.24,61030.24,0.0,0.0,False,none
F-04070,POP Ginger Chews Original 8 oz,1,SF,2024-04,2024-04-01,3054.0,3054.0,0.0,3054.0,41461.75,41461.75,41461.75,0.0,0.0,False,none
F-04070,POP Ginger Chews Original 8 oz,1,SF,2024-05,2024-05-01,5675.0,5675.0,0.0,5675.0,77000.76,77000.76,77000.76,0.0,0.0,False,none
F-04070,POP Ginger Chews Original 8 oz,1,SF,2024-06,2024-06-01,8213.0,8213.0,0.0,8213.0,111606.36,111606.36,111606.36,0.0,0.0,False,none
F-04070,POP Ginger Chews Original 8 oz,1,SF,2024-07,2024-07-01,5659.0,5659.0,0.0,5659.0,76975.23,76975.23,76975.23,0.0,0.0,False,none
F-04070,POP Ginger Chews Original 8 oz,1,SF,2024-08,2024-08-01,5655.0,5655.0,0.0,5655.0,76913.44,76913.44,76913.44,0.0,0.0,False,none
F-04070,POP Ginger Chews Original 8 oz,1,SF,2024-09,2024-09-01,1532.0,1532.0,4125.0,5657.0,20838.95,20838.95,76949.05,0.0,0.0,True,deep_drop_gap
F-04070,POP Ginger Chews Original 8 oz,1,SF,2024-10,2024-10-01,5707.0,5707.0,0.0,5707.0,77179.06999999999,77179.06999999999,77179.07,0.0,0.0,False,none
F-04070,POP Ginger Chews Original 8 oz,1,SF,2024-11,2024-11-01,4388.0,4388.0,0.0,4388.0,59562.67999999999,59562.67999999999,59562.68,0.0,0.0,False,none
F-04070,POP Ginger Chews Original 8 oz,1,SF,2024-12,2024-12-01,6840.0,6840.0,0.0,6840.0,92712.71,92712.71,92712.71,0.0,0.0,False,none
F-04070,POP Ginger Chews Original 8 oz,1,SF,2025-01,2025-01-01,7368.0,7368.0,0.0,7368.0,100189.79,100189.79,100189.79,0.0,0.0,False,none
F-04070,POP Ginger Chews Original 8 oz,1,SF,2025-02,2025-02-01,5124.0,5124.0,0.0,5124.0,69110.42,69110.42,69110.42,0.0,0.0,False,none
F-04070,POP Ginger Chews Original 8 oz,1,SF,2025-03,2025-03-01,8600.0,8600.0,0.0,8600.0,116993.78,116993.78,116993.78,0.0,0.0,False,none
F-04070,POP Ginger Chews Original 8 oz,1,SF,2025-04,2025-04-01,10267.0,10267.0,0.0,10267.0,139297.88999999998,139297.88999999998,139297.89,0.0,0.0,False,none
F-04070,POP Ginger Chews Original 8 oz,1,SF,2025-05,2025-05-01,17706.0,17706.0,0.0,17706.0,131077.90000000002,131077.90000000002,131077.9,0.0,0.0,False,none
F-04070,POP Ginger Chews Original 8 oz,1,SF,2025-06,2025-06-01,12326.0,12326.0,0.0,12326.0,114345.40000000001,114345.40000000001,114345.4,0.0,0.0,False,none
F-04070,POP Ginger Chews Original 8 oz,1,SF,2025-07,2025-07-01,7672.0,7672.0,0.0,7672.0,72969.98000000001,72969.98000000001,72969.98,0.0,0.0,False,none
F-04070,POP Ginger Chews Original 8 oz,1,SF,2025-08,2025-08-01,5870.0,5870.0,0.0,5870.0,51906.31,51906.31,51906.31,0.0,0.0,False,none
F-04070,POP Ginger Chews Original 8 oz,1,SF,2025-09,2025-09-01,1537.0,1537.0,4099.5,5636.5,23090.63,23090.63,84678.16,0.0,0.0,True,deep_drop_gap
F-04070,POP Ginger Chews Original 8 oz,1,SF,2025-10,2025-10-01,3136.0,3136.0,0.0,3136.0,47319.159999999996,47319.159999999996,47319.16,0.0,0.0,False,none
F-04070,POP Ginger Chews Original 8 oz,1,SF,2025-11,2025-11-01,5403.0,5403.0,0.0,5403.0,81867.11,81867.11,81867.11,0.0,0.0,False,none
F-04070,POP Ginger Chews Original 8 oz,1,SF,2025-12,2025-12-01,5656.0,5656.0,0.0,5656.0,85911.32,85911.32,85911.32,0.0,0.0,False,none
F-04070,POP Ginger Chews Original 8 oz,2,NJ,2023-01,2023-01-01,2478.0,2478.0,0.0,2478.0,9853.67,9853.67,9853.67,0.0,0.0,False,none
F-04070,POP Ginger Chews Original 8 oz,2,NJ,2023-02,2023-02-01,7853.0,7853.0,0.0,7853.0,14916.39,14916.39,14916.39,0.0,0.0,False,none
F-04070,POP Ginger Chews Original 8 oz,2,NJ,2023-03,2023-03-01,8735.0,8735.0,0.0,8735.0,19226.16,19226.16,19226.16,0.0,0.0,False,none
F-04070,POP Ginger Chews Original 8 oz,2,NJ,2023-04,2023-04-01,6464.0,6464.0,0.0,6464.0,16282.81,16282.81,16282.81,0.0,0.0,False,none
F-04070,POP Ginger Chews Original 8 oz,2,NJ,2023-05,2023-05-01,12192.0,12192.0,0.0,12192.0,23885.02,23885.02,23885.02,0.0,0.0,False,none
F-04070,POP Ginger Chews Original 8 oz,2,NJ,2023-06,2023-06-01,11325.0,11325.0,0.0,11325.0,21872.75,21872.75,21872.75,0.0,0.0,False,none
F-04070,POP Ginger Chews Original 8 oz,2,NJ,2023-07,2023-07-01,6343.0,6343.0,0.0,6343.0,12555.460000000001,12555.460000000001,12555.46,0.0,0.0,False,none
F-04070,POP Ginger Chews Original 8 oz,2,NJ,2023-08,2023-08-01,16158.0,16158.0,0.0,16158.0,35201.93,35201.93,35201.93,0.0,0.0,False,none
F-04070,POP Ginger Chews Original 8 oz,2,NJ,2023-09,2023-09-01,1805.0,1805.0,5926.0,7731.0,4618.28,4618.28,19780.57,0.0,0.0,True,deep_drop_gap
F-04070,POP Ginger Chews Original 8 oz,2,NJ,2023-10,2023-10-01,9119.0,9119.0,0.0,9119.0,18867.48,18867.48,18867.48,0.0,0.0,False,none
F-04070,POP Ginger Chews Original 8 oz,2,NJ,2023-11,2023-11-01,2501.0,2501.0,4409.5,6910.5,11118.58,11118.58,30721.69,0.0,0.0,True,deep_drop_gap
F-04070,POP Ginger Chews Original 8 oz,2,NJ,2023-12,2023-12-01,4702.0,4702.0,0.0,4702.0,11620.09,11620.09,11620.09,0.0,0.0,False,none
F-04070,POP Ginger Chews Original 8 oz,2,NJ,2024-01,2024-01-01,13869.0,13869.0,0.0,13869.0,69186.6,69186.6,69186.6,0.0,0.0,False,none
F-04070,POP Ginger Chews Original 8 oz,2,NJ,2024-02,2024-02-01,7843.0,7843.0,0.0,7843.0,33295.22,33295.22,33295.22,0.0,0.0,False,none
F-04070,POP Ginger Chews Original 8 oz,2,NJ,2024-03,2024-03-01,7054.0,7054.0,0.0,7054.0,39664.39000000001,39664.39000000001,39664.39,0.0,0.0,False,none
F-04070,POP Ginger Chews Original 8 oz,2,NJ,2024-04,2024-04-01,7074.0,7074.0,0.0,7074.0,45121.4,45121.4,45121.4,0.0,0.0,False,none
F-04070,POP Ginger Chews Original 8 oz,2,NJ,2024-05,2024-05-01,9496.0,9477.0,0.0,9477.0,35234.37,34819.98,34819.98,19.0,414.3899999999994,False,none
F-04070,POP Ginger Chews Original 8 oz,2,NJ,2024-06,2024-06-01,7044.0,7044.0,0.0,7044.0,25543.12,25543.12,25543.12,0.0,0.0,False,none
F-04070,POP Ginger Chews Original 8 oz,2,NJ,2024-07,2024-07-01,9676.0,9676.0,0.0,9676.0,30428.82,30428.82,30428.82,0.0,0.0,False,none
F-04070,POP Ginger Chews Original 8 oz,2,NJ,2024-08,2024-08-01,14272.0,14105.0,0.0,14105.0,54303.79,51377.590000000004,51377.59,167.0,2926.199999999997,False,none
F-04070,POP Ginger Chews Original 8 oz,2,NJ,2024-09,2024-09-01,5529.0,5527.0,0.0,5527.0,13054.15,13010.27,13010.27,2.0,43.8799999999992,False,none
F-04070,POP Ginger Chews Original 8 oz,2,NJ,2024-10,2024-10-01,6191.0,6190.0,0.0,6190.0,26897.14,26875.02,26875.02,1.0,22.11999999999898,False,none
F-04070,POP Ginger Chews Original 8 oz,2,NJ,2024-11,2024-11-01,6591.0,6591.0,0.0,6591.0,35851.31,35851.31,35851.31,0.0,0.0,False,none
F-04070,POP Ginger Chews Original 8 oz,2,NJ,2024-12,2024-12-01,9289.0,9283.0,0.0,9283.0,41324.29,41235.810000000005,41235.81,6.0,88.47999999999593,False,none
F-04070,POP Ginger Chews Original 8 oz,2,NJ,2025-01,2025-01-01,9588.0,9571.0,0.0,9571.0,27871.489999999998,27505.85,27505.85,17.0,365.6399999999994,False,none
F-04070,POP Ginger Chews Original 8 oz,2,NJ,2025-02,2025-02-01,7505.0,7499.0,0.0,7499.0,37606.88,37472.81,37472.81,6.0,134.0699999999997,False,none
F-04070,POP Ginger Chews Original 8 oz,2,NJ,2025-03,2025-03-01,6351.0,6281.0,0.0,6281.0,40227.100000000006,38840.100000000006,38840.1,70.0,1387.0,False,none
F-04070,POP Ginger Chews Original 8 oz,2,NJ,2025-04,2025-04-01,6415.0,6410.0,0.0,6410.0,39226.060000000005,39118.810000000005,39118.81,5.0,107.25,False,none
F-04070,POP Ginger Chews Original 8 oz,2,NJ,2025-05,2025-05-01,3829.0,3751.0,0.0,3751.0,22519.49,21173.940000000002,21173.94,78.0,1345.5499999999993,False,none
F-04070,POP Ginger Chews Original 8 oz,2,NJ,2025-06,2025-06-01,4829.0,4829.0,0.0,4829.0,33255.35,33255.35,33255.35,0.0,0.0,False,none
F-04070,POP Ginger Chews Original 8 oz,2,NJ,2025-07,2025-07-01,4919.0,4900.0,0.0,4900.0,42925.37,42469.54,42469.54,19.0,455.83000000000175,False,none
F-04070,POP Ginger Chews Original 8 oz,2,NJ,2025-08,2025-08-01,6341.0,6333.0,0.0,6333.0,18240.69,18052.989999999998,18052.99,8.0,187.70000000000073,False,none
F-04070,POP Ginger Chews Original 8 oz,2,NJ,2025-09,2025-09-01,4675.0,4673.0,0.0,4673.0,10647.33,10593.52,10593.52,2.0,53.80999999999949,False,none
F-04070,POP Ginger Chews Original 8 oz,2,NJ,2025-10,2025-10-01,8153.0,8153.0,0.0,8153.0,21417.34,21417.34,21417.34,0.0,0.0,False,none
F-04070,POP Ginger Chews Original 8 oz,2,NJ,2025-11,2025-11-01,8832.0,8780.0,0.0,8780.0,43053.950000000004,41811.490000000005,41811.49,52.0,1242.4599999999991,False,none
F-04070,POP Ginger Chews Original 8 oz,2,NJ,2025-12,2025-12-01,8970.0,8970.0,0.0,8970.0,39791.29,39791.29,39791.29,0.0,0.0,False,none
F-04070,POP Ginger Chews Original 8 oz,3,LA,2023-01,2023-01-01,80.0,80.0,0.0,80.0,849.68,849.68,849.68,0.0,0.0,False,none
F-04070,POP Ginger Chews Original 8 oz,3,LA,2023-02,2023-02-01,41.0,41.0,0.0,41.0,398.10999999999996,398.10999999999996,398.11,0.0,0.0,False,none
F-04070,POP Ginger Chews Original 8 oz,3,LA,2023-03,2023-03-01,163.0,163.0,0.0,163.0,2281.3199999999997,2281.3199999999997,2281.32,0.0,0.0,False,none
F-04070,POP Ginger Chews Original 8 oz,3,LA,2023-04,2023-04-01,62.0,62.0,0.0,62.0,724.7,724.7,724.7,0.0,0.0,False,none
F-04070,POP Ginger Chews Original 8 oz,3,LA,2023-05,2023-05-01,7.0,7.0,49.0,56.0,52.739999999999995,52.739999999999995,421.92,0.0,0.0,True,deep_drop_gap
F-04070,POP Ginger Chews Original 8 oz,3,LA,2023-06,2023-06-01,1.0,1.0,30.5,31.5,22.57,22.57,710.96,0.0,0.0,True,deep_drop_gap
F-04070,POP Ginger Chews Original 8 oz,3,LA,2023-07,2023-07-01,50.0,50.0,0.0,50.0,631.7,631.7,631.7,0.0,0.0,False,none
F-04070,POP Ginger Chews Original 8 oz,3,LA,2023-08,2023-08-01,13.0,13.0,51.0,64.0,152.26999999999998,152.26999999999998,749.64,0.0,0.0,True,deep_drop_gap
F-04070,POP Ginger Chews Original 8 oz,3,LA,2023-09,2023-09-01,116.0,116.0,0.0,116.0,1500.82,1500.82,1500.82,0.0,0.0,False,none
F-04070,POP Ginger Chews Original 8 oz,3,LA,2023-10,2023-10-01,78.0,78.0,0.0,78.0,970.2499999999999,970.2499999999999,970.25,0.0,0.0,False,none
F-04070,POP Ginger Chews Original 8 oz,3,LA,2023-11,2023-11-01,100.0,100.0,0.0,100.0,1415.04,1415.04,1415.04,0.0,0.0,False,none
F-04070,POP Ginger Chews Original 8 oz,3,LA,2023-12,2023-12-01,49.0,49.0,0.0,49.0,911.82,911.82,911.82,0.0,0.0,False,none
F-04070,POP Ginger Chews Original 8 oz,3,LA,2024-01,2024-01-01,141.0,141.0,0.0,141.0,1884.5,1884.5,1884.5,0.0,0.0,False,none
F-04070,POP Ginger Chews Original 8 oz,3,LA,2024-02,2024-02-01,25.0,25.0,67.5,92.5,453.21,453.21,1676.88,0.0,0.0,True,deep_drop_gap
F-04070,POP Ginger Chews Original 8 oz,3,LA,2024-03,2024-03-01,62.0,62.0,0.0,62.0,1298.23,1298.23,1298.23,0.0,0.0,False,none
F-04070,POP Ginger Chews Original 8 oz,3,LA,2024-04,2024-04-01,123.0,123.0,0.0,123.0,2108.0599999999995,2108.0599999999995,2108.06,0.0,0.0,False,none
F-04070,POP Ginger Chews Original 8 oz,3,LA,2024-05,2024-05-01,89.0,89.0,0.0,89.0,1550.53,1550.53,1550.53,0.0,0.0,False,none
F-04070,POP Ginger Chews Original 8 oz,3,LA,2024-06,2024-06-01,70.0,70.0,0.0,70.0,1261.66,1261.66,1261.66,0.0,0.0,False,none
F-04070,POP Ginger Chews Original 8 oz,3,LA,2024-07,2024-07-01,166.0,166.0,0.0,166.0,3148.1,3148.1,3148.1,0.0,0.0,False,none
F-04070,POP Ginger Chews Original 8 oz,3,LA,2024-08,2024-08-01,112.0,112.0,0.0,112.0,1875.58,1875.58,1875.58,0.0,0.0,False,none
F-04070,POP Ginger Chews Original 8 oz,3,LA,2024-09,2024-09-01,58.0,58.0,0.0,58.0,1158.99,1158.99,1158.99,0.0,0.0,False,none
F-04070,POP Ginger Chews Original 8 oz,3,LA,2024-10,2024-10-01,75.0,75.0,0.0,75.0,1295.36,1295.36,1295.36,0.0,0.0,False,none
F-04070,POP Ginger Chews Original 8 oz,3,LA,2024-11,2024-11-01,132.0,132.0,0.0,132.0,2147.52,2147.52,2147.52,0.0,0.0,False,none
F-04070,POP Ginger Chews Original 8 oz,3,LA,2024-12,2024-12-01,130.0,130.0,0.0,130.0,2185.48,2185.48,2185.48,0.0,0.0,False,none
F-04070,POP Ginger Chews Original 8 oz,3,LA,2025-01,2025-01-01,50.0,50.0,81.0,131.0,984.18,984.18,2578.55,0.0,0.0,True,deep_drop_gap
F-04070,POP Ginger Chews Original 8 oz,3,LA,2025-02,2025-02-01,31.0,31.0,177.5,208.5,615.04,615.04,4136.64,0.0,0.0,True,deep_drop_gap
F-04070,POP Ginger Chews Original 8 oz,3,LA,2025-03,2025-03-01,287.0,287.0,0.0,287.0,4794.379999999999,4794.379999999999,4794.38,0.0,0.0,False,none
F-04070,POP Ginger Chews Original 8 oz,3,LA,2025-04,2025-04-01,335.0,335.0,0.0,335.0,5372.95,5372.95,5372.95,0.0,0.0,False,none
F-04070,POP Ginger Chews Original 8 oz,3,LA,2025-05,2025-05-01,78.0,78.0,146.5,224.5,1415.1599999999999,1415.1599999999999,4073.12,0.0,0.0,True,deep_drop_gap
F-04070,POP Ginger Chews Original 8 oz,3,LA,2025-06,2025-06-01,57.0,57.0,0.0,57.0,1034.62,1034.62,1034.62,0.0,0.0,False,none
F-04070,POP Ginger Chews Original 8 oz,3,LA,2025-07,2025-07-01,162.0,162.0,0.0,162.0,2697.15,2697.15,2697.15,0.0,0.0,False,none
F-04070,POP Ginger Chews Original 8 oz,3,LA,2025-08,2025-08-01,13.0,13.0,111.0,124.0,309.26,309.26,2949.86,0.0,0.0,True,deep_drop_gap
F-04070,POP Ginger Chews Original 8 oz,3,LA,2025-09,2025-09-01,86.0,86.0,0.0,86.0,1347.45,1347.45,1347.45,0.0,0.0,False,none
F-04070,POP Ginger Chews Original 8 oz,3,LA,2025-10,2025-10-01,320.0,320.0,0.0,320.0,4318.83,4318.83,4318.83,0.0,0.0,False,none
F-04070,POP Ginger Chews Original 8 oz,3,LA,2025-11,2025-11-01,181.0,180.0,0.0,180.0,2823.77,2801.2,2801.2,1.0,22.570000000000164,False,none
F-04070,POP Ginger Chews Original 8 oz,3,LA,2025-12,2025-12-01,2572.0,2567.0,0.0,2567.0,35241.34,35155.57,35155.57,5.0,85.7699999999968,False,none
F-04070,POP Ginger Chews Original 8 oz,E1,UNMAPPED,2025-01,2025-01-01,6.0,6.0,0.0,6.0,39.44,39.44,39.44,0.0,0.0,False,none
F-04070,POP Ginger Chews Original 8 oz,E1,UNMAPPED,2025-02,2025-02-01,8.0,8.0,0.0,8.0,55.22,55.22,55.22,0.0,0.0,False,none
F-04070,POP Ginger Chews Original 8 oz,E1,UNMAPPED,2025-03,2025-03-01,17.0,17.0,0.0,17.0,118.33,118.33,118.33,0.0,0.0,False,none
F-04070,POP Ginger Chews Original 8 oz,E1,UNMAPPED,2025-04,2025-04-01,6.0,6.0,0.0,6.0,39.44,39.44,39.44,0.0,0.0,False,none
F-04070,POP Ginger Chews Original 8 oz,E1,UNMAPPED,2025-05,2025-05-01,1.0,1.0,4.0,5.0,6.16,6.16,30.8,0.0,0.0,True,deep_drop_gap
F-04070,POP Ginger Chews Original 8 oz,E1,UNMAPPED,2025-06,2025-06-01,4.0,4.0,0.0,4.0,32.91,32.91,32.91,0.0,0.0,False,none
F-04070,POP Ginger Chews Original 8 oz,E1,UNMAPPED,2025-07,2025-07-01,3.0,3.0,0.0,3.0,25.7,25.7,25.7,0.0,0.0,False,none
F-04070,POP Ginger Chews Original 8 oz,L,UNMAPPED,2025-06,2025-06-01,1981.0,1981.0,0.0,1981.0,26935.46,26935.46,26935.46,0.0,0.0,False,none
F-04070,POP Ginger Chews Original 8 oz,L,UNMAPPED,2025-07,2025-07-01,5428.0,5428.0,0.0,5428.0,73823.1,73823.1,73823.1,0.0,0.0,False,none
F-04070,POP Ginger Chews Original 8 oz,L,UNMAPPED,2025-08,2025-08-01,8142.0,8142.0,0.0,8142.0,110734.65,110734.65,110734.65,0.0,0.0,False,none
F-04070,POP Ginger Chews Original 8 oz,L,UNMAPPED,2025-09,2025-09-01,0.0,0.0,5428.5,5428.5,0.0,0.0,73829.9,0.0,0.0,True,zero_sales_gap
F-04070,POP Ginger Chews Original 8 oz,L,UNMAPPED,2025-10,2025-10-01,2088.0,2088.0,0.0,2088.0,31733.91,31733.91,31733.91,0.0,0.0,False,none
F-04070,POP Ginger Chews Original 8 oz,L,UNMAPPED,2025-11,2025-11-01,5429.0,5429.0,0.0,5429.0,82508.17,82508.17,82508.17,0.0,0.0,False,none
F-04070,POP Ginger Chews Original 8 oz,L,UNMAPPED,2025-12,2025-12-01,1253.0,1253.0,0.0,1253.0,19040.35,19040.35,19040.35,0.0,0.0,False,none
F-04071,POP Ginger Chews Lemon 8 oz,1,SF,2023-01,2023-01-01,4276.0,4276.0,0.0,4276.0,20868.15,20868.15,20868.15,0.0,0.0,False,none
F-04071,POP Ginger Chews Lemon 8 oz,1,SF,2023-02,2023-02-01,3439.0,3439.0,0.0,3439.0,46650.45,46650.45,46650.45,0.0,0.0,False,none
F-04071,POP Ginger Chews Lemon 8 oz,1,SF,2023-03,2023-03-01,5366.0,5366.0,0.0,5366.0,54711.270000000004,54711.270000000004,54711.27,0.0,0.0,False,none
F-04071,POP Ginger Chews Lemon 8 oz,1,SF,2023-04,2023-04-01,5094.0,5094.0,0.0,5094.0,51393.05,51393.05,51393.05,0.0,0.0,False,none
F-04071,POP Ginger Chews Lemon 8 oz,1,SF,2023-05,2023-05-01,4760.0,4760.0,0.0,4760.0,46669.14,46669.14,46669.14,0.0,0.0,False,none
F-04071,POP Ginger Chews Lemon 8 oz,1,SF,2023-06,2023-06-01,5311.0,5311.0,0.0,5311.0,54382.0,54382.0,54382.0,0.0,0.0,False,none
F-04071,POP Ginger Chews Lemon 8 oz,1,SF,2023-07,2023-07-01,4274.0,4274.0,0.0,4274.0,40239.76,40239.76,40239.76,0.0,0.0,False,none
F-04071,POP Ginger Chews Lemon 8 oz,1,SF,2023-08,2023-08-01,3604.0,3604.0,0.0,3604.0,48834.189999999995,48834.189999999995,48834.19,0.0,0.0,False,none
F-04071,POP Ginger Chews Lemon 8 oz,1,SF,2023-09,2023-09-01,2023.0,2023.0,0.0,2023.0,27305.52,27305.52,27305.52,0.0,0.0,False,none
F-04071,POP Ginger Chews Lemon 8 oz,1,SF,2023-10,2023-10-01,1706.0,1706.0,0.0,1706.0,23180.63,23180.63,23180.63,0.0,0.0,False,none
F-04071,POP Ginger Chews Lemon 8 oz,1,SF,2023-11,2023-11-01,3091.0,3091.0,0.0,3091.0,41811.81,41811.81,41811.81,0.0,0.0,False,none
F-04071,POP Ginger Chews Lemon 8 oz,1,SF,2023-12,2023-12-01,2722.0,2722.0,0.0,2722.0,36849.46,36849.46,36849.46,0.0,0.0,False,none
F-04071,POP Ginger Chews Lemon 8 oz,1,SF,2024-01,2024-01-01,1355.0,1355.0,2167.5,3522.5,18248.18,18248.18,47438.53,0.0,0.0,True,deep_drop_gap
F-04071,POP Ginger Chews Lemon 8 oz,1,SF,2024-02,2024-02-01,3954.0,3954.0,0.0,3954.0,53669.740000000005,53669.740000000005,53669.74,0.0,0.0,False,none
F-04071,POP Ginger Chews Lemon 8 oz,1,SF,2024-03,2024-03-01,6039.0,6039.0,0.0,6039.0,81965.36,81965.36,81965.36,0.0,0.0,False,none
F-04071,POP Ginger Chews Lemon 8 oz,1,SF,2024-04,2024-04-01,2278.0,2278.0,0.0,2278.0,31036.490000000005,31036.490000000005,31036.49,0.0,0.0,False,none
F-04071,POP Ginger Chews Lemon 8 oz,1,SF,2024-05,2024-05-01,11.0,11.0,4147.5,4158.5,182.14000000000001,182.14000000000001,68857.2,0.0,0.0,True,deep_drop_gap
F-04071,POP Ginger Chews Lemon 8 oz,1,SF,2024-06,2024-06-01,6175.0,6175.0,0.0,6175.0,83970.72,83970.72,83970.72,0.0,0.0,False,none
F-04071,POP Ginger Chews Lemon 8 oz,1,SF,2024-07,2024-07-01,2111.0,2111.0,0.0,2111.0,28666.57,28666.57,28666.57,0.0,0.0,False,none
F-04071,POP Ginger Chews Lemon 8 oz,1,SF,2024-08,2024-08-01,5393.0,5393.0,0.0,5393.0,73247.09,73247.09,73247.09,0.0,0.0,False,none
F-04071,POP Ginger Chews Lemon 8 oz,1,SF,2024-09,2024-09-01,4.0,4.0,4375.0,4379.0,30.59,30.59,33488.4,0.0,0.0,True,deep_drop_gap
F-04071,POP Ginger Chews Lemon 8 oz,1,SF,2024-10,2024-10-01,3413.0,3365.0,0.0,3365.0,46517.33,45685.32,45685.32,48.0,832.010000000002,False,none
F-04071,POP Ginger Chews Lemon 8 oz,1,SF,2024-11,2024-11-01,5890.0,5890.0,0.0,5890.0,80112.18,80112.18,80112.18,0.0,0.0,False,none
F-04071,POP Ginger Chews Lemon 8 oz,1,SF,2024-12,2024-12-01,2986.0,2986.0,0.0,2986.0,40228.659999999996,40228.659999999996,40228.66,0.0,0.0,False,none
F-04071,POP Ginger Chews Lemon 8 oz,1,SF,2025-01,2025-01-01,4550.0,4550.0,0.0,4550.0,61886.91,61886.91,61886.91,0.0,0.0,False,none
F-04071,POP Ginger Chews Lemon 8 oz,1,SF,2025-02,2025-02-01,4049.0,4049.0,0.0,4049.0,54575.810000000005,54575.810000000005,54575.81,0.0,0.0,False,none
F-04071,POP Ginger Chews Lemon 8 oz,1,SF,2025-03,2025-03-01,6115.0,6115.0,0.0,6115.0,83207.19,83207.19,83207.19,0.0,0.0,False,none
F-04071,POP Ginger Chews Lemon 8 oz,1,SF,2025-04,2025-04-01,5601.0,5601.0,0.0,5601.0,75943.86,75943.86,75943.86,0.0,0.0,False,none
F-04071,POP Ginger Chews Lemon 8 oz,1,SF,2025-05,2025-05-01,10337.0,10337.0,0.0,10337.0,48861.41,48861.41,48861.41,0.0,0.0,False,none
F-04071,POP Ginger Chews Lemon 8 oz,1,SF,2025-06,2025-06-01,8210.0,8210.0,0.0,8210.0,70537.65000000001,70537.65000000001,70537.65,0.0,0.0,False,none
F-04071,POP Ginger Chews Lemon 8 oz,1,SF,2025-07,2025-07-01,6182.0,6182.0,0.0,6182.0,63178.98,63178.98,63178.98,0.0,0.0,False,none
F-04071,POP Ginger Chews Lemon 8 oz,1,SF,2025-08,2025-08-01,4968.0,4968.0,0.0,4968.0,48532.26,48532.26,48532.26,0.0,0.0,False,none
F-04071,POP Ginger Chews Lemon 8 oz,1,SF,2025-09,2025-09-01,1821.0,1821.0,3644.0,5465.0,27666.52,27666.52,83029.95,0.0,0.0,True,deep_drop_gap
F-04071,POP Ginger Chews Lemon 8 oz,1,SF,2025-10,2025-10-01,2734.0,2734.0,0.0,2734.0,41299.950000000004,41299.950000000004,41299.95,0.0,0.0,False,none
F-04071,POP Ginger Chews Lemon 8 oz,1,SF,2025-11,2025-11-01,5962.0,5962.0,0.0,5962.0,90455.9,90455.9,90455.9,0.0,0.0,False,none
F-04071,POP Ginger Chews Lemon 8 oz,1,SF,2025-12,2025-12-01,2018.0,2018.0,0.0,2018.0,30612.149999999998,30612.149999999998,30612.15,0.0,0.0,False,none
F-04071,POP Ginger Chews Lemon 8 oz,2,NJ,2023-01,2023-01-01,2264.0,2264.0,0.0,2264.0,8093.160000000001,8093.160000000001,8093.16,0.0,0.0,False,none
F-04071,POP Ginger Chews Lemon 8 oz,2,NJ,2023-02,2023-02-01,6277.0,6277.0,0.0,6277.0,11845.900000000001,11845.900000000001,11845.9,0.0,0.0,False,none
F-04071,POP Ginger Chews Lemon 8 oz,2,NJ,2023-03,2023-03-01,4831.0,4831.0,0.0,4831.0,9866.179999999998,9866.179999999998,9866.18,0.0,0.0,False,none
F-04071,POP Ginger Chews Lemon 8 oz,2,NJ,2023-04,2023-04-01,5986.0,5986.0,0.0,5986.0,12183.4,12183.4,12183.4,0.0,0.0,False,none
F-04071,POP Ginger Chews Lemon 8 oz,2,NJ,2023-05,2023-05-01,8877.0,8877.0,0.0,8877.0,16414.64,16414.64,16414.64,0.0,0.0,False,none
F-04071,POP Ginger Chews Lemon 8 oz,2,NJ,2023-06,2023-06-01,7639.0,7639.0,0.0,7639.0,14178.220000000001,14178.220000000001,14178.22,0.0,0.0,False,none
F-04071,POP Ginger Chews Lemon 8 oz,2,NJ,2023-07,2023-07-01,3336.0,3336.0,0.0,3336.0,6787.47,6787.47,6787.47,0.0,0.0,False,none
F-04071,POP Ginger Chews Lemon 8 oz,2,NJ,2023-08,2023-08-01,12231.0,12231.0,0.0,12231.0,25952.57,25952.57,25952.57,0.0,0.0,False,none
F-04071,POP Ginger Chews Lemon 8 oz,2,NJ,2023-09,2023-09-01,1310.0,1310.0,4099.5,5409.5,2665.78,2665.78,11008.04,0.0,0.0,True,deep_drop_gap
F-04071,POP Ginger Chews Lemon 8 oz,2,NJ,2023-10,2023-10-01,7483.0,7483.0,0.0,7483.0,30191.64,30191.64,30191.64,0.0,0.0,False,none
F-04071,POP Ginger Chews Lemon 8 oz,2,NJ,2023-11,2023-11-01,1412.0,1412.0,3806.0,5218.0,6982.46,6982.46,25803.45,0.0,0.0,True,deep_drop_gap
F-04071,POP Ginger Chews Lemon 8 oz,2,NJ,2023-12,2023-12-01,2953.0,2953.0,4962.0,7915.0,6065.4800000000005,6065.4800000000005,16257.46,0.0,0.0,True,deep_drop_gap
F-04071,POP Ginger Chews Lemon 8 oz,2,NJ,2024-01,2024-01-01,8347.0,8347.0,0.0,8347.0,22237.110000000004,22237.110000000004,22237.11,0.0,0.0,False,none
F-04071,POP Ginger Chews Lemon 8 oz,2,NJ,2024-02,2024-02-01,8508.0,8508.0,0.0,8508.0,64911.200000000004,64911.200000000004,64911.2,0.0,0.0,False,none
F-04071,POP Ginger Chews Lemon 8 oz,2,NJ,2024-03,2024-03-01,5335.0,5332.0,0.0,5332.0,29882.25,29819.34,29819.34,3.0,62.909999999999854,False,none
F-04071,POP Ginger Chews Lemon 8 oz,2,NJ,2024-04,2024-04-01,6023.0,6023.0,0.0,6023.0,46025.37,46025.37,46025.37,0.0,0.0,False,none
F-04071,POP Ginger Chews Lemon 8 oz,2,NJ,2024-05,2024-05-01,6289.0,6289.0,0.0,6289.0,23139.07,23139.07,23139.07,0.0,0.0,False,none
F-04071,POP Ginger Chews Lemon 8 oz,2,NJ,2024-06,2024-06-01,5324.0,5324.0,0.0,5324.0,18979.56,18979.56,18979.56,0.0,0.0,False,none
F-04071,POP Ginger Chews Lemon 8 oz,2,NJ,2024-07,2024-07-01,7034.0,7034.0,0.0,7034.0,25024.66,25024.66,25024.66,0.0,0.0,False,none
F-04071,POP Ginger Chews Lemon 8 oz,2,NJ,2024-08,2024-08-01,10171.0,10110.0,0.0,10110.0,30194.07,29168.1,29168.1,61.0,1025.9700000000012,False,none
F-04071,POP Ginger Chews Lemon 8 oz,2,NJ,2024-09,2024-09-01,4167.0,4165.0,0.0,4165.0,10076.51,10034.91,10034.91,2.0,41.600000000000364,False,none
F-04071,POP Ginger Chews Lemon 8 oz,2,NJ,2024-10,2024-10-01,5486.0,5486.0,0.0,5486.0,24605.61,24605.61,24605.61,0.0,0.0,False,none
F-04071,POP Ginger Chews Lemon 8 oz,2,NJ,2024-11,2024-11-01,4619.0,4619.0,0.0,4619.0,19375.77,19375.77,19375.77,0.0,0.0,False,none
F-04071,POP Ginger Chews Lemon 8 oz,2,NJ,2024-12,2024-12-01,6422.0,6417.0,0.0,6417.0,21142.820000000003,21058.93,21058.93,5.0,83.89000000000306,False,none
F-04071,POP Ginger Chews Lemon 8 oz,2,NJ,2025-01,2025-01-01,7600.0,7595.0,0.0,7595.0,26303.000000000004,26187.440000000002,26187.44,5.0,115.56000000000131,False,none
F-04071,POP Ginger Chews Lemon 8 oz,2,NJ,2025-02,2025-02-01,5316.0,5316.0,0.0,5316.0,25054.3,25054.3,25054.3,0.0,0.0,False,none
F-04071,POP Ginger Chews Lemon 8 oz,2,NJ,2025-03,2025-03-01,4365.0,4333.0,0.0,4333.0,22939.28,22269.969999999998,22269.97,32.0,669.3100000000013,False,none
F-04071,POP Ginger Chews Lemon 8 oz,2,NJ,2025-04,2025-04-01,4386.0,4386.0,0.0,4386.0,19788.4,19788.4,19788.4,0.0,0.0,False,none
F-04071,POP Ginger Chews Lemon 8 oz,2,NJ,2025-05,2025-05-01,2594.0,2566.0,0.0,2566.0,18713.11,18218.53,18218.53,28.0,494.58000000000175,False,none
F-04071,POP Ginger Chews Lemon 8 oz,2,NJ,2025-06,2025-06-01,2487.0,2487.0,0.0,2487.0,18482.77,18482.77,18482.77,0.0,0.0,False,none
F-04071,POP Ginger Chews Lemon 8 oz,2,NJ,2025-07,2025-07-01,2950.0,2950.0,0.0,2950.0,17288.940000000002,17288.940000000002,17288.94,0.0,0.0,False,none
F-04071,POP Ginger Chews Lemon 8 oz,2,NJ,2025-08,2025-08-01,4821.0,4821.0,0.0,4821.0,16700.1,16700.1,16700.1,0.0,0.0,False,none
F-04071,POP Ginger Chews Lemon 8 oz,2,NJ,2025-09,2025-09-01,3880.0,3873.0,0.0,3873.0,11151.83,10973.27,10973.27,7.0,178.5599999999995,False,none
F-04071,POP Ginger Chews Lemon 8 oz,2,NJ,2025-10,2025-10-01,6009.0,6009.0,0.0,6009.0,14249.27,14249.27,14249.27,0.0,0.0,False,none
F-04071,POP Ginger Chews Lemon 8 oz,2,NJ,2025-11,2025-11-01,5837.0,5828.0,0.0,5828.0,19788.550000000003,19554.350000000002,19554.35,9.0,234.20000000000073,False,none
F-04071,POP Ginger Chews Lemon 8 oz,2,NJ,2025-12,2025-12-01,7826.0,7826.0,0.0,7826.0,47652.93,47652.93,47652.93,0.0,0.0,False,none
F-04071,POP Ginger Chews Lemon 8 oz,3,LA,2023-01,2023-01-01,90.0,90.0,0.0,90.0,758.53,758.53,758.53,0.0,0.0,False,none
F-04071,POP Ginger Chews Lemon 8 oz,3,LA,2023-02,2023-02-01,35.0,35.0,0.0,35.0,291.84000000000003,291.84000000000003,291.84,0.0,0.0,False,none
F-04071,POP Ginger Chews Lemon 8 oz,3,LA,2023-03,2023-03-01,68.0,68.0,0.0,68.0,933.88,933.88,933.88,0.0,0.0,False,none
F-04071,POP Ginger Chews Lemon 8 oz,3,LA,2023-04,2023-04-01,7.0,7.0,12.0,19.0,43.86,43.86,119.05,0.0,0.0,True,deep_drop_gap
F-04071,POP Ginger Chews Lemon 8 oz,3,LA,2023-05,2023-05-01,1.0,1.0,7.0,8.0,5.34,5.34,42.72,0.0,0.0,True,deep_drop_gap
F-04071,POP Ginger Chews Lemon 8 oz,3,LA,2023-06,2023-06-01,3.0,3.0,5.0,8.0,10.68,10.68,28.48,0.0,0.0,True,deep_drop_gap
F-04071,POP Ginger Chews Lemon 8 oz,3,LA,2023-07,2023-07-01,9.0,9.0,0.0,9.0,181.9,181.9,181.9,0.0,0.0,False,none
F-04071,POP Ginger Chews Lemon 8 oz,3,LA,2023-08,2023-08-01,13.0,13.0,0.0,13.0,246.07999999999998,246.07999999999998,246.08,0.0,0.0,False,none
F-04071,POP Ginger Chews Lemon 8 oz,3,LA,2023-09,2023-09-01,69.0,69.0,0.0,69.0,1059.7,1059.7,1059.7,0.0,0.0,False,none
F-04071,POP Ginger Chews Lemon 8 oz,3,LA,2023-10,2023-10-01,31.0,31.0,0.0,31.0,584.22,584.22,584.22,0.0,0.0,False,none
F-04071,POP Ginger Chews Lemon 8 oz,3,LA,2023-11,2023-11-01,53.0,53.0,0.0,53.0,1029.5900000000001,1029.5900000000001,1029.59,0.0,0.0,False,none
F-04071,POP Ginger Chews Lemon 8 oz,3,LA,2023-12,2023-12-01,39.0,39.0,0.0,39.0,759.7,759.7,759.7,0.0,0.0,False,none
F-04071,POP Ginger Chews Lemon 8 oz,3,LA,2024-01,2024-01-01,120.0,120.0,0.0,120.0,1765.37,1765.37,1765.37,0.0,0.0,False,none
F-04071,POP Ginger Chews Lemon 8 oz,3,LA,2024-02,2024-02-01,26.0,26.0,44.0,70.0,363.79999999999995,363.79999999999995,979.46,0.0,0.0,True,deep_drop_gap
F-04071,POP Ginger Chews Lemon 8 oz,3,LA,2024-03,2024-03-01,42.0,42.0,67.0,109.0,860.6800000000001,860.6800000000001,2233.67,0.0,0.0,True,deep_drop_gap
F-04071,POP Ginger Chews Lemon 8 oz,3,LA,2024-04,2024-04-01,98.0,98.0,0.0,98.0,1639.2099999999998,1639.2099999999998,1639.21,0.0,0.0,False,none
F-04071,POP Ginger Chews Lemon 8 oz,3,LA,2024-05,2024-05-01,2136.0,2136.0,0.0,2136.0,29167.33,29167.33,29167.33,0.0,0.0,False,none
F-04071,POP Ginger Chews Lemon 8 oz,3,LA,2024-06,2024-06-01,22.0,22.0,99.0,121.0,424.78000000000003,424.78000000000003,2336.29,0.0,0.0,True,deep_drop_gap
F-04071,POP Ginger Chews Lemon 8 oz,3,LA,2024-07,2024-07-01,144.0,144.0,0.0,144.0,2698.04,2698.04,2698.04,0.0,0.0,False,none
F-04071,POP Ginger Chews Lemon 8 oz,3,LA,2024-08,2024-08-01,74.0,74.0,0.0,74.0,1461.1599999999999,1461.1599999999999,1461.16,0.0,0.0,False,none
F-04071,POP Ginger Chews Lemon 8 oz,3,LA,2024-09,2024-09-01,85.0,85.0,0.0,85.0,1531.7800000000002,1531.7800000000002,1531.78,0.0,0.0,False,none
F-04071,POP Ginger Chews Lemon 8 oz,3,LA,2024-10,2024-10-01,33.0,33.0,0.0,33.0,692.29,692.29,692.29,0.0,0.0,False,none
F-04071,POP Ginger Chews Lemon 8 oz,3,LA,2024-11,2024-11-01,61.0,61.0,0.0,61.0,1028.07,1028.07,1028.07,0.0,0.0,False,none
F-04071,POP Ginger Chews Lemon 8 oz,3,LA,2024-12,2024-12-01,134.0,134.0,0.0,134.0,2131.82,2131.82,2131.82,0.0,0.0,False,none
F-04071,POP Ginger Chews Lemon 8 oz,3,LA,2025-01,2025-01-01,53.0,53.0,0.0,53.0,1025.54,1025.54,1025.54,0.0,0.0,False,none
F-04071,POP Ginger Chews Lemon 8 oz,3,LA,2025-02,2025-02-01,26.0,26.0,88.5,114.5,521.08,521.08,2294.76,0.0,0.0,True,deep_drop_gap
F-04071,POP Ginger Chews Lemon 8 oz,3,LA,2025-03,2025-03-01,109.0,109.0,0.0,109.0,2086.8599999999997,2086.8599999999997,2086.86,0.0,0.0,False,none
F-04071,POP Ginger Chews Lemon 8 oz,3,LA,2025-04,2025-04-01,120.0,120.0,0.0,120.0,2244.8199999999997,2244.8199999999997,2244.82,0.0,0.0,False,none
F-04071,POP Ginger Chews Lemon 8 oz,3,LA,2025-05,2025-05-01,45.0,45.0,69.5,114.5,814.26,814.26,2071.84,0.0,0.0,True,deep_drop_gap
F-04071,POP Ginger Chews Lemon 8 oz,3,LA,2025-06,2025-06-01,36.0,36.0,0.0,36.0,693.3499999999999,693.3499999999999,693.35,0.0,0.0,False,none
F-04071,POP Ginger Chews Lemon 8 oz,3,LA,2025-07,2025-07-01,127.0,127.0,0.0,127.0,2129.24,2129.24,2129.24,0.0,0.0,False,none
F-04071,POP Ginger Chews Lemon 8 oz,3,LA,2025-08,2025-08-01,23.0,23.0,0.0,23.0,481.0,481.0,481.0,0.0,0.0,False,none
F-04071,POP Ginger Chews Lemon 8 oz,3,LA,2025-09,2025-09-01,29.0,29.0,0.0,29.0,588.4899999999999,588.4899999999999,588.49,0.0,0.0,False,none
F-04071,POP Ginger Chews Lemon 8 oz,3,LA,2025-10,2025-10-01,33.0,33.0,0.0,33.0,700.51,700.51,700.51,0.0,0.0,False,none
F-04071,POP Ginger Chews Lemon 8 oz,3,LA,2025-11,2025-11-01,73.0,72.0,0.0,72.0,1278.4099999999999,1257.01,1257.01,1.0,21.399999999999864,False,none
F-04071,POP Ginger Chews Lemon 8 oz,3,LA,2025-12,2025-12-01,508.0,505.0,0.0,505.0,7007.659999999999,6946.669999999999,6946.67,3.0,60.98999999999978,False,none
F-04071,POP Ginger Chews Lemon 8 oz,E1,UNMAPPED,2025-01,2025-01-01,9.0,9.0,0.0,9.0,67.32,67.32,67.32,0.0,0.0,False,none
F-04071,POP Ginger Chews Lemon 8 oz,E1,UNMAPPED,2025-02,2025-02-01,4.0,4.0,0.0,4.0,29.92,29.92,29.92,0.0,0.0,False,none
F-04071,POP Ginger Chews Lemon 8 oz,E1,UNMAPPED,2025-03,2025-03-01,22.0,22.0,0.0,22.0,149.58,149.58,149.58,0.0,0.0,False,none
F-04071,POP Ginger Chews Lemon 8 oz,E1,UNMAPPED,2025-04,2025-04-01,1.0,1.0,0.0,1.0,7.48,7.48,7.48,0.0,0.0,False,none
F-04071,POP Ginger Chews Lemon 8 oz,L,UNMAPPED,2025-11,2025-11-01,792.0,792.0,0.0,792.0,12034.99,12034.99,12034.99,0.0,0.0,False,none
F-04073,POP Ginger Chews Mango 8 oz,1,SF,2023-01,2023-01-01,3736.0,3736.0,0.0,3736.0,20166.62,20166.62,20166.62,0.0,0.0,False,none
F-04073,POP Ginger Chews Mango 8 oz,1,SF,2023-02,2023-02-01,2127.0,2127.0,0.0,2127.0,28851.77,28851.77,28851.77,0.0,0.0,False,none
F-04073,POP Ginger Chews Mango 8 oz,1,SF,2023-03,2023-03-01,4876.0,4876.0,0.0,4876.0,47370.53999999999,47370.53999999999,47370.54,0.0,0.0,False,none
F-04073,POP Ginger Chews Mango 8 oz,1,SF,2023-04,2023-04-01,3548.0,3548.0,0.0,3548.0,29864.21,29864.21,29864.21,0.0,0.0,False,none
F-04073,POP Ginger Chews Mango 8 oz,1,SF,2023-05,2023-05-01,3392.0,3392.0,0.0,3392.0,27498.32,27498.32,27498.32,0.0,0.0,False,none
F-04073,POP Ginger Chews Mango 8 oz,1,SF,2023-06,2023-06-01,4292.0,4292.0,0.0,4292.0,39976.770000000004,39976.770000000004,39976.77,0.0,0.0,False,none
F-04073,POP Ginger Chews Mango 8 oz,1,SF,2023-07,2023-07-01,3711.0,3711.0,0.0,3711.0,32060.67,32060.67,32060.67,0.0,0.0,False,none
F-04073,POP Ginger Chews Mango 8 oz,1,SF,2023-08,2023-08-01,2997.0,2997.0,0.0,2997.0,40407.46000000001,40407.46000000001,40407.46,0.0,0.0,False,none
F-04073,POP Ginger Chews Mango 8 oz,1,SF,2023-09,2023-09-01,1105.0,1105.0,0.0,1105.0,14703.78,14703.78,14703.78,0.0,0.0,False,none
F-04073,POP Ginger Chews Mango 8 oz,1,SF,2023-10,2023-10-01,2432.0,2432.0,0.0,2432.0,32937.670000000006,32937.670000000006,32937.67,0.0,0.0,False,none
F-04073,POP Ginger Chews Mango 8 oz,1,SF,2023-11,2023-11-01,2428.0,2428.0,0.0,2428.0,32885.46000000001,32885.46000000001,32885.46,0.0,0.0,False,none
F-04073,POP Ginger Chews Mango 8 oz,1,SF,2023-12,2023-12-01,1820.0,1820.0,0.0,1820.0,24544.940000000002,24544.940000000002,24544.94,0.0,0.0,False,none
F-04073,POP Ginger Chews Mango 8 oz,1,SF,2024-01,2024-01-01,1565.0,1565.0,0.0,1565.0,21205.91,21205.91,21205.91,0.0,0.0,False,none
F-04073,POP Ginger Chews Mango 8 oz,1,SF,2024-02,2024-02-01,3277.0,3277.0,0.0,3277.0,44415.03,44415.03,44415.03,0.0,0.0,False,none
F-04073,POP Ginger Chews Mango 8 oz,1,SF,2024-03,2024-03-01,2.0,2.0,2695.5,2697.5,7.7,7.7,10385.38,0.0,0.0,True,deep_drop_gap
F-04073,POP Ginger Chews Mango 8 oz,1,SF,2024-04,2024-04-01,3163.0,3163.0,0.0,3163.0,42768.159999999996,42768.159999999996,42768.16,0.0,0.0,False,none
F-04073,POP Ginger Chews Mango 8 oz,1,SF,2024-05,2024-05-01,2232.0,2232.0,0.0,2232.0,30346.4,30346.4,30346.4,0.0,0.0,False,none
F-04073,POP Ginger Chews Mango 8 oz,1,SF,2024-06,2024-06-01,5251.0,5251.0,0.0,5251.0,71257.54999999999,71257.54999999999,71257.55,0.0,0.0,False,none
F-04073,POP Ginger Chews Mango 8 oz,1,SF,2024-07,2024-07-01,3057.0,3057.0,0.0,3057.0,41567.72,41567.72,41567.72,0.0,0.0,False,none
F-04073,POP Ginger Chews Mango 8 oz,1,SF,2024-08,2024-08-01,4937.0,4937.0,0.0,4937.0,67098.33,67098.33,67098.33,0.0,0.0,False,none
F-04073,POP Ginger Chews Mango 8 oz,1,SF,2024-09,2024-09-01,936.0,936.0,2851.5,3787.5,12732.46,12732.46,51521.57,0.0,0.0,True,deep_drop_gap
F-04073,POP Ginger Chews Mango 8 oz,1,SF,2024-10,2024-10-01,1936.0,1933.0,0.0,1933.0,26294.08,26236.98,26236.98,3.0,57.10000000000218,False,none
F-04073,POP Ginger Chews Mango 8 oz,1,SF,2024-11,2024-11-01,4518.0,4518.0,0.0,4518.0,61430.770000000004,61430.770000000004,61430.77,0.0,0.0,False,none
F-04073,POP Ginger Chews Mango 8 oz,1,SF,2024-12,2024-12-01,1121.0,1121.0,3411.5,4532.5,15092.0,15092.0,61020.95,0.0,0.0,True,deep_drop_gap
F-04073,POP Ginger Chews Mango 8 oz,1,SF,2025-01,2025-01-01,4547.0,4547.0,0.0,4547.0,61804.840000000004,61804.840000000004,61804.84,0.0,0.0,False,none
F-04073,POP Ginger Chews Mango 8 oz,1,SF,2025-02,2025-02-01,4928.0,4928.0,0.0,4928.0,66463.42,66463.42,66463.42,0.0,0.0,False,none
F-04073,POP Ginger Chews Mango 8 oz,1,SF,2025-03,2025-03-01,7211.0,7211.0,0.0,7211.0,98085.03,98085.03,98085.03,0.0,0.0,False,none
F-04073,POP Ginger Chews Mango 8 oz,1,SF,2025-04,2025-04-01,3617.0,3617.0,0.0,3617.0,48926.49999999999,48926.49999999999,48926.5,0.0,0.0,False,none
F-04073,POP Ginger Chews Mango 8 oz,1,SF,2025-05,2025-05-01,11645.0,11645.0,0.0,11645.0,86663.62999999999,86663.62999999999,86663.63,0.0,0.0,False,none
F-04073,POP Ginger Chews Mango 8 oz,1,SF,2025-06,2025-06-01,9218.0,9218.0,0.0,9218.0,87653.03,87653.03,87653.03,0.0,0.0,False,none
F-04073,POP Ginger Chews Mango 8 oz,1,SF,2025-07,2025-07-01,4115.0,4115.0,0.0,4115.0,34688.48,34688.48,34688.48,0.0,0.0,False,none
F-04073,POP Ginger Chews Mango 8 oz,1,SF,2025-08,2025-08-01,5801.0,5801.0,0.0,5801.0,62133.130000000005,62133.130000000005,62133.13,0.0,0.0,False,none
F-04073,POP Ginger Chews Mango 8 oz,1,SF,2025-09,2025-09-01,2201.0,2201.0,0.0,2201.0,33565.13,33565.13,33565.13,0.0,0.0,False,none
F-04073,POP Ginger Chews Mango 8 oz,1,SF,2025-10,2025-10-01,3474.0,3474.0,0.0,3474.0,52545.46,52545.46,52545.46,0.0,0.0,False,none
F-04073,POP Ginger Chews Mango 8 oz,1,SF,2025-11,2025-11-01,4864.0,4864.0,0.0,4864.0,73615.83,73615.83,73615.83,0.0,0.0,False,none
F-04073,POP Ginger Chews Mango 8 oz,1,SF,2025-12,2025-12-01,2653.0,2649.0,0.0,2649.0,40302.119999999995,40188.28,40188.28,4.0,113.83999999999651,False,none
F-04073,POP Ginger Chews Mango 8 oz,2,NJ,2023-01,2023-01-01,2142.0,2142.0,0.0,2142.0,4945.299999999999,4945.299999999999,4945.3,0.0,0.0,False,none
F-04073,POP Ginger Chews Mango 8 oz,2,NJ,2023-02,2023-02-01,6442.0,6442.0,0.0,6442.0,11770.35,11770.35,11770.35,0.0,0.0,False,none
F-04073,POP Ginger Chews Mango 8 oz,2,NJ,2023-03,2023-03-01,4098.0,4098.0,0.0,4098.0,8845.35,8845.35,8845.35,0.0,0.0,False,none
F-04073,POP Ginger Chews Mango 8 oz,2,NJ,2023-04,2023-04-01,6075.0,6075.0,0.0,6075.0,11233.99,11233.99,11233.99,0.0,0.0,False,none
F-04073,POP Ginger Chews Mango 8 oz,2,NJ,2023-05,2023-05-01,8626.0,8626.0,0.0,8626.0,17304.05,17304.05,17304.05,0.0,0.0,False,none
F-04073,POP Ginger Chews Mango 8 oz,2,NJ,2023-06,2023-06-01,7837.0,7837.0,0.0,7837.0,14119.039999999999,14119.039999999999,14119.04,0.0,0.0,False,none
F-04073,POP Ginger Chews Mango 8 oz,2,NJ,2023-07,2023-07-01,5452.0,5452.0,0.0,5452.0,9717.05,9717.05,9717.05,0.0,0.0,False,none
F-04073,POP Ginger Chews Mango 8 oz,2,NJ,2023-08,2023-08-01,12917.0,12917.0,0.0,12917.0,26525.870000000003,26525.870000000003,26525.87,0.0,0.0,False,none
F-04073,POP Ginger Chews Mango 8 oz,2,NJ,2023-09,2023-09-01,1331.0,1331.0,5052.0,6383.0,2303.45,2303.45,11046.52,0.0,0.0,True,deep_drop_gap
F-04073,POP Ginger Chews Mango 8 oz,2,NJ,2023-10,2023-10-01,7314.0,7314.0,0.0,7314.0,13331.460000000001,13331.460000000001,13331.46,0.0,0.0,False,none
F-04073,POP Ginger Chews Mango 8 oz,2,NJ,2023-11,2023-11-01,1724.0,1724.0,3270.5,4994.5,6788.73,6788.73,19667.23,0.0,0.0,True,deep_drop_gap
F-04073,POP Ginger Chews Mango 8 oz,2,NJ,2023-12,2023-12-01,2675.0,2675.0,0.0,2675.0,5123.820000000001,5123.820000000001,5123.82,0.0,0.0,False,none
F-04073,POP Ginger Chews Mango 8 oz,2,NJ,2024-01,2024-01-01,7803.0,7803.0,0.0,7803.0,14592.74,14592.74,14592.74,0.0,0.0,False,none
F-04073,POP Ginger Chews Mango 8 oz,2,NJ,2024-02,2024-02-01,4954.0,4954.0,0.0,4954.0,18600.5,18600.5,18600.5,0.0,0.0,False,none
F-04073,POP Ginger Chews Mango 8 oz,2,NJ,2024-03,2024-03-01,6849.0,6845.0,0.0,6845.0,41986.51,41900.16,41900.16,4.0,86.34999999999854,False,none
F-04073,POP Ginger Chews Mango 8 oz,2,NJ,2024-04,2024-04-01,5040.0,5040.0,0.0,5040.0,32990.659999999996,32990.659999999996,32990.66,0.0,0.0,False,none
F-04073,POP Ginger Chews Mango 8 oz,2,NJ,2024-05,2024-05-01,6062.0,6056.0,0.0,6056.0,15038.609999999999,14919.659999999998,14919.66,6.0,118.95000000000073,False,none
F-04073,POP Ginger Chews Mango 8 oz,2,NJ,2024-06,2024-06-01,5845.0,5845.0,0.0,5845.0,26037.45,26037.45,26037.45,0.0,0.0,False,none
F-04073,POP Ginger Chews Mango 8 oz,2,NJ,2024-07,2024-07-01,6125.0,6125.0,0.0,6125.0,15132.29,15132.29,15132.29,0.0,0.0,False,none
F-04073,POP Ginger Chews Mango 8 oz,2,NJ,2024-08,2024-08-01,8552.0,8541.0,0.0,8541.0,30710.32,30537.62,30537.62,11.0,172.70000000000073,False,none
F-04073,POP Ginger Chews Mango 8 oz,2,NJ,2024-09,2024-09-01,3553.0,3553.0,0.0,3553.0,10765.98,10765.98,10765.98,0.0,0.0,False,none
F-04073,POP Ginger Chews Mango 8 oz,2,NJ,2024-10,2024-10-01,3991.0,3991.0,0.0,3991.0,15491.269999999999,15491.269999999999,15491.27,0.0,0.0,False,none
F-04073,POP Ginger Chews Mango 8 oz,2,NJ,2024-11,2024-11-01,4484.0,4484.0,0.0,4484.0,22541.11,22541.11,22541.11,0.0,0.0,False,none
F-04073,POP Ginger Chews Mango 8 oz,2,NJ,2024-12,2024-12-01,6275.0,6246.0,0.0,6246.0,23740.480000000003,23174.090000000004,23174.09,29.0,566.3899999999994,False,none
F-04073,POP Ginger Chews Mango 8 oz,2,NJ,2025-01,2025-01-01,7020.0,7012.0,0.0,7012.0,21398.249999999996,21231.709999999995,21231.71,8.0,166.54000000000087,False,none
F-04073,POP Ginger Chews Mango 8 oz,2,NJ,2025-02,2025-02-01,4740.0,4728.0,0.0,4728.0,17064.23,16776.36,16776.36,12.0,287.869999999999,False,none
F-04073,POP Ginger Chews Mango 8 oz,2,NJ,2025-03,2025-03-01,4835.0,4799.0,0.0,4799.0,29549.309999999998,28842.249999999996,28842.25,36.0,707.0600000000013,False,none
F-04073,POP Ginger Chews Mango 8 oz,2,NJ,2025-04,2025-04-01,4458.0,4458.0,0.0,4458.0,25768.109999999997,25768.109999999997,25768.11,0.0,0.0,False,none
F-04073,POP Ginger Chews Mango 8 oz,2,NJ,2025-05,2025-05-01,2374.0,2361.0,0.0,2361.0,14330.33,14101.939999999999,14101.94,13.0,228.39000000000124,False,none
F-04073,POP Ginger Chews Mango 8 oz,2,NJ,2025-06,2025-06-01,3568.0,3568.0,0.0,3568.0,19024.23,19024.23,19024.23,0.0,0.0,False,none
F-04073,POP Ginger Chews Mango 8 oz,2,NJ,2025-07,2025-07-01,1946.0,1946.0,0.0,1946.0,13722.720000000001,13722.720000000001,13722.72,0.0,0.0,False,none
F-04073,POP Ginger Chews Mango 8 oz,2,NJ,2025-08,2025-08-01,4582.0,4576.0,0.0,4576.0,13210.42,13079.570000000002,13079.57,6.0,130.84999999999854,False,none
F-04073,POP Ginger Chews Mango 8 oz,2,NJ,2025-09,2025-09-01,4035.0,4035.0,0.0,4035.0,17193.45,17193.45,17193.45,0.0,0.0,False,none
F-04073,POP Ginger Chews Mango 8 oz,2,NJ,2025-10,2025-10-01,6115.0,6115.0,0.0,6115.0,14580.400000000001,14580.400000000001,14580.4,0.0,0.0,False,none
F-04073,POP Ginger Chews Mango 8 oz,2,NJ,2025-11,2025-11-01,5422.0,5418.0,0.0,5418.0,15742.39,15637.36,15637.36,4.0,105.02999999999884,False,none
F-04073,POP Ginger Chews Mango 8 oz,2,NJ,2025-12,2025-12-01,5742.0,5742.0,0.0,5742.0,23909.670000000002,23909.670000000002,23909.67,0.0,0.0,False,none
F-04073,POP Ginger Chews Mango 8 oz,3,LA,2023-01,2023-01-01,18.0,18.0,0.0,18.0,43.459999999999994,43.459999999999994,43.46,0.0,0.0,False,none
F-04073,POP Ginger Chews Mango 8 oz,3,LA,2023-02,2023-02-01,10.0,10.0,0.0,10.0,139.86,139.86,139.86,0.0,0.0,False,none
F-04073,POP Ginger Chews Mango 8 oz,3,LA,2023-03,2023-03-01,30.0,30.0,0.0,30.0,211.48000000000002,211.48000000000002,211.48,0.0,0.0,False,none
F-04073,POP Ginger Chews Mango 8 oz,3,LA,2023-04,2023-04-01,16.0,16.0,0.0,16.0,153.5,153.5,153.5,0.0,0.0,False,none
F-04073,POP Ginger Chews Mango 8 oz,3,LA,2023-05,2023-05-01,12.0,12.0,0.0,12.0,216.99,216.99,216.99,0.0,0.0,False,none
F-04073,POP Ginger Chews Mango 8 oz,3,LA,2023-06,2023-06-01,27.0,27.0,0.0,27.0,381.95,381.95,381.95,0.0,0.0,False,none
F-04073,POP Ginger Chews Mango 8 oz,3,LA,2023-07,2023-07-01,20.0,20.0,0.0,20.0,440.6,440.6,440.6,0.0,0.0,False,none
F-04073,POP Ginger Chews Mango 8 oz,3,LA,2023-08,2023-08-01,13.0,13.0,0.0,13.0,220.25,220.25,220.25,0.0,0.0,False,none
F-04073,POP Ginger Chews Mango 8 oz,3,LA,2023-09,2023-09-01,42.0,42.0,0.0,42.0,808.46,808.46,808.46,0.0,0.0,False,none
F-04073,POP Ginger Chews Mango 8 oz,3,LA,2023-10,2023-10-01,32.0,32.0,0.0,32.0,297.17,297.17,297.17,0.0,0.0,False,none
F-04073,POP Ginger Chews Mango 8 oz,3,LA,2023-11,2023-11-01,45.0,45.0,0.0,45.0,892.16,892.16,892.16,0.0,0.0,False,none
F-04073,POP Ginger Chews Mango 8 oz,3,LA,2023-12,2023-12-01,11.0,11.0,20.5,31.5,229.13,229.13,656.14,0.0,0.0,True,deep_drop_gap
F-04073,POP Ginger Chews Mango 8 oz,3,LA,2024-01,2024-01-01,31.0,31.0,0.0,31.0,436.20000000000005,436.20000000000005,436.2,0.0,0.0,False,none
F-04073,POP Ginger Chews Mango 8 oz,3,LA,2024-02,2024-02-01,15.0,14.0,0.0,14.0,332.21,308.41999999999996,308.42,1.0,23.79000000000002,False,none
F-04073,POP Ginger Chews Mango 8 oz,3,LA,2024-03,2024-03-01,40.0,40.0,0.0,40.0,838.65,838.65,838.65,0.0,0.0,False,none
F-04073,POP Ginger Chews Mango 8 oz,3,LA,2024-04,2024-04-01,20.0,20.0,0.0,20.0,409.74,409.74,409.74,0.0,0.0,False,none
F-04073,POP Ginger Chews Mango 8 oz,3,LA,2024-05,2024-05-01,33.0,33.0,0.0,33.0,647.65,647.65,647.65,0.0,0.0,False,none
F-04073,POP Ginger Chews Mango 8 oz,3,LA,2024-06,2024-06-01,5.0,5.0,21.5,26.5,105.75,105.75,560.47,0.0,0.0,True,deep_drop_gap
F-04073,POP Ginger Chews Mango 8 oz,3,LA,2024-07,2024-07-01,125.0,125.0,0.0,125.0,2411.8,2411.8,2411.8,0.0,0.0,False,none
F-04073,POP Ginger Chews Mango 8 oz,3,LA,2024-08,2024-08-01,9.0,9.0,0.0,9.0,187.25,187.25,187.25,0.0,0.0,False,none
F-04073,POP Ginger Chews Mango 8 oz,3,LA,2024-09,2024-09-01,5.0,5.0,0.0,5.0,110.14,110.14,110.14,0.0,0.0,False,none
F-04073,POP Ginger Chews Mango 8 oz,3,LA,2024-10,2024-10-01,0.0,0.0,9.0,9.0,0.0,0.0,198.25,0.0,0.0,True,zero_sales_gap
F-04073,POP Ginger Chews Mango 8 oz,3,LA,2024-11,2024-11-01,9.0,9.0,0.0,9.0,164.74,164.74,164.74,0.0,0.0,False,none
F-04073,POP Ginger Chews Mango 8 oz,3,LA,2024-12,2024-12-01,47.0,47.0,0.0,47.0,861.77,861.77,861.77,0.0,0.0,False,none
F-04073,POP Ginger Chews Mango 8 oz,3,LA,2025-01,2025-01-01,26.0,26.0,0.0,26.0,431.83000000000004,431.83000000000004,431.83,0.0,0.0,False,none
F-04073,POP Ginger Chews Mango 8 oz,3,LA,2025-02,2025-02-01,16.0,16.0,31.0,47.0,327.13,327.13,960.94,0.0,0.0,True,deep_drop_gap
F-04073,POP Ginger Chews Mango 8 oz,3,LA,2025-03,2025-03-01,47.0,47.0,0.0,47.0,842.66,842.66,842.66,0.0,0.0,False,none
F-04073,POP Ginger Chews Mango 8 oz,3,LA,2025-04,2025-04-01,95.0,95.0,0.0,95.0,1551.92,1551.92,1551.92,0.0,0.0,False,none
F-04073,POP Ginger Chews Mango 8 oz,3,LA,2025-05,2025-05-01,48.0,48.0,0.0,48.0,847.01,847.01,847.01,0.0,0.0,False,none
F-04073,POP Ginger Chews Mango 8 oz,3,LA,2025-06,2025-06-01,23.0,23.0,0.0,23.0,451.6,451.6,451.6,0.0,0.0,False,none
F-04073,POP Ginger Chews Mango 8 oz,3,LA,2025-07,2025-07-01,17.0,17.0,0.0,17.0,337.03,337.03,337.03,0.0,0.0,False,none
F-04073,POP Ginger Chews Mango 8 oz,3,LA,2025-08,2025-08-01,5.0,5.0,15.0,20.0,82.25,82.25,329.0,0.0,0.0,True,deep_drop_gap
F-04073,POP Ginger Chews Mango 8 oz,3,LA,2025-09,2025-09-01,12.0,12.0,0.0,12.0,240.10999999999999,240.10999999999999,240.11,0.0,0.0,False,none
F-04073,POP Ginger Chews Mango 8 oz,3,LA,2025-10,2025-10-01,102.0,102.0,0.0,102.0,1447.08,1447.08,1447.08,0.0,0.0,False,none
F-04073,POP Ginger Chews Mango 8 oz,3,LA,2025-11,2025-11-01,20.0,20.0,82.0,102.0,378.90000000000003,378.90000000000003,1932.39,0.0,0.0,True,deep_drop_gap
F-04073,POP Ginger Chews Mango 8 oz,3,LA,2025-12,2025-12-01,480.0,480.0,0.0,480.0,5829.610000000001,5829.610000000001,5829.61,0.0,0.0,False,none
F-04073,POP Ginger Chews Mango 8 oz,E1,UNMAPPED,2025-01,2025-01-01,9.0,9.0,0.0,9.0,61.59,61.59,61.59,0.0,0.0,False,none
F-04073,POP Ginger Chews Mango 8 oz,E1,UNMAPPED,2025-02,2025-02-01,2.0,2.0,0.0,2.0,15.4,15.4,15.4,0.0,0.0,False,none
F-04073,POP Ginger Chews Mango 8 oz,E1,UNMAPPED,2025-03,2025-03-01,1.0,1.0,0.0,1.0,7.7,7.7,7.7,0.0,0.0,False,none
F-04073,POP Ginger Chews Mango 8 oz,E1,UNMAPPED,2025-04,2025-04-01,0.0,0.0,1.0,1.0,0.0,0.0,7.7,0.0,0.0,True,zero_sales_gap
F-04073,POP Ginger Chews Mango 8 oz,E1,UNMAPPED,2025-05,2025-05-01,1.0,1.0,0.0,1.0,7.7,7.7,7.7,0.0,0.0,False,none
F-04073,POP Ginger Chews Mango 8 oz,E1,UNMAPPED,2025-06,2025-06-01,1.0,1.0,0.0,1.0,8.36,8.36,8.36,0.0,0.0,False,none
F-04073,POP Ginger Chews Mango 8 oz,L,UNMAPPED,2025-06,2025-06-01,1289.0,1289.0,0.0,1289.0,17525.85,17525.85,17525.85,0.0,0.0,False,none
F-04073,POP Ginger Chews Mango 8 oz,L,UNMAPPED,2025-07,2025-07-01,2852.0,2852.0,0.0,2852.0,38796.54,38796.54,38796.54,0.0,0.0,False,none
F-04073,POP Ginger Chews Mango 8 oz,L,UNMAPPED,2025-08,2025-08-01,1426.0,1426.0,0.0,1426.0,19398.27,19398.27,19398.27,0.0,0.0,False,none
F-04073,POP Ginger Chews Mango 8 oz,L,UNMAPPED,2025-09,2025-09-01,0.0,0.0,1426.0,1426.0,0.0,0.0,19398.27,0.0,0.0,True,zero_sales_gap
F-04073,POP Ginger Chews Mango 8 oz,L,UNMAPPED,2025-10,2025-10-01,1426.0,1426.0,0.0,1426.0,21680.42,21680.42,21680.42,0.0,0.0,False,none
F-04073,POP Ginger Chews Mango 8 oz,L,UNMAPPED,2025-11,2025-11-01,1426.0,1426.0,0.0,1426.0,21680.42,21680.42,21680.42,0.0,0.0,False,none
F-04073,POP Ginger Chews Mango 8 oz,L,UNMAPPED,2025-12,2025-12-01,1426.0,1426.0,0.0,1426.0,21680.42,21680.42,21680.42,0.0,0.0,False,none
F-04074,POP Ginger Chews Lychee 8 oz,1,SF,2023-01,2023-01-01,3792.0,3792.0,0.0,3792.0,12772.800000000001,12772.800000000001,12772.8,0.0,0.0,False,none
F-04074,POP Ginger Chews Lychee 8 oz,1,SF,2023-02,2023-02-01,1722.0,1722.0,0.0,1722.0,23382.82,23382.82,23382.82,0.0,0.0,False,none
F-04074,POP Ginger Chews Lychee 8 oz,1,SF,2023-03,2023-03-01,2636.0,2636.0,0.0,2636.0,17097.390000000003,17097.390000000003,17097.39,0.0,0.0,False,none
F-04074,POP Ginger Chews Lychee 8 oz,1,SF,2023-04,2023-04-01,2713.0,2713.0,0.0,2713.0,18379.24,18379.24,18379.24,0.0,0.0,False,none
F-04074,POP Ginger Chews Lychee 8 oz,1,SF,2023-05,2023-05-01,2639.0,2639.0,0.0,2639.0,17090.46,17090.46,17090.46,0.0,0.0,False,none
F-04074,POP Ginger Chews Lychee 8 oz,1,SF,2023-06,2023-06-01,3371.0,3371.0,0.0,3371.0,27325.06,27325.06,27325.06,0.0,0.0,False,none
F-04074,POP Ginger Chews Lychee 8 oz,1,SF,2023-07,2023-07-01,3249.0,3249.0,0.0,3249.0,25635.46,25635.46,25635.46,0.0,0.0,False,none
F-04074,POP Ginger Chews Lychee 8 oz,1,SF,2023-08,2023-08-01,1035.0,1035.0,0.0,1035.0,13761.189999999999,13761.189999999999,13761.19,0.0,0.0,False,none
F-04074,POP Ginger Chews Lychee 8 oz,1,SF,2023-09,2023-09-01,269.0,269.0,629.5,898.5,3385.29,3385.29,11307.37,0.0,0.0,True,deep_drop_gap
F-04074,POP Ginger Chews Lychee 8 oz,1,SF,2023-10,2023-10-01,678.0,678.0,0.0,678.0,9117.86,9117.86,9117.86,0.0,0.0,False,none
F-04074,POP Ginger Chews Lychee 8 oz,1,SF,2023-11,2023-11-01,762.0,762.0,0.0,762.0,10224.35,10224.35,10224.35,0.0,0.0,False,none
F-04074,POP Ginger Chews Lychee 8 oz,1,SF,2023-12,2023-12-01,833.0,833.0,0.0,833.0,11255.14,11255.14,11255.14,0.0,0.0,False,none
F-04074,POP Ginger Chews Lychee 8 oz,1,SF,2024-01,2024-01-01,877.0,877.0,0.0,877.0,11872.43,11872.43,11872.43,0.0,0.0,False,none
F-04074,POP Ginger Chews Lychee 8 oz,1,SF,2024-02,2024-02-01,891.0,891.0,0.0,891.0,12064.529999999999,12064.529999999999,12064.53,0.0,0.0,False,none
F-04074,POP Ginger Chews Lychee 8 oz,1,SF,2024-03,2024-03-01,511.0,511.0,0.0,511.0,6788.56,6788.56,6788.56,0.0,0.0,False,none
F-04074,POP Ginger Chews Lychee 8 oz,1,SF,2024-04,2024-04-01,1791.0,1791.0,0.0,1791.0,24287.940000000002,24287.940000000002,24287.94,0.0,0.0,False,none
F-04074,POP Ginger Chews Lychee 8 oz,1,SF,2024-05,2024-05-01,1582.0,1582.0,0.0,1582.0,21502.64,21502.64,21502.64,0.0,0.0,False,none
F-04074,POP Ginger Chews Lychee 8 oz,1,SF,2024-06,2024-06-01,2646.0,2646.0,0.0,2646.0,35873.51,35873.51,35873.51,0.0,0.0,False,none
F-04074,POP Ginger Chews Lychee 8 oz,1,SF,2024-07,2024-07-01,2415.0,2415.0,0.0,2415.0,32819.119999999995,32819.119999999995,32819.12,0.0,0.0,False,none
F-04074,POP Ginger Chews Lychee 8 oz,1,SF,2024-08,2024-08-01,2048.0,2048.0,0.0,2048.0,27855.0,27855.0,27855.0,0.0,0.0,False,none
F-04074,POP Ginger Chews Lychee 8 oz,1,SF,2024-09,2024-09-01,278.0,278.0,1245.5,1523.5,3779.17,3779.17,20710.67,0.0,0.0,True,deep_drop_gap
F-04074,POP Ginger Chews Lychee 8 oz,1,SF,2024-10,2024-10-01,569.0,569.0,0.0,569.0,7550.59,7550.59,7550.59,0.0,0.0,False,none
F-04074,POP Ginger Chews Lychee 8 oz,1,SF,2024-11,2024-11-01,999.0,999.0,0.0,999.0,13584.87,13584.87,13584.87,0.0,0.0,False,none
F-04074,POP Ginger Chews Lychee 8 oz,1,SF,2024-12,2024-12-01,982.0,982.0,0.0,982.0,13259.119999999999,13259.119999999999,13259.12,0.0,0.0,False,none
F-04074,POP Ginger Chews Lychee 8 oz,1,SF,2025-01,2025-01-01,1804.0,1804.0,0.0,1804.0,24514.229999999996,24514.229999999996,24514.23,0.0,0.0,False,none
F-04074,POP Ginger Chews Lychee 8 oz,1,SF,2025-02,2025-02-01,1890.0,1890.0,0.0,1890.0,25155.58,25155.58,25155.58,0.0,0.0,False,none
F-04074,POP Ginger Chews Lychee 8 oz,1,SF,2025-03,2025-03-01,2008.0,2008.0,0.0,2008.0,27294.620000000003,27294.620000000003,27294.62,0.0,0.0,False,none
F-04074,POP Ginger Chews Lychee 8 oz,1,SF,2025-04,2025-04-01,2040.0,2040.0,0.0,2040.0,27458.489999999998,27458.489999999998,27458.49,0.0,0.0,False,none
F-04074,POP Ginger Chews Lychee 8 oz,1,SF,2025-05,2025-05-01,9957.0,9957.0,0.0,9957.0,54052.729999999996,54052.729999999996,54052.73,0.0,0.0,False,none
F-04074,POP Ginger Chews Lychee 8 oz,1,SF,2025-06,2025-06-01,3110.0,3110.0,0.0,3110.0,9922.8,9922.8,9922.8,0.0,0.0,False,none
F-04074,POP Ginger Chews Lychee 8 oz,1,SF,2025-07,2025-07-01,2014.0,2014.0,0.0,2014.0,9979.61,9979.61,9979.61,0.0,0.0,False,none
F-04074,POP Ginger Chews Lychee 8 oz,1,SF,2025-08,2025-08-01,2135.0,2135.0,0.0,2135.0,14634.460000000001,14634.460000000001,14634.46,0.0,0.0,False,none
F-04074,POP Ginger Chews Lychee 8 oz,1,SF,2025-09,2025-09-01,491.0,491.0,1423.5,1914.5,7184.31,7184.31,28012.96,0.0,0.0,True,deep_drop_gap
F-04074,POP Ginger Chews Lychee 8 oz,1,SF,2025-10,2025-10-01,819.0,819.0,0.0,819.0,12173.32,12173.32,12173.32,0.0,0.0,False,none
F-04074,POP Ginger Chews Lychee 8 oz,1,SF,2025-11,2025-11-01,1815.0,1815.0,0.0,1815.0,27353.329999999998,27353.329999999998,27353.33,0.0,0.0,False,none
F-04074,POP Ginger Chews Lychee 8 oz,1,SF,2025-12,2025-12-01,304.0,303.0,0.0,303.0,4575.030000000001,4546.370000000001,4546.37,1.0,28.659999999999854,False,none
F-04074,POP Ginger Chews Lychee 8 oz,2,NJ,2023-01,2023-01-01,2059.0,2059.0,0.0,2059.0,3520.46,3520.46,3520.46,0.0,0.0,False,none
F-04074,POP Ginger Chews Lychee 8 oz,2,NJ,2023-02,2023-02-01,6452.0,6452.0,0.0,6452.0,11234.029999999999,11234.029999999999,11234.03,0.0,0.0,False,none
F-04074,POP Ginger Chews Lychee 8 oz,2,NJ,2023-03,2023-03-01,3678.0,3678.0,0.0,3678.0,7165.7699999999995,7165.7699999999995,7165.77,0.0,0.0,False,none
F-04074,POP Ginger Chews Lychee 8 oz,2,NJ,2023-04,2023-04-01,6077.0,6077.0,0.0,6077.0,10510.19,10510.19,10510.19,0.0,0.0,False,none
F-04074,POP Ginger Chews Lychee 8 oz,2,NJ,2023-05,2023-05-01,8865.0,8865.0,0.0,8865.0,16355.76,16355.76,16355.76,0.0,0.0,False,none
F-04074,POP Ginger Chews Lychee 8 oz,2,NJ,2023-06,2023-06-01,7189.0,7189.0,0.0,7189.0,12380.73,12380.73,12380.73,0.0,0.0,False,none
F-04074,POP Ginger Chews Lychee 8 oz,2,NJ,2023-07,2023-07-01,4801.0,4801.0,0.0,4801.0,8314.4,8314.4,8314.4,0.0,0.0,False,none
F-04074,POP Ginger Chews Lychee 8 oz,2,NJ,2023-08,2023-08-01,11647.0,11647.0,0.0,11647.0,22853.68,22853.68,22853.68,0.0,0.0,False,none
F-04074,POP Ginger Chews Lychee 8 oz,2,NJ,2023-09,2023-09-01,1019.0,1019.0,3729.0,4748.0,2012.56,2012.56,9377.46,0.0,0.0,True,deep_drop_gap
F-04074,POP Ginger Chews Lychee 8 oz,2,NJ,2023-10,2023-10-01,4695.0,4695.0,0.0,4695.0,8268.42,8268.42,8268.42,0.0,0.0,False,none
F-04074,POP Ginger Chews Lychee 8 oz,2,NJ,2023-11,2023-11-01,1446.0,1446.0,0.0,1446.0,5071.55,5071.55,5071.55,0.0,0.0,False,none
F-04074,POP Ginger Chews Lychee 8 oz,2,NJ,2023-12,2023-12-01,2473.0,2473.0,0.0,2473.0,4403.74,4403.74,4403.74,0.0,0.0,False,none
F-04074,POP Ginger Chews Lychee 8 oz,2,NJ,2024-01,2024-01-01,5852.0,5852.0,0.0,5852.0,10284.39,10284.39,10284.39,0.0,0.0,False,none
F-04074,POP Ginger Chews Lychee 8 oz,2,NJ,2024-02,2024-02-01,4427.0,4427.0,0.0,4427.0,9826.2,9826.2,9826.2,0.0,0.0,False,none
F-04074,POP Ginger Chews Lychee 8 oz,2,NJ,2024-03,2024-03-01,3538.0,3535.0,0.0,3535.0,6193.37,6128.15,6128.15,3.0,65.22000000000025,False,none
F-04074,POP Ginger Chews Lychee 8 oz,2,NJ,2024-04,2024-04-01,3372.0,3372.0,0.0,3372.0,9740.109999999999,9740.109999999999,9740.11,0.0,0.0,False,none
F-04074,POP Ginger Chews Lychee 8 oz,2,NJ,2024-05,2024-05-01,5327.0,5327.0,0.0,5327.0,11215.69,11215.69,11215.69,0.0,0.0,False,none
F-04074,POP Ginger Chews Lychee 8 oz,2,NJ,2024-06,2024-06-01,4545.0,4545.0,0.0,4545.0,15313.78,15313.78,15313.78,0.0,0.0,False,none
F-04074,POP Ginger Chews Lychee 8 oz,2,NJ,2024-07,2024-07-01,5173.0,5173.0,0.0,5173.0,14474.64,14474.64,14474.64,0.0,0.0,False,none
F-04074,POP Ginger Chews Lychee 8 oz,2,NJ,2024-08,2024-08-01,8375.0,8347.0,0.0,8347.0,18734.33,18242.710000000003,18242.71,28.0,491.619999999999,False,none
F-04074,POP Ginger Chews Lychee 8 oz,2,NJ,2024-09,2024-09-01,3664.0,3664.0,0.0,3664.0,8278.21,8278.21,8278.21,0.0,0.0,False,none
F-04074,POP Ginger Chews Lychee 8 oz,2,NJ,2024-10,2024-10-01,4479.0,4479.0,0.0,4479.0,17078.62,17078.62,17078.62,0.0,0.0,False,none
F-04074,POP Ginger Chews Lychee 8 oz,2,NJ,2024-11,2024-11-01,3017.0,3017.0,0.0,3017.0,8435.25,8435.25,8435.25,0.0,0.0,False,none
F-04074,POP Ginger Chews Lychee 8 oz,2,NJ,2024-12,2024-12-01,4761.0,4757.0,0.0,4757.0,8742.59,8673.02,8673.02,4.0,69.56999999999971,False,none
F-04074,POP Ginger Chews Lychee 8 oz,2,NJ,2025-01,2025-01-01,5966.0,5966.0,0.0,5966.0,17256.16,17256.16,17256.16,0.0,0.0,False,none
F-04074,POP Ginger Chews Lychee 8 oz,2,NJ,2025-02,2025-02-01,3420.0,3420.0,0.0,3420.0,10017.47,10017.47,10017.47,0.0,0.0,False,none
F-04074,POP Ginger Chews Lychee 8 oz,2,NJ,2025-03,2025-03-01,3305.0,3292.0,0.0,3292.0,7110.91,6863.65,6863.65,13.0,247.26000000000022,False,none
F-04074,POP Ginger Chews Lychee 8 oz,2,NJ,2025-04,2025-04-01,3642.0,3642.0,0.0,3642.0,12430.75,12430.75,12430.75,0.0,0.0,False,none
F-04074,POP Ginger Chews Lychee 8 oz,2,NJ,2025-05,2025-05-01,2189.0,2179.0,0.0,2179.0,11020.75,10848.240000000002,10848.24,10.0,172.5099999999984,False,none
F-04074,POP Ginger Chews Lychee 8 oz,2,NJ,2025-06,2025-06-01,1950.0,1950.0,0.0,1950.0,8309.28,8309.28,8309.28,0.0,0.0,False,none
F-04074,POP Ginger Chews Lychee 8 oz,2,NJ,2025-07,2025-07-01,1854.0,1854.0,0.0,1854.0,4874.4400000000005,4874.4400000000005,4874.44,0.0,0.0,False,none
F-04074,POP Ginger Chews Lychee 8 oz,2,NJ,2025-08,2025-08-01,4004.0,4004.0,0.0,4004.0,8282.31,8282.31,8282.31,0.0,0.0,False,none
F-04074,POP Ginger Chews Lychee 8 oz,2,NJ,2025-09,2025-09-01,2624.0,2624.0,0.0,2624.0,4902.570000000001,4902.570000000001,4902.57,0.0,0.0,False,none
F-04074,POP Ginger Chews Lychee 8 oz,2,NJ,2025-10,2025-10-01,4573.0,4573.0,0.0,4573.0,9299.050000000001,9299.050000000001,9299.05,0.0,0.0,False,none
F-04074,POP Ginger Chews Lychee 8 oz,2,NJ,2025-11,2025-11-01,4262.0,4262.0,0.0,4262.0,8572.45,8572.45,8572.45,0.0,0.0,False,none
F-04074,POP Ginger Chews Lychee 8 oz,2,NJ,2025-12,2025-12-01,5233.0,5233.0,0.0,5233.0,13998.430000000002,13998.430000000002,13998.43,0.0,0.0,False,none
F-04074,POP Ginger Chews Lychee 8 oz,3,LA,2023-01,2023-01-01,21.0,21.0,0.0,21.0,63.57,63.57,63.57,0.0,0.0,False,none
F-04074,POP Ginger Chews Lychee 8 oz,3,LA,2023-02,2023-02-01,6.0,6.0,15.0,21.0,106.47,106.47,372.64,0.0,0.0,True,deep_drop_gap
F-04074,POP Ginger Chews Lychee 8 oz,3,LA,2023-03,2023-03-01,25.0,25.0,0.0,25.0,144.19,144.19,144.19,0.0,0.0,False,none
F-04074,POP Ginger Chews Lychee 8 oz,3,LA,2023-04,2023-04-01,9.0,9.0,0.0,9.0,65.2,65.2,65.2,0.0,0.0,False,none
F-04074,POP Ginger Chews Lychee 8 oz,3,LA,2023-05,2023-05-01,7.0,7.0,13.0,20.0,126.44,126.44,361.26,0.0,0.0,True,deep_drop_gap
F-04074,POP Ginger Chews Lychee 8 oz,3,LA,2023-06,2023-06-01,25.0,25.0,0.0,25.0,373.59000000000003,373.59000000000003,373.59,0.0,0.0,False,none
F-04074,POP Ginger Chews Lychee 8 oz,3,LA,2023-07,2023-07-01,15.0,15.0,0.0,15.0,332.7,332.7,332.7,0.0,0.0,False,none
F-04074,POP Ginger Chews Lychee 8 oz,3,LA,2023-08,2023-08-01,10.0,10.0,0.0,10.0,221.82999999999998,221.82999999999998,221.83,0.0,0.0,False,none
F-04074,POP Ginger Chews Lychee 8 oz,3,LA,2023-09,2023-09-01,29.0,29.0,0.0,29.0,546.78,546.78,546.78,0.0,0.0,False,none
F-04074,POP Ginger Chews Lychee 8 oz,3,LA,2023-10,2023-10-01,9.0,9.0,0.0,9.0,55.4,55.4,55.4,0.0,0.0,False,none
F-04074,POP Ginger Chews Lychee 8 oz,3,LA,2023-11,2023-11-01,464.0,464.0,0.0,464.0,6599.97,6599.97,6599.97,0.0,0.0,False,none
F-04074,POP Ginger Chews Lychee 8 oz,3,LA,2023-12,2023-12-01,11.0,11.0,0.0,11.0,232.94,232.94,232.94,0.0,0.0,False,none
F-04074,POP Ginger Chews Lychee 8 oz,3,LA,2024-01,2024-01-01,30.0,30.0,0.0,30.0,417.0299999999999,417.0299999999999,417.03,0.0,0.0,False,none
F-04074,POP Ginger Chews Lychee 8 oz,3,LA,2024-02,2024-02-01,14.0,14.0,0.0,14.0,310.56,310.56,310.56,0.0,0.0,False,none
F-04074,POP Ginger Chews Lychee 8 oz,3,LA,2024-03,2024-03-01,37.0,37.0,0.0,37.0,812.82,812.82,812.82,0.0,0.0,False,none
F-04074,POP Ginger Chews Lychee 8 oz,3,LA,2024-04,2024-04-01,24.0,24.0,0.0,24.0,456.99,456.99,456.99,0.0,0.0,False,none
F-04074,POP Ginger Chews Lychee 8 oz,3,LA,2024-05,2024-05-01,31.0,31.0,0.0,31.0,641.51,641.51,641.51,0.0,0.0,False,none
F-04074,POP Ginger Chews Lychee 8 oz,3,LA,2024-06,2024-06-01,5.0,5.0,22.5,27.5,106.49,106.49,585.69,0.0,0.0,True,deep_drop_gap
F-04074,POP Ginger Chews Lychee 8 oz,3,LA,2024-07,2024-07-01,123.0,123.0,0.0,123.0,2448.05,2448.05,2448.05,0.0,0.0,False,none
F-04074,POP Ginger Chews Lychee 8 oz,3,LA,2024-08,2024-08-01,20.0,20.0,0.0,20.0,408.19,408.19,408.19,0.0,0.0,False,none
F-04074,POP Ginger Chews Lychee 8 oz,3,LA,2024-09,2024-09-01,21.0,21.0,0.0,21.0,437.03999999999996,437.03999999999996,437.04,0.0,0.0,False,none
F-04074,POP Ginger Chews Lychee 8 oz,3,LA,2024-10,2024-10-01,21.0,21.0,0.0,21.0,458.09,458.09,458.09,0.0,0.0,False,none
F-04074,POP Ginger Chews Lychee 8 oz,3,LA,2024-11,2024-11-01,10.0,10.0,0.0,10.0,212.76999999999998,212.76999999999998,212.77,0.0,0.0,False,none
F-04074,POP Ginger Chews Lychee 8 oz,3,LA,2024-12,2024-12-01,37.0,37.0,0.0,37.0,674.8399999999999,674.8399999999999,674.84,0.0,0.0,False,none
F-04074,POP Ginger Chews Lychee 8 oz,3,LA,2025-01,2025-01-01,17.0,17.0,0.0,17.0,354.94,354.94,354.94,0.0,0.0,False,none
F-04074,POP Ginger Chews Lychee 8 oz,3,LA,2025-02,2025-02-01,15.0,15.0,0.0,15.0,307.25,307.25,307.25,0.0,0.0,False,none
F-04074,POP Ginger Chews Lychee 8 oz,3,LA,2025-03,2025-03-01,41.0,41.0,0.0,41.0,743.19,743.19,743.19,0.0,0.0,False,none
F-04074,POP Ginger Chews Lychee 8 oz,3,LA,2025-04,2025-04-01,36.0,36.0,0.0,36.0,678.85,678.85,678.85,0.0,0.0,False,none
F-04074,POP Ginger Chews Lychee 8 oz,3,LA,2025-05,2025-05-01,47.0,47.0,0.0,47.0,830.7999999999998,830.7999999999998,830.8,0.0,0.0,False,none
F-04074,POP Ginger Chews Lychee 8 oz,3,LA,2025-06,2025-06-01,27.0,27.0,0.0,27.0,537.9599999999999,537.9599999999999,537.96,0.0,0.0,False,none
F-04074,POP Ginger Chews Lychee 8 oz,3,LA,2025-07,2025-07-01,26.0,26.0,0.0,26.0,539.08,539.08,539.08,0.0,0.0,False,none
F-04074,POP Ginger Chews Lychee 8 oz,3,LA,2025-08,2025-08-01,15.0,15.0,0.0,15.0,266.18,266.18,266.18,0.0,0.0,False,none
F-04074,POP Ginger Chews Lychee 8 oz,3,LA,2025-09,2025-09-01,11.0,11.0,0.0,11.0,241.79999999999998,241.79999999999998,241.8,0.0,0.0,False,none
F-04074,POP Ginger Chews Lychee 8 oz,3,LA,2025-10,2025-10-01,59.0,59.0,0.0,59.0,88.73,88.73,88.73,0.0,0.0,False,none
F-04074,POP Ginger Chews Lychee 8 oz,3,LA,2025-11,2025-11-01,9.0,9.0,50.0,59.0,105.38,105.38,690.82,0.0,0.0,True,deep_drop_gap
F-04074,POP Ginger Chews Lychee 8 oz,3,LA,2025-12,2025-12-01,600.0,600.0,0.0,600.0,689.2900000000001,689.2900000000001,689.29,0.0,0.0,False,none
F-04074,POP Ginger Chews Lychee 8 oz,E1,UNMAPPED,2025-08,2025-08-01,10.0,10.0,0.0,10.0,0.0,0.0,0.0,0.0,0.0,False,none
F-04074,POP Ginger Chews Lychee 8 oz,L,UNMAPPED,2025-06,2025-06-01,865.0,865.0,0.0,865.0,11766.83,11766.83,11766.83,0.0,0.0,False,none
F-04074,POP Ginger Chews Lychee 8 oz,L,UNMAPPED,2025-07,2025-07-01,2872.0,2872.0,0.0,2872.0,39071.92,39071.92,39071.92,0.0,0.0,False,none
F-04074,POP Ginger Chews Lychee 8 oz,L,UNMAPPED,2025-08,2025-08-01,2872.0,2872.0,0.0,2872.0,39071.92,39071.92,39071.92,0.0,0.0,False,none
F-04074,POP Ginger Chews Lychee 8 oz,L,UNMAPPED,2025-09,2025-09-01,0.0,0.0,2872.0,2872.0,0.0,0.0,39071.92,0.0,0.0,True,zero_sales_gap
F-04074,POP Ginger Chews Lychee 8 oz,L,UNMAPPED,2025-10,2025-10-01,1847.0,1847.0,0.0,1847.0,28072.68,28072.68,28072.68,0.0,0.0,False,none
F-04074,POP Ginger Chews Lychee 8 oz,L,UNMAPPED,2025-11,2025-11-01,3078.0,3078.0,0.0,3078.0,46787.8,46787.8,46787.8,0.0,0.0,False,none
F-04074,POP Ginger Chews Lychee 8 oz,L,UNMAPPED,2025-12,2025-12-01,3078.0,3078.0,0.0,3078.0,46787.8,46787.8,46787.8,0.0,0.0,False,none
F-04075,POP Ginger Chews Blood Orange 8 oz,1,SF,2023-01,2023-01-01,320.0,320.0,0.0,320.0,4302.96,4302.96,4302.96,0.0,0.0,False,none
F-04075,POP Ginger Chews Blood Orange 8 oz,1,SF,2023-02,2023-02-01,1162.0,1162.0,0.0,1162.0,15777.48,15777.48,15777.48,0.0,0.0,False,none
F-04075,POP Ginger Chews Blood Orange 8 oz,1,SF,2023-03,2023-03-01,1769.0,1769.0,0.0,1769.0,23795.329999999998,23795.329999999998,23795.33,0.0,0.0,False,none
F-04075,POP Ginger Chews Blood Orange 8 oz,1,SF,2023-04,2023-04-01,847.0,847.0,0.0,847.0,11306.49,11306.49,11306.49,0.0,0.0,False,none
F-04075,POP Ginger Chews Blood Orange 8 oz,1,SF,2023-05,2023-05-01,1358.0,1358.0,0.0,1358.0,18010.829999999998,18010.829999999998,18010.83,0.0,0.0,False,none
F-04075,POP Ginger Chews Blood Orange 8 oz,1,SF,2023-06,2023-06-01,1457.0,1457.0,0.0,1457.0,19782.11,19782.11,19782.11,0.0,0.0,False,none
F-04075,POP Ginger Chews Blood Orange 8 oz,1,SF,2023-07,2023-07-01,519.0,519.0,824.5,1343.5,6879.06,6879.06,17807.35,0.0,0.0,True,deep_drop_gap
F-04075,POP Ginger Chews Blood Orange 8 oz,1,SF,2023-08,2023-08-01,1329.0,1329.0,0.0,1329.0,17634.32,17634.32,17634.32,0.0,0.0,False,none
F-04075,POP Ginger Chews Blood Orange 8 oz,1,SF,2023-09,2023-09-01,65.0,65.0,587.5,652.5,553.56,553.56,5556.89,0.0,0.0,True,deep_drop_gap
F-04075,POP Ginger Chews Blood Orange 8 oz,1,SF,2023-10,2023-10-01,786.0,786.0,0.0,786.0,10538.95,10538.95,10538.95,0.0,0.0,False,none
F-04075,POP Ginger Chews Blood Orange 8 oz,1,SF,2023-11,2023-11-01,22.0,22.0,512.0,534.0,151.89,151.89,3686.78,0.0,0.0,True,deep_drop_gap
F-04075,POP Ginger Chews Blood Orange 8 oz,1,SF,2023-12,2023-12-01,282.0,282.0,559.0,841.0,3909.4000000000005,3909.4000000000005,11658.88,0.0,0.0,True,deep_drop_gap
F-04075,POP Ginger Chews Blood Orange 8 oz,1,SF,2024-01,2024-01-01,896.0,896.0,0.0,896.0,12117.6,12117.6,12117.6,0.0,0.0,False,none
F-04075,POP Ginger Chews Blood Orange 8 oz,1,SF,2024-02,2024-02-01,1311.0,1311.0,0.0,1311.0,17458.320000000003,17458.320000000003,17458.32,0.0,0.0,False,none
F-04075,POP Ginger Chews Blood Orange 8 oz,1,SF,2024-03,2024-03-01,649.0,649.0,0.0,649.0,8679.609999999999,8679.609999999999,8679.61,0.0,0.0,False,none
F-04075,POP Ginger Chews Blood Orange 8 oz,1,SF,2024-04,2024-04-01,1156.0,1156.0,0.0,1156.0,15641.43,15641.43,15641.43,0.0,0.0,False,none
F-04075,POP Ginger Chews Blood Orange 8 oz,1,SF,2024-05,2024-05-01,451.0,451.0,0.0,451.0,6113.660000000001,6113.660000000001,6113.66,0.0,0.0,False,none
F-04075,POP Ginger Chews Blood Orange 8 oz,1,SF,2024-06,2024-06-01,1208.0,1208.0,0.0,1208.0,16290.87,16290.87,16290.87,0.0,0.0,False,none
F-04075,POP Ginger Chews Blood Orange 8 oz,1,SF,2024-07,2024-07-01,454.0,454.0,0.0,454.0,6116.1900000000005,6116.1900000000005,6116.19,0.0,0.0,False,none
F-04075,POP Ginger Chews Blood Orange 8 oz,1,SF,2024-08,2024-08-01,928.0,928.0,0.0,928.0,12620.619999999999,12620.619999999999,12620.62,0.0,0.0,False,none
F-04075,POP Ginger Chews Blood Orange 8 oz,1,SF,2024-09,2024-09-01,339.0,339.0,0.0,339.0,4592.74,4592.74,4592.74,0.0,0.0,False,none
F-04075,POP Ginger Chews Blood Orange 8 oz,1,SF,2024-10,2024-10-01,673.0,673.0,0.0,673.0,9094.359999999999,9094.359999999999,9094.36,0.0,0.0,False,none
F-04075,POP Ginger Chews Blood Orange 8 oz,1,SF,2024-11,2024-11-01,1008.0,1008.0,0.0,1008.0,13589.5,13589.5,13589.5,0.0,0.0,False,none
F-04075,POP Ginger Chews Blood Orange 8 oz,1,SF,2024-12,2024-12-01,1238.0,1238.0,0.0,1238.0,16639.350000000002,16639.350000000002,16639.35,0.0,0.0,False,none
F-04075,POP Ginger Chews Blood Orange 8 oz,1,SF,2025-01,2025-01-01,1059.0,1059.0,0.0,1059.0,14365.29,14365.29,14365.29,0.0,0.0,False,none
F-04075,POP Ginger Chews Blood Orange 8 oz,1,SF,2025-02,2025-02-01,1068.0,1068.0,0.0,1068.0,14006.710000000001,14006.710000000001,14006.71,0.0,0.0,False,none
F-04075,POP Ginger Chews Blood Orange 8 oz,1,SF,2025-03,2025-03-01,713.0,713.0,0.0,713.0,9640.97,9640.97,9640.97,0.0,0.0,False,none
F-04075,POP Ginger Chews Blood Orange 8 oz,1,SF,2025-04,2025-04-01,2075.0,2075.0,0.0,2075.0,27974.0,27974.0,27974.0,0.0,0.0,False,none
F-04075,POP Ginger Chews Blood Orange 8 oz,1,SF,2025-05,2025-05-01,6404.0,6404.0,0.0,6404.0,19016.68,19016.68,19016.68,0.0,0.0,False,none
F-04075,POP Ginger Chews Blood Orange 8 oz,1,SF,2025-06,2025-06-01,4225.0,4225.0,0.0,4225.0,22396.780000000002,22396.780000000002,22396.78,0.0,0.0,False,none
F-04075,POP Ginger Chews Blood Orange 8 oz,1,SF,2025-07,2025-07-01,2213.0,2213.0,0.0,2213.0,11208.94,11208.94,11208.94,0.0,0.0,False,none
F-04075,POP Ginger Chews Blood Orange 8 oz,1,SF,2025-08,2025-08-01,4511.0,4511.0,0.0,4511.0,44491.84,44491.84,44491.84,0.0,0.0,False,none
F-04075,POP Ginger Chews Blood Orange 8 oz,1,SF,2025-09,2025-09-01,666.0,666.0,1179.0,1845.0,10161.800000000001,10161.800000000001,28150.93,0.0,0.0,True,deep_drop_gap
F-04075,POP Ginger Chews Blood Orange 8 oz,1,SF,2025-10,2025-10-01,1330.0,1330.0,0.0,1330.0,20140.29,20140.29,20140.29,0.0,0.0,False,none
F-04075,POP Ginger Chews Blood Orange 8 oz,1,SF,2025-11,2025-11-01,1477.0,1477.0,0.0,1477.0,22074.13,22074.13,22074.13,0.0,0.0,False,none
F-04075,POP Ginger Chews Blood Orange 8 oz,1,SF,2025-12,2025-12-01,961.0,961.0,0.0,961.0,14483.570000000002,14483.570000000002,14483.57,0.0,0.0,False,none
F-04075,POP Ginger Chews Blood Orange 8 oz,2,NJ,2023-02,2023-02-01,1.0,1.0,0.0,1.0,21.09,21.09,21.09,0.0,0.0,False,none
F-04075,POP Ginger Chews Blood Orange 8 oz,2,NJ,2023-03,2023-03-01,11.0,11.0,18.0,29.0,168.75,168.75,444.89,0.0,0.0,True,deep_drop_gap
F-04075,POP Ginger Chews Blood Orange 8 oz,2,NJ,2023-04,2023-04-01,29.0,29.0,0.0,29.0,87.66,87.66,87.66,0.0,0.0,False,none
F-04075,POP Ginger Chews Blood Orange 8 oz,2,NJ,2023-05,2023-05-01,99.0,99.0,0.0,99.0,1066.65,1066.65,1066.65,0.0,0.0,False,none
F-04075,POP Ginger Chews Blood Orange 8 oz,2,NJ,2023-06,2023-06-01,27.0,27.0,2714.5,2741.5,110.55,110.55,11224.92,0.0,0.0,True,deep_drop_gap
F-04075,POP Ginger Chews Blood Orange 8 oz,2,NJ,2023-07,2023-07-01,5384.0,5384.0,0.0,5384.0,9406.130000000001,9406.130000000001,9406.13,0.0,0.0,False,none
F-04075,POP Ginger Chews Blood Orange 8 oz,2,NJ,2023-08,2023-08-01,10219.0,10219.0,0.0,10219.0,20236.69,20236.69,20236.69,0.0,0.0,False,none
F-04075,POP Ginger Chews Blood Orange 8 oz,2,NJ,2023-09,2023-09-01,954.0,954.0,4320.5,5274.5,1647.46,1647.46,9108.52,0.0,0.0,True,deep_drop_gap
F-04075,POP Ginger Chews Blood Orange 8 oz,2,NJ,2023-10,2023-10-01,5165.0,5165.0,0.0,5165.0,8950.659999999998,8950.659999999998,8950.66,0.0,0.0,False,none
F-04075,POP Ginger Chews Blood Orange 8 oz,2,NJ,2023-11,2023-11-01,1689.0,1689.0,0.0,1689.0,9530.810000000001,9530.810000000001,9530.81,0.0,0.0,False,none
F-04075,POP Ginger Chews Blood Orange 8 oz,2,NJ,2023-12,2023-12-01,2754.0,2754.0,0.0,2754.0,9389.58,9389.58,9389.58,0.0,0.0,False,none
F-04075,POP Ginger Chews Blood Orange 8 oz,2,NJ,2024-01,2024-01-01,5453.0,5453.0,0.0,5453.0,9550.58,9550.58,9550.58,0.0,0.0,False,none
F-04075,POP Ginger Chews Blood Orange 8 oz,2,NJ,2024-02,2024-02-01,4234.0,4234.0,0.0,4234.0,9416.03,9416.03,9416.03,0.0,0.0,False,none
F-04075,POP Ginger Chews Blood Orange 8 oz,2,NJ,2024-03,2024-03-01,3373.0,3373.0,0.0,3373.0,5916.44,5916.44,5916.44,0.0,0.0,False,none
F-04075,POP Ginger Chews Blood Orange 8 oz,2,NJ,2024-04,2024-04-01,3207.0,3207.0,0.0,3207.0,9186.58,9186.58,9186.58,0.0,0.0,False,none
F-04075,POP Ginger Chews Blood Orange 8 oz,2,NJ,2024-05,2024-05-01,5229.0,5229.0,0.0,5229.0,15299.98,15299.98,15299.98,0.0,0.0,False,none
F-04075,POP Ginger Chews Blood Orange 8 oz,2,NJ,2024-06,2024-06-01,4575.0,4575.0,0.0,4575.0,17651.97,17651.97,17651.97,0.0,0.0,False,none
F-04075,POP Ginger Chews Blood Orange 8 oz,2,NJ,2024-07,2024-07-01,6090.0,6090.0,0.0,6090.0,16714.88,16714.88,16714.88,0.0,0.0,False,none
F-04075,POP Ginger Chews Blood Orange 8 oz,2,NJ,2024-08,2024-08-01,8438.0,8438.0,0.0,8438.0,19135.579999999998,19135.579999999998,19135.58,0.0,0.0,False,none
F-04075,POP Ginger Chews Blood Orange 8 oz,2,NJ,2024-09,2024-09-01,3831.0,3831.0,0.0,3831.0,6966.7,6966.7,6966.7,0.0,0.0,False,none
F-04075,POP Ginger Chews Blood Orange 8 oz,2,NJ,2024-10,2024-10-01,4465.0,4465.0,0.0,4465.0,19380.85,19380.85,19380.85,0.0,0.0,False,none
F-04075,POP Ginger Chews Blood Orange 8 oz,2,NJ,2024-11,2024-11-01,3507.0,3507.0,0.0,3507.0,10884.55,10884.55,10884.55,0.0,0.0,False,none
F-04075,POP Ginger Chews Blood Orange 8 oz,2,NJ,2024-12,2024-12-01,5735.0,5735.0,0.0,5735.0,17602.92,17602.92,17602.92,0.0,0.0,False,none
F-04075,POP Ginger Chews Blood Orange 8 oz,2,NJ,2025-01,2025-01-01,5503.0,5503.0,0.0,5503.0,13568.06,13568.06,13568.06,0.0,0.0,False,none
F-04075,POP Ginger Chews Blood Orange 8 oz,2,NJ,2025-02,2025-02-01,3756.0,3756.0,0.0,3756.0,14855.1,14855.1,14855.1,0.0,0.0,False,none
F-04075,POP Ginger Chews Blood Orange 8 oz,2,NJ,2025-03,2025-03-01,4078.0,4078.0,0.0,4078.0,20332.13,20332.13,20332.13,0.0,0.0,False,none
F-04075,POP Ginger Chews Blood Orange 8 oz,2,NJ,2025-04,2025-04-01,3523.0,3523.0,0.0,3523.0,13556.38,13556.38,13556.38,0.0,0.0,False,none
F-04075,POP Ginger Chews Blood Orange 8 oz,2,NJ,2025-05,2025-05-01,1957.0,1957.0,0.0,1957.0,8422.8,8422.8,8422.8,0.0,0.0,False,none
F-04075,POP Ginger Chews Blood Orange 8 oz,2,NJ,2025-06,2025-06-01,2338.0,2338.0,0.0,2338.0,16191.98,16191.98,16191.98,0.0,0.0,False,none
F-04075,POP Ginger Chews Blood Orange 8 oz,2,NJ,2025-07,2025-07-01,1923.0,1923.0,0.0,1923.0,8818.75,8818.75,8818.75,0.0,0.0,False,none
F-04075,POP Ginger Chews Blood Orange 8 oz,2,NJ,2025-08,2025-08-01,4119.0,4119.0,0.0,4119.0,10866.27,10866.27,10866.27,0.0,0.0,False,none
F-04075,POP Ginger Chews Blood Orange 8 oz,2,NJ,2025-09,2025-09-01,2793.0,2793.0,0.0,2793.0,9685.27,9685.27,9685.27,0.0,0.0,False,none
F-04075,POP Ginger Chews Blood Orange 8 oz,2,NJ,2025-10,2025-10-01,4772.0,4772.0,0.0,4772.0,9634.299999999997,9634.299999999997,9634.3,0.0,0.0,False,none
F-04075,POP Ginger Chews Blood Orange 8 oz,2,NJ,2025-11,2025-11-01,4299.0,4299.0,0.0,4299.0,12219.050000000001,12219.050000000001,12219.05,0.0,0.0,False,none
F-04075,POP Ginger Chews Blood Orange 8 oz,2,NJ,2025-12,2025-12-01,5381.0,5381.0,0.0,5381.0,20768.85,20768.85,20768.85,0.0,0.0,False,none
F-04075,POP Ginger Chews Blood Orange 8 oz,3,LA,2023-01,2023-01-01,14.0,14.0,0.0,14.0,42.18,42.18,42.18,0.0,0.0,False,none
F-04075,POP Ginger Chews Blood Orange 8 oz,3,LA,2023-02,2023-02-01,7.0,7.0,30.0,37.0,122.33,122.33,646.6,0.0,0.0,True,deep_drop_gap
F-04075,POP Ginger Chews Blood Orange 8 oz,3,LA,2023-03,2023-03-01,37.0,37.0,0.0,37.0,366.98999999999995,366.98999999999995,366.99,0.0,0.0,False,none
F-04075,POP Ginger Chews Blood Orange 8 oz,3,LA,2023-04,2023-04-01,42.0,42.0,0.0,42.0,263.03,263.03,263.03,0.0,0.0,False,none
F-04075,POP Ginger Chews Blood Orange 8 oz,3,LA,2023-05,2023-05-01,28.0,28.0,0.0,28.0,223.17000000000002,223.17000000000002,223.17,0.0,0.0,False,none
F-04075,POP Ginger Chews Blood Orange 8 oz,3,LA,2023-06,2023-06-01,49.0,49.0,0.0,49.0,665.45,665.45,665.45,0.0,0.0,False,none
F-04075,POP Ginger Chews Blood Orange 8 oz,3,LA,2023-07,2023-07-01,21.0,21.0,0.0,21.0,442.88999999999993,442.88999999999993,442.89,0.0,0.0,False,none
F-04075,POP Ginger Chews Blood Orange 8 oz,3,LA,2023-08,2023-08-01,11.0,11.0,0.0,11.0,202.04,202.04,202.04,0.0,0.0,False,none
F-04075,POP Ginger Chews Blood Orange 8 oz,3,LA,2023-09,2023-09-01,24.0,24.0,0.0,24.0,351.11,351.11,351.11,0.0,0.0,False,none
F-04075,POP Ginger Chews Blood Orange 8 oz,3,LA,2023-10,2023-10-01,9.0,9.0,0.0,9.0,164.92000000000002,164.92000000000002,164.92,0.0,0.0,False,none
F-04075,POP Ginger Chews Blood Orange 8 oz,3,LA,2023-11,2023-11-01,1003.0,1003.0,0.0,1003.0,13859.55,13859.55,13859.55,0.0,0.0,False,none
F-04075,POP Ginger Chews Blood Orange 8 oz,3,LA,2023-12,2023-12-01,15.0,15.0,0.0,15.0,226.67,226.67,226.67,0.0,0.0,False,none
F-04075,POP Ginger Chews Blood Orange 8 oz,3,LA,2024-01,2024-01-01,35.0,35.0,0.0,35.0,442.04,442.04,442.04,0.0,0.0,False,none
F-04075,POP Ginger Chews Blood Orange 8 oz,3,LA,2024-02,2024-02-01,38.0,16.0,0.0,16.0,721.88,339.17,339.17,22.0,382.71,False,none
F-04075,POP Ginger Chews Blood Orange 8 oz,3,LA,2024-03,2024-03-01,23.0,23.0,0.0,23.0,485.15,485.15,485.15,0.0,0.0,False,none
F-04075,POP Ginger Chews Blood Orange 8 oz,3,LA,2024-04,2024-04-01,31.0,31.0,0.0,31.0,420.16,420.16,420.16,0.0,0.0,False,none
F-04075,POP Ginger Chews Blood Orange 8 oz,3,LA,2024-05,2024-05-01,58.0,58.0,0.0,58.0,968.72,968.72,968.72,0.0,0.0,False,none
F-04075,POP Ginger Chews Blood Orange 8 oz,3,LA,2024-06,2024-06-01,8.0,8.0,44.0,52.0,150.79,150.79,980.13,0.0,0.0,True,deep_drop_gap
F-04075,POP Ginger Chews Blood Orange 8 oz,3,LA,2024-07,2024-07-01,116.0,116.0,0.0,116.0,2288.77,2288.77,2288.77,0.0,0.0,False,none
F-04075,POP Ginger Chews Blood Orange 8 oz,3,LA,2024-08,2024-08-01,46.0,46.0,0.0,46.0,962.69,962.69,962.69,0.0,0.0,False,none
F-04075,POP Ginger Chews Blood Orange 8 oz,3,LA,2024-09,2024-09-01,30.0,30.0,48.0,78.0,633.64,633.64,1647.46,0.0,0.0,True,deep_drop_gap
F-04075,POP Ginger Chews Blood Orange 8 oz,3,LA,2024-10,2024-10-01,16.0,16.0,25.0,41.0,330.09999999999997,330.09999999999997,845.88,0.0,0.0,True,deep_drop_gap
F-04075,POP Ginger Chews Blood Orange 8 oz,3,LA,2024-11,2024-11-01,110.0,110.0,0.0,110.0,1941.9199999999998,1941.9199999999998,1941.92,0.0,0.0,False,none
F-04075,POP Ginger Chews Blood Orange 8 oz,3,LA,2024-12,2024-12-01,36.0,36.0,0.0,36.0,640.5899999999999,640.5899999999999,640.59,0.0,0.0,False,none
F-04075,POP Ginger Chews Blood Orange 8 oz,3,LA,2025-01,2025-01-01,18.0,18.0,55.0,73.0,374.4,374.4,1518.4,0.0,0.0,True,deep_drop_gap
F-04075,POP Ginger Chews Blood Orange 8 oz,3,LA,2025-02,2025-02-01,14.0,14.0,71.5,85.5,271.03,271.03,1655.22,0.0,0.0,True,deep_drop_gap
F-04075,POP Ginger Chews Blood Orange 8 oz,3,LA,2025-03,2025-03-01,135.0,135.0,0.0,135.0,2530.87,2530.87,2530.87,0.0,0.0,False,none
F-04075,POP Ginger Chews Blood Orange 8 oz,3,LA,2025-04,2025-04-01,540.0,540.0,0.0,540.0,7510.9,7510.9,7510.9,0.0,0.0,False,none
F-04075,POP Ginger Chews Blood Orange 8 oz,3,LA,2025-05,2025-05-01,0.0,0.0,94.5,94.5,0.0,0.0,1314.41,0.0,0.0,True,zero_sales_gap
F-04075,POP Ginger Chews Blood Orange 8 oz,3,LA,2025-06,2025-06-01,54.0,54.0,0.0,54.0,951.32,951.32,951.32,0.0,0.0,False,none
F-04075,POP Ginger Chews Blood Orange 8 oz,3,LA,2025-07,2025-07-01,26.0,26.0,0.0,26.0,512.5699999999999,512.5699999999999,512.57,0.0,0.0,False,none
F-04075,POP Ginger Chews Blood Orange 8 oz,3,LA,2025-08,2025-08-01,18.0,18.0,0.0,18.0,375.15,375.15,375.15,0.0,0.0,False,none
F-04075,POP Ginger Chews Blood Orange 8 oz,3,LA,2025-09,2025-09-01,14.0,14.0,0.0,14.0,294.25,294.25,294.25,0.0,0.0,False,none
F-04075,POP Ginger Chews Blood Orange 8 oz,3,LA,2025-10,2025-10-01,20.0,20.0,0.0,20.0,454.27,454.27,454.27,0.0,0.0,False,none
F-04075,POP Ginger Chews Blood Orange 8 oz,3,LA,2025-11,2025-11-01,27.0,27.0,0.0,27.0,508.66999999999996,508.66999999999996,508.67,0.0,0.0,False,none
F-04075,POP Ginger Chews Blood Orange 8 oz,3,LA,2025-12,2025-12-01,170.0,170.0,0.0,170.0,2246.81,2246.81,2246.81,0.0,0.0,False,none
F-04075,POP Ginger Chews Blood Orange 8 oz,E1,UNMAPPED,2025-01,2025-01-01,6.0,6.0,0.0,6.0,44.23,44.23,44.23,0.0,0.0,False,none
F-04075,POP Ginger Chews Blood Orange 8 oz,E1,UNMAPPED,2025-02,2025-02-01,2.0,2.0,4.0,6.0,14.74,14.74,44.22,0.0,0.0,True,deep_drop_gap
F-04075,POP Ginger Chews Blood Orange 8 oz,E1,UNMAPPED,2025-03,2025-03-01,2.0,2.0,4.0,6.0,14.74,14.74,44.22,0.0,0.0,True,deep_drop_gap
F-04075,POP Ginger Chews Blood Orange 8 oz,E1,UNMAPPED,2025-04,2025-04-01,9.0,9.0,0.0,9.0,66.34,66.34,66.34,0.0,0.0,False,none
F-04075,POP Ginger Chews Blood Orange 8 oz,E1,UNMAPPED,2025-05,2025-05-01,0.0,0.0,2.0,2.0,0.0,0.0,14.74,0.0,0.0,True,zero_sales_gap
F-04075,POP Ginger Chews Blood Orange 8 oz,E1,UNMAPPED,2025-06,2025-06-01,1.0,1.0,0.0,1.0,8.0,8.0,8.0,0.0,0.0,False,none
F-04075,POP Ginger Chews Blood Orange 8 oz,E1,UNMAPPED,2025-07,2025-07-01,0.0,0.0,2.0,2.0,0.0,0.0,16.0,0.0,0.0,True,zero_sales_gap
F-04075,POP Ginger Chews Blood Orange 8 oz,E1,UNMAPPED,2025-08,2025-08-01,0.0,0.0,2.0,2.0,0.0,0.0,16.0,0.0,0.0,True,zero_sales_gap
F-04075,POP Ginger Chews Blood Orange 8 oz,E1,UNMAPPED,2025-09,2025-09-01,3.0,3.0,0.0,3.0,24.01,24.01,24.01,0.0,0.0,False,none
F-04075,POP Ginger Chews Blood Orange 8 oz,L,UNMAPPED,2025-11,2025-11-01,780.0,780.0,0.0,780.0,11862.65,11862.65,11862.65,0.0,0.0,False,none
F-04076,POP Ginger Chews Assorted 8 oz,1,SF,2023-10,2023-10-01,324.0,324.0,0.0,324.0,4244.86,4244.86,4244.86,0.0,0.0,False,none
F-04076,POP Ginger Chews Assorted 8 oz,1,SF,2023-11,2023-11-01,314.0,314.0,0.0,314.0,4244.86,4244.86,4244.86,0.0,0.0,False,none
F-04076,POP Ginger Chews Assorted 8 oz,1,SF,2023-12,2023-12-01,157.0,153.0,0.0,153.0,2039.3799999999999,1969.72,1969.72,4.0,69.65999999999985,False,none
F-04076,POP Ginger Chews Assorted 8 oz,1,SF,2024-01,2024-01-01,269.0,269.0,0.0,269.0,3546.41,3546.41,3546.41,0.0,0.0,False,none
F-04076,POP Ginger Chews Assorted 8 oz,1,SF,2024-02,2024-02-01,657.0,657.0,0.0,657.0,8834.939999999999,8834.939999999999,8834.94,0.0,0.0,False,none
F-04076,POP Ginger Chews Assorted 8 oz,1,SF,2024-03,2024-03-01,517.0,517.0,0.0,517.0,6989.759999999999,6989.759999999999,6989.76,0.0,0.0,False,none
F-04076,POP Ginger Chews Assorted 8 oz,1,SF,2024-04,2024-04-01,113.0,113.0,474.0,587.0,1467.0900000000001,1467.0900000000001,7621.08,0.0,0.0,True,deep_drop_gap
F-04076,POP Ginger Chews Assorted 8 oz,1,SF,2024-05,2024-05-01,150.0,150.0,0.0,150.0,2209.96,2209.96,2209.96,0.0,0.0,False,none
F-04076,POP Ginger Chews Assorted 8 oz,1,SF,2024-06,2024-06-01,1514.0,1514.0,0.0,1514.0,20778.660000000003,20778.660000000003,20778.66,0.0,0.0,False,none
F-04076,POP Ginger Chews Assorted 8 oz,1,SF,2024-07,2024-07-01,222.0,222.0,878.0,1100.0,3687.71,3687.71,18272.44,0.0,0.0,True,deep_drop_gap
F-04076,POP Ginger Chews Assorted 8 oz,1,SF,2024-08,2024-08-01,1100.0,1100.0,0.0,1100.0,14990.749999999998,14990.749999999998,14990.75,0.0,0.0,False,none
F-04076,POP Ginger Chews Assorted 8 oz,1,SF,2024-09,2024-09-01,4.0,0.0,661.0,661.0,86.38,0.0,14274.3,4.0,86.38,True,deep_drop_gap
F-04076,POP Ginger Chews Assorted 8 oz,1,SF,2024-10,2024-10-01,1500.0,1500.0,0.0,1500.0,20393.45,20393.45,20393.45,0.0,0.0,False,none
F-04076,POP Ginger Chews Assorted 8 oz,1,SF,2024-11,2024-11-01,165.0,165.0,1976.0,2141.0,607.11,607.11,7877.71,0.0,0.0,True,deep_drop_gap
F-04076,POP Ginger Chews Assorted 8 oz,1,SF,2024-12,2024-12-01,2141.0,2141.0,0.0,2141.0,27483.409999999996,27483.409999999996,27483.41,0.0,0.0,False,none
F-04076,POP Ginger Chews Assorted 8 oz,1,SF,2025-01,2025-01-01,4565.0,4565.0,0.0,4565.0,56799.549999999996,56799.549999999996,56799.55,0.0,0.0,False,none
F-04076,POP Ginger Chews Assorted 8 oz,1,SF,2025-02,2025-02-01,571.0,571.0,3685.5,4256.5,7696.4800000000005,7696.4800000000005,57373.15,0.0,0.0,True,deep_drop_gap
F-04076,POP Ginger Chews Assorted 8 oz,1,SF,2025-03,2025-03-01,3948.0,3948.0,0.0,3948.0,53622.270000000004,53622.270000000004,53622.27,0.0,0.0,False,none
F-04076,POP Ginger Chews Assorted 8 oz,1,SF,2025-04,2025-04-01,4956.0,4956.0,0.0,4956.0,67056.91,67056.91,67056.91,0.0,0.0,False,none
F-04076,POP Ginger Chews Assorted 8 oz,1,SF,2025-05,2025-05-01,3953.0,3953.0,0.0,3953.0,41585.770000000004,41585.770000000004,41585.77,0.0,0.0,False,none
F-04076,POP Ginger Chews Assorted 8 oz,1,SF,2025-06,2025-06-01,3102.0,3102.0,0.0,3102.0,12860.79,12860.79,12860.79,0.0,0.0,False,none
F-04076,POP Ginger Chews Assorted 8 oz,1,SF,2025-07,2025-07-01,431.0,431.0,1203.5,1634.5,6890.25,6890.25,26130.19,0.0,0.0,True,deep_drop_gap
F-04076,POP Ginger Chews Assorted 8 oz,1,SF,2025-08,2025-08-01,26.0,26.0,273.0,299.0,180.15,180.15,2071.72,0.0,0.0,True,deep_drop_gap
F-04076,POP Ginger Chews Assorted 8 oz,1,SF,2025-09,2025-09-01,167.0,167.0,0.0,167.0,3104.53,3104.53,3104.53,0.0,0.0,False,none
F-04076,POP Ginger Chews Assorted 8 oz,1,SF,2025-10,2025-10-01,96.0,96.0,373.0,469.0,823.72,823.72,4024.22,0.0,0.0,True,deep_drop_gap
F-04076,POP Ginger Chews Assorted 8 oz,1,SF,2025-11,2025-11-01,773.0,771.0,0.0,771.0,11643.980000000001,11643.980000000001,11643.98,2.0,0.0,False,none
F-04076,POP Ginger Chews Assorted 8 oz,1,SF,2025-12,2025-12-01,2053.0,2053.0,0.0,2053.0,31232.16,31232.16,31232.16,0.0,0.0,False,none
F-04076,POP Ginger Chews Assorted 8 oz,2,NJ,2023-10,2023-10-01,1.0,1.0,0.0,1.0,0.0,0.0,0.0,0.0,0.0,False,none
F-04076,POP Ginger Chews Assorted 8 oz,2,NJ,2023-11,2023-11-01,481.0,481.0,0.0,481.0,7720.889999999999,7720.889999999999,7720.89,0.0,0.0,False,none
F-04076,POP Ginger Chews Assorted 8 oz,2,NJ,2023-12,2023-12-01,144.0,137.0,325.0,462.0,2453.9700000000003,2349.4700000000003,7923.03,7.0,104.5,True,deep_drop_gap
F-04076,POP Ginger Chews Assorted 8 oz,2,NJ,2024-01,2024-01-01,480.0,480.0,0.0,480.0,7321.03,7321.03,7321.03,0.0,0.0,False,none
F-04076,POP Ginger Chews Assorted 8 oz,2,NJ,2024-02,2024-02-01,444.0,444.0,0.0,444.0,7677.92,7677.92,7677.92,0.0,0.0,False,none
F-04076,POP Ginger Chews Assorted 8 oz,2,NJ,2024-03,2024-03-01,760.0,743.0,0.0,743.0,13043.83,12782.58,12782.58,17.0,261.25,False,none
F-04076,POP Ginger Chews Assorted 8 oz,2,NJ,2024-04,2024-04-01,1221.0,1221.0,0.0,1221.0,20019.24,20019.24,20019.24,0.0,0.0,False,none
F-04076,POP Ginger Chews Assorted 8 oz,2,NJ,2024-05,2024-05-01,1895.0,1895.0,0.0,1895.0,31496.909999999996,31496.909999999996,31496.91,0.0,0.0,False,none
F-04076,POP Ginger Chews Assorted 8 oz,2,NJ,2024-06,2024-06-01,1652.0,1652.0,0.0,1652.0,28432.649999999998,28432.649999999998,28432.65,0.0,0.0,False,none
F-04076,POP Ginger Chews Assorted 8 oz,2,NJ,2024-07,2024-07-01,1761.0,1761.0,0.0,1761.0,27660.93,27660.93,27660.93,0.0,0.0,False,none
F-04076,POP Ginger Chews Assorted 8 oz,2,NJ,2024-08,2024-08-01,666.0,634.0,0.0,634.0,10539.199999999999,10034.11,10034.11,32.0,505.0899999999983,False,none
F-04076,POP Ginger Chews Assorted 8 oz,2,NJ,2024-09,2024-09-01,3.0,3.0,0.0,3.0,8.33,8.33,8.33,0.0,0.0,False,none
F-04076,POP Ginger Chews Assorted 8 oz,2,NJ,2024-10,2024-10-01,0.0,0.0,764.5,764.5,0.0,0.0,2122.76,0.0,0.0,True,zero_sales_gap
F-04076,POP Ginger Chews Assorted 8 oz,2,NJ,2024-11,2024-11-01,895.0,895.0,0.0,895.0,16217.54,16217.54,16217.54,0.0,0.0,False,none
F-04076,POP Ginger Chews Assorted 8 oz,2,NJ,2024-12,2024-12-01,1377.0,1054.0,0.0,1054.0,22116.88,15455.010000000002,15455.01,323.0,6661.869999999999,False,none
F-04076,POP Ginger Chews Assorted 8 oz,2,NJ,2025-01,2025-01-01,2274.0,2247.0,0.0,2247.0,38321.159999999996,37687.759999999995,37687.76,27.0,633.4000000000015,False,none
F-04076,POP Ginger Chews Assorted 8 oz,2,NJ,2025-02,2025-02-01,3107.0,3107.0,0.0,3107.0,29199.42,29199.42,29199.42,0.0,0.0,False,none
F-04076,POP Ginger Chews Assorted 8 oz,2,NJ,2025-03,2025-03-01,3819.0,3431.0,0.0,3431.0,62305.87,54746.85,54746.85,388.0,7559.020000000004,False,none
F-04076,POP Ginger Chews Assorted 8 oz,2,NJ,2025-04,2025-04-01,4045.0,4045.0,0.0,4045.0,30321.8,30321.8,30321.8,0.0,0.0,False,none
F-04076,POP Ginger Chews Assorted 8 oz,2,NJ,2025-05,2025-05-01,1938.0,1890.0,0.0,1890.0,31115.97,30247.450000000004,30247.45,48.0,868.5199999999968,False,none
F-04076,POP Ginger Chews Assorted 8 oz,2,NJ,2025-06,2025-06-01,73.0,73.0,2894.5,2967.5,1743.18,1743.18,70861.46,0.0,0.0,True,deep_drop_gap
F-04076,POP Ginger Chews Assorted 8 oz,2,NJ,2025-07,2025-07-01,5043.0,5043.0,0.0,5043.0,78190.9,78190.9,78190.9,0.0,0.0,False,none
F-04076,POP Ginger Chews Assorted 8 oz,2,NJ,2025-08,2025-08-01,943.0,943.0,0.0,943.0,16144.009999999998,16144.009999999998,16144.01,0.0,0.0,False,none
F-04076,POP Ginger Chews Assorted 8 oz,2,NJ,2025-09,2025-09-01,1986.0,1985.0,0.0,1985.0,30160.23,30133.75,30133.75,1.0,26.479999999999563,False,none
F-04076,POP Ginger Chews Assorted 8 oz,2,NJ,2025-10,2025-10-01,2274.0,2274.0,0.0,2274.0,20564.68,20564.68,20564.68,0.0,0.0,False,none
F-04076,POP Ginger Chews Assorted 8 oz,2,NJ,2025-11,2025-11-01,4565.0,4481.0,0.0,4481.0,33100.59,31092.34,31092.34,84.0,2008.2499999999964,False,none
F-04076,POP Ginger Chews Assorted 8 oz,2,NJ,2025-12,2025-12-01,7412.0,7412.0,0.0,7412.0,41514.68,41514.68,41514.68,0.0,0.0,False,none
F-04076,POP Ginger Chews Assorted 8 oz,3,LA,2024-05,2024-05-01,246.0,246.0,0.0,246.0,3646.0299999999997,3646.0299999999997,3646.03,0.0,0.0,False,none
F-04076,POP Ginger Chews Assorted 8 oz,3,LA,2024-06,2024-06-01,2.0,2.0,0.0,2.0,39.98,39.98,39.98,0.0,0.0,False,none
F-04076,POP Ginger Chews Assorted 8 oz,3,LA,2024-07,2024-07-01,0.0,0.0,124.0,124.0,0.0,0.0,2478.76,0.0,0.0,True,zero_sales_gap
F-04076,POP Ginger Chews Assorted 8 oz,3,LA,2024-08,2024-08-01,0.0,0.0,2.0,2.0,0.0,0.0,39.98,0.0,0.0,True,zero_sales_gap
F-04076,POP Ginger Chews Assorted 8 oz,3,LA,2024-09,2024-09-01,0.0,0.0,7.0,7.0,0.0,0.0,139.93,0.0,0.0,True,zero_sales_gap
F-04076,POP Ginger Chews Assorted 8 oz,3,LA,2024-10,2024-10-01,0.0,0.0,62.5,62.5,0.0,0.0,1249.38,0.0,0.0,True,zero_sales_gap
F-04076,POP Ginger Chews Assorted 8 oz,3,LA,2024-11,2024-11-01,7.0,7.0,0.0,7.0,143.95,143.95,143.95,0.0,0.0,False,none
F-04076,POP Ginger Chews Assorted 8 oz,3,LA,2024-12,2024-12-01,118.0,118.0,0.0,118.0,1781.66,1781.66,1781.66,0.0,0.0,False,none
F-04076,POP Ginger Chews Assorted 8 oz,3,LA,2025-01,2025-01-01,141.0,141.0,0.0,141.0,2227.73,2227.73,2227.73,0.0,0.0,False,none
F-04076,POP Ginger Chews Assorted 8 oz,3,LA,2025-02,2025-02-01,1.0,1.0,119.5,120.5,22.22,22.22,2677.51,0.0,0.0,True,deep_drop_gap
F-04076,POP Ginger Chews Assorted 8 oz,3,LA,2025-03,2025-03-01,25.0,25.0,98.0,123.0,422.09000000000003,422.09000000000003,2076.68,0.0,0.0,True,deep_drop_gap
F-04076,POP Ginger Chews Assorted 8 oz,3,LA,2025-04,2025-04-01,123.0,123.0,0.0,123.0,1935.13,1935.13,1935.13,0.0,0.0,False,none
F-04076,POP Ginger Chews Assorted 8 oz,3,LA,2025-05,2025-05-01,0.0,0.0,74.0,74.0,0.0,0.0,1164.22,0.0,0.0,True,zero_sales_gap
F-04076,POP Ginger Chews Assorted 8 oz,3,LA,2025-06,2025-06-01,1.0,1.0,0.0,1.0,0.0,0.0,0.0,0.0,0.0,False,none
F-04076,POP Ginger Chews Assorted 8 oz,3,LA,2025-07,2025-07-01,248.0,230.0,908.0,1138.0,3925.5600000000004,3587.7500000000005,17751.56,18.0,337.80999999999995,True,deep_drop_gap
F-04076,POP Ginger Chews Assorted 8 oz,3,LA,2025-08,2025-08-01,1138.0,1138.0,0.0,1138.0,17611.85,17611.85,17611.85,0.0,0.0,False,none
F-04076,POP Ginger Chews Assorted 8 oz,3,LA,2025-09,2025-09-01,1402.0,1402.0,0.0,1402.0,21781.91,21781.91,21781.91,0.0,0.0,False,none
F-04076,POP Ginger Chews Assorted 8 oz,3,LA,2025-10,2025-10-01,302.0,302.0,0.0,302.0,4687.84,4687.84,4687.84,0.0,0.0,False,none
F-04076,POP Ginger Chews Assorted 8 oz,3,LA,2025-11,2025-11-01,44.0,43.0,259.0,302.0,735.2900000000001,713.07,5008.07,1.0,22.220000000000027,True,deep_drop_gap
F-04076,POP Ginger Chews Assorted 8 oz,3,LA,2025-12,2025-12-01,61.0,61.0,0.0,61.0,1067.92,1067.92,1067.92,0.0,0.0,False,none
F-04076,POP Ginger Chews Assorted 8 oz,L,UNMAPPED,2025-08,2025-08-01,5554.0,5554.0,0.0,5554.0,75531.3,75531.3,75531.3,0.0,0.0,False,none
F-04076,POP Ginger Chews Assorted 8 oz,L,UNMAPPED,2025-09,2025-09-01,0.0,0.0,5343.0,5343.0,0.0,0.0,72661.82,0.0,0.0,True,zero_sales_gap
F-04076,POP Ginger Chews Assorted 8 oz,L,UNMAPPED,2025-10,2025-10-01,2055.0,2055.0,0.0,2055.0,31234.42,31234.42,31234.42,0.0,0.0,False,none
F-04076,POP Ginger Chews Assorted 8 oz,L,UNMAPPED,2025-11,2025-11-01,5343.0,5343.0,0.0,5343.0,81209.48999999999,81209.48999999999,81209.49,0.0,0.0,False,none
F-04076,POP Ginger Chews Assorted 8 oz,L,UNMAPPED,2025-12,2025-12-01,1233.0,1233.0,0.0,1233.0,18740.65,18740.65,18740.65,0.0,0.0,False,none
F-04111,POP Chews Original 4 oz (12ct/cs),2,NJ,2023-01,2023-01-01,64.0,64.0,0.0,64.0,1152.42,1152.42,1152.42,0.0,0.0,False,none
F-04111,POP Ginger Chews Original 4 oz (12ct/cs),1,SF,2023-01,2023-01-01,5813.0,5813.0,0.0,5813.0,28398.31,28398.31,28398.31,0.0,0.0,False,none
F-04111,POP Ginger Chews Original 4 oz (12ct/cs),1,SF,2023-02,2023-02-01,3701.0,3701.0,0.0,3701.0,21684.710000000003,21684.710000000003,21684.71,0.0,0.0,False,none
F-04111,POP Ginger Chews Original 4 oz (12ct/cs),1,SF,2023-03,2023-03-01,7338.0,7338.0,0.0,7338.0,37011.74,37011.74,37011.74,0.0,0.0,False,none
F-04111,POP Ginger Chews Original 4 oz (12ct/cs),1,SF,2023-04,2023-04-01,2031.0,2031.0,4179.0,6210.0,26551.050000000003,26551.050000000003,81182.68,0.0,0.0,True,deep_drop_gap
F-04111,POP Ginger Chews Original 4 oz (12ct/cs),1,SF,2023-05,2023-05-01,5777.0,5777.0,0.0,5777.0,34711.81,34711.81,34711.81,0.0,0.0,False,none
F-04111,POP Ginger Chews Original 4 oz (12ct/cs),1,SF,2023-06,2023-06-01,6643.0,6643.0,0.0,6643.0,88674.66,88674.66,88674.66,0.0,0.0,False,none
F-04111,POP Ginger Chews Original 4 oz (12ct/cs),1,SF,2023-07,2023-07-01,3562.0,3562.0,0.0,3562.0,31373.64,31373.64,31373.64,0.0,0.0,False,none
F-04111,POP Ginger Chews Original 4 oz (12ct/cs),1,SF,2023-08,2023-08-01,3132.0,3132.0,0.0,3132.0,41938.13,41938.13,41938.13,0.0,0.0,False,none
F-04111,POP Ginger Chews Original 4 oz (12ct/cs),1,SF,2023-09,2023-09-01,3657.0,1462.0,0.0,1462.0,28173.98,23441.38,23441.38,2195.0,4732.5999999999985,False,none
F-04111,POP Ginger Chews Original 4 oz (12ct/cs),1,SF,2023-10,2023-10-01,4417.0,4417.0,0.0,4417.0,36109.259999999995,36109.259999999995,36109.26,0.0,0.0,False,none
F-04111,POP Ginger Chews Original 4 oz (12ct/cs),1,SF,2023-11,2023-11-01,4925.0,3747.0,0.0,3747.0,49954.229999999996,33619.89,33619.89,1178.0,16334.339999999997,False,none
F-04111,POP Ginger Chews Original 4 oz (12ct/cs),1,SF,2023-12,2023-12-01,5653.0,5365.0,0.0,5365.0,62868.299999999996,58762.63,58762.63,288.0,4105.669999999998,False,none
F-04111,POP Ginger Chews Original 4 oz (12ct/cs),1,SF,2024-01,2024-01-01,6197.0,4147.0,0.0,4147.0,70030.59,37025.36,37025.36,2050.0,33005.229999999996,False,none
F-04111,POP Ginger Chews Original 4 oz (12ct/cs),1,SF,2024-02,2024-02-01,4086.0,3976.0,0.0,3976.0,30484.56,28684.75,28684.75,110.0,1799.8100000000013,False,none
F-04111,POP Ginger Chews Original 4 oz (12ct/cs),1,SF,2024-03,2024-03-01,3501.0,3488.0,0.0,3488.0,48352.479999999996,48335.19,48335.19,13.0,17.289999999993597,False,none
F-04111,POP Ginger Chews Original 4 oz (12ct/cs),1,SF,2024-04,2024-04-01,5685.0,2603.0,0.0,2603.0,44730.75,29337.899999999998,29337.9,3082.0,15392.850000000002,False,none
F-04111,POP Ginger Chews Original 4 oz (12ct/cs),1,SF,2024-05,2024-05-01,3778.0,3701.0,0.0,3701.0,43717.63,42473.02,42473.02,77.0,1244.6100000000006,False,none
F-04111,POP Ginger Chews Original 4 oz (12ct/cs),1,SF,2024-06,2024-06-01,4073.0,4036.0,0.0,4036.0,37215.02,36627.29,36627.29,37.0,587.7299999999959,False,none
F-04111,POP Ginger Chews Original 4 oz (12ct/cs),1,SF,2024-07,2024-07-01,4261.0,4133.0,0.0,4133.0,35403.799999999996,33744.32,33744.32,128.0,1659.479999999996,False,none
F-04111,POP Ginger Chews Original 4 oz (12ct/cs),1,SF,2024-08,2024-08-01,4092.0,2356.0,0.0,2356.0,46960.91,33821.99,33821.99,1736.0,13138.920000000006,False,none
F-04111,POP Ginger Chews Original 4 oz (12ct/cs),1,SF,2024-09,2024-09-01,2710.0,2120.0,0.0,2120.0,31754.54,28161.31,28161.31,590.0,3593.2299999999996,False,none
F-04111,POP Ginger Chews Original 4 oz (12ct/cs),1,SF,2024-10,2024-10-01,4328.0,2967.0,0.0,2967.0,44658.14,28177.82,28177.82,1361.0,16480.32,False,none
F-04111,POP Ginger Chews Original 4 oz (12ct/cs),1,SF,2024-11,2024-11-01,8769.0,8503.0,0.0,8503.0,55533.4,51956.56,51956.56,266.0,3576.840000000004,False,none
F-04111,POP Ginger Chews Original 4 oz (12ct/cs),1,SF,2024-12,2024-12-01,6254.0,5794.0,0.0,5794.0,55418.33,49361.24,49361.24,460.0,6057.090000000004,False,none
F-04111,POP Ginger Chews Original 4 oz (12ct/cs),1,SF,2025-01,2025-01-01,3978.0,3728.0,0.0,3728.0,50512.229999999996,46225.25,46225.25,250.0,4286.979999999996,False,none
F-04111,POP Ginger Chews Original 4 oz (12ct/cs),1,SF,2025-02,2025-02-01,8166.0,7205.0,0.0,7205.0,73346.64,59053.6,59053.6,961.0,14293.04,False,none
F-04111,POP Ginger Chews Original 4 oz (12ct/cs),1,SF,2025-03,2025-03-01,3276.0,3186.0,0.0,3186.0,15889.69,14257.099999999999,14257.1,90.0,1632.590000000002,False,none
F-04111,POP Ginger Chews Original 4 oz (12ct/cs),1,SF,2025-04,2025-04-01,4911.0,4653.0,0.0,4653.0,43903.26,39800.66,39800.66,258.0,4102.5999999999985,False,none
F-04111,POP Ginger Chews Original 4 oz (12ct/cs),1,SF,2025-05,2025-05-01,6297.0,3677.0,0.0,3677.0,49570.54,40522.54,40522.54,2620.0,9048.0,False,none
F-04111,POP Ginger Chews Original 4 oz (12ct/cs),1,SF,2025-06,2025-06-01,2561.0,2505.0,0.0,2505.0,32393.89,31375.920000000002,31375.92,56.0,1017.9699999999975,False,none
F-04111,POP Ginger Chews Original 4 oz (12ct/cs),1,SF,2025-07,2025-07-01,3733.0,2971.0,0.0,2971.0,40209.44,28574.62,28574.62,762.0,11634.820000000003,False,none
F-04111,POP Ginger Chews Original 4 oz (12ct/cs),1,SF,2025-08,2025-08-01,2443.0,1236.0,0.0,1236.0,23418.92,19742.71,19742.71,1207.0,3676.209999999999,False,none
F-04111,POP Ginger Chews Original 4 oz (12ct/cs),1,SF,2025-09,2025-09-01,3499.0,1576.0,0.0,1576.0,38511.88,23079.34,23079.34,1923.0,15432.539999999997,False,none
F-04111,POP Ginger Chews Original 4 oz (12ct/cs),1,SF,2025-10,2025-10-01,3033.0,3031.0,0.0,3031.0,26023.18,25984.77,25984.77,2.0,38.409999999999854,False,none
F-04111,POP Ginger Chews Original 4 oz (12ct/cs),1,SF,2025-11,2025-11-01,3126.0,2459.0,0.0,2459.0,28062.960000000003,19238.22,19238.22,667.0,8824.740000000002,False,none
F-04111,POP Ginger Chews Original 4 oz (12ct/cs),1,SF,2025-12,2025-12-01,3039.0,2728.0,0.0,2728.0,37832.44,32520.96,32520.96,311.0,5311.480000000003,False,none
F-04111,POP Ginger Chews Original 4 oz (12ct/cs),2,NJ,2023-01,2023-01-01,31988.0,31988.0,0.0,31988.0,135822.84,135822.84,135822.84,0.0,0.0,False,none
F-04111,POP Ginger Chews Original 4 oz (12ct/cs),2,NJ,2023-02,2023-02-01,18732.0,18732.0,0.0,18732.0,111923.73,111923.73,111923.73,0.0,0.0,False,none
F-04111,POP Ginger Chews Original 4 oz (12ct/cs),2,NJ,2023-03,2023-03-01,35887.0,35887.0,0.0,35887.0,189468.45,189468.45,189468.45,0.0,0.0,False,none
F-04111,POP Ginger Chews Original 4 oz (12ct/cs),2,NJ,2023-04,2023-04-01,9866.0,9866.0,0.0,9866.0,93790.66,93790.66,93790.66,0.0,0.0,False,none
F-04111,POP Ginger Chews Original 4 oz (12ct/cs),2,NJ,2023-05,2023-05-01,25155.0,25155.0,0.0,25155.0,139442.19,139442.19,139442.19,0.0,0.0,False,none
F-04111,POP Ginger Chews Original 4 oz (12ct/cs),2,NJ,2023-06,2023-06-01,22913.0,22913.0,0.0,22913.0,98149.06999999999,98149.06999999999,98149.07,0.0,0.0,False,none
F-04111,POP Ginger Chews Original 4 oz (12ct/cs),2,NJ,2023-07,2023-07-01,17694.0,17694.0,0.0,17694.0,113681.56999999999,113681.56999999999,113681.57,0.0,0.0,False,none
F-04111,POP Ginger Chews Original 4 oz (12ct/cs),2,NJ,2023-08,2023-08-01,8269.0,8269.0,0.0,8269.0,106185.75,106185.75,106185.75,0.0,0.0,False,none
F-04111,POP Ginger Chews Original 4 oz (12ct/cs),2,NJ,2023-09,2023-09-01,15655.0,3221.0,0.0,3221.0,77667.77,47094.15,47094.15,12434.0,30573.620000000003,False,none
F-04111,POP Ginger Chews Original 4 oz (12ct/cs),2,NJ,2023-10,2023-10-01,14171.0,13028.0,0.0,13028.0,114313.12,95630.89,95630.89,1143.0,18682.229999999996,False,none
F-04111,POP Ginger Chews Original 4 oz (12ct/cs),2,NJ,2023-11,2023-11-01,23212.0,22463.0,0.0,22463.0,182764.50999999998,171632.94,171632.94,749.0,11131.569999999978,False,none
F-04111,POP Ginger Chews Original 4 oz (12ct/cs),2,NJ,2023-12,2023-12-01,9418.0,6685.0,0.0,6685.0,137094.87,98968.81000000001,98968.81,2733.0,38126.05999999998,False,none
F-04111,POP Ginger Chews Original 4 oz (12ct/cs),2,NJ,2024-01,2024-01-01,33639.0,32694.0,0.0,32694.0,176488.35,163950.02000000002,163950.02,945.0,12538.329999999987,False,none
F-04111,POP Ginger Chews Original 4 oz (12ct/cs),2,NJ,2024-02,2024-02-01,25411.0,24024.0,0.0,24024.0,163674.02,139674.93,139674.93,1387.0,23999.089999999997,False,none
F-04111,POP Ginger Chews Original 4 oz (12ct/cs),2,NJ,2024-03,2024-03-01,14131.0,13124.0,0.0,13124.0,204750.52,189206.34,189206.34,1007.0,15544.179999999993,False,none
F-04111,POP Ginger Chews Original 4 oz (12ct/cs),2,NJ,2024-04,2024-04-01,21469.0,12445.0,0.0,12445.0,190475.23,176707.32,176707.32,9024.0,13767.910000000003,False,none
F-04111,POP Ginger Chews Original 4 oz (12ct/cs),2,NJ,2024-05,2024-05-01,18753.0,18111.0,0.0,18111.0,136487.24,126363.27,126363.27,642.0,10123.969999999987,False,none
F-04111,POP Ginger Chews Original 4 oz (12ct/cs),2,NJ,2024-06,2024-06-01,20251.0,19878.0,0.0,19878.0,191845.45,186014.23,186014.23,373.0,5831.220000000001,False,none
F-04111,POP Ginger Chews Original 4 oz (12ct/cs),2,NJ,2024-07,2024-07-01,18829.0,16778.0,0.0,16778.0,172297.54,145432.39,145432.39,2051.0,26865.149999999994,False,none
F-04111,POP Ginger Chews Original 4 oz (12ct/cs),2,NJ,2024-08,2024-08-01,19612.0,9772.0,0.0,9772.0,194194.98,143995.85,143995.85,9840.0,50199.130000000005,False,none
F-04111,POP Ginger Chews Original 4 oz (12ct/cs),2,NJ,2024-09,2024-09-01,6164.0,4471.0,0.0,4471.0,74361.87999999999,64594.25,64594.25,1693.0,9767.62999999999,False,none
F-04111,POP Ginger Chews Original 4 oz (12ct/cs),2,NJ,2024-10,2024-10-01,11245.0,7789.0,0.0,7789.0,147936.67,103680.03,103680.03,3456.0,44256.640000000014,False,none
F-04111,POP Ginger Chews Original 4 oz (12ct/cs),2,NJ,2024-11,2024-11-01,12351.0,11202.0,0.0,11202.0,182649.54,163997.03,163997.03,1149.0,18652.51000000001,False,none
F-04111,POP Ginger Chews Original 4 oz (12ct/cs),2,NJ,2024-12,2024-12-01,10675.0,10130.0,0.0,10130.0,154999.2,147692.88,147692.88,545.0,7306.320000000007,False,none
F-04111,POP Ginger Chews Original 4 oz (12ct/cs),2,NJ,2025-01,2025-01-01,23436.0,20962.0,0.0,20962.0,199913.82,160300.93,160300.93,2474.0,39612.890000000014,False,none
F-04111,POP Ginger Chews Original 4 oz (12ct/cs),2,NJ,2025-02,2025-02-01,28182.0,25741.0,0.0,25741.0,203139.37,165422.07,165422.07,2441.0,37717.29999999999,False,none
F-04111,POP Ginger Chews Original 4 oz (12ct/cs),2,NJ,2025-03,2025-03-01,17187.0,15545.0,0.0,15545.0,173061.36000000002,143884.27000000002,143884.27,1642.0,29177.089999999997,False,none
F-04111,POP Ginger Chews Original 4 oz (12ct/cs),2,NJ,2025-04,2025-04-01,19801.0,17972.0,0.0,17972.0,186668.81,158447.41,158447.41,1829.0,28221.399999999994,False,none
F-04111,POP Ginger Chews Original 4 oz (12ct/cs),2,NJ,2025-05,2025-05-01,17515.0,8157.0,0.0,8157.0,164495.19,124509.03,124509.03,9358.0,39986.16,False,none
F-04111,POP Ginger Chews Original 4 oz (12ct/cs),2,NJ,2025-06,2025-06-01,10809.0,10566.0,0.0,10566.0,119394.45,115212.45999999999,115212.46,243.0,4181.990000000005,False,none
F-04111,POP Ginger Chews Original 4 oz (12ct/cs),2,NJ,2025-07,2025-07-01,14945.0,14112.0,0.0,14112.0,151075.28,136167.24,136167.24,833.0,14908.040000000008,False,none
F-04111,POP Ginger Chews Original 4 oz (12ct/cs),2,NJ,2025-08,2025-08-01,16745.0,9902.0,0.0,9902.0,206023.04,163438.74000000002,163438.74,6843.0,42584.29999999999,False,none
F-04111,POP Ginger Chews Original 4 oz (12ct/cs),2,NJ,2025-09,2025-09-01,13741.0,6715.0,0.0,6715.0,134625.33,100898.65,100898.65,7026.0,33726.67999999999,False,none
F-04111,POP Ginger Chews Original 4 oz (12ct/cs),2,NJ,2025-10,2025-10-01,14689.0,13695.0,0.0,13695.0,155615.09,135975.44999999998,135975.45,994.0,19639.640000000014,False,none
F-04111,POP Ginger Chews Original 4 oz (12ct/cs),2,NJ,2025-11,2025-11-01,13558.0,11667.0,0.0,11667.0,159040.77,121686.1,121686.1,1891.0,37354.669999999984,False,none
F-04111,POP Ginger Chews Original 4 oz (12ct/cs),2,NJ,2025-12,2025-12-01,15196.0,11529.0,0.0,11529.0,200738.86,133312.68,133312.68,3667.0,67426.18,False,none
F-04111,POP Ginger Chews Original 4 oz (12ct/cs),3,LA,2023-01,2023-01-01,2242.0,2242.0,0.0,2242.0,34994.03,34994.03,34994.03,0.0,0.0,False,none
F-04111,POP Ginger Chews Original 4 oz (12ct/cs),3,LA,2023-02,2023-02-01,2512.0,2512.0,0.0,2512.0,37771.630000000005,37771.630000000005,37771.63,0.0,0.0,False,none
F-04111,POP Ginger Chews Original 4 oz (12ct/cs),3,LA,2023-03,2023-03-01,1526.0,1526.0,0.0,1526.0,19988.16,19988.16,19988.16,0.0,0.0,False,none
F-04111,POP Ginger Chews Original 4 oz (12ct/cs),3,LA,2023-04,2023-04-01,1559.0,1559.0,0.0,1559.0,22174.43,22174.43,22174.43,0.0,0.0,False,none
F-04111,POP Ginger Chews Original 4 oz (12ct/cs),3,LA,2023-05,2023-05-01,3174.0,3174.0,0.0,3174.0,43256.06,43256.06,43256.06,0.0,0.0,False,none
F-04111,POP Ginger Chews Original 4 oz (12ct/cs),3,LA,2023-06,2023-06-01,1885.0,1885.0,0.0,1885.0,22038.05,22038.05,22038.05,0.0,0.0,False,none
F-04111,POP Ginger Chews Original 4 oz (12ct/cs),3,LA,2023-07,2023-07-01,1849.0,1849.0,0.0,1849.0,23241.81,23241.81,23241.81,0.0,0.0,False,none
F-04111,POP Ginger Chews Original 4 oz (12ct/cs),3,LA,2023-08,2023-08-01,1812.0,1812.0,0.0,1812.0,24451.09,24451.09,24451.09,0.0,0.0,False,none
F-04111,POP Ginger Chews Original 4 oz (12ct/cs),3,LA,2023-09,2023-09-01,2071.0,1993.0,0.0,1993.0,25958.559999999998,24962.86,24962.86,78.0,995.6999999999971,False,none
F-04111,POP Ginger Chews Original 4 oz (12ct/cs),3,LA,2023-10,2023-10-01,7320.0,7320.0,0.0,7320.0,84830.68,84830.68,84830.68,0.0,0.0,False,none
F-04111,POP Ginger Chews Original 4 oz (12ct/cs),3,LA,2023-11,2023-11-01,3101.0,2957.0,0.0,2957.0,38670.15,36301.94,36301.94,144.0,2368.209999999999,False,none
F-04111,POP Ginger Chews Original 4 oz (12ct/cs),3,LA,2023-12,2023-12-01,9074.0,7349.0,0.0,7349.0,112984.66,89310.43000000001,89310.43,1725.0,23674.229999999996,False,none
F-04111,POP Ginger Chews Original 4 oz (12ct/cs),3,LA,2024-01,2024-01-01,7537.0,6768.0,0.0,6768.0,89491.59,78870.91,78870.91,769.0,10620.679999999993,False,none
F-04111,POP Ginger Chews Original 4 oz (12ct/cs),3,LA,2024-02,2024-02-01,3173.0,2969.0,0.0,2969.0,40227.12,37092.55,37092.55,204.0,3134.5699999999997,False,none
F-04111,POP Ginger Chews Original 4 oz (12ct/cs),3,LA,2024-03,2024-03-01,6706.0,6594.0,0.0,6594.0,81895.38,80080.32,80080.32,112.0,1815.0599999999977,False,none
F-04111,POP Ginger Chews Original 4 oz (12ct/cs),3,LA,2024-04,2024-04-01,8153.0,7922.0,0.0,7922.0,98601.45,95614.38,95614.38,231.0,2987.0699999999924,False,none
F-04111,POP Ginger Chews Original 4 oz (12ct/cs),3,LA,2024-05,2024-05-01,6452.0,6042.0,0.0,6042.0,81528.20999999999,74881.06999999999,74881.07,410.0,6647.139999999999,False,none
F-04111,POP Ginger Chews Original 4 oz (12ct/cs),3,LA,2024-06,2024-06-01,6019.0,5686.0,0.0,5686.0,75174.3,69642.7,69642.7,333.0,5531.600000000006,False,none
F-04111,POP Ginger Chews Original 4 oz (12ct/cs),3,LA,2024-07,2024-07-01,2930.0,1575.0,0.0,1575.0,39933.380000000005,21762.09,21762.09,1355.0,18171.290000000005,False,none
F-04111,POP Ginger Chews Original 4 oz (12ct/cs),3,LA,2024-08,2024-08-01,5321.0,4437.0,0.0,4437.0,66270.53,52883.420000000006,52883.42,884.0,13387.109999999993,False,none
F-04111,POP Ginger Chews Original 4 oz (12ct/cs),3,LA,2024-09,2024-09-01,7383.0,6434.0,0.0,6434.0,88518.05,75757.22,75757.22,949.0,12760.830000000002,False,none
F-04111,POP Ginger Chews Original 4 oz (12ct/cs),3,LA,2024-10,2024-10-01,6152.0,5615.0,0.0,5615.0,75549.45,68579.64,68579.64,537.0,6969.809999999998,False,none
F-04111,POP Ginger Chews Original 4 oz (12ct/cs),3,LA,2024-11,2024-11-01,3470.0,2472.0,0.0,2472.0,46385.76,32197.210000000003,32197.21,998.0,14188.55,False,none
F-04111,POP Ginger Chews Original 4 oz (12ct/cs),3,LA,2024-12,2024-12-01,6718.0,6590.0,0.0,6590.0,88256.48999999999,86514.04,86514.04,128.0,1742.449999999997,False,none
F-04111,POP Ginger Chews Original 4 oz (12ct/cs),3,LA,2025-01,2025-01-01,5265.0,4089.0,0.0,4089.0,66954.87,47594.27,47594.27,1176.0,19360.6,False,none
F-04111,POP Ginger Chews Original 4 oz (12ct/cs),3,LA,2025-02,2025-02-01,6478.0,6273.0,0.0,6273.0,78842.83,75523.87,75523.87,205.0,3318.9600000000064,False,none
F-04111,POP Ginger Chews Original 4 oz (12ct/cs),3,LA,2025-03,2025-03-01,4652.0,4189.0,0.0,4189.0,61428.72,53277.28,53277.28,463.0,8151.440000000002,False,none
F-04111,POP Ginger Chews Original 4 oz (12ct/cs),3,LA,2025-04,2025-04-01,5276.0,2972.0,0.0,2972.0,74192.88,40173.53,40173.53,2304.0,34019.350000000006,False,none
F-04111,POP Ginger Chews Original 4 oz (12ct/cs),3,LA,2025-05,2025-05-01,8332.0,7191.0,0.0,7191.0,113346.48,96444.37,96444.37,1141.0,16902.11,False,none
F-04111,POP Ginger Chews Original 4 oz (12ct/cs),3,LA,2025-06,2025-06-01,2003.0,2000.0,3081.5,5081.5,26787.98,26730.36,67915.16,3.0,57.61999999999898,True,deep_drop_gap
F-04111,POP Ginger Chews Original 4 oz (12ct/cs),3,LA,2025-07,2025-07-01,7935.0,7448.0,0.0,7448.0,103134.47,94376.1,94376.1,487.0,8758.369999999995,False,none
F-04111,POP Ginger Chews Original 4 oz (12ct/cs),3,LA,2025-08,2025-08-01,4749.0,2367.0,0.0,2367.0,67977.82999999999,33681.92,33681.92,2382.0,34295.90999999999,False,none
F-04111,POP Ginger Chews Original 4 oz (12ct/cs),3,LA,2025-09,2025-09-01,2010.0,1206.0,0.0,1206.0,29455.600000000002,16652.190000000002,16652.19,804.0,12803.41,False,none
F-04111,POP Ginger Chews Original 4 oz (12ct/cs),3,LA,2025-10,2025-10-01,2058.0,1994.0,0.0,1994.0,28415.4,27519.08,27519.08,64.0,896.3199999999997,False,none
F-04111,POP Ginger Chews Original 4 oz (12ct/cs),3,LA,2025-11,2025-11-01,1816.0,1395.0,0.0,1395.0,27494.61,19341.14,19341.14,421.0,8153.470000000001,False,none
F-04111,POP Ginger Chews Original 4 oz (12ct/cs),3,LA,2025-12,2025-12-01,6170.0,3654.0,0.0,3654.0,90825.0,50296.29,50296.29,2516.0,40528.71,False,none
F-04111,POP Ginger Chews Original 4 oz (12ct/cs),E1,UNMAPPED,2024-01,2024-01-01,32.0,32.0,0.0,32.0,95.7,95.7,95.7,0.0,0.0,False,none
F-04111,POP Ginger Chews Original 4 oz (12ct/cs),E1,UNMAPPED,2024-02,2024-02-01,0.0,0.0,32.0,32.0,0.0,0.0,95.7,0.0,0.0,True,zero_sales_gap
F-04111,POP Ginger Chews Original 4 oz (12ct/cs),E1,UNMAPPED,2024-03,2024-03-01,0.0,0.0,32.0,32.0,0.0,0.0,95.7,0.0,0.0,True,zero_sales_gap
F-04111,POP Ginger Chews Original 4 oz (12ct/cs),E1,UNMAPPED,2024-04,2024-04-01,0.0,0.0,0.0,0.0,0.0,0.0,0.0,0.0,0.0,False,none
F-04111,POP Ginger Chews Original 4 oz (12ct/cs),E1,UNMAPPED,2024-05,2024-05-01,0.0,0.0,0.0,0.0,0.0,0.0,0.0,0.0,0.0,False,none
F-04111,POP Ginger Chews Original 4 oz (12ct/cs),E1,UNMAPPED,2024-06,2024-06-01,0.0,0.0,0.0,0.0,0.0,0.0,0.0,0.0,0.0,False,none
F-04111,POP Ginger Chews Original 4 oz (12ct/cs),E1,UNMAPPED,2024-07,2024-07-01,0.0,0.0,0.0,0.0,0.0,0.0,0.0,0.0,0.0,False,none
F-04111,POP Ginger Chews Original 4 oz (12ct/cs),E1,UNMAPPED,2024-08,2024-08-01,0.0,0.0,0.0,0.0,0.0,0.0,0.0,0.0,0.0,False,none
F-04111,POP Ginger Chews Original 4 oz (12ct/cs),E1,UNMAPPED,2024-09,2024-09-01,0.0,0.0,0.0,0.0,0.0,0.0,0.0,0.0,0.0,False,none
F-04111,POP Ginger Chews Original 4 oz (12ct/cs),E1,UNMAPPED,2024-10,2024-10-01,0.0,0.0,2.0,2.0,0.0,0.0,5.98,0.0,0.0,True,zero_sales_gap
F-04111,POP Ginger Chews Original 4 oz (12ct/cs),E1,UNMAPPED,2024-11,2024-11-01,0.0,0.0,30.0,30.0,0.0,0.0,89.72,0.0,0.0,True,zero_sales_gap
F-04111,POP Ginger Chews Original 4 oz (12ct/cs),E1,UNMAPPED,2024-12,2024-12-01,2.0,2.0,0.0,2.0,7.45,7.45,7.45,0.0,0.0,False,none
F-04111,POP Ginger Chews Original 4 oz (12ct/cs),E1,UNMAPPED,2025-01,2025-01-01,58.0,58.0,0.0,58.0,204.82000000000002,204.82000000000002,204.82,0.0,0.0,False,none
F-04111,POP Ginger Chews Original 4 oz (12ct/cs),E1,UNMAPPED,2025-02,2025-02-01,8.0,8.0,24.5,32.5,29.78,29.78,120.98,0.0,0.0,True,deep_drop_gap
F-04111,POP Ginger Chews Original 4 oz (12ct/cs),E1,UNMAPPED,2025-03,2025-03-01,48.0,48.0,0.0,48.0,167.57,167.57,167.57,0.0,0.0,False,none
F-04111,POP Ginger Chews Original 4 oz (12ct/cs),E1,UNMAPPED,2025-04,2025-04-01,17.0,17.0,0.0,17.0,59.58,59.58,59.58,0.0,0.0,False,none
F-04111,POP Ginger Chews Original 4 oz (12ct/cs),E1,UNMAPPED,2025-05,2025-05-01,0.0,0.0,32.5,32.5,0.0,0.0,113.9,0.0,0.0,True,zero_sales_gap
F-04111,POP Ginger Chews Original 4 oz (12ct/cs),E1,UNMAPPED,2025-06,2025-06-01,0.0,0.0,14.0,14.0,0.0,0.0,49.07,0.0,0.0,True,zero_sales_gap
F-04111,POP Ginger Chews Original 4 oz (12ct/cs),E1,UNMAPPED,2025-07,2025-07-01,0.0,0.0,11.0,11.0,0.0,0.0,38.55,0.0,0.0,True,zero_sales_gap
F-04111,POP Ginger Chews Original 4 oz (12ct/cs),E1,UNMAPPED,2025-08,2025-08-01,11.0,11.0,0.0,11.0,0.0,0.0,0.0,0.0,0.0,False,none
F-04111,POP Ginger Chews Original 4 oz (12ct/cs)96,2,NJ,2025-03,2025-03-01,102.0,102.0,0.0,102.0,1397.24,1397.24,1397.24,0.0,0.0,False,none
F-04112,POP Ginger Chews Lemon 4 oz (12ct/cs),1,SF,2023-01,2023-01-01,3936.0,3936.0,0.0,3936.0,19040.26,19040.26,19040.26,0.0,0.0,False,none
F-04112,POP Ginger Chews Lemon 4 oz (12ct/cs),1,SF,2023-02,2023-02-01,2846.0,2846.0,0.0,2846.0,13084.33,13084.33,13084.33,0.0,0.0,False,none
F-04112,POP Ginger Chews Lemon 4 oz (12ct/cs),1,SF,2023-03,2023-03-01,3755.0,3755.0,0.0,3755.0,23638.21,23638.21,23638.21,0.0,0.0,False,none
F-04112,POP Ginger Chews Lemon 4 oz (12ct/cs),1,SF,2023-04,2023-04-01,1502.0,1502.0,0.0,1502.0,13595.069999999998,13595.069999999998,13595.07,0.0,0.0,False,none
F-04112,POP Ginger Chews Lemon 4 oz (12ct/cs),1,SF,2023-05,2023-05-01,5114.0,5114.0,0.0,5114.0,34077.9,34077.9,34077.9,0.0,0.0,False,none
F-04112,POP Ginger Chews Lemon 4 oz (12ct/cs),1,SF,2023-06,2023-06-01,2351.0,2351.0,0.0,2351.0,21482.329999999998,21482.329999999998,21482.33,0.0,0.0,False,none
F-04112,POP Ginger Chews Lemon 4 oz (12ct/cs),1,SF,2023-07,2023-07-01,505.0,505.0,1554.0,2059.0,6133.88,6133.88,25009.23,0.0,0.0,True,deep_drop_gap
F-04112,POP Ginger Chews Lemon 4 oz (12ct/cs),1,SF,2023-08,2023-08-01,1767.0,1767.0,0.0,1767.0,22266.350000000002,22266.350000000002,22266.35,0.0,0.0,False,none
F-04112,POP Ginger Chews Lemon 4 oz (12ct/cs),1,SF,2023-09,2023-09-01,2189.0,451.0,0.0,451.0,10982.57,6959.29,6959.29,1738.0,4023.2799999999997,False,none
F-04112,POP Ginger Chews Lemon 4 oz (12ct/cs),1,SF,2023-10,2023-10-01,2209.0,2209.0,0.0,2209.0,14066.92,14066.92,14066.92,0.0,0.0,False,none
F-04112,POP Ginger Chews Lemon 4 oz (12ct/cs),1,SF,2023-11,2023-11-01,3801.0,3311.0,0.0,3311.0,37986.25,30789.04,30789.04,490.0,7197.209999999999,False,none
F-04112,POP Ginger Chews Lemon 4 oz (12ct/cs),1,SF,2023-12,2023-12-01,7755.0,7488.0,0.0,7488.0,65466.9,61016.9,61016.9,267.0,4450.0,False,none
F-04112,POP Ginger Chews Lemon 4 oz (12ct/cs),1,SF,2024-01,2024-01-01,3491.0,3270.0,0.0,3270.0,28693.26,25498.38,25498.38,221.0,3194.8799999999974,False,none
F-04112,POP Ginger Chews Lemon 4 oz (12ct/cs),1,SF,2024-02,2024-02-01,5817.0,5761.0,0.0,5761.0,21488.86,20581.739999999998,20581.74,56.0,907.1200000000026,False,none
F-04112,POP Ginger Chews Lemon 4 oz (12ct/cs),1,SF,2024-03,2024-03-01,1643.0,1585.0,0.0,1585.0,20040.46,19232.87,19232.87,58.0,807.5900000000001,False,none
F-04112,POP Ginger Chews Lemon 4 oz (12ct/cs),1,SF,2024-04,2024-04-01,1641.0,1368.0,0.0,1368.0,18284.739999999998,14738.409999999998,14738.41,273.0,3546.33,False,none
F-04112,POP Ginger Chews Lemon 4 oz (12ct/cs),1,SF,2024-05,2024-05-01,1407.0,1320.0,0.0,1320.0,19141.03,17639.94,17639.94,87.0,1501.0900000000001,False,none
F-04112,POP Ginger Chews Lemon 4 oz (12ct/cs),1,SF,2024-06,2024-06-01,1358.0,1333.0,0.0,1333.0,13324.67,12913.9,12913.9,25.0,410.77000000000044,False,none
F-04112,POP Ginger Chews Lemon 4 oz (12ct/cs),1,SF,2024-07,2024-07-01,3436.0,3309.0,0.0,3309.0,18330.25,16687.17,16687.17,127.0,1643.0800000000017,False,none
F-04112,POP Ginger Chews Lemon 4 oz (12ct/cs),1,SF,2024-08,2024-08-01,969.0,474.0,0.0,474.0,12105.84,7108.4,7108.4,495.0,4997.4400000000005,False,none
F-04112,POP Ginger Chews Lemon 4 oz (12ct/cs),1,SF,2024-09,2024-09-01,1242.0,698.0,0.0,698.0,11316.539999999999,8390.949999999999,8390.95,544.0,2925.59,False,none
F-04112,POP Ginger Chews Lemon 4 oz (12ct/cs),1,SF,2024-10,2024-10-01,1563.0,1075.0,0.0,1075.0,15525.32,14344.74,14344.74,488.0,1180.58,False,none
F-04112,POP Ginger Chews Lemon 4 oz (12ct/cs),1,SF,2024-11,2024-11-01,5625.0,5273.0,0.0,5273.0,30199.63,24814.36,24814.36,352.0,5385.27,False,none
F-04112,POP Ginger Chews Lemon 4 oz (12ct/cs),1,SF,2024-12,2024-12-01,1870.0,1742.0,0.0,1742.0,13576.439999999999,11919.68,11919.68,128.0,1656.7599999999984,False,none
F-04112,POP Ginger Chews Lemon 4 oz (12ct/cs),1,SF,2025-01,2025-01-01,1086.0,929.0,0.0,929.0,13961.11,11199.820000000002,11199.82,157.0,2761.289999999999,False,none
F-04112,POP Ginger Chews Lemon 4 oz (12ct/cs),1,SF,2025-02,2025-02-01,2639.0,2234.0,0.0,2234.0,16652.45,10740.42,10740.42,405.0,5912.030000000001,False,none
F-04112,POP Ginger Chews Lemon 4 oz (12ct/cs),1,SF,2025-03,2025-03-01,1757.0,1587.0,0.0,1587.0,10903.99,7672.99,7672.99,170.0,3231.0,False,none
F-04112,POP Ginger Chews Lemon 4 oz (12ct/cs),1,SF,2025-04,2025-04-01,1792.0,1613.0,0.0,1613.0,22564.9,19788.4,19788.4,179.0,2776.5,False,none
F-04112,POP Ginger Chews Lemon 4 oz (12ct/cs),1,SF,2025-05,2025-05-01,2015.0,781.0,0.0,781.0,15949.84,9026.099999999999,9026.1,1234.0,6923.740000000002,False,none
F-04112,POP Ginger Chews Lemon 4 oz (12ct/cs),1,SF,2025-06,2025-06-01,2042.0,2036.0,0.0,2036.0,21423.99,21309.89,21309.89,6.0,114.10000000000218,False,none
F-04112,POP Ginger Chews Lemon 4 oz (12ct/cs),1,SF,2025-07,2025-07-01,2186.0,1888.0,0.0,1888.0,12755.99,8401.460000000001,8401.46,298.0,4354.529999999999,False,none
F-04112,POP Ginger Chews Lemon 4 oz (12ct/cs),1,SF,2025-08,2025-08-01,1281.0,622.0,0.0,622.0,12487.53,9783.300000000001,9783.3,659.0,2704.2299999999996,False,none
F-04112,POP Ginger Chews Lemon 4 oz (12ct/cs),1,SF,2025-09,2025-09-01,1678.0,1181.0,0.0,1181.0,17702.59,13106.86,13106.86,497.0,4595.73,False,none
F-04112,POP Ginger Chews Lemon 4 oz (12ct/cs),1,SF,2025-10,2025-10-01,1537.0,1537.0,0.0,1537.0,12288.43,12288.43,12288.43,0.0,0.0,False,none
F-04112,POP Ginger Chews Lemon 4 oz (12ct/cs),1,SF,2025-11,2025-11-01,1004.0,979.0,0.0,979.0,6331.78,5833.99,5833.99,25.0,497.78999999999996,False,none
F-04112,POP Ginger Chews Lemon 4 oz (12ct/cs),1,SF,2025-12,2025-12-01,1465.0,1397.0,0.0,1397.0,18114.969999999998,16956.48,16956.48,68.0,1158.489999999998,False,none
F-04112,POP Ginger Chews Lemon 4 oz (12ct/cs),2,NJ,2023-01,2023-01-01,15129.0,15129.0,0.0,15129.0,59942.54,59942.54,59942.54,0.0,0.0,False,none
F-04112,POP Ginger Chews Lemon 4 oz (12ct/cs),2,NJ,2023-02,2023-02-01,10899.0,10899.0,0.0,10899.0,74458.0,74458.0,74458.0,0.0,0.0,False,none
F-04112,POP Ginger Chews Lemon 4 oz (12ct/cs),2,NJ,2023-03,2023-03-01,18392.0,18392.0,0.0,18392.0,93234.38,93234.38,93234.38,0.0,0.0,False,none
F-04112,POP Ginger Chews Lemon 4 oz (12ct/cs),2,NJ,2023-04,2023-04-01,9703.0,9703.0,0.0,9703.0,79398.71,79398.71,79398.71,0.0,0.0,False,none
F-04112,POP Ginger Chews Lemon 4 oz (12ct/cs),2,NJ,2023-05,2023-05-01,15908.0,15908.0,0.0,15908.0,83391.28,83391.28,83391.28,0.0,0.0,False,none
F-04112,POP Ginger Chews Lemon 4 oz (12ct/cs),2,NJ,2023-06,2023-06-01,13275.0,13275.0,0.0,13275.0,62297.71,62297.71,62297.71,0.0,0.0,False,none
F-04112,POP Ginger Chews Lemon 4 oz (12ct/cs),2,NJ,2023-07,2023-07-01,10299.0,10299.0,0.0,10299.0,87982.93000000001,87982.93000000001,87982.93,0.0,0.0,False,none
F-04112,POP Ginger Chews Lemon 4 oz (12ct/cs),2,NJ,2023-08,2023-08-01,5623.0,5623.0,0.0,5623.0,54713.07,54713.07,54713.07,0.0,0.0,False,none
F-04112,POP Ginger Chews Lemon 4 oz (12ct/cs),2,NJ,2023-09,2023-09-01,9328.0,1331.0,0.0,1331.0,34900.13,19365.45,19365.45,7997.0,15534.679999999997,False,none
F-04112,POP Ginger Chews Lemon 4 oz (12ct/cs),2,NJ,2023-10,2023-10-01,8677.0,8128.0,0.0,8128.0,62429.76,53556.11,53556.11,549.0,8873.650000000001,False,none
F-04112,POP Ginger Chews Lemon 4 oz (12ct/cs),2,NJ,2023-11,2023-11-01,14066.0,13253.0,0.0,13253.0,115727.48,102607.95,102607.95,813.0,13119.529999999999,False,none
F-04112,POP Ginger Chews Lemon 4 oz (12ct/cs),2,NJ,2023-12,2023-12-01,6233.0,4429.0,0.0,4429.0,84305.08,60279.619999999995,60279.62,1804.0,24025.460000000006,False,none
F-04112,POP Ginger Chews Lemon 4 oz (12ct/cs),2,NJ,2024-01,2024-01-01,17637.0,17321.0,0.0,17321.0,111296.85,107161.77,107161.77,316.0,4135.080000000002,False,none
F-04112,POP Ginger Chews Lemon 4 oz (12ct/cs),2,NJ,2024-02,2024-02-01,26689.0,25984.0,0.0,25984.0,96504.31999999999,84413.25,84413.25,705.0,12091.069999999992,False,none
F-04112,POP Ginger Chews Lemon 4 oz (12ct/cs),2,NJ,2024-03,2024-03-01,6644.0,6035.0,0.0,6035.0,95422.08,85649.2,85649.2,609.0,9772.880000000005,False,none
F-04112,POP Ginger Chews Lemon 4 oz (12ct/cs),2,NJ,2024-04,2024-04-01,6249.0,6173.0,0.0,6173.0,92051.92,91016.38,91016.38,76.0,1035.5399999999936,False,none
F-04112,POP Ginger Chews Lemon 4 oz (12ct/cs),2,NJ,2024-05,2024-05-01,5159.0,4501.0,0.0,4501.0,77060.44,66407.05,66407.05,658.0,10653.39,False,none
F-04112,POP Ginger Chews Lemon 4 oz (12ct/cs),2,NJ,2024-06,2024-06-01,11010.0,10545.0,0.0,10545.0,113263.66,105864.1,105864.1,465.0,7399.559999999998,False,none
F-04112,POP Ginger Chews Lemon 4 oz (12ct/cs),2,NJ,2024-07,2024-07-01,10237.0,9226.0,0.0,9226.0,98892.45,84542.88,84542.88,1011.0,14349.569999999992,False,none
F-04112,POP Ginger Chews Lemon 4 oz (12ct/cs),2,NJ,2024-08,2024-08-01,10099.0,4542.0,0.0,4542.0,98100.97,68222.3,68222.3,5557.0,29878.67,False,none
F-04112,POP Ginger Chews Lemon 4 oz (12ct/cs),2,NJ,2024-09,2024-09-01,5031.0,3289.0,0.0,3289.0,52559.6,42174.21,42174.21,1742.0,10385.39,False,none
F-04112,POP Ginger Chews Lemon 4 oz (12ct/cs),2,NJ,2024-10,2024-10-01,8026.0,5436.0,0.0,5436.0,103646.83,76145.94,76145.94,2590.0,27500.89,False,none
F-04112,POP Ginger Chews Lemon 4 oz (12ct/cs),2,NJ,2024-11,2024-11-01,5658.0,5043.0,0.0,5043.0,86859.05,76772.37999999999,76772.38,615.0,10086.670000000013,False,none
F-04112,POP Ginger Chews Lemon 4 oz (12ct/cs),2,NJ,2024-12,2024-12-01,5525.0,5324.0,0.0,5324.0,80826.56,78104.58,78104.58,201.0,2721.979999999996,False,none
F-04112,POP Ginger Chews Lemon 4 oz (12ct/cs),2,NJ,2025-01,2025-01-01,14707.0,12901.0,0.0,12901.0,125949.92,96407.45,96407.45,1806.0,29542.47,False,none
F-04112,POP Ginger Chews Lemon 4 oz (12ct/cs),2,NJ,2025-02,2025-02-01,14318.0,13174.0,0.0,13174.0,118098.89,99325.22,99325.22,1144.0,18773.67,False,none
F-04112,POP Ginger Chews Lemon 4 oz (12ct/cs),2,NJ,2025-03,2025-03-01,13328.0,12149.0,0.0,12149.0,97582.73999999999,76466.55,76466.55,1179.0,21116.189999999988,False,none
F-04112,POP Ginger Chews Lemon 4 oz (12ct/cs),2,NJ,2025-04,2025-04-01,9301.0,7577.0,0.0,7577.0,123853.44,97055.19,97055.19,1724.0,26798.25,False,none
F-04112,POP Ginger Chews Lemon 4 oz (12ct/cs),2,NJ,2025-05,2025-05-01,9748.0,4026.0,0.0,4026.0,89623.22,60998.689999999995,60998.69,5722.0,28624.530000000006,False,none
F-04112,POP Ginger Chews Lemon 4 oz (12ct/cs),2,NJ,2025-06,2025-06-01,5683.0,5414.0,0.0,5414.0,72805.19,68001.45999999999,68001.46,269.0,4803.7300000000105,False,none
F-04112,POP Ginger Chews Lemon 4 oz (12ct/cs),2,NJ,2025-07,2025-07-01,7302.0,7037.0,0.0,7037.0,71325.66,66613.98,66613.98,265.0,4711.680000000008,False,none
F-04112,POP Ginger Chews Lemon 4 oz (12ct/cs),2,NJ,2025-08,2025-08-01,8652.0,4832.0,0.0,4832.0,107116.55,81883.53,81883.53,3820.0,25233.020000000004,False,none
F-04112,POP Ginger Chews Lemon 4 oz (12ct/cs),2,NJ,2025-09,2025-09-01,8507.0,4506.0,0.0,4506.0,84858.63,65346.11,65346.11,4001.0,19512.520000000004,False,none
F-04112,POP Ginger Chews Lemon 4 oz (12ct/cs),2,NJ,2025-10,2025-10-01,6935.0,6387.0,0.0,6387.0,74094.93,63247.58,63247.58,548.0,10847.349999999991,False,none
F-04112,POP Ginger Chews Lemon 4 oz (12ct/cs),2,NJ,2025-11,2025-11-01,8804.0,6783.0,0.0,6783.0,105081.46,64667.1,64667.1,2021.0,40414.36000000001,False,none
F-04112,POP Ginger Chews Lemon 4 oz (12ct/cs),2,NJ,2025-12,2025-12-01,8978.0,6794.0,0.0,6794.0,115797.79000000001,76670.9,76670.9,2184.0,39126.890000000014,False,none
F-04112,POP Ginger Chews Lemon 4 oz (12ct/cs),3,LA,2023-01,2023-01-01,168.0,168.0,0.0,168.0,2400.7200000000003,2400.7200000000003,2400.72,0.0,0.0,False,none
F-04112,POP Ginger Chews Lemon 4 oz (12ct/cs),3,LA,2023-02,2023-02-01,736.0,736.0,0.0,736.0,9688.18,9688.18,9688.18,0.0,0.0,False,none
F-04112,POP Ginger Chews Lemon 4 oz (12ct/cs),3,LA,2023-03,2023-03-01,549.0,549.0,0.0,549.0,8371.97,8371.97,8371.97,0.0,0.0,False,none
F-04112,POP Ginger Chews Lemon 4 oz (12ct/cs),3,LA,2023-04,2023-04-01,315.0,315.0,0.0,315.0,4924.8,4924.8,4924.8,0.0,0.0,False,none
F-04112,POP Ginger Chews Lemon 4 oz (12ct/cs),3,LA,2023-05,2023-05-01,4488.0,4488.0,0.0,4488.0,38478.69,38478.69,38478.69,0.0,0.0,False,none
F-04112,POP Ginger Chews Lemon 4 oz (12ct/cs),3,LA,2023-06,2023-06-01,391.0,391.0,0.0,391.0,5518.370000000001,5518.370000000001,5518.37,0.0,0.0,False,none
F-04112,POP Ginger Chews Lemon 4 oz (12ct/cs),3,LA,2023-07,2023-07-01,474.0,474.0,0.0,474.0,7840.110000000001,7840.110000000001,7840.11,0.0,0.0,False,none
F-04112,POP Ginger Chews Lemon 4 oz (12ct/cs),3,LA,2023-08,2023-08-01,139.0,139.0,293.5,432.5,1923.7800000000002,1923.7800000000002,5985.86,0.0,0.0,True,deep_drop_gap
F-04112,POP Ginger Chews Lemon 4 oz (12ct/cs),3,LA,2023-09,2023-09-01,909.0,235.0,0.0,235.0,12601.58,3852.19,3852.19,674.0,8749.39,False,none
F-04112,POP Ginger Chews Lemon 4 oz (12ct/cs),3,LA,2023-10,2023-10-01,1454.0,1454.0,0.0,1454.0,19774.8,19774.8,19774.8,0.0,0.0,False,none
F-04112,POP Ginger Chews Lemon 4 oz (12ct/cs),3,LA,2023-11,2023-11-01,1070.0,977.0,0.0,977.0,13682.83,12154.36,12154.36,93.0,1528.4699999999993,False,none
F-04112,POP Ginger Chews Lemon 4 oz (12ct/cs),3,LA,2023-12,2023-12-01,1906.0,1216.0,0.0,1216.0,23659.45,14352.72,14352.72,690.0,9306.730000000001,False,none
F-04112,POP Ginger Chews Lemon 4 oz (12ct/cs),3,LA,2024-01,2024-01-01,2426.0,2274.0,0.0,2274.0,32290.01,30236.16,30236.16,152.0,2053.8499999999985,False,none
F-04112,POP Ginger Chews Lemon 4 oz (12ct/cs),3,LA,2024-02,2024-02-01,1464.0,1348.0,0.0,1348.0,19961.67,18088.48,18088.48,116.0,1873.1899999999987,False,none
F-04112,POP Ginger Chews Lemon 4 oz (12ct/cs),3,LA,2024-03,2024-03-01,1475.0,1386.0,0.0,1386.0,19180.79,17743.1,17743.1,89.0,1437.6900000000023,False,none
F-04112,POP Ginger Chews Lemon 4 oz (12ct/cs),3,LA,2024-04,2024-04-01,2135.0,2060.0,0.0,2060.0,23255.34,22269.48,22269.48,75.0,985.8600000000006,False,none
F-04112,POP Ginger Chews Lemon 4 oz (12ct/cs),3,LA,2024-05,2024-05-01,1709.0,1253.0,0.0,1253.0,24819.58,17243.16,17243.16,456.0,7576.420000000002,False,none
F-04112,POP Ginger Chews Lemon 4 oz (12ct/cs),3,LA,2024-06,2024-06-01,2360.0,2005.0,0.0,2005.0,31777.350000000002,25844.010000000002,25844.01,355.0,5933.34,False,none
F-04112,POP Ginger Chews Lemon 4 oz (12ct/cs),3,LA,2024-07,2024-07-01,1931.0,1096.0,0.0,1096.0,26126.33,14706.95,14706.95,835.0,11419.380000000001,False,none
F-04112,POP Ginger Chews Lemon 4 oz (12ct/cs),3,LA,2024-08,2024-08-01,1612.0,971.0,0.0,971.0,22431.43,13136.85,13136.85,641.0,9294.58,False,none
F-04112,POP Ginger Chews Lemon 4 oz (12ct/cs),3,LA,2024-09,2024-09-01,1893.0,1295.0,0.0,1295.0,24544.960000000003,16567.15,16567.15,598.0,7977.810000000001,False,none
F-04112,POP Ginger Chews Lemon 4 oz (12ct/cs),3,LA,2024-10,2024-10-01,1627.0,1070.0,0.0,1070.0,21607.86,14378.32,14378.32,557.0,7229.540000000001,False,none
F-04112,POP Ginger Chews Lemon 4 oz (12ct/cs),3,LA,2024-11,2024-11-01,2389.0,1629.0,0.0,1629.0,31669.39,21071.53,21071.53,760.0,10597.86,False,none
F-04112,POP Ginger Chews Lemon 4 oz (12ct/cs),3,LA,2024-12,2024-12-01,2597.0,2546.0,0.0,2546.0,34494.93,33837.7,33837.7,51.0,657.2300000000032,False,none
F-04112,POP Ginger Chews Lemon 4 oz (12ct/cs),3,LA,2025-01,2025-01-01,1461.0,929.0,0.0,929.0,21050.62,12196.26,12196.26,532.0,8854.359999999999,False,none
F-04112,POP Ginger Chews Lemon 4 oz (12ct/cs),3,LA,2025-02,2025-02-01,1491.0,1238.0,0.0,1238.0,19968.38,15815.04,15815.04,253.0,4153.34,False,none
F-04112,POP Ginger Chews Lemon 4 oz (12ct/cs),3,LA,2025-03,2025-03-01,1955.0,1619.0,0.0,1619.0,27796.29,21741.25,21741.25,336.0,6055.040000000001,False,none
F-04112,POP Ginger Chews Lemon 4 oz (12ct/cs),3,LA,2025-04,2025-04-01,2725.0,1227.0,0.0,1227.0,39493.26,17646.42,17646.42,1498.0,21846.840000000004,False,none
F-04112,POP Ginger Chews Lemon 4 oz (12ct/cs),3,LA,2025-05,2025-05-01,3517.0,2686.0,0.0,2686.0,50616.92,38225.380000000005,38225.38,831.0,12391.539999999994,False,none
F-04112,POP Ginger Chews Lemon 4 oz (12ct/cs),3,LA,2025-06,2025-06-01,1225.0,1223.0,0.0,1223.0,17050.13,17012.1,17012.1,2.0,38.030000000002474,False,none
F-04112,POP Ginger Chews Lemon 4 oz (12ct/cs),3,LA,2025-07,2025-07-01,1394.0,1238.0,0.0,1238.0,21261.59,18456.19,18456.19,156.0,2805.4000000000015,False,none
F-04112,POP Ginger Chews Lemon 4 oz (12ct/cs),3,LA,2025-08,2025-08-01,2140.0,974.0,0.0,974.0,32273.05,15203.32,15203.32,1166.0,17069.73,False,none
F-04112,POP Ginger Chews Lemon 4 oz (12ct/cs),3,LA,2025-09,2025-09-01,1656.0,1150.0,0.0,1150.0,24728.8,16688.66,16688.66,506.0,8040.139999999999,False,none
F-04112,POP Ginger Chews Lemon 4 oz (12ct/cs),3,LA,2025-10,2025-10-01,1574.0,1574.0,0.0,1574.0,23036.390000000003,23036.390000000003,23036.39,0.0,0.0,False,none
F-04112,POP Ginger Chews Lemon 4 oz (12ct/cs),3,LA,2025-11,2025-11-01,1322.0,1069.0,0.0,1069.0,20951.53,15961.439999999999,15961.44,253.0,4990.09,False,none
F-04112,POP Ginger Chews Lemon 4 oz (12ct/cs),3,LA,2025-12,2025-12-01,2909.0,1486.0,0.0,1486.0,44956.7,22355.38,22355.38,1423.0,22601.319999999996,False,none
F-04112,POP Ginger Chews Lemon 4 oz (12ct/cs),E1,UNMAPPED,2024-01,2024-01-01,24.0,24.0,0.0,24.0,72.66,72.66,72.66,0.0,0.0,False,none
F-04112,POP Ginger Chews Lemon 4 oz (12ct/cs),E1,UNMAPPED,2024-02,2024-02-01,11.0,11.0,0.0,11.0,31.59,31.59,31.59,0.0,0.0,False,none
F-04112,POP Ginger Chews Lemon 4 oz (12ct/cs),E1,UNMAPPED,2024-03,2024-03-01,0.0,0.0,17.5,17.5,0.0,0.0,50.26,0.0,0.0,True,zero_sales_gap
F-04112,POP Ginger Chews Lemon 4 oz (12ct/cs),E1,UNMAPPED,2024-04,2024-04-01,0.0,0.0,11.0,11.0,0.0,0.0,31.59,0.0,0.0,True,zero_sales_gap
F-04112,POP Ginger Chews Lemon 4 oz (12ct/cs),E1,UNMAPPED,2024-05,2024-05-01,0.0,0.0,0.0,0.0,0.0,0.0,0.0,0.0,0.0,False,none
F-04112,POP Ginger Chews Lemon 4 oz (12ct/cs),E1,UNMAPPED,2024-06,2024-06-01,0.0,0.0,0.0,0.0,0.0,0.0,0.0,0.0,0.0,False,none
F-04112,POP Ginger Chews Lemon 4 oz (12ct/cs),E1,UNMAPPED,2024-07,2024-07-01,0.0,0.0,0.0,0.0,0.0,0.0,0.0,0.0,0.0,False,none
F-04112,POP Ginger Chews Lemon 4 oz (12ct/cs),E1,UNMAPPED,2024-08,2024-08-01,0.0,0.0,0.0,0.0,0.0,0.0,0.0,0.0,0.0,False,none
F-04112,POP Ginger Chews Lemon 4 oz (12ct/cs),E1,UNMAPPED,2024-09,2024-09-01,0.0,0.0,0.0,0.0,0.0,0.0,0.0,0.0,0.0,False,none
F-04112,POP Ginger Chews Lemon 4 oz (12ct/cs),E1,UNMAPPED,2024-10,2024-10-01,0.0,0.0,0.0,0.0,0.0,0.0,0.0,0.0,0.0,False,none
F-04112,POP Ginger Chews Lemon 4 oz (12ct/cs),E1,UNMAPPED,2024-11,2024-11-01,0.0,0.0,0.0,0.0,0.0,0.0,0.0,0.0,0.0,False,none
F-04112,POP Ginger Chews Lemon 4 oz (12ct/cs),E1,UNMAPPED,2024-12,2024-12-01,0.0,0.0,1.0,1.0,0.0,0.0,2.87,0.0,0.0,True,zero_sales_gap
F-04112,POP Ginger Chews Lemon 4 oz (12ct/cs),E1,UNMAPPED,2025-01,2025-01-01,0.0,0.0,13.0,13.0,0.0,0.0,37.33,0.0,0.0,True,zero_sales_gap
F-04112,POP Ginger Chews Lemon 4 oz (12ct/cs),E1,UNMAPPED,2025-02,2025-02-01,1.0,1.0,0.0,1.0,3.69,3.69,3.69,0.0,0.0,False,none
F-04112,POP Ginger Chews Lemon 4 oz (12ct/cs),E1,UNMAPPED,2025-03,2025-03-01,25.0,25.0,0.0,25.0,88.49,88.49,88.49,0.0,0.0,False,none
F-04112,POP Ginger Chews Lemon 4 oz (12ct/cs),E1,UNMAPPED,2025-04,2025-04-01,16.0,16.0,0.0,16.0,55.309999999999995,55.309999999999995,55.31,0.0,0.0,False,none
F-04112,POP Ginger Chews Lemon 4 oz (12ct/cs),E1,UNMAPPED,2025-05,2025-05-01,0.0,0.0,20.5,20.5,0.0,0.0,70.87,0.0,0.0,True,zero_sales_gap
F-04112,POP Ginger Chews Lemon 4 oz (12ct/cs),E1,UNMAPPED,2025-06,2025-06-01,7.0,7.0,0.0,7.0,28.03,28.03,28.03,0.0,0.0,False,none
F-04112,POP Ginger Chews Lemon 4 oz (12ct/cs),E1,UNMAPPED,2025-07,2025-07-01,151.0,151.0,0.0,151.0,0.0,0.0,0.0,0.0,0.0,False,none
F-04112,POP Ginger Chews Lemon 4 oz (12ct/cs),E1,UNMAPPED,2025-08,2025-08-01,56.0,56.0,0.0,56.0,0.0,0.0,0.0,0.0,0.0,False,none
F-04112,POP Ginger Chews Lemon 4 oz (12ct/cs)3,3,LA,2024-11,2024-11-01,3.0,3.0,0.0,3.0,47.54,47.54,47.54,0.0,0.0,False,none
F-04114,POP Ginger Chews Mango 4 oz (12ct/cs),1,SF,2023-01,2023-01-01,2572.0,2572.0,0.0,2572.0,13374.96,13374.96,13374.96,0.0,0.0,False,none
F-04114,POP Ginger Chews Mango 4 oz (12ct/cs),1,SF,2023-02,2023-02-01,1927.0,1927.0,0.0,1927.0,4716.74,4716.74,4716.74,0.0,0.0,False,none
F-04114,POP Ginger Chews Mango 4 oz (12ct/cs),1,SF,2023-03,2023-03-01,5551.0,5551.0,0.0,5551.0,21245.72,21245.72,21245.72,0.0,0.0,False,none
F-04114,POP Ginger Chews Mango 4 oz (12ct/cs),1,SF,2023-04,2023-04-01,454.0,454.0,3468.5,3922.5,5229.11,5229.11,45178.82,0.0,0.0,True,deep_drop_gap
F-04114,POP Ginger Chews Mango 4 oz (12ct/cs),1,SF,2023-05,2023-05-01,2901.0,2901.0,0.0,2901.0,11528.45,11528.45,11528.45,0.0,0.0,False,none
F-04114,POP Ginger Chews Mango 4 oz (12ct/cs),1,SF,2023-06,2023-06-01,4944.0,4944.0,0.0,4944.0,64617.3,64617.3,64617.3,0.0,0.0,False,none
F-04114,POP Ginger Chews Mango 4 oz (12ct/cs),1,SF,2023-07,2023-07-01,790.0,790.0,1366.0,2156.0,13063.83,13063.83,35652.68,0.0,0.0,True,deep_drop_gap
F-04114,POP Ginger Chews Mango 4 oz (12ct/cs),1,SF,2023-08,2023-08-01,1411.0,1411.0,0.0,1411.0,13554.32,13554.32,13554.32,0.0,0.0,False,none
F-04114,POP Ginger Chews Mango 4 oz (12ct/cs),1,SF,2023-09,2023-09-01,1787.0,636.0,0.0,636.0,11212.15,9571.689999999999,9571.69,1151.0,1640.460000000001,False,none
F-04114,POP Ginger Chews Mango 4 oz (12ct/cs),1,SF,2023-10,2023-10-01,1951.0,1951.0,0.0,1951.0,15205.06,15205.06,15205.06,0.0,0.0,False,none
F-04114,POP Ginger Chews Mango 4 oz (12ct/cs),1,SF,2023-11,2023-11-01,2235.0,2065.0,0.0,2065.0,21491.2,19276.89,19276.89,170.0,2214.3100000000013,False,none
F-04114,POP Ginger Chews Mango 4 oz (12ct/cs),1,SF,2023-12,2023-12-01,2643.0,2584.0,0.0,2584.0,25199.66,24343.100000000002,24343.1,59.0,856.5599999999977,False,none
F-04114,POP Ginger Chews Mango 4 oz (12ct/cs),1,SF,2024-01,2024-01-01,2556.0,1694.0,0.0,1694.0,26725.420000000002,12321.43,12321.43,862.0,14403.990000000002,False,none
F-04114,POP Ginger Chews Mango 4 oz (12ct/cs),1,SF,2024-02,2024-02-01,3873.0,3873.0,0.0,3873.0,9533.41,9533.41,9533.41,0.0,0.0,False,none
F-04114,POP Ginger Chews Mango 4 oz (12ct/cs),1,SF,2024-03,2024-03-01,1493.0,1440.0,0.0,1440.0,19947.16,19636.78,19636.78,53.0,310.380000000001,False,none
F-04114,POP Ginger Chews Mango 4 oz (12ct/cs),1,SF,2024-04,2024-04-01,1121.0,737.0,0.0,737.0,11863.63,6866.5199999999995,6866.52,384.0,4997.11,False,none
F-04114,POP Ginger Chews Mango 4 oz (12ct/cs),1,SF,2024-05,2024-05-01,1252.0,1205.0,0.0,1205.0,16643.5,15835.37,15835.37,47.0,808.1299999999992,False,none
F-04114,POP Ginger Chews Mango 4 oz (12ct/cs),1,SF,2024-06,2024-06-01,1585.0,1580.0,0.0,1580.0,18711.030000000002,18624.99,18624.99,5.0,86.04000000000087,False,none
F-04114,POP Ginger Chews Mango 4 oz (12ct/cs),1,SF,2024-07,2024-07-01,2547.0,2547.0,0.0,2547.0,21344.39,21344.39,21344.39,0.0,0.0,False,none
F-04114,POP Ginger Chews Mango 4 oz (12ct/cs),1,SF,2024-08,2024-08-01,1266.0,774.0,0.0,774.0,14409.01,11438.699999999999,11438.7,492.0,2970.3100000000013,False,none
F-04114,POP Ginger Chews Mango 4 oz (12ct/cs),1,SF,2024-09,2024-09-01,966.0,554.0,0.0,554.0,7396.42,6348.28,6348.28,412.0,1048.1400000000003,False,none
F-04114,POP Ginger Chews Mango 4 oz (12ct/cs),1,SF,2024-10,2024-10-01,1764.0,668.0,0.0,668.0,21435.96,9335.51,9335.51,1096.0,12100.449999999999,False,none
F-04114,POP Ginger Chews Mango 4 oz (12ct/cs),1,SF,2024-11,2024-11-01,4663.0,4473.0,0.0,4473.0,27451.039999999997,24711.94,24711.94,190.0,2739.0999999999985,False,none
F-04114,POP Ginger Chews Mango 4 oz (12ct/cs),1,SF,2024-12,2024-12-01,1783.0,1690.0,0.0,1690.0,14976.32,13761.449999999999,13761.45,93.0,1214.8700000000008,False,none
F-04114,POP Ginger Chews Mango 4 oz (12ct/cs),1,SF,2025-01,2025-01-01,1309.0,1295.0,0.0,1295.0,18901.14,18648.760000000002,18648.76,14.0,252.37999999999738,False,none
F-04114,POP Ginger Chews Mango 4 oz (12ct/cs),1,SF,2025-02,2025-02-01,2157.0,1588.0,0.0,1588.0,13245.63,5441.75,5441.75,569.0,7803.879999999999,False,none
F-04114,POP Ginger Chews Mango 4 oz (12ct/cs),1,SF,2025-03,2025-03-01,1432.0,1410.0,0.0,1410.0,5444.67,5024.03,5024.03,22.0,420.6400000000003,False,none
F-04114,POP Ginger Chews Mango 4 oz (12ct/cs),1,SF,2025-04,2025-04-01,1396.0,1346.0,0.0,1346.0,13814.03,12980.4,12980.4,50.0,833.630000000001,False,none
F-04114,POP Ginger Chews Mango 4 oz (12ct/cs),1,SF,2025-05,2025-05-01,1603.0,338.0,0.0,338.0,7474.97,4889.99,4889.99,1265.0,2584.9800000000005,False,none
F-04114,POP Ginger Chews Mango 4 oz (12ct/cs),1,SF,2025-06,2025-06-01,1171.0,1160.0,0.0,1160.0,12024.160000000002,11813.840000000002,11813.84,11.0,210.3199999999997,False,none
F-04114,POP Ginger Chews Mango 4 oz (12ct/cs),1,SF,2025-07,2025-07-01,1325.0,1061.0,0.0,1061.0,7766.71,4063.6099999999997,4063.61,264.0,3703.1000000000004,False,none
F-04114,POP Ginger Chews Mango 4 oz (12ct/cs),1,SF,2025-08,2025-08-01,967.0,432.0,0.0,432.0,7200.509999999999,6317.179999999999,6317.18,535.0,883.3299999999999,False,none
F-04114,POP Ginger Chews Mango 4 oz (12ct/cs),1,SF,2025-09,2025-09-01,1344.0,803.0,0.0,803.0,11463.849999999999,8328.109999999999,8328.11,541.0,3135.74,False,none
F-04114,POP Ginger Chews Mango 4 oz (12ct/cs),1,SF,2025-10,2025-10-01,1177.0,1176.0,0.0,1176.0,6687.0,6667.88,6667.88,1.0,19.11999999999989,False,none
F-04114,POP Ginger Chews Mango 4 oz (12ct/cs),1,SF,2025-11,2025-11-01,676.0,676.0,0.0,676.0,2098.04,2098.04,2098.04,0.0,0.0,False,none
F-04114,POP Ginger Chews Mango 4 oz (12ct/cs),1,SF,2025-12,2025-12-01,1228.0,1213.0,0.0,1213.0,14576.119999999999,14254.91,14254.91,15.0,321.2099999999991,False,none
F-04114,POP Ginger Chews Mango 4 oz (12ct/cs),2,NJ,2023-01,2023-01-01,13262.0,13262.0,0.0,13262.0,53396.0,53396.0,53396.0,0.0,0.0,False,none
F-04114,POP Ginger Chews Mango 4 oz (12ct/cs),2,NJ,2023-02,2023-02-01,6719.0,6719.0,0.0,6719.0,28887.149999999998,28887.149999999998,28887.15,0.0,0.0,False,none
F-04114,POP Ginger Chews Mango 4 oz (12ct/cs),2,NJ,2023-03,2023-03-01,15130.0,15130.0,0.0,15130.0,73995.93,73995.93,73995.93,0.0,0.0,False,none
F-04114,POP Ginger Chews Mango 4 oz (12ct/cs),2,NJ,2023-04,2023-04-01,2265.0,2265.0,8659.5,10924.5,34541.65,34541.65,166600.55,0.0,0.0,True,deep_drop_gap
F-04114,POP Ginger Chews Mango 4 oz (12ct/cs),2,NJ,2023-05,2023-05-01,16172.0,16172.0,0.0,16172.0,48255.409999999996,48255.409999999996,48255.41,0.0,0.0,False,none
F-04114,POP Ginger Chews Mango 4 oz (12ct/cs),2,NJ,2023-06,2023-06-01,6365.0,6365.0,0.0,6365.0,24736.22,24736.22,24736.22,0.0,0.0,False,none
F-04114,POP Ginger Chews Mango 4 oz (12ct/cs),2,NJ,2023-07,2023-07-01,8803.0,8803.0,0.0,8803.0,37620.990000000005,37620.990000000005,37620.99,0.0,0.0,False,none
F-04114,POP Ginger Chews Mango 4 oz (12ct/cs),2,NJ,2023-08,2023-08-01,2426.0,2426.0,4347.0,6773.0,33374.69,33374.69,93176.74,0.0,0.0,True,deep_drop_gap
F-04114,POP Ginger Chews Mango 4 oz (12ct/cs),2,NJ,2023-09,2023-09-01,8707.0,414.0,0.0,414.0,17761.44,5962.3,5962.3,8293.0,11799.14,False,none
F-04114,POP Ginger Chews Mango 4 oz (12ct/cs),2,NJ,2023-10,2023-10-01,7221.0,7181.0,0.0,7181.0,30632.01,30088.25,30088.25,40.0,543.7599999999984,False,none
F-04114,POP Ginger Chews Mango 4 oz (12ct/cs),2,NJ,2023-11,2023-11-01,8281.0,8216.0,0.0,8216.0,59916.68,58911.62,58911.62,65.0,1005.0599999999977,False,none
F-04114,POP Ginger Chews Mango 4 oz (12ct/cs),2,NJ,2023-12,2023-12-01,2164.0,1468.0,6230.5,7698.5,32084.02,22425.13,117602.09,696.0,9658.89,True,deep_drop_gap
F-04114,POP Ginger Chews Mango 4 oz (12ct/cs),2,NJ,2024-01,2024-01-01,6528.0,6301.0,0.0,6301.0,32903.86,29933.809999999998,29933.81,227.0,2970.050000000003,False,none
F-04114,POP Ginger Chews Mango 4 oz (12ct/cs),2,NJ,2024-02,2024-02-01,19494.0,19262.0,0.0,19262.0,47532.82,43647.71,43647.71,232.0,3885.1100000000006,False,none
F-04114,POP Ginger Chews Mango 4 oz (12ct/cs),2,NJ,2024-03,2024-03-01,4982.0,4230.0,0.0,4230.0,75413.63,63521.840000000004,63521.84,752.0,11891.79,False,none
F-04114,POP Ginger Chews Mango 4 oz (12ct/cs),2,NJ,2024-04,2024-04-01,3540.0,3532.0,0.0,3532.0,50674.159999999996,50521.2,50521.2,8.0,152.95999999999913,False,none
F-04114,POP Ginger Chews Mango 4 oz (12ct/cs),2,NJ,2024-05,2024-05-01,7849.0,7537.0,0.0,7537.0,61716.72,56472.229999999996,56472.23,312.0,5244.490000000005,False,none
F-04114,POP Ginger Chews Mango 4 oz (12ct/cs),2,NJ,2024-06,2024-06-01,8279.0,8128.0,0.0,8128.0,66498.43000000001,64020.54,64020.54,151.0,2477.8900000000067,False,none
F-04114,POP Ginger Chews Mango 4 oz (12ct/cs),2,NJ,2024-07,2024-07-01,6603.0,6245.0,0.0,6245.0,57607.96,52642.96,52642.96,358.0,4965.0,False,none
F-04114,POP Ginger Chews Mango 4 oz (12ct/cs),2,NJ,2024-08,2024-08-01,8899.0,2898.0,0.0,2898.0,63675.88,41829.409999999996,41829.41,6001.0,21846.47,False,none
F-04114,POP Ginger Chews Mango 4 oz (12ct/cs),2,NJ,2024-09,2024-09-01,3060.0,1790.0,0.0,1790.0,30581.58,27217.280000000002,27217.28,1270.0,3364.2999999999993,False,none
F-04114,POP Ginger Chews Mango 4 oz (12ct/cs),2,NJ,2024-10,2024-10-01,3535.0,1920.0,0.0,1920.0,41088.14,29249.239999999998,29249.24,1615.0,11838.900000000001,False,none
F-04114,POP Ginger Chews Mango 4 oz (12ct/cs),2,NJ,2024-11,2024-11-01,3689.0,2906.0,0.0,2906.0,56515.78,43661.63,43661.63,783.0,12854.150000000001,False,none
F-04114,POP Ginger Chews Mango 4 oz (12ct/cs),2,NJ,2024-12,2024-12-01,4423.0,4268.0,0.0,4268.0,60428.59,58331.909999999996,58331.91,155.0,2096.6800000000003,False,none
F-04114,POP Ginger Chews Mango 4 oz (12ct/cs),2,NJ,2025-01,2025-01-01,10311.0,9195.0,0.0,9195.0,77666.24,59848.219999999994,59848.22,1116.0,17818.02000000001,False,none
F-04114,POP Ginger Chews Mango 4 oz (12ct/cs),2,NJ,2025-02,2025-02-01,11112.0,9858.0,0.0,9858.0,78302.84,58019.29,58019.29,1254.0,20283.549999999996,False,none
F-04114,POP Ginger Chews Mango 4 oz (12ct/cs),2,NJ,2025-03,2025-03-01,12165.0,11819.0,0.0,11819.0,80132.83,74091.01,74091.01,346.0,6041.820000000007,False,none
F-04114,POP Ginger Chews Mango 4 oz (12ct/cs),2,NJ,2025-04,2025-04-01,5694.0,5219.0,0.0,5219.0,72954.81,65479.02,65479.02,475.0,7475.790000000001,False,none
F-04114,POP Ginger Chews Mango 4 oz (12ct/cs),2,NJ,2025-05,2025-05-01,7869.0,3686.0,0.0,3686.0,71306.73,60094.579999999994,60094.58,4183.0,11212.150000000001,False,none
F-04114,POP Ginger Chews Mango 4 oz (12ct/cs),2,NJ,2025-06,2025-06-01,3810.0,3784.0,0.0,3784.0,40694.86,40178.62,40178.62,26.0,516.239999999998,False,none
F-04114,POP Ginger Chews Mango 4 oz (12ct/cs),2,NJ,2025-07,2025-07-01,5312.0,5156.0,0.0,5156.0,43959.57,41311.11,41311.11,156.0,2648.459999999999,False,none
F-04114,POP Ginger Chews Mango 4 oz (12ct/cs),2,NJ,2025-08,2025-08-01,7135.0,3906.0,0.0,3906.0,92623.96999999999,67566.95,67566.95,3229.0,25057.01999999999,False,none
F-04114,POP Ginger Chews Mango 4 oz (12ct/cs),2,NJ,2025-09,2025-09-01,5517.0,2871.0,0.0,2871.0,47175.01,42168.770000000004,42168.77,2646.0,5006.239999999998,False,none
F-04114,POP Ginger Chews Mango 4 oz (12ct/cs),2,NJ,2025-10,2025-10-01,6324.0,6307.0,0.0,6307.0,52358.65,52033.61,52033.61,17.0,325.0400000000009,False,none
F-04114,POP Ginger Chews Mango 4 oz (12ct/cs),2,NJ,2025-11,2025-11-01,6633.0,5642.0,0.0,5642.0,69564.18000000001,49936.950000000004,49936.95,991.0,19627.230000000003,False,none
F-04114,POP Ginger Chews Mango 4 oz (12ct/cs),2,NJ,2025-12,2025-12-01,5296.0,4672.0,0.0,4672.0,55630.700000000004,43643.98,43643.98,624.0,11986.720000000001,False,none
F-04114,POP Ginger Chews Mango 4 oz (12ct/cs),3,LA,2023-01,2023-01-01,271.0,271.0,0.0,271.0,3869.8099999999995,3869.8099999999995,3869.81,0.0,0.0,False,none
F-04114,POP Ginger Chews Mango 4 oz (12ct/cs),3,LA,2023-02,2023-02-01,351.0,351.0,0.0,351.0,4924.82,4924.82,4924.82,0.0,0.0,False,none
F-04114,POP Ginger Chews Mango 4 oz (12ct/cs),3,LA,2023-03,2023-03-01,277.0,277.0,0.0,277.0,4365.66,4365.66,4365.66,0.0,0.0,False,none
F-04114,POP Ginger Chews Mango 4 oz (12ct/cs),3,LA,2023-04,2023-04-01,78.0,78.0,247.5,325.5,990.02,990.02,4131.43,0.0,0.0,True,deep_drop_gap
F-04114,POP Ginger Chews Mango 4 oz (12ct/cs),3,LA,2023-05,2023-05-01,494.0,494.0,0.0,494.0,6719.800000000001,6719.800000000001,6719.8,0.0,0.0,False,none
F-04114,POP Ginger Chews Mango 4 oz (12ct/cs),3,LA,2023-06,2023-06-01,300.0,300.0,0.0,300.0,4160.960000000001,4160.960000000001,4160.96,0.0,0.0,False,none
F-04114,POP Ginger Chews Mango 4 oz (12ct/cs),3,LA,2023-07,2023-07-01,43.0,43.0,253.0,296.0,492.90999999999997,492.90999999999997,3393.05,0.0,0.0,True,deep_drop_gap
F-04114,POP Ginger Chews Mango 4 oz (12ct/cs),3,LA,2023-08,2023-08-01,292.0,292.0,0.0,292.0,4495.8,4495.8,4495.8,0.0,0.0,False,none
F-04114,POP Ginger Chews Mango 4 oz (12ct/cs),3,LA,2023-09,2023-09-01,70.0,70.0,206.0,276.0,1189.1799999999998,1189.1799999999998,4688.77,0.0,0.0,True,deep_drop_gap
F-04114,POP Ginger Chews Mango 4 oz (12ct/cs),3,LA,2023-10,2023-10-01,260.0,260.0,0.0,260.0,3702.65,3702.65,3702.65,0.0,0.0,False,none
F-04114,POP Ginger Chews Mango 4 oz (12ct/cs),3,LA,2023-11,2023-11-01,538.0,538.0,0.0,538.0,8362.28,8362.28,8362.28,0.0,0.0,False,none
F-04114,POP Ginger Chews Mango 4 oz (12ct/cs),3,LA,2023-12,2023-12-01,796.0,250.0,0.0,250.0,10716.23,3579.23,3579.23,546.0,7137.0,False,none
F-04114,POP Ginger Chews Mango 4 oz (12ct/cs),3,LA,2024-01,2024-01-01,740.0,664.0,0.0,664.0,9794.31,8803.15,8803.15,76.0,991.1599999999999,False,none
F-04114,POP Ginger Chews Mango 4 oz (12ct/cs),3,LA,2024-02,2024-02-01,251.0,234.0,548.5,782.5,3427.2799999999997,3182.55,10642.5,17.0,244.72999999999956,True,deep_drop_gap
F-04114,POP Ginger Chews Mango 4 oz (12ct/cs),3,LA,2024-03,2024-03-01,992.0,992.0,0.0,992.0,13991.23,13991.23,13991.23,0.0,0.0,False,none
F-04114,POP Ginger Chews Mango 4 oz (12ct/cs),3,LA,2024-04,2024-04-01,951.0,901.0,0.0,901.0,13137.64,12476.859999999999,12476.86,50.0,660.7800000000007,False,none
F-04114,POP Ginger Chews Mango 4 oz (12ct/cs),3,LA,2024-05,2024-05-01,988.0,938.0,0.0,938.0,14431.71,13605.749999999998,13605.75,50.0,825.960000000001,False,none
F-04114,POP Ginger Chews Mango 4 oz (12ct/cs),3,LA,2024-06,2024-06-01,1515.0,1515.0,0.0,1515.0,20522.649999999998,20522.649999999998,20522.65,0.0,0.0,False,none
F-04114,POP Ginger Chews Mango 4 oz (12ct/cs),3,LA,2024-07,2024-07-01,1367.0,654.0,0.0,654.0,19286.17,10035.3,10035.3,713.0,9250.869999999999,False,none
F-04114,POP Ginger Chews Mango 4 oz (12ct/cs),3,LA,2024-08,2024-08-01,906.0,576.0,0.0,576.0,13610.039999999999,8648.1,8648.1,330.0,4961.939999999999,False,none
F-04114,POP Ginger Chews Mango 4 oz (12ct/cs),3,LA,2024-09,2024-09-01,486.0,473.0,0.0,473.0,7627.49,7417.94,7417.94,13.0,209.55000000000018,False,none
F-04114,POP Ginger Chews Mango 4 oz (12ct/cs),3,LA,2024-10,2024-10-01,902.0,902.0,0.0,902.0,12607.949999999999,12607.949999999999,12607.95,0.0,0.0,False,none
F-04114,POP Ginger Chews Mango 4 oz (12ct/cs),3,LA,2024-11,2024-11-01,1342.0,884.0,0.0,884.0,20712.0,13608.67,13608.67,458.0,7103.33,False,none
F-04114,POP Ginger Chews Mango 4 oz (12ct/cs),3,LA,2024-12,2024-12-01,1314.0,1289.0,0.0,1289.0,18299.36,17968.97,17968.97,25.0,330.3899999999994,False,none
F-04114,POP Ginger Chews Mango 4 oz (12ct/cs),3,LA,2025-01,2025-01-01,1063.0,885.0,0.0,885.0,13515.84,10624.95,10624.95,178.0,2890.8899999999994,False,none
F-04114,POP Ginger Chews Mango 4 oz (12ct/cs),3,LA,2025-02,2025-02-01,761.0,608.0,0.0,608.0,11776.89,9298.98,9298.98,153.0,2477.91,False,none
F-04114,POP Ginger Chews Mango 4 oz (12ct/cs),3,LA,2025-03,2025-03-01,1339.0,1119.0,0.0,1119.0,20714.4,16706.91,16706.91,220.0,4007.4900000000016,False,none
F-04114,POP Ginger Chews Mango 4 oz (12ct/cs),3,LA,2025-04,2025-04-01,1463.0,750.0,0.0,750.0,22168.940000000002,11798.43,11798.43,713.0,10370.510000000002,False,none
F-04114,POP Ginger Chews Mango 4 oz (12ct/cs),3,LA,2025-05,2025-05-01,1407.0,1172.0,0.0,1172.0,21743.52,18324.920000000002,18324.92,235.0,3418.5999999999985,False,none
F-04114,POP Ginger Chews Mango 4 oz (12ct/cs),3,LA,2025-06,2025-06-01,665.0,665.0,0.0,665.0,10189.51,10189.51,10189.51,0.0,0.0,False,none
F-04114,POP Ginger Chews Mango 4 oz (12ct/cs),3,LA,2025-07,2025-07-01,1000.0,873.0,0.0,873.0,16435.94,14141.58,14141.58,127.0,2294.3599999999988,False,none
F-04114,POP Ginger Chews Mango 4 oz (12ct/cs),3,LA,2025-08,2025-08-01,1239.0,704.0,0.0,704.0,18957.100000000002,11248.050000000001,11248.05,535.0,7709.050000000001,False,none
F-04114,POP Ginger Chews Mango 4 oz (12ct/cs),3,LA,2025-09,2025-09-01,954.0,776.0,0.0,776.0,15322.17,12512.65,12512.65,178.0,2809.5200000000004,False,none
F-04114,POP Ginger Chews Mango 4 oz (12ct/cs),3,LA,2025-10,2025-10-01,1108.0,1108.0,0.0,1108.0,16903.69,16903.69,16903.69,0.0,0.0,False,none
F-04114,POP Ginger Chews Mango 4 oz (12ct/cs),3,LA,2025-11,2025-11-01,1166.0,789.0,0.0,789.0,19890.89,12450.03,12450.03,377.0,7440.859999999999,False,none
F-04114,POP Ginger Chews Mango 4 oz (12ct/cs),3,LA,2025-12,2025-12-01,1686.0,966.0,0.0,966.0,27652.329999999998,16342.14,16342.14,720.0,11310.189999999999,False,none
F-04114,POP Ginger Chews Mango 4 oz (12ct/cs),E1,UNMAPPED,2024-01,2024-01-01,12.0,12.0,0.0,12.0,34.940000000000005,34.940000000000005,34.94,0.0,0.0,False,none
F-04114,POP Ginger Chews Mango 4 oz (12ct/cs),E1,UNMAPPED,2024-02,2024-02-01,0.0,0.0,12.0,12.0,0.0,0.0,34.94,0.0,0.0,True,zero_sales_gap
F-04114,POP Ginger Chews Mango 4 oz (12ct/cs),E1,UNMAPPED,2024-03,2024-03-01,0.0,0.0,12.0,12.0,0.0,0.0,34.94,0.0,0.0,True,zero_sales_gap
F-04114,POP Ginger Chews Mango 4 oz (12ct/cs),E1,UNMAPPED,2024-04,2024-04-01,0.0,0.0,0.0,0.0,0.0,0.0,0.0,0.0,0.0,False,none
F-04114,POP Ginger Chews Mango 4 oz (12ct/cs),E1,UNMAPPED,2024-05,2024-05-01,0.0,0.0,0.0,0.0,0.0,0.0,0.0,0.0,0.0,False,none
F-04114,POP Ginger Chews Mango 4 oz (12ct/cs),E1,UNMAPPED,2024-06,2024-06-01,0.0,0.0,0.0,0.0,0.0,0.0,0.0,0.0,0.0,False,none
F-04114,POP Ginger Chews Mango 4 oz (12ct/cs),E1,UNMAPPED,2024-07,2024-07-01,0.0,0.0,0.0,0.0,0.0,0.0,0.0,0.0,0.0,False,none
F-04114,POP Ginger Chews Mango 4 oz (12ct/cs),E1,UNMAPPED,2024-08,2024-08-01,0.0,0.0,0.0,0.0,0.0,0.0,0.0,0.0,0.0,False,none
F-04114,POP Ginger Chews Mango 4 oz (12ct/cs),E1,UNMAPPED,2024-09,2024-09-01,0.0,0.0,0.0,0.0,0.0,0.0,0.0,0.0,0.0,False,none
F-04114,POP Ginger Chews Mango 4 oz (12ct/cs),E1,UNMAPPED,2024-10,2024-10-01,0.0,0.0,12.0,12.0,0.0,0.0,34.94,0.0,0.0,True,zero_sales_gap
F-04114,POP Ginger Chews Mango 4 oz (12ct/cs),E1,UNMAPPED,2024-11,2024-11-01,0.0,0.0,8.0,8.0,0.0,0.0,23.29,0.0,0.0,True,zero_sales_gap
F-04114,POP Ginger Chews Mango 4 oz (12ct/cs),E1,UNMAPPED,2024-12,2024-12-01,12.0,12.0,0.0,12.0,37.85,37.85,37.85,0.0,0.0,False,none
F-04114,POP Ginger Chews Mango 4 oz (12ct/cs),E1,UNMAPPED,2025-01,2025-01-01,4.0,4.0,0.0,4.0,14.83,14.83,14.83,0.0,0.0,False,none
F-04114,POP Ginger Chews Mango 4 oz (12ct/cs),E1,UNMAPPED,2025-02,2025-02-01,6.0,6.0,0.0,6.0,22.25,22.25,22.25,0.0,0.0,False,none
F-04114,POP Ginger Chews Mango 4 oz (12ct/cs),E1,UNMAPPED,2025-03,2025-03-01,10.0,10.0,0.0,10.0,37.08,37.08,37.08,0.0,0.0,False,none
F-04114,POP Ginger Chews Mango 4 oz (12ct/cs),E1,UNMAPPED,2025-04,2025-04-01,4.0,4.0,0.0,4.0,14.02,14.02,14.02,0.0,0.0,False,none
F-04114,POP Ginger Chews Mango 4 oz (12ct/cs),E1,UNMAPPED,2025-05,2025-05-01,1.0,1.0,0.0,1.0,3.71,3.71,3.71,0.0,0.0,False,none
F-04114,POP Ginger Chews Mango 4 oz (12ct/cs),E1,UNMAPPED,2025-06,2025-06-01,0.0,0.0,4.0,4.0,0.0,0.0,14.84,0.0,0.0,True,zero_sales_gap
F-04114,POP Ginger Chews Mango 4 oz (12ct/cs),E1,UNMAPPED,2025-07,2025-07-01,0.0,0.0,1.0,1.0,0.0,0.0,3.71,0.0,0.0,True,zero_sales_gap
F-04114,POP Ginger Chews Mango 4 oz (12ct/cs),E1,UNMAPPED,2025-08,2025-08-01,207.0,207.0,0.0,207.0,0.0,0.0,0.0,0.0,0.0,False,none
F-04114,POP Ginger Chews Mango 4 oz (12ct/cs),E1,UNMAPPED,2025-09,2025-09-01,1.0,1.0,0.0,1.0,4.03,4.03,4.03,0.0,0.0,False,none
F-04114,POP Ginger Chews Mango 4 oz (12ct/cs)1,2,NJ,2024-05,2024-05-01,1.0,1.0,0.0,1.0,17.59,17.59,17.59,0.0,0.0,False,none
F-04117,POP Ginger Chews Blood Orange 4 oz (12ct/cs),1,SF,2023-01,2023-01-01,2423.0,2423.0,0.0,2423.0,12690.29,12690.29,12690.29,0.0,0.0,False,none
F-04117,POP Ginger Chews Blood Orange 4 oz (12ct/cs),1,SF,2023-02,2023-02-01,1750.0,1750.0,0.0,1750.0,3190.14,3190.14,3190.14,0.0,0.0,False,none
F-04117,POP Ginger Chews Blood Orange 4 oz (12ct/cs),1,SF,2023-03,2023-03-01,4321.0,4321.0,0.0,4321.0,7107.22,7107.22,7107.22,0.0,0.0,False,none
F-04117,POP Ginger Chews Blood Orange 4 oz (12ct/cs),1,SF,2023-04,2023-04-01,191.0,191.0,2284.0,2475.0,1345.7,1345.7,17437.74,0.0,0.0,True,deep_drop_gap
F-04117,POP Ginger Chews Blood Orange 4 oz (12ct/cs),1,SF,2023-05,2023-05-01,3200.0,3200.0,0.0,3200.0,7308.84,7308.84,7308.84,0.0,0.0,False,none
F-04117,POP Ginger Chews Blood Orange 4 oz (12ct/cs),1,SF,2023-06,2023-06-01,1101.0,1101.0,0.0,1101.0,4492.84,4492.84,4492.84,0.0,0.0,False,none
F-04117,POP Ginger Chews Blood Orange 4 oz (12ct/cs),1,SF,2023-07,2023-07-01,184.0,184.0,762.5,946.5,1976.92,1976.92,10169.32,0.0,0.0,True,deep_drop_gap
F-04117,POP Ginger Chews Blood Orange 4 oz (12ct/cs),1,SF,2023-08,2023-08-01,792.0,792.0,0.0,792.0,5486.54,5486.54,5486.54,0.0,0.0,False,none
F-04117,POP Ginger Chews Blood Orange 4 oz (12ct/cs),1,SF,2023-09,2023-09-01,1682.0,363.0,0.0,363.0,6055.27,4248.360000000001,4248.36,1319.0,1806.9099999999999,False,none
F-04117,POP Ginger Chews Blood Orange 4 oz (12ct/cs),1,SF,2023-10,2023-10-01,1205.0,1205.0,0.0,1205.0,3632.38,3632.38,3632.38,0.0,0.0,False,none
F-04117,POP Ginger Chews Blood Orange 4 oz (12ct/cs),1,SF,2023-11,2023-11-01,985.0,655.0,0.0,655.0,8647.66,4453.5199999999995,4453.52,330.0,4194.14,False,none
F-04117,POP Ginger Chews Blood Orange 4 oz (12ct/cs),1,SF,2023-12,2023-12-01,1221.0,1210.0,0.0,1210.0,10517.74,10352.88,10352.88,11.0,164.86000000000058,False,none
F-04117,POP Ginger Chews Blood Orange 4 oz (12ct/cs),1,SF,2024-01,2024-01-01,1485.0,1306.0,0.0,1306.0,12075.990000000002,9746.460000000001,9746.46,179.0,2329.5300000000007,False,none
F-04117,POP Ginger Chews Blood Orange 4 oz (12ct/cs),1,SF,2024-02,2024-02-01,3254.0,3254.0,0.0,3254.0,6214.1900000000005,6214.1900000000005,6214.19,0.0,0.0,False,none
F-04117,POP Ginger Chews Blood Orange 4 oz (12ct/cs),1,SF,2024-03,2024-03-01,690.0,622.0,0.0,622.0,5603.29,5510.56,5510.56,68.0,92.72999999999956,False,none
F-04117,POP Ginger Chews Blood Orange 4 oz (12ct/cs),1,SF,2024-04,2024-04-01,720.0,523.0,0.0,523.0,6373.99,3807.05,3807.05,197.0,2566.9399999999996,False,none
F-04117,POP Ginger Chews Blood Orange 4 oz (12ct/cs),1,SF,2024-05,2024-05-01,1526.0,1512.0,0.0,1512.0,8093.25,7852.14,7852.14,14.0,241.10999999999967,False,none
F-04117,POP Ginger Chews Blood Orange 4 oz (12ct/cs),1,SF,2024-06,2024-06-01,777.0,777.0,0.0,777.0,3324.19,3324.19,3324.19,0.0,0.0,False,none
F-04117,POP Ginger Chews Blood Orange 4 oz (12ct/cs),1,SF,2024-07,2024-07-01,1246.0,1246.0,0.0,1246.0,7815.900000000001,7815.900000000001,7815.9,0.0,0.0,False,none
F-04117,POP Ginger Chews Blood Orange 4 oz (12ct/cs),1,SF,2024-08,2024-08-01,649.0,236.0,0.0,236.0,5520.1900000000005,3000.2200000000003,3000.22,413.0,2519.9700000000003,False,none
F-04117,POP Ginger Chews Blood Orange 4 oz (12ct/cs),1,SF,2024-09,2024-09-01,877.0,452.0,0.0,452.0,5773.92,4992.87,4992.87,425.0,781.0500000000002,False,none
F-04117,POP Ginger Chews Blood Orange 4 oz (12ct/cs),1,SF,2024-10,2024-10-01,949.0,443.0,0.0,443.0,7089.71,6247.26,6247.26,506.0,842.4499999999998,False,none
F-04117,POP Ginger Chews Blood Orange 4 oz (12ct/cs),1,SF,2024-11,2024-11-01,2700.0,2517.0,0.0,2517.0,10783.45,8157.990000000001,8157.99,183.0,2625.46,False,none
F-04117,POP Ginger Chews Blood Orange 4 oz (12ct/cs),1,SF,2024-12,2024-12-01,1140.0,1019.0,0.0,1019.0,6235.6900000000005,4610.96,4610.96,121.0,1624.7300000000005,False,none
F-04117,POP Ginger Chews Blood Orange 4 oz (12ct/cs),1,SF,2025-01,2025-01-01,689.0,687.0,0.0,687.0,7405.700000000001,7360.360000000001,7360.36,2.0,45.340000000000146,False,none
F-04117,POP Ginger Chews Blood Orange 4 oz (12ct/cs),1,SF,2025-02,2025-02-01,1826.0,1602.0,0.0,1602.0,7574.47,4321.7,4321.7,224.0,3252.7700000000004,False,none
F-04117,POP Ginger Chews Blood Orange 4 oz (12ct/cs),1,SF,2025-03,2025-03-01,1001.0,979.0,0.0,979.0,3046.8399999999997,2655.2799999999997,2655.28,22.0,391.55999999999995,False,none
F-04117,POP Ginger Chews Blood Orange 4 oz (12ct/cs),1,SF,2025-04,2025-04-01,1319.0,1259.0,0.0,1259.0,11704.53,10707.1,10707.1,60.0,997.4300000000003,False,none
F-04117,POP Ginger Chews Blood Orange 4 oz (12ct/cs),1,SF,2025-05,2025-05-01,1264.0,270.0,0.0,270.0,4967.11,3392.65,3392.65,994.0,1574.4599999999996,False,none
F-04117,POP Ginger Chews Blood Orange 4 oz (12ct/cs),1,SF,2025-06,2025-06-01,1017.0,1011.0,0.0,1011.0,10092.01,9988.970000000001,9988.97,6.0,103.03999999999905,False,none
F-04117,POP Ginger Chews Blood Orange 4 oz (12ct/cs),1,SF,2025-07,2025-07-01,1045.0,978.0,0.0,978.0,5643.18,4427.31,4427.31,67.0,1215.87,False,none
F-04117,POP Ginger Chews Blood Orange 4 oz (12ct/cs),1,SF,2025-08,2025-08-01,765.0,422.0,0.0,422.0,7270.23,6483.0,6483.0,343.0,787.2299999999996,False,none
F-04117,POP Ginger Chews Blood Orange 4 oz (12ct/cs),1,SF,2025-09,2025-09-01,606.0,237.0,0.0,237.0,7217.49,3741.8700000000003,3741.87,369.0,3475.6199999999994,False,none
F-04117,POP Ginger Chews Blood Orange 4 oz (12ct/cs),1,SF,2025-10,2025-10-01,844.0,836.0,0.0,836.0,3561.01,3396.15,3396.15,8.0,164.86000000000013,False,none
F-04117,POP Ginger Chews Blood Orange 4 oz (12ct/cs),1,SF,2025-11,2025-11-01,619.0,619.0,0.0,619.0,1826.96,1826.96,1826.96,0.0,0.0,False,none
F-04117,POP Ginger Chews Blood Orange 4 oz (12ct/cs),1,SF,2025-12,2025-12-01,763.0,761.0,0.0,761.0,7618.960000000001,7584.6100000000015,7584.61,2.0,34.349999999999454,False,none
F-04117,POP Ginger Chews Blood Orange 4 oz (12ct/cs),2,NJ,2023-01,2023-01-01,8214.0,8214.0,0.0,8214.0,19024.5,19024.5,19024.5,0.0,0.0,False,none
F-04117,POP Ginger Chews Blood Orange 4 oz (12ct/cs),2,NJ,2023-02,2023-02-01,6800.0,6800.0,0.0,6800.0,27510.31,27510.31,27510.31,0.0,0.0,False,none
F-04117,POP Ginger Chews Blood Orange 4 oz (12ct/cs),2,NJ,2023-03,2023-03-01,2383.0,2383.0,5124.0,7507.0,9780.0,9780.0,30809.26,0.0,0.0,True,deep_drop_gap
F-04117,POP Ginger Chews Blood Orange 4 oz (12ct/cs),2,NJ,2023-04,2023-04-01,1647.0,1647.0,6071.0,7718.0,24168.03,24168.03,113253.71,0.0,0.0,True,deep_drop_gap
F-04117,POP Ginger Chews Blood Orange 4 oz (12ct/cs),2,NJ,2023-05,2023-05-01,12549.0,12549.0,0.0,12549.0,38305.25,38305.25,38305.25,0.0,0.0,False,none
F-04117,POP Ginger Chews Blood Orange 4 oz (12ct/cs),2,NJ,2023-06,2023-06-01,8636.0,8636.0,0.0,8636.0,25242.31,25242.31,25242.31,0.0,0.0,False,none
F-04117,POP Ginger Chews Blood Orange 4 oz (12ct/cs),2,NJ,2023-07,2023-07-01,2738.0,2738.0,0.0,2738.0,24372.84,24372.84,24372.84,0.0,0.0,False,none
F-04117,POP Ginger Chews Blood Orange 4 oz (12ct/cs),2,NJ,2023-08,2023-08-01,3708.0,3708.0,0.0,3708.0,31022.010000000002,31022.010000000002,31022.01,0.0,0.0,False,none
F-04117,POP Ginger Chews Blood Orange 4 oz (12ct/cs),2,NJ,2023-09,2023-09-01,6974.0,1031.0,0.0,1031.0,23997.5,13077.730000000001,13077.73,5943.0,10919.769999999999,False,none
F-04117,POP Ginger Chews Blood Orange 4 oz (12ct/cs),2,NJ,2023-10,2023-10-01,5950.0,5878.0,0.0,5878.0,36364.36,35385.07,35385.07,72.0,979.2900000000009,False,none
F-04117,POP Ginger Chews Blood Orange 4 oz (12ct/cs),2,NJ,2023-11,2023-11-01,4129.0,4129.0,0.0,4129.0,37654.73,37654.73,37654.73,0.0,0.0,False,none
F-04117,POP Ginger Chews Blood Orange 4 oz (12ct/cs),2,NJ,2023-12,2023-12-01,1729.0,1002.0,5589.5,6591.5,23400.829999999998,14225.3,93578.91,727.0,9175.529999999999,True,deep_drop_gap
F-04117,POP Ginger Chews Blood Orange 4 oz (12ct/cs),2,NJ,2024-01,2024-01-01,7607.0,7305.0,0.0,7305.0,34619.42,30589.31,30589.31,302.0,4030.109999999997,False,none
F-04117,POP Ginger Chews Blood Orange 4 oz (12ct/cs),2,NJ,2024-02,2024-02-01,15359.0,15249.0,0.0,15249.0,39118.119999999995,37337.579999999994,37337.58,110.0,1780.5400000000009,False,none
F-04117,POP Ginger Chews Blood Orange 4 oz (12ct/cs),2,NJ,2024-03,2024-03-01,2817.0,2270.0,0.0,2270.0,38857.25,30086.49,30086.49,547.0,8770.759999999998,False,none
F-04117,POP Ginger Chews Blood Orange 4 oz (12ct/cs),2,NJ,2024-04,2024-04-01,3308.0,3305.0,0.0,3305.0,46984.07,46939.56,46939.56,3.0,44.51000000000204,False,none
F-04117,POP Ginger Chews Blood Orange 4 oz (12ct/cs),2,NJ,2024-05,2024-05-01,3043.0,2881.0,0.0,2881.0,31299.739999999998,28628.96,28628.96,162.0,2670.779999999999,False,none
F-04117,POP Ginger Chews Blood Orange 4 oz (12ct/cs),2,NJ,2024-06,2024-06-01,5992.0,5719.0,0.0,5719.0,47837.07000000001,43583.590000000004,43583.59,273.0,4253.480000000003,False,none
F-04117,POP Ginger Chews Blood Orange 4 oz (12ct/cs),2,NJ,2024-07,2024-07-01,5339.0,4928.0,0.0,4928.0,47924.22,42246.3,42246.3,411.0,5677.919999999998,False,none
F-04117,POP Ginger Chews Blood Orange 4 oz (12ct/cs),2,NJ,2024-08,2024-08-01,5100.0,1227.0,0.0,1227.0,34206.31,17877.22,17877.22,3873.0,16329.089999999997,False,none
F-04117,POP Ginger Chews Blood Orange 4 oz (12ct/cs),2,NJ,2024-09,2024-09-01,2294.0,953.0,0.0,953.0,17931.01,14740.06,14740.06,1341.0,3190.949999999999,False,none
F-04117,POP Ginger Chews Blood Orange 4 oz (12ct/cs),2,NJ,2024-10,2024-10-01,4364.0,2704.0,0.0,2704.0,49008.16,37078.62,37078.62,1660.0,11929.54,False,none
F-04117,POP Ginger Chews Blood Orange 4 oz (12ct/cs),2,NJ,2024-11,2024-11-01,2619.0,2278.0,0.0,2278.0,37652.770000000004,31779.49,31779.49,341.0,5873.2800000000025,False,none
F-04117,POP Ginger Chews Blood Orange 4 oz (12ct/cs),2,NJ,2024-12,2024-12-01,2629.0,2521.0,0.0,2521.0,35726.15,34265.87,34265.87,108.0,1460.2799999999988,False,none
F-04117,POP Ginger Chews Blood Orange 4 oz (12ct/cs),2,NJ,2025-01,2025-01-01,6842.0,6585.0,0.0,6585.0,47484.350000000006,43372.22,43372.22,257.0,4112.130000000005,False,none
F-04117,POP Ginger Chews Blood Orange 4 oz (12ct/cs),2,NJ,2025-02,2025-02-01,8547.0,8049.0,0.0,8049.0,44616.9,36524.14,36524.14,498.0,8092.760000000002,False,none
F-04117,POP Ginger Chews Blood Orange 4 oz (12ct/cs),2,NJ,2025-03,2025-03-01,8742.0,8445.0,0.0,8445.0,51893.15,46737.01,46737.01,297.0,5156.139999999999,False,none
F-04117,POP Ginger Chews Blood Orange 4 oz (12ct/cs),2,NJ,2025-04,2025-04-01,3599.0,3070.0,0.0,3070.0,45314.78,37393.04,37393.04,529.0,7921.739999999998,False,none
F-04117,POP Ginger Chews Blood Orange 4 oz (12ct/cs),2,NJ,2025-05,2025-05-01,7655.0,2522.0,0.0,2522.0,51422.32,38104.61,38104.61,5133.0,13317.71,False,none
F-04117,POP Ginger Chews Blood Orange 4 oz (12ct/cs),2,NJ,2025-06,2025-06-01,2627.0,2592.0,0.0,2592.0,27889.34,27258.74,27258.74,35.0,630.5999999999985,False,none
F-04117,POP Ginger Chews Blood Orange 4 oz (12ct/cs),2,NJ,2025-07,2025-07-01,3455.0,3420.0,0.0,3420.0,26121.420000000002,25490.81,25490.81,35.0,630.6100000000006,False,none
F-04117,POP Ginger Chews Blood Orange 4 oz (12ct/cs),2,NJ,2025-08,2025-08-01,3792.0,2076.0,0.0,2076.0,46046.17,35703.0,35703.0,1716.0,10343.169999999998,False,none
F-04117,POP Ginger Chews Blood Orange 4 oz (12ct/cs),2,NJ,2025-09,2025-09-01,4083.0,2053.0,0.0,2053.0,34397.78,30308.11,30308.11,2030.0,4089.6699999999983,False,none
F-04117,POP Ginger Chews Blood Orange 4 oz (12ct/cs),2,NJ,2025-10,2025-10-01,4078.0,3976.0,0.0,3976.0,40319.17,39329.979999999996,39329.98,102.0,989.1900000000023,False,none
F-04117,POP Ginger Chews Blood Orange 4 oz (12ct/cs),2,NJ,2025-11,2025-11-01,4749.0,3965.0,0.0,3965.0,48184.549999999996,32699.09,32699.09,784.0,15485.459999999995,False,none
F-04117,POP Ginger Chews Blood Orange 4 oz (12ct/cs),2,NJ,2025-12,2025-12-01,4743.0,4243.0,0.0,4243.0,43927.33,34352.86,34352.86,500.0,9574.470000000001,False,none
F-04117,POP Ginger Chews Blood Orange 4 oz (12ct/cs),3,LA,2023-01,2023-01-01,106.0,106.0,0.0,106.0,924.37,924.37,924.37,0.0,0.0,False,none
F-04117,POP Ginger Chews Blood Orange 4 oz (12ct/cs),3,LA,2023-02,2023-02-01,126.0,126.0,0.0,126.0,1284.8700000000001,1284.8700000000001,1284.87,0.0,0.0,False,none
F-04117,POP Ginger Chews Blood Orange 4 oz (12ct/cs),3,LA,2023-03,2023-03-01,869.0,869.0,0.0,869.0,11555.3,11555.3,11555.3,0.0,0.0,False,none
F-04117,POP Ginger Chews Blood Orange 4 oz (12ct/cs),3,LA,2023-04,2023-04-01,166.0,166.0,0.0,166.0,2036.9,2036.9,2036.9,0.0,0.0,False,none
F-04117,POP Ginger Chews Blood Orange 4 oz (12ct/cs),3,LA,2023-05,2023-05-01,81.0,81.0,0.0,81.0,994.75,994.75,994.75,0.0,0.0,False,none
F-04117,POP Ginger Chews Blood Orange 4 oz (12ct/cs),3,LA,2023-06,2023-06-01,183.0,183.0,0.0,183.0,2527.11,2527.11,2527.11,0.0,0.0,False,none
F-04117,POP Ginger Chews Blood Orange 4 oz (12ct/cs),3,LA,2023-07,2023-07-01,214.0,214.0,0.0,214.0,2941.67,2941.67,2941.67,0.0,0.0,False,none
F-04117,POP Ginger Chews Blood Orange 4 oz (12ct/cs),3,LA,2023-08,2023-08-01,238.0,238.0,0.0,238.0,3106.86,3106.86,3106.86,0.0,0.0,False,none
F-04117,POP Ginger Chews Blood Orange 4 oz (12ct/cs),3,LA,2023-09,2023-09-01,334.0,324.0,0.0,324.0,4710.02,4554.2300000000005,4554.23,10.0,155.78999999999996,False,none
F-04117,POP Ginger Chews Blood Orange 4 oz (12ct/cs),3,LA,2023-10,2023-10-01,473.0,473.0,0.0,473.0,6086.51,6086.51,6086.51,0.0,0.0,False,none
F-04117,POP Ginger Chews Blood Orange 4 oz (12ct/cs),3,LA,2023-11,2023-11-01,310.0,310.0,0.0,310.0,4266.88,4266.88,4266.88,0.0,0.0,False,none
F-04117,POP Ginger Chews Blood Orange 4 oz (12ct/cs),3,LA,2023-12,2023-12-01,703.0,606.0,0.0,606.0,8459.36,7198.16,7198.16,97.0,1261.2000000000007,False,none
F-04117,POP Ginger Chews Blood Orange 4 oz (12ct/cs),3,LA,2024-01,2024-01-01,787.0,668.0,0.0,668.0,10634.29,9016.970000000001,9016.97,119.0,1617.3199999999997,False,none
F-04117,POP Ginger Chews Blood Orange 4 oz (12ct/cs),3,LA,2024-02,2024-02-01,504.0,479.0,0.0,479.0,6242.91,5865.78,5865.78,25.0,377.1300000000001,False,none
F-04117,POP Ginger Chews Blood Orange 4 oz (12ct/cs),3,LA,2024-03,2024-03-01,448.0,448.0,0.0,448.0,5969.14,5969.14,5969.14,0.0,0.0,False,none
F-04117,POP Ginger Chews Blood Orange 4 oz (12ct/cs),3,LA,2024-04,2024-04-01,771.0,771.0,0.0,771.0,9571.4,9571.4,9571.4,0.0,0.0,False,none
F-04117,POP Ginger Chews Blood Orange 4 oz (12ct/cs),3,LA,2024-05,2024-05-01,625.0,590.0,0.0,590.0,8427.43,7915.53,7915.53,35.0,511.90000000000055,False,none
F-04117,POP Ginger Chews Blood Orange 4 oz (12ct/cs),3,LA,2024-06,2024-06-01,668.0,632.0,0.0,632.0,9114.890000000001,8539.92,8539.92,36.0,574.9700000000012,False,none
F-04117,POP Ginger Chews Blood Orange 4 oz (12ct/cs),3,LA,2024-07,2024-07-01,676.0,537.0,0.0,537.0,9113.61,7155.02,7155.02,139.0,1958.5900000000001,False,none
F-04117,POP Ginger Chews Blood Orange 4 oz (12ct/cs),3,LA,2024-08,2024-08-01,577.0,464.0,0.0,464.0,7553.22,5794.9400000000005,5794.94,113.0,1758.2799999999997,False,none
F-04117,POP Ginger Chews Blood Orange 4 oz (12ct/cs),3,LA,2024-09,2024-09-01,498.0,402.0,0.0,402.0,6287.7300000000005,5041.360000000001,5041.36,96.0,1246.37,False,none
F-04117,POP Ginger Chews Blood Orange 4 oz (12ct/cs),3,LA,2024-10,2024-10-01,765.0,589.0,0.0,589.0,9862.1,7533.400000000001,7533.4,176.0,2328.7,False,none
F-04117,POP Ginger Chews Blood Orange 4 oz (12ct/cs),3,LA,2024-11,2024-11-01,736.0,474.0,0.0,474.0,10060.34,6167.92,6167.92,262.0,3892.42,False,none
F-04117,POP Ginger Chews Blood Orange 4 oz (12ct/cs),3,LA,2024-12,2024-12-01,1205.0,1163.0,0.0,1163.0,15608.29,15059.29,15059.29,42.0,549.0,False,none
F-04117,POP Ginger Chews Blood Orange 4 oz (12ct/cs),3,LA,2025-01,2025-01-01,630.0,598.0,0.0,598.0,7561.45,7025.639999999999,7025.64,32.0,535.8100000000004,False,none
F-04117,POP Ginger Chews Blood Orange 4 oz (12ct/cs),3,LA,2025-02,2025-02-01,325.0,293.0,0.0,293.0,4431.68,3912.3600000000006,3912.36,32.0,519.3199999999997,False,none
F-04117,POP Ginger Chews Blood Orange 4 oz (12ct/cs),3,LA,2025-03,2025-03-01,712.0,686.0,0.0,686.0,8982.26,8460.869999999999,8460.87,26.0,521.3900000000012,False,none
F-04117,POP Ginger Chews Blood Orange 4 oz (12ct/cs),3,LA,2025-04,2025-04-01,1027.0,648.0,0.0,648.0,14463.480000000001,8940.54,8940.54,379.0,5522.9400000000005,False,none
F-04117,POP Ginger Chews Blood Orange 4 oz (12ct/cs),3,LA,2025-05,2025-05-01,914.0,750.0,0.0,750.0,12332.41,9939.82,9939.82,164.0,2392.59,False,none
F-04117,POP Ginger Chews Blood Orange 4 oz (12ct/cs),3,LA,2025-06,2025-06-01,601.0,537.0,0.0,537.0,8218.38,7064.34,7064.34,64.0,1154.039999999999,False,none
F-04117,POP Ginger Chews Blood Orange 4 oz (12ct/cs),3,LA,2025-07,2025-07-01,479.0,380.0,0.0,380.0,7279.8,5480.72,5480.72,99.0,1799.08,False,none
F-04117,POP Ginger Chews Blood Orange 4 oz (12ct/cs),3,LA,2025-08,2025-08-01,674.0,215.0,0.0,215.0,9939.08,3262.08,3262.08,459.0,6677.0,False,none
F-04117,POP Ginger Chews Blood Orange 4 oz (12ct/cs),3,LA,2025-09,2025-09-01,218.0,180.0,0.0,180.0,3240.41,2646.4900000000002,2646.49,38.0,593.9199999999996,False,none
F-04117,POP Ginger Chews Blood Orange 4 oz (12ct/cs),3,LA,2025-10,2025-10-01,548.0,548.0,0.0,548.0,7126.14,7126.14,7126.14,0.0,0.0,False,none
F-04117,POP Ginger Chews Blood Orange 4 oz (12ct/cs),3,LA,2025-11,2025-11-01,723.0,514.0,0.0,514.0,10678.29,7076.01,7076.01,209.0,3602.2800000000007,False,none
F-04117,POP Ginger Chews Blood Orange 4 oz (12ct/cs),3,LA,2025-12,2025-12-01,892.0,309.0,0.0,309.0,14231.23,4730.96,4730.96,583.0,9500.27,False,none
F-04117,POP Ginger Chews Blood Orange 4 oz (12ct/cs),E1,UNMAPPED,2024-01,2024-01-01,16.0,16.0,0.0,16.0,47.919999999999995,47.919999999999995,47.92,0.0,0.0,False,none
F-04117,POP Ginger Chews Blood Orange 4 oz (12ct/cs),E1,UNMAPPED,2024-02,2024-02-01,0.0,0.0,16.0,16.0,0.0,0.0,47.92,0.0,0.0,True,zero_sales_gap
F-04117,POP Ginger Chews Blood Orange 4 oz (12ct/cs),E1,UNMAPPED,2024-03,2024-03-01,0.0,0.0,16.0,16.0,0.0,0.0,47.92,0.0,0.0,True,zero_sales_gap
F-04117,POP Ginger Chews Blood Orange 4 oz (12ct/cs),E1,UNMAPPED,2024-04,2024-04-01,0.0,0.0,0.0,0.0,0.0,0.0,0.0,0.0,0.0,False,none
F-04117,POP Ginger Chews Blood Orange 4 oz (12ct/cs),E1,UNMAPPED,2024-05,2024-05-01,0.0,0.0,0.0,0.0,0.0,0.0,0.0,0.0,0.0,False,none
F-04117,POP Ginger Chews Blood Orange 4 oz (12ct/cs),E1,UNMAPPED,2024-06,2024-06-01,0.0,0.0,0.0,0.0,0.0,0.0,0.0,0.0,0.0,False,none
F-04117,POP Ginger Chews Blood Orange 4 oz (12ct/cs),E1,UNMAPPED,2024-07,2024-07-01,0.0,0.0,0.0,0.0,0.0,0.0,0.0,0.0,0.0,False,none
F-04117,POP Ginger Chews Blood Orange 4 oz (12ct/cs),E1,UNMAPPED,2024-08,2024-08-01,0.0,0.0,0.0,0.0,0.0,0.0,0.0,0.0,0.0,False,none
F-04117,POP Ginger Chews Blood Orange 4 oz (12ct/cs),E1,UNMAPPED,2024-09,2024-09-01,0.0,0.0,0.0,0.0,0.0,0.0,0.0,0.0,0.0,False,none
F-04117,POP Ginger Chews Blood Orange 4 oz (12ct/cs),E1,UNMAPPED,2024-10,2024-10-01,0.0,0.0,2.0,2.0,0.0,0.0,5.99,0.0,0.0,True,zero_sales_gap
F-04117,POP Ginger Chews Blood Orange 4 oz (12ct/cs),E1,UNMAPPED,2024-11,2024-11-01,0.0,0.0,11.5,11.5,0.0,0.0,34.44,0.0,0.0,True,zero_sales_gap
F-04117,POP Ginger Chews Blood Orange 4 oz (12ct/cs),E1,UNMAPPED,2024-12,2024-12-01,2.0,2.0,0.0,2.0,8.0,8.0,8.0,0.0,0.0,False,none
F-04117,POP Ginger Chews Blood Orange 4 oz (12ct/cs),E1,UNMAPPED,2025-01,2025-01-01,21.0,21.0,0.0,21.0,75.93,75.93,75.93,0.0,0.0,False,none
F-04117,POP Ginger Chews Blood Orange 4 oz (12ct/cs),E1,UNMAPPED,2025-02,2025-02-01,5.0,5.0,0.0,5.0,19.990000000000002,19.990000000000002,19.99,0.0,0.0,False,none
F-04117,POP Ginger Chews Blood Orange 4 oz (12ct/cs),E1,UNMAPPED,2025-03,2025-03-01,13.0,13.0,0.0,13.0,43.96,43.96,43.96,0.0,0.0,False,none
F-04117,POP Ginger Chews Blood Orange 4 oz (12ct/cs),E1,UNMAPPED,2025-04,2025-04-01,5.0,5.0,0.0,5.0,19.12,19.12,19.12,0.0,0.0,False,none
F-04117,POP Ginger Chews Blood Orange 4 oz (12ct/cs),E1,UNMAPPED,2025-05,2025-05-01,6.0,6.0,0.0,6.0,19.98,19.98,19.98,0.0,0.0,False,none
F-04117,POP Ginger Chews Blood Orange 4 oz (12ct/cs),E1,UNMAPPED,2025-06,2025-06-01,0.0,0.0,6.0,6.0,0.0,0.0,19.98,0.0,0.0,True,zero_sales_gap
F-04117,POP Ginger Chews Blood Orange 4 oz (12ct/cs),E1,UNMAPPED,2025-07,2025-07-01,212.0,212.0,0.0,212.0,0.0,0.0,0.0,0.0,0.0,False,none
F-04117,POP Ginger Chews Blood Orange 4 oz (12ct/cs),E1,UNMAPPED,2025-08,2025-08-01,0.0,0.0,108.5,108.5,0.0,0.0,0.0,0.0,0.0,True,zero_sales_gap
F-04117,POP Ginger Chews Blood Orange 4 oz (12ct/cs),E1,UNMAPPED,2025-09,2025-09-01,5.0,5.0,0.0,5.0,0.0,0.0,0.0,0.0,0.0,False,none
F-04118,POP Ginger Chews Pineapple Coconut 4 oz (12ct/cs),1,SF,2023-05,2023-05-01,829.0,829.0,0.0,829.0,1993.56,1993.56,1993.56,0.0,0.0,False,none
F-04118,POP Ginger Chews Pineapple Coconut 4 oz (12ct/cs),1,SF,2023-06,2023-06-01,423.0,423.0,0.0,423.0,821.97,821.97,821.97,0.0,0.0,False,none
F-04118,POP Ginger Chews Pineapple Coconut 4 oz (12ct/cs),1,SF,2023-07,2023-07-01,86.0,86.0,352.5,438.5,795.9,795.9,4058.16,0.0,0.0,True,deep_drop_gap
F-04118,POP Ginger Chews Pineapple Coconut 4 oz (12ct/cs),1,SF,2023-08,2023-08-01,195.0,195.0,0.0,195.0,1068.6,1068.6,1068.6,0.0,0.0,False,none
F-04118,POP Ginger Chews Pineapple Coconut 4 oz (12ct/cs),1,SF,2023-09,2023-09-01,456.0,454.0,0.0,454.0,6727.49,6697.7699999999995,6697.77,2.0,29.720000000000255,False,none
F-04118,POP Ginger Chews Pineapple Coconut 4 oz (12ct/cs),1,SF,2023-10,2023-10-01,239.0,239.0,0.0,239.0,2298.29,2298.29,2298.29,0.0,0.0,False,none
F-04118,POP Ginger Chews Pineapple Coconut 4 oz (12ct/cs),1,SF,2023-11,2023-11-01,463.0,463.0,0.0,463.0,5283.87,5283.87,5283.87,0.0,0.0,False,none
F-04118,POP Ginger Chews Pineapple Coconut 4 oz (12ct/cs),1,SF,2023-12,2023-12-01,213.0,211.0,0.0,211.0,1277.8,1248.08,1248.08,2.0,29.720000000000027,False,none
F-04118,POP Ginger Chews Pineapple Coconut 4 oz (12ct/cs),1,SF,2024-01,2024-01-01,4489.0,4472.0,0.0,4472.0,6649.2,6426.3099999999995,6426.31,17.0,222.89000000000033,False,none
F-04118,POP Ginger Chews Pineapple Coconut 4 oz (12ct/cs),1,SF,2024-02,2024-02-01,487.0,478.0,0.0,478.0,2246.9700000000003,2098.38,2098.38,9.0,148.59000000000015,False,none
F-04118,POP Ginger Chews Pineapple Coconut 4 oz (12ct/cs),1,SF,2024-03,2024-03-01,701.0,632.0,0.0,632.0,1236.11,1143.24,1143.24,69.0,92.86999999999989,False,none
F-04118,POP Ginger Chews Pineapple Coconut 4 oz (12ct/cs),1,SF,2024-04,2024-04-01,535.0,40.0,0.0,40.0,1257.51,578.93,578.93,495.0,678.58,False,none
F-04118,POP Ginger Chews Pineapple Coconut 4 oz (12ct/cs),1,SF,2024-05,2024-05-01,884.0,872.0,0.0,872.0,2000.42,1814.68,1814.68,12.0,185.74,False,none
F-04118,POP Ginger Chews Pineapple Coconut 4 oz (12ct/cs),1,SF,2024-06,2024-06-01,731.0,661.0,0.0,661.0,2864.61,1731.58,1731.58,70.0,1133.0300000000002,False,none
F-04118,POP Ginger Chews Pineapple Coconut 4 oz (12ct/cs),1,SF,2024-07,2024-07-01,3274.0,3274.0,0.0,3274.0,4059.2000000000003,4059.2000000000003,4059.2,0.0,0.0,False,none
F-04118,POP Ginger Chews Pineapple Coconut 4 oz (12ct/cs),1,SF,2024-08,2024-08-01,336.0,81.0,0.0,81.0,1541.77,1113.32,1113.32,255.0,428.45000000000005,False,none
F-04118,POP Ginger Chews Pineapple Coconut 4 oz (12ct/cs),1,SF,2024-09,2024-09-01,506.0,71.0,0.0,71.0,1642.27,746.17,746.17,435.0,896.1,False,none
F-04118,POP Ginger Chews Pineapple Coconut 4 oz (12ct/cs),1,SF,2024-10,2024-10-01,592.0,97.0,0.0,97.0,1657.5600000000002,978.98,978.98,495.0,678.5800000000002,False,none
F-04118,POP Ginger Chews Pineapple Coconut 4 oz (12ct/cs),1,SF,2024-11,2024-11-01,2256.0,2146.0,0.0,2146.0,5647.18,3665.9200000000005,3665.92,110.0,1981.2599999999998,False,none
F-04118,POP Ginger Chews Pineapple Coconut 4 oz (12ct/cs),1,SF,2024-12,2024-12-01,659.0,659.0,0.0,659.0,1652.7,1652.7,1652.7,0.0,0.0,False,none
F-04118,POP Ginger Chews Pineapple Coconut 4 oz (12ct/cs),1,SF,2025-01,2025-01-01,163.0,163.0,893.5,1056.5,979.89,979.89,6351.25,0.0,0.0,True,deep_drop_gap
F-04118,POP Ginger Chews Pineapple Coconut 4 oz (12ct/cs),1,SF,2025-02,2025-02-01,1454.0,1454.0,0.0,1454.0,2294.76,2294.76,2294.76,0.0,0.0,False,none
F-04118,POP Ginger Chews Pineapple Coconut 4 oz (12ct/cs),1,SF,2025-03,2025-03-01,149.0,131.0,401.0,532.0,1434.8,1125.23,4569.64,18.0,309.56999999999994,True,deep_drop_gap
F-04118,POP Ginger Chews Pineapple Coconut 4 oz (12ct/cs),1,SF,2025-04,2025-04-01,901.0,901.0,0.0,901.0,2943.98,2943.98,2943.98,0.0,0.0,False,none
F-04118,POP Ginger Chews Pineapple Coconut 4 oz (12ct/cs),1,SF,2025-05,2025-05-01,897.0,60.0,0.0,60.0,2141.54,738.15,738.15,837.0,1403.3899999999999,False,none
F-04118,POP Ginger Chews Pineapple Coconut 4 oz (12ct/cs),1,SF,2025-06,2025-06-01,313.0,313.0,0.0,313.0,914.9799999999999,914.9799999999999,914.98,0.0,0.0,False,none
F-04118,POP Ginger Chews Pineapple Coconut 4 oz (12ct/cs),1,SF,2025-07,2025-07-01,910.0,899.0,0.0,899.0,4345.62,4139.24,4139.24,11.0,206.3800000000001,False,none
F-04118,POP Ginger Chews Pineapple Coconut 4 oz (12ct/cs),1,SF,2025-08,2025-08-01,502.0,172.0,0.0,172.0,2937.47,2392.62,2392.62,330.0,544.8499999999999,False,none
F-04118,POP Ginger Chews Pineapple Coconut 4 oz (12ct/cs),1,SF,2025-09,2025-09-01,342.0,169.0,0.0,169.0,1720.05,1321.27,1321.27,173.0,398.78,False,none
F-04118,POP Ginger Chews Pineapple Coconut 4 oz (12ct/cs),1,SF,2025-10,2025-10-01,810.0,810.0,0.0,810.0,1815.33,1815.33,1815.33,0.0,0.0,False,none
F-04118,POP Ginger Chews Pineapple Coconut 4 oz (12ct/cs),1,SF,2025-11,2025-11-01,351.0,351.0,0.0,351.0,1388.8000000000002,1388.8000000000002,1388.8,0.0,0.0,False,none
F-04118,POP Ginger Chews Pineapple Coconut 4 oz (12ct/cs),1,SF,2025-12,2025-12-01,477.0,449.0,0.0,449.0,2572.49,2029.98,2029.98,28.0,542.5099999999998,False,none
F-04118,POP Ginger Chews Pineapple Coconut 4 oz (12ct/cs),2,NJ,2023-05,2023-05-01,227.0,227.0,0.0,227.0,3286.73,3286.73,3286.73,0.0,0.0,False,none
F-04118,POP Ginger Chews Pineapple Coconut 4 oz (12ct/cs),2,NJ,2023-06,2023-06-01,216.0,216.0,326.0,542.0,2673.4700000000003,2673.4700000000003,6708.43,0.0,0.0,True,deep_drop_gap
F-04118,POP Ginger Chews Pineapple Coconut 4 oz (12ct/cs),2,NJ,2023-07,2023-07-01,814.0,814.0,0.0,814.0,10613.53,10613.53,10613.53,0.0,0.0,False,none
F-04118,POP Ginger Chews Pineapple Coconut 4 oz (12ct/cs),2,NJ,2023-08,2023-08-01,542.0,542.0,0.0,542.0,6507.99,6507.99,6507.99,0.0,0.0,False,none
F-04118,POP Ginger Chews Pineapple Coconut 4 oz (12ct/cs),2,NJ,2023-09,2023-09-01,982.0,973.0,0.0,973.0,11841.800000000001,11694.03,11694.03,9.0,147.77000000000044,False,none
F-04118,POP Ginger Chews Pineapple Coconut 4 oz (12ct/cs),2,NJ,2023-10,2023-10-01,678.0,678.0,0.0,678.0,9598.449999999999,9598.449999999999,9598.45,0.0,0.0,False,none
F-04118,POP Ginger Chews Pineapple Coconut 4 oz (12ct/cs),2,NJ,2023-11,2023-11-01,1057.0,961.0,0.0,961.0,13692.85,11959.25,11959.25,96.0,1733.6000000000004,False,none
F-04118,POP Ginger Chews Pineapple Coconut 4 oz (12ct/cs),2,NJ,2023-12,2023-12-01,851.0,779.0,0.0,779.0,12085.96,11149.81,11149.81,72.0,936.1499999999996,False,none
F-04118,POP Ginger Chews Pineapple Coconut 4 oz (12ct/cs),2,NJ,2024-01,2024-01-01,14449.0,14310.0,0.0,14310.0,37684.63,35723.17,35723.17,139.0,1961.4599999999991,False,none
F-04118,POP Ginger Chews Pineapple Coconut 4 oz (12ct/cs),2,NJ,2024-02,2024-02-01,815.0,752.0,0.0,752.0,12025.83,11004.24,11004.24,63.0,1021.5900000000001,False,none
F-04118,POP Ginger Chews Pineapple Coconut 4 oz (12ct/cs),2,NJ,2024-03,2024-03-01,28.0,28.0,0.0,28.0,432.3,432.3,432.3,0.0,0.0,False,none
F-04118,POP Ginger Chews Pineapple Coconut 4 oz (12ct/cs),2,NJ,2024-04,2024-04-01,0.0,0.0,3006.0,3006.0,0.0,0.0,46410.49,0.0,0.0,True,zero_sales_gap
F-04118,POP Ginger Chews Pineapple Coconut 4 oz (12ct/cs),2,NJ,2024-05,2024-05-01,7634.0,7498.0,0.0,7498.0,34963.009999999995,32771.24,32771.24,136.0,2191.769999999997,False,none
F-04118,POP Ginger Chews Pineapple Coconut 4 oz (12ct/cs),2,NJ,2024-06,2024-06-01,5435.0,5260.0,0.0,5260.0,30678.25,28005.61,28005.61,175.0,2672.6399999999994,False,none
F-04118,POP Ginger Chews Pineapple Coconut 4 oz (12ct/cs),2,NJ,2024-07,2024-07-01,5574.0,5477.0,0.0,5477.0,32809.939999999995,31561.749999999996,31561.75,97.0,1248.1899999999987,False,none
F-04118,POP Ginger Chews Pineapple Coconut 4 oz (12ct/cs),2,NJ,2024-08,2024-08-01,6604.0,1990.0,0.0,1990.0,35486.1,24981.309999999998,24981.31,4614.0,10504.79,False,none
F-04118,POP Ginger Chews Pineapple Coconut 4 oz (12ct/cs),2,NJ,2024-09,2024-09-01,2296.0,985.0,0.0,985.0,16985.29,14257.76,14257.76,1311.0,2727.5300000000007,False,none
F-04118,POP Ginger Chews Pineapple Coconut 4 oz (12ct/cs),2,NJ,2024-10,2024-10-01,2502.0,1475.0,0.0,1475.0,25087.16,22201.12,22201.12,1027.0,2886.040000000001,False,none
F-04118,POP Ginger Chews Pineapple Coconut 4 oz (12ct/cs),2,NJ,2024-11,2024-11-01,1979.0,1770.0,0.0,1770.0,28490.399999999998,24911.739999999998,24911.74,209.0,3578.66,False,none
F-04118,POP Ginger Chews Pineapple Coconut 4 oz (12ct/cs),2,NJ,2024-12,2024-12-01,1709.0,1672.0,0.0,1672.0,23813.61,23273.71,23273.71,37.0,539.9000000000015,False,none
F-04118,POP Ginger Chews Pineapple Coconut 4 oz (12ct/cs),2,NJ,2025-01,2025-01-01,5713.0,5608.0,0.0,5608.0,35035.42,33370.73,33370.73,105.0,1664.689999999995,False,none
F-04118,POP Ginger Chews Pineapple Coconut 4 oz (12ct/cs),2,NJ,2025-02,2025-02-01,6067.0,5922.0,0.0,5922.0,33780.17,31190.069999999996,31190.07,145.0,2590.100000000002,False,none
F-04118,POP Ginger Chews Pineapple Coconut 4 oz (12ct/cs),2,NJ,2025-03,2025-03-01,3700.0,3332.0,0.0,3332.0,35760.47,29316.399999999998,29316.4,368.0,6444.070000000003,False,none
F-04118,POP Ginger Chews Pineapple Coconut 4 oz (12ct/cs),2,NJ,2025-04,2025-04-01,6421.0,5970.0,0.0,5970.0,51949.17,45089.060000000005,45089.06,451.0,6860.109999999993,False,none
F-04118,POP Ginger Chews Pineapple Coconut 4 oz (12ct/cs),2,NJ,2025-05,2025-05-01,7287.0,2161.0,0.0,2161.0,42669.96,31586.48,31586.48,5126.0,11083.48,False,none
F-04118,POP Ginger Chews Pineapple Coconut 4 oz (12ct/cs),2,NJ,2025-06,2025-06-01,2851.0,2827.0,0.0,2827.0,30330.76,29887.04,29887.04,24.0,443.7199999999975,False,none
F-04118,POP Ginger Chews Pineapple Coconut 4 oz (12ct/cs),2,NJ,2025-07,2025-07-01,4077.0,4049.0,0.0,4049.0,23082.23,22586.91,22586.91,28.0,495.3199999999997,False,none
F-04118,POP Ginger Chews Pineapple Coconut 4 oz (12ct/cs),2,NJ,2025-08,2025-08-01,4611.0,2048.0,0.0,2048.0,43430.59,31612.04,31612.04,2563.0,11818.549999999996,False,none
F-04118,POP Ginger Chews Pineapple Coconut 4 oz (12ct/cs),2,NJ,2025-09,2025-09-01,1413.0,1401.0,0.0,1401.0,19406.39,19208.73,19208.73,12.0,197.65999999999985,False,none
F-04118,POP Ginger Chews Pineapple Coconut 4 oz (12ct/cs),2,NJ,2025-10,2025-10-01,3491.0,3488.0,0.0,3488.0,16013.84,15946.31,15946.31,3.0,67.53000000000065,False,none
F-04118,POP Ginger Chews Pineapple Coconut 4 oz (12ct/cs),2,NJ,2025-11,2025-11-01,2731.0,2701.0,0.0,2701.0,22240.510000000002,21664.57,21664.57,30.0,575.9400000000023,False,none
F-04118,POP Ginger Chews Pineapple Coconut 4 oz (12ct/cs),2,NJ,2025-12,2025-12-01,2737.0,2336.0,0.0,2336.0,27934.29,20033.99,20033.99,401.0,7900.299999999999,False,none
F-04118,POP Ginger Chews Pineapple Coconut 4 oz (12ct/cs),3,LA,2023-05,2023-05-01,57.0,57.0,0.0,57.0,742.97,742.97,742.97,0.0,0.0,False,none
F-04118,POP Ginger Chews Pineapple Coconut 4 oz (12ct/cs),3,LA,2023-06,2023-06-01,130.0,130.0,0.0,130.0,1627.91,1627.91,1627.91,0.0,0.0,False,none
F-04118,POP Ginger Chews Pineapple Coconut 4 oz (12ct/cs),3,LA,2023-07,2023-07-01,158.0,158.0,0.0,158.0,2018.9699999999998,2018.9699999999998,2018.97,0.0,0.0,False,none
F-04118,POP Ginger Chews Pineapple Coconut 4 oz (12ct/cs),3,LA,2023-08,2023-08-01,274.0,274.0,0.0,274.0,3606.27,3606.27,3606.27,0.0,0.0,False,none
F-04118,POP Ginger Chews Pineapple Coconut 4 oz (12ct/cs),3,LA,2023-09,2023-09-01,132.0,130.0,0.0,130.0,1591.58,1561.8600000000001,1561.86,2.0,29.7199999999998,False,none
F-04118,POP Ginger Chews Pineapple Coconut 4 oz (12ct/cs),3,LA,2023-10,2023-10-01,208.0,208.0,0.0,208.0,2697.29,2697.29,2697.29,0.0,0.0,False,none
F-04118,POP Ginger Chews Pineapple Coconut 4 oz (12ct/cs),3,LA,2023-11,2023-11-01,307.0,307.0,0.0,307.0,3428.25,3428.25,3428.25,0.0,0.0,False,none
F-04118,POP Ginger Chews Pineapple Coconut 4 oz (12ct/cs),3,LA,2023-12,2023-12-01,331.0,269.0,0.0,269.0,4350.28,3547.87,3547.87,62.0,802.4099999999999,False,none
F-04118,POP Ginger Chews Pineapple Coconut 4 oz (12ct/cs),3,LA,2024-01,2024-01-01,485.0,400.0,0.0,400.0,6460.87,5112.38,5112.38,85.0,1348.4899999999998,False,none
F-04118,POP Ginger Chews Pineapple Coconut 4 oz (12ct/cs),3,LA,2024-02,2024-02-01,182.0,146.0,0.0,146.0,2213.55,1648.0600000000002,1648.06,36.0,565.49,False,none
F-04118,POP Ginger Chews Pineapple Coconut 4 oz (12ct/cs),3,LA,2024-03,2024-03-01,200.0,200.0,0.0,200.0,2961.04,2961.04,2961.04,0.0,0.0,False,none
F-04118,POP Ginger Chews Pineapple Coconut 4 oz (12ct/cs),3,LA,2024-04,2024-04-01,809.0,809.0,0.0,809.0,5609.19,5609.19,5609.19,0.0,0.0,False,none
F-04118,POP Ginger Chews Pineapple Coconut 4 oz (12ct/cs),3,LA,2024-05,2024-05-01,272.0,242.0,0.0,242.0,3810.36,3308.85,3308.85,30.0,501.5100000000002,False,none
F-04118,POP Ginger Chews Pineapple Coconut 4 oz (12ct/cs),3,LA,2024-06,2024-06-01,458.0,431.0,0.0,431.0,6050.95,5605.16,5605.16,27.0,445.78999999999996,False,none
F-04118,POP Ginger Chews Pineapple Coconut 4 oz (12ct/cs),3,LA,2024-07,2024-07-01,386.0,277.0,0.0,277.0,5160.89,3641.51,3641.51,109.0,1519.38,False,none
F-04118,POP Ginger Chews Pineapple Coconut 4 oz (12ct/cs),3,LA,2024-08,2024-08-01,427.0,347.0,0.0,347.0,6023.55,4723.360000000001,4723.36,80.0,1300.1899999999996,False,none
F-04118,POP Ginger Chews Pineapple Coconut 4 oz (12ct/cs),3,LA,2024-09,2024-09-01,268.0,196.0,0.0,196.0,3555.77,2619.63,2619.63,72.0,936.1399999999999,False,none
F-04118,POP Ginger Chews Pineapple Coconut 4 oz (12ct/cs),3,LA,2024-10,2024-10-01,419.0,291.0,0.0,291.0,5698.110000000001,4048.7100000000005,4048.71,128.0,1649.4,False,none
F-04118,POP Ginger Chews Pineapple Coconut 4 oz (12ct/cs),3,LA,2024-11,2024-11-01,459.0,376.0,0.0,376.0,6011.17,4673.820000000001,4673.82,83.0,1337.3499999999995,False,none
F-04118,POP Ginger Chews Pineapple Coconut 4 oz (12ct/cs),3,LA,2024-12,2024-12-01,670.0,670.0,0.0,670.0,8911.810000000001,8911.810000000001,8911.81,0.0,0.0,False,none
F-04118,POP Ginger Chews Pineapple Coconut 4 oz (12ct/cs),3,LA,2025-01,2025-01-01,324.0,296.0,0.0,296.0,3954.4700000000003,3508.6900000000005,3508.69,28.0,445.77999999999975,False,none
F-04118,POP Ginger Chews Pineapple Coconut 4 oz (12ct/cs),3,LA,2025-02,2025-02-01,230.0,175.0,0.0,175.0,3331.65,2440.08,2440.08,55.0,891.5700000000002,False,none
F-04118,POP Ginger Chews Pineapple Coconut 4 oz (12ct/cs),3,LA,2025-03,2025-03-01,486.0,402.0,0.0,402.0,6777.89,5291.93,5291.93,84.0,1485.96,False,none
F-04118,POP Ginger Chews Pineapple Coconut 4 oz (12ct/cs),3,LA,2025-04,2025-04-01,625.0,266.0,0.0,266.0,8964.960000000001,3813.69,3813.69,359.0,5151.27,False,none
F-04118,POP Ginger Chews Pineapple Coconut 4 oz (12ct/cs),3,LA,2025-05,2025-05-01,314.0,175.0,0.0,175.0,4523.87,2526.1,2526.1,139.0,1997.77,False,none
F-04118,POP Ginger Chews Pineapple Coconut 4 oz (12ct/cs),3,LA,2025-06,2025-06-01,215.0,215.0,0.0,215.0,3089.53,3089.53,3089.53,0.0,0.0,False,none
F-04118,POP Ginger Chews Pineapple Coconut 4 oz (12ct/cs),3,LA,2025-07,2025-07-01,189.0,175.0,0.0,175.0,2856.69,2609.03,2609.03,14.0,247.65999999999985,False,none
F-04118,POP Ginger Chews Pineapple Coconut 4 oz (12ct/cs),3,LA,2025-08,2025-08-01,366.0,241.0,0.0,241.0,5195.58,3412.44,3412.44,125.0,1783.1399999999999,False,none
F-04118,POP Ginger Chews Pineapple Coconut 4 oz (12ct/cs),3,LA,2025-09,2025-09-01,189.0,161.0,0.0,161.0,2919.44,2486.2,2486.2,28.0,433.24000000000024,False,none
F-04118,POP Ginger Chews Pineapple Coconut 4 oz (12ct/cs),3,LA,2025-10,2025-10-01,352.0,352.0,0.0,352.0,4810.05,4810.05,4810.05,0.0,0.0,False,none
F-04118,POP Ginger Chews Pineapple Coconut 4 oz (12ct/cs),3,LA,2025-11,2025-11-01,361.0,223.0,0.0,223.0,5082.8,2903.4100000000003,2903.41,138.0,2179.39,False,none
F-04118,POP Ginger Chews Pineapple Coconut 4 oz (12ct/cs),3,LA,2025-12,2025-12-01,514.0,210.0,0.0,210.0,7921.76,3054.46,3054.46,304.0,4867.3,False,none
F-04118,POP Ginger Chews Pineapple Coconut 4 oz (12ct/cs),E1,UNMAPPED,2024-12,2024-12-01,1.0,1.0,0.0,1.0,4.0,4.0,4.0,0.0,0.0,False,none
F-04118,POP Ginger Chews Pineapple Coconut 4 oz (12ct/cs),E1,UNMAPPED,2025-01,2025-01-01,2.0,2.0,4.0,6.0,8.0,8.0,24.0,0.0,0.0,True,deep_drop_gap
F-04118,POP Ginger Chews Pineapple Coconut 4 oz (12ct/cs),E1,UNMAPPED,2025-02,2025-02-01,6.0,6.0,0.0,6.0,24.0,24.0,24.0,0.0,0.0,False,none
F-04118,POP Ginger Chews Pineapple Coconut 4 oz (12ct/cs),E1,UNMAPPED,2025-03,2025-03-01,18.0,18.0,0.0,18.0,64.02000000000001,64.02000000000001,64.02,0.0,0.0,False,none
F-04118,POP Ginger Chews Pineapple Coconut 4 oz (12ct/cs),E1,UNMAPPED,2025-04,2025-04-01,7.0,7.0,0.0,7.0,23.14,23.14,23.14,0.0,0.0,False,none
F-04118,POP Ginger Chews Pineapple Coconut 4 oz (12ct/cs),E1,UNMAPPED,2025-05,2025-05-01,0.0,0.0,16.5,16.5,0.0,0.0,54.54,0.0,0.0,True,zero_sales_gap
F-04118,POP Ginger Chews Pineapple Coconut 4 oz (12ct/cs),E1,UNMAPPED,2025-06,2025-06-01,17.0,17.0,0.0,17.0,65.19,65.19,65.19,0.0,0.0,False,none
F-04118,POP Ginger Chews Pineapple Coconut 4 oz (12ct/cs),E1,UNMAPPED,2025-07,2025-07-01,16.0,16.0,116.5,132.5,56.02,56.02,463.92,0.0,0.0,True,deep_drop_gap
F-04118,POP Ginger Chews Pineapple Coconut 4 oz (12ct/cs),E1,UNMAPPED,2025-08,2025-08-01,248.0,248.0,0.0,248.0,0.0,0.0,0.0,0.0,0.0,False,none
F-04130,POP Ginger Chews Plus+ Original 3 oz,1,SF,2023-01,2023-01-01,1570.0,1570.0,0.0,1570.0,6382.92,6382.92,6382.92,0.0,0.0,False,none
F-04130,POP Ginger Chews Plus+ Original 3 oz,1,SF,2023-02,2023-02-01,219.0,219.0,0.0,219.0,15199.05,15199.05,15199.05,0.0,0.0,False,none
F-04130,POP Ginger Chews Plus+ Original 3 oz,1,SF,2023-03,2023-03-01,495.0,495.0,0.0,495.0,35581.24,35581.24,35581.24,0.0,0.0,False,none
F-04130,POP Ginger Chews Plus+ Original 3 oz,1,SF,2023-04,2023-04-01,73.0,73.0,317.5,390.5,2939.94,2939.94,15726.67,0.0,0.0,True,deep_drop_gap
F-04130,POP Ginger Chews Plus+ Original 3 oz,1,SF,2023-05,2023-05-01,475.0,475.0,0.0,475.0,18649.420000000002,18649.420000000002,18649.42,0.0,0.0,False,none
F-04130,POP Ginger Chews Plus+ Original 3 oz,1,SF,2023-06,2023-06-01,306.0,306.0,0.0,306.0,18223.979999999996,18223.979999999996,18223.98,0.0,0.0,False,none
F-04130,POP Ginger Chews Plus+ Original 3 oz,1,SF,2023-07,2023-07-01,170.0,170.0,0.0,170.0,8343.14,8343.14,8343.14,0.0,0.0,False,none
F-04130,POP Ginger Chews Plus+ Original 3 oz,1,SF,2023-08,2023-08-01,147.0,147.0,0.0,147.0,11089.5,11089.5,11089.5,0.0,0.0,False,none
F-04130,POP Ginger Chews Plus+ Original 3 oz,1,SF,2023-09,2023-09-01,384.0,52.0,0.0,52.0,17221.620000000003,2588.2999999999997,2588.3,332.0,14633.320000000003,False,none
F-04130,POP Ginger Chews Plus+ Original 3 oz,1,SF,2023-10,2023-10-01,418.0,418.0,0.0,418.0,20368.16,20368.16,20368.16,0.0,0.0,False,none
F-04130,POP Ginger Chews Plus+ Original 3 oz,1,SF,2023-11,2023-11-01,494.0,381.0,0.0,381.0,26767.71,17205.69,17205.69,113.0,9562.02,False,none
F-04130,POP Ginger Chews Plus+ Original 3 oz,1,SF,2023-12,2023-12-01,440.0,327.0,0.0,327.0,18740.17,9564.08,9564.08,113.0,9176.089999999998,False,none
F-04130,POP Ginger Chews Plus+ Original 3 oz,1,SF,2024-01,2024-01-01,471.0,358.0,0.0,358.0,19595.03,10174.689999999999,10174.69,113.0,9420.34,False,none
F-04130,POP Ginger Chews Plus+ Original 3 oz,1,SF,2024-02,2024-02-01,481.0,308.0,0.0,308.0,18604.91,10523.92,10523.92,173.0,8080.99,False,none
F-04130,POP Ginger Chews Plus+ Original 3 oz,1,SF,2024-03,2024-03-01,352.0,335.0,0.0,335.0,16589.66,15063.02,15063.02,17.0,1526.6399999999994,False,none
F-04130,POP Ginger Chews Plus+ Original 3 oz,1,SF,2024-04,2024-04-01,396.0,368.0,0.0,368.0,7517.2,5324.95,5324.95,28.0,2192.25,False,none
F-04130,POP Ginger Chews Plus+ Original 3 oz,1,SF,2024-05,2024-05-01,235.0,99.0,0.0,99.0,18793.01,6956.51,6956.51,136.0,11836.499999999998,False,none
F-04130,POP Ginger Chews Plus+ Original 3 oz,1,SF,2024-06,2024-06-01,255.0,142.0,0.0,142.0,17442.31,8058.61,8058.61,113.0,9383.7,False,none
F-04130,POP Ginger Chews Plus+ Original 3 oz,1,SF,2024-07,2024-07-01,521.0,361.0,0.0,361.0,26803.38,15086.99,15086.99,160.0,11716.390000000001,False,none
F-04130,POP Ginger Chews Plus+ Original 3 oz,1,SF,2024-08,2024-08-01,666.0,147.0,0.0,147.0,23683.73,10241.19,10241.19,519.0,13442.539999999999,False,none
F-04130,POP Ginger Chews Plus+ Original 3 oz,1,SF,2024-09,2024-09-01,459.0,447.0,0.0,447.0,17878.1,16860.35,16860.35,12.0,1017.75,False,none
F-04130,POP Ginger Chews Plus+ Original 3 oz,1,SF,2024-10,2024-10-01,372.0,282.0,0.0,282.0,10807.68,2690.86,2690.86,90.0,8116.82,False,none
F-04130,POP Ginger Chews Plus+ Original 3 oz,1,SF,2024-11,2024-11-01,183.0,58.0,0.0,58.0,13777.189999999999,2747.13,2747.13,125.0,11030.059999999998,False,none
F-04130,POP Ginger Chews Plus+ Original 3 oz,1,SF,2024-12,2024-12-01,463.0,418.0,0.0,418.0,26936.46,23503.37,23503.37,45.0,3433.09,False,none
F-04130,POP Ginger Chews Plus+ Original 3 oz,1,SF,2025-01,2025-01-01,300.0,215.0,0.0,215.0,16457.94,8824.76,8824.76,85.0,7633.1799999999985,False,none
F-04130,POP Ginger Chews Plus+ Original 3 oz,1,SF,2025-02,2025-02-01,687.0,523.0,0.0,523.0,32613.739999999998,18516.579999999998,18516.58,164.0,14097.16,False,none
F-04130,POP Ginger Chews Plus+ Original 3 oz,1,SF,2025-03,2025-03-01,462.0,286.0,0.0,286.0,39370.17,23861.59,23861.59,176.0,15508.579999999998,False,none
F-04130,POP Ginger Chews Plus+ Original 3 oz,1,SF,2025-04,2025-04-01,383.0,179.0,0.0,179.0,27950.370000000003,11750.14,11750.14,204.0,16200.230000000003,False,none
F-04130,POP Ginger Chews Plus+ Original 3 oz,1,SF,2025-05,2025-05-01,1908.0,1659.0,0.0,1659.0,25434.66,4846.66,4846.66,249.0,20588.0,False,none
F-04130,POP Ginger Chews Plus+ Original 3 oz,1,SF,2025-06,2025-06-01,800.0,789.0,0.0,789.0,7916.62,6990.46,6990.46,11.0,926.1599999999999,False,none
F-04130,POP Ginger Chews Plus+ Original 3 oz,1,SF,2025-07,2025-07-01,660.0,565.0,0.0,565.0,9809.03,1638.05,1638.05,95.0,8170.9800000000005,False,none
F-04130,POP Ginger Chews Plus+ Original 3 oz,1,SF,2025-08,2025-08-01,505.0,222.0,0.0,222.0,36929.979999999996,12529.08,12529.08,283.0,24400.899999999994,False,none
F-04130,POP Ginger Chews Plus+ Original 3 oz,1,SF,2025-09,2025-09-01,338.0,217.0,0.0,217.0,27929.97,17417.45,17417.45,121.0,10512.52,False,none
F-04130,POP Ginger Chews Plus+ Original 3 oz,1,SF,2025-10,2025-10-01,115.0,92.0,0.0,92.0,10747.3,8508.24,8508.24,23.0,2239.0599999999995,False,none
F-04130,POP Ginger Chews Plus+ Original 3 oz,1,SF,2025-11,2025-11-01,98.0,48.0,0.0,48.0,9168.16,4192.14,4192.14,50.0,4976.0199999999995,False,none
F-04130,POP Ginger Chews Plus+ Original 3 oz,1,SF,2025-12,2025-12-01,432.0,292.0,0.0,292.0,26181.87,13943.560000000001,13943.56,140.0,12238.309999999998,False,none
F-04130,POP Ginger Chews Plus+ Original 3 oz,2,NJ,2023-01,2023-01-01,456.0,456.0,0.0,456.0,18429.62,18429.62,18429.62,0.0,0.0,False,none
F-04130,POP Ginger Chews Plus+ Original 3 oz,2,NJ,2023-02,2023-02-01,562.0,562.0,0.0,562.0,28580.660000000003,28580.660000000003,28580.66,0.0,0.0,False,none
F-04130,POP Ginger Chews Plus+ Original 3 oz,2,NJ,2023-03,2023-03-01,615.0,615.0,0.0,615.0,37153.56,37153.56,37153.56,0.0,0.0,False,none
F-04130,POP Ginger Chews Plus+ Original 3 oz,2,NJ,2023-04,2023-04-01,325.0,325.0,0.0,325.0,10307.31,10307.31,10307.31,0.0,0.0,False,none
F-04130,POP Ginger Chews Plus+ Original 3 oz,2,NJ,2023-05,2023-05-01,896.0,896.0,0.0,896.0,38409.840000000004,38409.840000000004,38409.84,0.0,0.0,False,none
F-04130,POP Ginger Chews Plus+ Original 3 oz,2,NJ,2023-06,2023-06-01,688.0,688.0,0.0,688.0,23988.82,23988.82,23988.82,0.0,0.0,False,none
F-04130,POP Ginger Chews Plus+ Original 3 oz,2,NJ,2023-07,2023-07-01,583.0,583.0,0.0,583.0,29313.49,29313.49,29313.49,0.0,0.0,False,none
F-04130,POP Ginger Chews Plus+ Original 3 oz,2,NJ,2023-08,2023-08-01,239.0,239.0,396.5,635.5,10598.97,10598.97,28182.62,0.0,0.0,True,deep_drop_gap
F-04130,POP Ginger Chews Plus+ Original 3 oz,2,NJ,2023-09,2023-09-01,693.0,73.0,0.0,73.0,24763.530000000002,4770.670000000001,4770.67,620.0,19992.86,False,none
F-04130,POP Ginger Chews Plus+ Original 3 oz,2,NJ,2023-10,2023-10-01,1229.0,1133.0,0.0,1133.0,46811.11,39920.89,39920.89,96.0,6890.220000000001,False,none
F-04130,POP Ginger Chews Plus+ Original 3 oz,2,NJ,2023-11,2023-11-01,790.0,678.0,0.0,678.0,29095.280000000002,18917.69,18917.69,112.0,10177.590000000004,False,none
F-04130,POP Ginger Chews Plus+ Original 3 oz,2,NJ,2023-12,2023-12-01,1126.0,740.0,0.0,740.0,46058.3,16079.269999999999,16079.27,386.0,29979.030000000006,False,none
F-04130,POP Ginger Chews Plus+ Original 3 oz,2,NJ,2024-01,2024-01-01,1047.0,807.0,0.0,807.0,35756.28,16402.64,16402.64,240.0,19353.64,False,none
F-04130,POP Ginger Chews Plus+ Original 3 oz,2,NJ,2024-02,2024-02-01,1332.0,236.0,0.0,236.0,44161.549999999996,17425.02,17425.02,1096.0,26736.529999999995,False,none
F-04130,POP Ginger Chews Plus+ Original 3 oz,2,NJ,2024-03,2024-03-01,1153.0,1094.0,0.0,1094.0,46989.89000000001,41697.57,41697.57,59.0,5292.320000000007,False,none
F-04130,POP Ginger Chews Plus+ Original 3 oz,2,NJ,2024-04,2024-04-01,892.0,280.0,0.0,280.0,37218.96,17913.3,17913.3,612.0,19305.66,False,none
F-04130,POP Ginger Chews Plus+ Original 3 oz,2,NJ,2024-05,2024-05-01,544.0,203.0,0.0,203.0,45680.619999999995,15351.48,15351.48,341.0,30329.139999999996,False,none
F-04130,POP Ginger Chews Plus+ Original 3 oz,2,NJ,2024-06,2024-06-01,1770.0,1674.0,0.0,1674.0,32194.430000000004,24296.63,24296.63,96.0,7897.800000000003,False,none
F-04130,POP Ginger Chews Plus+ Original 3 oz,2,NJ,2024-07,2024-07-01,980.0,813.0,0.0,813.0,50146.25,37180.04,37180.04,167.0,12966.21,False,none
F-04130,POP Ginger Chews Plus+ Original 3 oz,2,NJ,2024-08,2024-08-01,1939.0,254.0,0.0,254.0,88008.12000000001,20836.16,20836.16,1685.0,67171.96,False,none
F-04130,POP Ginger Chews Plus+ Original 3 oz,2,NJ,2024-09,2024-09-01,743.0,568.0,0.0,568.0,37054.52,22207.5,22207.5,175.0,14847.019999999997,False,none
F-04130,POP Ginger Chews Plus+ Original 3 oz,2,NJ,2024-10,2024-10-01,804.0,148.0,0.0,148.0,63217.97,13442.320000000002,13442.32,656.0,49775.65,False,none
F-04130,POP Ginger Chews Plus+ Original 3 oz,2,NJ,2024-11,2024-11-01,600.0,129.0,0.0,129.0,48792.63,7939.83,7939.83,471.0,40852.799999999996,False,none
F-04130,POP Ginger Chews Plus+ Original 3 oz,2,NJ,2024-12,2024-12-01,722.0,722.0,0.0,722.0,54376.87,54376.87,54376.87,0.0,0.0,False,none
F-04130,POP Ginger Chews Plus+ Original 3 oz,2,NJ,2025-01,2025-01-01,812.0,419.0,0.0,419.0,66551.76000000001,34431.340000000004,34431.34,393.0,32120.420000000006,False,none
F-04130,POP Ginger Chews Plus+ Original 3 oz,2,NJ,2025-02,2025-02-01,1683.0,1331.0,0.0,1331.0,51760.38,22621.98,22621.98,352.0,29138.399999999998,False,none
F-04130,POP Ginger Chews Plus+ Original 3 oz,2,NJ,2025-03,2025-03-01,987.0,446.0,0.0,446.0,84884.99,37787.25,37787.25,541.0,47097.740000000005,False,none
F-04130,POP Ginger Chews Plus+ Original 3 oz,2,NJ,2025-04,2025-04-01,1875.0,1166.0,0.0,1166.0,81286.2,26879.02,26879.02,709.0,54407.17999999999,False,none
F-04130,POP Ginger Chews Plus+ Original 3 oz,2,NJ,2025-05,2025-05-01,1487.0,619.0,0.0,619.0,112887.64,49984.189999999995,49984.19,868.0,62903.450000000004,False,none
F-04130,POP Ginger Chews Plus+ Original 3 oz,2,NJ,2025-06,2025-06-01,817.0,598.0,0.0,598.0,70568.77,51231.35,51231.35,219.0,19337.420000000006,False,none
F-04130,POP Ginger Chews Plus+ Original 3 oz,2,NJ,2025-07,2025-07-01,1680.0,985.0,0.0,985.0,107138.48000000001,47660.840000000004,47660.84,695.0,59477.64000000001,False,none
F-04130,POP Ginger Chews Plus+ Original 3 oz,2,NJ,2025-08,2025-08-01,3403.0,1857.0,0.0,1857.0,180927.78,68374.15000000001,68374.15,1546.0,112553.62999999999,False,none
F-04130,POP Ginger Chews Plus+ Original 3 oz,2,NJ,2025-09,2025-09-01,1003.0,768.0,0.0,768.0,89560.01000000001,66897.99,66897.99,235.0,22662.020000000004,False,none
F-04130,POP Ginger Chews Plus+ Original 3 oz,2,NJ,2025-10,2025-10-01,1987.0,1792.0,0.0,1792.0,99127.55,79871.61,79871.61,195.0,19255.940000000002,False,none
F-04130,POP Ginger Chews Plus+ Original 3 oz,2,NJ,2025-11,2025-11-01,1022.0,739.0,0.0,739.0,70742.84,43670.54,43670.54,283.0,27072.299999999996,False,none
F-04130,POP Ginger Chews Plus+ Original 3 oz,2,NJ,2025-12,2025-12-01,3002.0,1979.0,0.0,1979.0,153054.37,62183.38,62183.38,1023.0,90870.98999999999,False,none
F-04130,POP Ginger Chews Plus+ Original 3 oz,3,LA,2023-01,2023-01-01,266.0,266.0,0.0,266.0,11041.74,11041.74,11041.74,0.0,0.0,False,none
F-04130,POP Ginger Chews Plus+ Original 3 oz,3,LA,2023-02,2023-02-01,405.0,405.0,0.0,405.0,27820.510000000002,27820.510000000002,27820.51,0.0,0.0,False,none
F-04130,POP Ginger Chews Plus+ Original 3 oz,3,LA,2023-03,2023-03-01,387.0,387.0,0.0,387.0,28837.93,28837.93,28837.93,0.0,0.0,False,none
F-04130,POP Ginger Chews Plus+ Original 3 oz,3,LA,2023-04,2023-04-01,195.0,195.0,0.0,195.0,16711.57,16711.57,16711.57,0.0,0.0,False,none
F-04130,POP Ginger Chews Plus+ Original 3 oz,3,LA,2023-05,2023-05-01,521.0,521.0,0.0,521.0,26955.899999999998,26955.899999999998,26955.9,0.0,0.0,False,none
F-04130,POP Ginger Chews Plus+ Original 3 oz,3,LA,2023-06,2023-06-01,285.0,285.0,0.0,285.0,21951.69,21951.69,21951.69,0.0,0.0,False,none
F-04130,POP Ginger Chews Plus+ Original 3 oz,3,LA,2023-07,2023-07-01,238.0,238.0,0.0,238.0,16158.710000000001,16158.710000000001,16158.71,0.0,0.0,False,none
F-04130,POP Ginger Chews Plus+ Original 3 oz,3,LA,2023-08,2023-08-01,9.0,9.0,252.5,261.5,0.0,0.0,0.0,0.0,0.0,True,deep_drop_gap
F-04130,POP Ginger Chews Plus+ Original 3 oz,3,LA,2023-09,2023-09-01,253.0,40.0,0.0,40.0,18848.010000000002,3536.9,3536.9,213.0,15311.110000000002,False,none
F-04130,POP Ginger Chews Plus+ Original 3 oz,3,LA,2023-10,2023-10-01,545.0,545.0,0.0,545.0,36156.26,36156.26,36156.26,0.0,0.0,False,none
F-04130,POP Ginger Chews Plus+ Original 3 oz,3,LA,2023-11,2023-11-01,311.0,230.0,0.0,230.0,22382.4,15258.100000000002,15258.1,81.0,7124.299999999999,False,none
F-04130,POP Ginger Chews Plus+ Original 3 oz,3,LA,2023-12,2023-12-01,723.0,26.0,0.0,26.0,49004.53,2236.63,2236.63,697.0,46767.9,False,none
F-04130,POP Ginger Chews Plus+ Original 3 oz,3,LA,2024-01,2024-01-01,348.0,223.0,0.0,223.0,16306.050000000001,5806.87,5806.87,125.0,10499.18,False,none
F-04130,POP Ginger Chews Plus+ Original 3 oz,3,LA,2024-02,2024-02-01,431.0,36.0,0.0,36.0,26787.39,3541.79,3541.79,395.0,23245.6,False,none
F-04130,POP Ginger Chews Plus+ Original 3 oz,3,LA,2024-03,2024-03-01,324.0,324.0,0.0,324.0,22704.02,22704.02,22704.02,0.0,0.0,False,none
F-04130,POP Ginger Chews Plus+ Original 3 oz,3,LA,2024-04,2024-04-01,620.0,429.0,0.0,429.0,43426.82,30017.69,30017.69,191.0,13409.130000000001,False,none
F-04130,POP Ginger Chews Plus+ Original 3 oz,3,LA,2024-05,2024-05-01,333.0,92.0,0.0,92.0,28710.92,8050.49,8050.49,241.0,20660.43,False,none
F-04130,POP Ginger Chews Plus+ Original 3 oz,3,LA,2024-06,2024-06-01,852.0,337.0,0.0,337.0,60763.329999999994,18709.67,18709.67,515.0,42053.659999999996,False,none
F-04130,POP Ginger Chews Plus+ Original 3 oz,3,LA,2024-07,2024-07-01,641.0,302.0,0.0,302.0,43257.08,19514.89,19514.89,339.0,23742.190000000002,False,none
F-04130,POP Ginger Chews Plus+ Original 3 oz,3,LA,2024-08,2024-08-01,426.0,97.0,0.0,97.0,28016.42,7209.41,7209.41,329.0,20807.01,False,none
F-04130,POP Ginger Chews Plus+ Original 3 oz,3,LA,2024-09,2024-09-01,298.0,133.0,0.0,133.0,17211.670000000002,4404.2300000000005,4404.23,165.0,12807.440000000002,False,none
F-04130,POP Ginger Chews Plus+ Original 3 oz,3,LA,2024-10,2024-10-01,629.0,51.0,0.0,51.0,45833.71,4035.7,4035.7,578.0,41798.01,False,none
F-04130,POP Ginger Chews Plus+ Original 3 oz,3,LA,2024-11,2024-11-01,481.0,54.0,0.0,54.0,37723.770000000004,4958.53,4958.53,427.0,32765.240000000005,False,none
F-04130,POP Ginger Chews Plus+ Original 3 oz,3,LA,2024-12,2024-12-01,948.0,804.0,0.0,804.0,71137.09,58972.87,58972.87,144.0,12164.219999999994,False,none
F-04130,POP Ginger Chews Plus+ Original 3 oz,3,LA,2025-01,2025-01-01,230.0,19.0,0.0,19.0,20194.36,1650.8200000000002,1650.82,211.0,18543.54,False,none
F-04130,POP Ginger Chews Plus+ Original 3 oz,3,LA,2025-02,2025-02-01,253.0,251.0,0.0,251.0,21912.32,21708.76,21708.76,2.0,203.5600000000013,False,none
F-04130,POP Ginger Chews Plus+ Original 3 oz,3,LA,2025-03,2025-03-01,736.0,369.0,0.0,369.0,62455.2,31310.25,31310.25,367.0,31144.949999999997,False,none
F-04130,POP Ginger Chews Plus+ Original 3 oz,3,LA,2025-04,2025-04-01,1038.0,166.0,0.0,166.0,75405.58,14309.71,14309.71,872.0,61095.87,False,none
F-04130,POP Ginger Chews Plus+ Original 3 oz,3,LA,2025-05,2025-05-01,759.0,298.0,0.0,298.0,58742.95,25002.3,25002.3,461.0,33740.649999999994,False,none
F-04130,POP Ginger Chews Plus+ Original 3 oz,3,LA,2025-06,2025-06-01,413.0,316.0,0.0,316.0,33967.89,25659.73,25659.73,97.0,8308.16,False,none
F-04130,POP Ginger Chews Plus+ Original 3 oz,3,LA,2025-07,2025-07-01,693.0,372.0,0.0,372.0,59229.39,31118.960000000003,31118.96,321.0,28110.429999999997,False,none
F-04130,POP Ginger Chews Plus+ Original 3 oz,3,LA,2025-08,2025-08-01,1130.0,373.0,0.0,373.0,88665.68,31859.850000000002,31859.85,757.0,56805.82999999999,False,none
F-04130,POP Ginger Chews Plus+ Original 3 oz,3,LA,2025-09,2025-09-01,580.0,296.0,0.0,296.0,48687.61,25006.27,25006.27,284.0,23681.34,False,none
F-04130,POP Ginger Chews Plus+ Original 3 oz,3,LA,2025-10,2025-10-01,717.0,471.0,0.0,471.0,63312.19,39863.07,39863.07,246.0,23449.120000000003,False,none
F-04130,POP Ginger Chews Plus+ Original 3 oz,3,LA,2025-11,2025-11-01,667.0,402.0,0.0,402.0,58593.92,34243.47,34243.47,265.0,24350.449999999997,False,none
F-04130,POP Ginger Chews Plus+ Original 3 oz,3,LA,2025-12,2025-12-01,1074.0,323.0,0.0,323.0,95066.6,31946.17,31946.17,751.0,63120.43000000001,False,none
F-04130,POP Ginger Chews Plus+ Original 3 oz,E1,UNMAPPED,2024-12,2024-12-01,5.0,5.0,0.0,5.0,27.09,27.09,27.09,0.0,0.0,False,none
F-04130,POP Ginger Chews Plus+ Original 3 oz,E1,UNMAPPED,2025-01,2025-01-01,5.0,5.0,0.0,5.0,33.870000000000005,33.870000000000005,33.87,0.0,0.0,False,none
F-04130,POP Ginger Chews Plus+ Original 3 oz,E1,UNMAPPED,2025-02,2025-02-01,0.0,0.0,5.0,5.0,0.0,0.0,33.87,0.0,0.0,True,zero_sales_gap
F-04130,POP Ginger Chews Plus+ Original 3 oz,E1,UNMAPPED,2025-03,2025-03-01,0.0,0.0,5.0,5.0,0.0,0.0,33.87,0.0,0.0,True,zero_sales_gap
F-04130,POP Ginger Chews Plus+ Original 3 oz,E1,UNMAPPED,2025-04,2025-04-01,0.0,0.0,0.0,0.0,0.0,0.0,0.0,0.0,0.0,False,none
F-04130,POP Ginger Chews Plus+ Original 3 oz,E1,UNMAPPED,2025-05,2025-05-01,0.0,0.0,0.0,0.0,0.0,0.0,0.0,0.0,0.0,False,none
F-04130,POP Ginger Chews Plus+ Original 3 oz,E1,UNMAPPED,2025-06,2025-06-01,0.0,0.0,5.0,5.0,0.0,0.0,33.87,0.0,0.0,True,zero_sales_gap
F-04130,POP Ginger Chews Plus+ Original 3 oz,E1,UNMAPPED,2025-07,2025-07-01,0.0,0.0,5.0,5.0,0.0,0.0,33.87,0.0,0.0,True,zero_sales_gap
F-04130,POP Ginger Chews Plus+ Original 3 oz,E1,UNMAPPED,2025-08,2025-08-01,5.0,5.0,0.0,5.0,28.9,28.9,28.9,0.0,0.0,False,none
F-04130,POP Ginger Chews Plus+ Original 3 oz,E1,UNMAPPED,2025-09,2025-09-01,0.0,0.0,7.0,7.0,0.0,0.0,40.46,0.0,0.0,True,zero_sales_gap
F-04130,POP Ginger Chews Plus+ Original 3 oz,E1,UNMAPPED,2025-10,2025-10-01,0.0,0.0,7.0,7.0,0.0,0.0,40.46,0.0,0.0,True,zero_sales_gap
F-04130,POP Ginger Chews Plus+ Original 3 oz,E1,UNMAPPED,2025-11,2025-11-01,9.0,9.0,0.0,9.0,57.81,57.81,57.81,0.0,0.0,False,none
F-04131,POP Ginger Chews Plus+ Lemon 3 oz,1,SF,2023-01,2023-01-01,110.0,110.0,0.0,110.0,4145.05,4145.05,4145.05,0.0,0.0,False,none
F-04131,POP Ginger Chews Plus+ Lemon 3 oz,1,SF,2023-02,2023-02-01,118.0,118.0,0.0,118.0,1886.7099999999998,1886.7099999999998,1886.71,0.0,0.0,False,none
F-04131,POP Ginger Chews Plus+ Lemon 3 oz,1,SF,2023-03,2023-03-01,261.0,261.0,0.0,261.0,16086.56,16086.56,16086.56,0.0,0.0,False,none
F-04131,POP Ginger Chews Plus+ Lemon 3 oz,1,SF,2023-04,2023-04-01,92.0,92.0,0.0,92.0,4704.1,4704.1,4704.1,0.0,0.0,False,none
F-04131,POP Ginger Chews Plus+ Lemon 3 oz,1,SF,2023-05,2023-05-01,368.0,368.0,0.0,368.0,7143.299999999999,7143.299999999999,7143.3,0.0,0.0,False,none
F-04131,POP Ginger Chews Plus+ Lemon 3 oz,1,SF,2023-06,2023-06-01,196.0,196.0,467.5,663.5,8393.45,8393.45,28413.54,0.0,0.0,True,deep_drop_gap
F-04131,POP Ginger Chews Plus+ Lemon 3 oz,1,SF,2023-07,2023-07-01,959.0,959.0,0.0,959.0,16401.28,16401.28,16401.28,0.0,0.0,False,none
F-04131,POP Ginger Chews Plus+ Lemon 3 oz,1,SF,2023-08,2023-08-01,1133.0,1133.0,0.0,1133.0,7013.22,7013.22,7013.22,0.0,0.0,False,none
F-04131,POP Ginger Chews Plus+ Lemon 3 oz,1,SF,2023-09,2023-09-01,234.0,28.0,781.0,809.0,4818.400000000001,10.78,311.46,206.0,4807.620000000001,True,deep_drop_gap
F-04131,POP Ginger Chews Plus+ Lemon 3 oz,1,SF,2023-10,2023-10-01,336.0,336.0,0.0,336.0,10444.55,10444.55,10444.55,0.0,0.0,False,none
F-04131,POP Ginger Chews Plus+ Lemon 3 oz,1,SF,2023-11,2023-11-01,710.0,659.0,0.0,659.0,6552.32,2374.83,2374.83,51.0,4177.49,False,none
F-04131,POP Ginger Chews Plus+ Lemon 3 oz,1,SF,2023-12,2023-12-01,239.0,210.0,0.0,210.0,2536.67,210.64999999999998,210.65,29.0,2326.02,False,none
F-04131,POP Ginger Chews Plus+ Lemon 3 oz,1,SF,2024-01,2024-01-01,268.0,190.0,0.0,190.0,7169.42,751.48,751.48,78.0,6417.9400000000005,False,none
F-04131,POP Ginger Chews Plus+ Lemon 3 oz,1,SF,2024-02,2024-02-01,812.0,731.0,0.0,731.0,5530.23,1737.82,1737.82,81.0,3792.41,False,none
F-04131,POP Ginger Chews Plus+ Lemon 3 oz,1,SF,2024-03,2024-03-01,575.0,575.0,0.0,575.0,4045.79,4045.79,4045.79,0.0,0.0,False,none
F-04131,POP Ginger Chews Plus+ Lemon 3 oz,1,SF,2024-04,2024-04-01,159.0,59.0,455.0,514.0,3821.4999999999995,1721.0900000000001,14993.9,100.0,2100.4099999999994,True,deep_drop_gap
F-04131,POP Ginger Chews Plus+ Lemon 3 oz,1,SF,2024-05,2024-05-01,492.0,440.0,0.0,440.0,6331.6,1683.45,1683.45,52.0,4648.150000000001,False,none
F-04131,POP Ginger Chews Plus+ Lemon 3 oz,1,SF,2024-06,2024-06-01,573.0,453.0,0.0,453.0,11547.449999999999,1463.49,1463.49,120.0,10083.96,False,none
F-04131,POP Ginger Chews Plus+ Lemon 3 oz,1,SF,2024-07,2024-07-01,262.0,212.0,0.0,212.0,9620.41,6399.77,6399.77,50.0,3220.6399999999994,False,none
F-04131,POP Ginger Chews Plus+ Lemon 3 oz,1,SF,2024-08,2024-08-01,387.0,68.0,0.0,68.0,8255.890000000001,3432.73,3432.73,319.0,4823.160000000002,False,none
F-04131,POP Ginger Chews Plus+ Lemon 3 oz,1,SF,2024-09,2024-09-01,122.0,107.0,0.0,107.0,2422.08,1387.4299999999998,1387.43,15.0,1034.65,False,none
F-04131,POP Ginger Chews Plus+ Lemon 3 oz,1,SF,2024-10,2024-10-01,65.0,25.0,0.0,25.0,3872.98,492.87,492.87,40.0,3380.11,False,none
F-04131,POP Ginger Chews Plus+ Lemon 3 oz,1,SF,2024-11,2024-11-01,85.0,46.0,0.0,46.0,5295.31,1947.1100000000001,1947.11,39.0,3348.2000000000003,False,none
F-04131,POP Ginger Chews Plus+ Lemon 3 oz,1,SF,2024-12,2024-12-01,245.0,237.0,0.0,237.0,11061.32,10456.869999999999,10456.87,8.0,604.4500000000007,False,none
F-04131,POP Ginger Chews Plus+ Lemon 3 oz,1,SF,2025-01,2025-01-01,195.0,149.0,0.0,149.0,8920.0,4855.299999999999,4855.3,46.0,4064.7000000000007,False,none
F-04131,POP Ginger Chews Plus+ Lemon 3 oz,1,SF,2025-02,2025-02-01,233.0,153.0,0.0,153.0,13139.119999999999,6325.23,6325.23,80.0,6813.889999999999,False,none
F-04131,POP Ginger Chews Plus+ Lemon 3 oz,1,SF,2025-03,2025-03-01,124.0,83.0,0.0,83.0,10750.85,6988.410000000001,6988.41,41.0,3762.4399999999996,False,none
F-04131,POP Ginger Chews Plus+ Lemon 3 oz,1,SF,2025-04,2025-04-01,120.0,49.0,370.5,419.5,7188.439999999999,1418.14,12141.01,71.0,5770.299999999998,True,deep_drop_gap
F-04131,POP Ginger Chews Plus+ Lemon 3 oz,1,SF,2025-05,2025-05-01,1695.0,1577.0,0.0,1577.0,13278.65,4087.01,4087.01,118.0,9191.64,False,none
F-04131,POP Ginger Chews Plus+ Lemon 3 oz,1,SF,2025-06,2025-06-01,709.0,686.0,0.0,686.0,5782.36,3798.64,3798.64,23.0,1983.7199999999998,False,none
F-04131,POP Ginger Chews Plus+ Lemon 3 oz,1,SF,2025-07,2025-07-01,575.0,527.0,0.0,527.0,5214.93,1064.27,1064.27,48.0,4150.66,False,none
F-04131,POP Ginger Chews Plus+ Lemon 3 oz,1,SF,2025-08,2025-08-01,180.0,119.0,0.0,119.0,8641.59,3859.25,3859.25,61.0,4782.34,False,none
F-04131,POP Ginger Chews Plus+ Lemon 3 oz,1,SF,2025-09,2025-09-01,136.0,78.0,0.0,78.0,10928.7,5689.32,5689.32,58.0,5239.380000000001,False,none
F-04131,POP Ginger Chews Plus+ Lemon 3 oz,1,SF,2025-10,2025-10-01,36.0,36.0,62.5,98.5,2445.66,2445.66,6691.6,0.0,0.0,True,deep_drop_gap
F-04131,POP Ginger Chews Plus+ Lemon 3 oz,1,SF,2025-11,2025-11-01,45.0,15.0,0.0,15.0,4097.28,1102.23,1102.23,30.0,2995.0499999999997,False,none
F-04131,POP Ginger Chews Plus+ Lemon 3 oz,1,SF,2025-12,2025-12-01,235.0,154.0,0.0,154.0,7825.09,1048.1399999999999,1048.14,81.0,6776.950000000001,False,none
F-04131,POP Ginger Chews Plus+ Lemon 3 oz,2,NJ,2023-01,2023-01-01,713.0,713.0,0.0,713.0,15183.25,15183.25,15183.25,0.0,0.0,False,none
F-04131,POP Ginger Chews Plus+ Lemon 3 oz,2,NJ,2023-02,2023-02-01,433.0,433.0,0.0,433.0,16103.17,16103.17,16103.17,0.0,0.0,False,none
F-04131,POP Ginger Chews Plus+ Lemon 3 oz,2,NJ,2023-03,2023-03-01,1305.0,1305.0,0.0,1305.0,12959.890000000001,12959.890000000001,12959.89,0.0,0.0,False,none
F-04131,POP Ginger Chews Plus+ Lemon 3 oz,2,NJ,2023-04,2023-04-01,658.0,658.0,0.0,658.0,17331.56,17331.56,17331.56,0.0,0.0,False,none
F-04131,POP Ginger Chews Plus+ Lemon 3 oz,2,NJ,2023-05,2023-05-01,608.0,608.0,0.0,608.0,12274.210000000001,12274.210000000001,12274.21,0.0,0.0,False,none
F-04131,POP Ginger Chews Plus+ Lemon 3 oz,2,NJ,2023-06,2023-06-01,651.0,651.0,0.0,651.0,9656.69,9656.69,9656.69,0.0,0.0,False,none
F-04131,POP Ginger Chews Plus+ Lemon 3 oz,2,NJ,2023-07,2023-07-01,0.0,0.0,444.5,444.5,0.0,0.0,6593.55,0.0,0.0,True,zero_sales_gap
F-04131,POP Ginger Chews Plus+ Lemon 3 oz,2,NJ,2023-08,2023-08-01,281.0,281.0,0.0,281.0,4179.43,4179.43,4179.43,0.0,0.0,False,none
F-04131,POP Ginger Chews Plus+ Lemon 3 oz,2,NJ,2023-09,2023-09-01,785.0,63.0,0.0,63.0,17230.19,4250.41,4250.41,722.0,12979.779999999999,False,none
F-04131,POP Ginger Chews Plus+ Lemon 3 oz,2,NJ,2023-10,2023-10-01,599.0,587.0,0.0,587.0,18963.59,17981.46,17981.46,12.0,982.130000000001,False,none
F-04131,POP Ginger Chews Plus+ Lemon 3 oz,2,NJ,2023-11,2023-11-01,704.0,684.0,0.0,684.0,13167.42,11417.07,11417.07,20.0,1750.3500000000004,False,none
F-04131,POP Ginger Chews Plus+ Lemon 3 oz,2,NJ,2023-12,2023-12-01,973.0,778.0,0.0,778.0,20114.1,5409.25,5409.25,195.0,14704.849999999999,False,none
F-04131,POP Ginger Chews Plus+ Lemon 3 oz,2,NJ,2024-01,2024-01-01,802.0,708.0,0.0,708.0,14858.189999999999,7051.68,7051.68,94.0,7806.509999999998,False,none
F-04131,POP Ginger Chews Plus+ Lemon 3 oz,2,NJ,2024-02,2024-02-01,1163.0,67.0,0.0,67.0,16806.47,3698.34,3698.34,1096.0,13108.130000000001,False,none
F-04131,POP Ginger Chews Plus+ Lemon 3 oz,2,NJ,2024-03,2024-03-01,725.0,725.0,0.0,725.0,24471.32,24471.32,24471.32,0.0,0.0,False,none
F-04131,POP Ginger Chews Plus+ Lemon 3 oz,2,NJ,2024-04,2024-04-01,941.0,136.0,0.0,136.0,17357.57,9685.25,9685.25,805.0,7672.32,False,none
F-04131,POP Ginger Chews Plus+ Lemon 3 oz,2,NJ,2024-05,2024-05-01,891.0,784.0,0.0,784.0,20215.19,10646.619999999999,10646.62,107.0,9568.57,False,none
F-04131,POP Ginger Chews Plus+ Lemon 3 oz,2,NJ,2024-06,2024-06-01,1335.0,1267.0,0.0,1267.0,19435.28,13396.59,13396.59,68.0,6038.689999999999,False,none
F-04131,POP Ginger Chews Plus+ Lemon 3 oz,2,NJ,2024-07,2024-07-01,897.0,798.0,0.0,798.0,24991.64,17391.24,17391.24,99.0,7600.399999999998,False,none
F-04131,POP Ginger Chews Plus+ Lemon 3 oz,2,NJ,2024-08,2024-08-01,1284.0,232.0,0.0,232.0,33194.89,17568.27,17568.27,1052.0,15626.619999999999,False,none
F-04131,POP Ginger Chews Plus+ Lemon 3 oz,2,NJ,2024-09,2024-09-01,551.0,470.0,0.0,470.0,18886.179999999997,11989.84,11989.84,81.0,6896.3399999999965,False,none
F-04131,POP Ginger Chews Plus+ Lemon 3 oz,2,NJ,2024-10,2024-10-01,361.0,107.0,0.0,107.0,30194.71,9921.84,9921.84,254.0,20272.87,False,none
F-04131,POP Ginger Chews Plus+ Lemon 3 oz,2,NJ,2024-11,2024-11-01,222.0,67.0,0.0,67.0,17652.49,3533.1,3533.1,155.0,14119.390000000001,False,none
F-04131,POP Ginger Chews Plus+ Lemon 3 oz,2,NJ,2024-12,2024-12-01,288.0,288.0,0.0,288.0,22522.44,22522.44,22522.44,0.0,0.0,False,none
F-04131,POP Ginger Chews Plus+ Lemon 3 oz,2,NJ,2025-01,2025-01-01,398.0,251.0,0.0,251.0,32469.399999999998,20020.6,20020.6,147.0,12448.8,False,none
F-04131,POP Ginger Chews Plus+ Lemon 3 oz,2,NJ,2025-02,2025-02-01,1291.0,1187.0,0.0,1187.0,21341.81,12249.779999999999,12249.78,104.0,9092.030000000002,False,none
F-04131,POP Ginger Chews Plus+ Lemon 3 oz,2,NJ,2025-03,2025-03-01,349.0,170.0,0.0,170.0,30579.76,14299.67,14299.67,179.0,16280.089999999998,False,none
F-04131,POP Ginger Chews Plus+ Lemon 3 oz,2,NJ,2025-04,2025-04-01,1051.0,855.0,0.0,855.0,24699.28,8471.63,8471.63,196.0,16227.65,False,none
F-04131,POP Ginger Chews Plus+ Lemon 3 oz,2,NJ,2025-05,2025-05-01,323.0,114.0,0.0,114.0,23308.61,6293.38,6293.38,209.0,17015.23,False,none
F-04131,POP Ginger Chews Plus+ Lemon 3 oz,2,NJ,2025-06,2025-06-01,225.0,163.0,522.5,685.5,20301.11,14466.659999999998,60839.85,62.0,5834.450000000003,True,deep_drop_gap
F-04131,POP Ginger Chews Plus+ Lemon 3 oz,2,NJ,2025-07,2025-07-01,678.0,516.0,0.0,516.0,22261.63,7792.150000000001,7792.15,162.0,14469.48,False,none
F-04131,POP Ginger Chews Plus+ Lemon 3 oz,2,NJ,2025-08,2025-08-01,1476.0,1148.0,0.0,1148.0,36515.02,11217.970000000001,11217.97,328.0,25297.049999999996,False,none
F-04131,POP Ginger Chews Plus+ Lemon 3 oz,2,NJ,2025-09,2025-09-01,306.0,178.0,654.0,832.0,27945.83,15706.619999999999,73415.21,128.0,12239.210000000003,True,deep_drop_gap
F-04131,POP Ginger Chews Plus+ Lemon 3 oz,2,NJ,2025-10,2025-10-01,1341.0,1264.0,0.0,1264.0,28084.690000000002,20383.170000000002,20383.17,77.0,7701.52,False,none
F-04131,POP Ginger Chews Plus+ Lemon 3 oz,2,NJ,2025-11,2025-11-01,580.0,477.0,0.0,477.0,20787.399999999998,10731.080000000002,10731.08,103.0,10056.319999999996,False,none
F-04131,POP Ginger Chews Plus+ Lemon 3 oz,2,NJ,2025-12,2025-12-01,1658.0,1454.0,0.0,1454.0,33406.95,13999.64,13999.64,204.0,19407.309999999998,False,none
F-04131,POP Ginger Chews Plus+ Lemon 3 oz,3,LA,2023-01,2023-01-01,112.0,112.0,0.0,112.0,7939.4,7939.4,7939.4,0.0,0.0,False,none
F-04131,POP Ginger Chews Plus+ Lemon 3 oz,3,LA,2023-02,2023-02-01,96.0,96.0,0.0,96.0,6737.95,6737.95,6737.95,0.0,0.0,False,none
F-04131,POP Ginger Chews Plus+ Lemon 3 oz,3,LA,2023-03,2023-03-01,221.0,221.0,0.0,221.0,16760.56,16760.56,16760.56,0.0,0.0,False,none
F-04131,POP Ginger Chews Plus+ Lemon 3 oz,3,LA,2023-04,2023-04-01,291.0,291.0,0.0,291.0,14790.17,14790.17,14790.17,0.0,0.0,False,none
F-04131,POP Ginger Chews Plus+ Lemon 3 oz,3,LA,2023-05,2023-05-01,462.0,462.0,0.0,462.0,14032.56,14032.56,14032.56,0.0,0.0,False,none
F-04131,POP Ginger Chews Plus+ Lemon 3 oz,3,LA,2023-06,2023-06-01,31.0,31.0,120.0,151.0,2385.87,2385.87,11621.5,0.0,0.0,True,deep_drop_gap
F-04131,POP Ginger Chews Plus+ Lemon 3 oz,3,LA,2023-07,2023-07-01,5.0,5.0,26.0,31.0,16.17,16.17,100.25,0.0,0.0,True,deep_drop_gap
F-04131,POP Ginger Chews Plus+ Lemon 3 oz,3,LA,2023-08,2023-08-01,11.0,11.0,20.0,31.0,10.78,10.78,30.38,0.0,0.0,True,deep_drop_gap
F-04131,POP Ginger Chews Plus+ Lemon 3 oz,3,LA,2023-09,2023-09-01,48.0,0.0,0.0,0.0,3531.81,0.0,0.0,48.0,3531.81,False,none
F-04131,POP Ginger Chews Plus+ Lemon 3 oz,3,LA,2023-10,2023-10-01,202.0,202.0,0.0,202.0,13453.470000000001,13453.470000000001,13453.47,0.0,0.0,False,none
F-04131,POP Ginger Chews Plus+ Lemon 3 oz,3,LA,2023-11,2023-11-01,240.0,227.0,0.0,227.0,7002.42,5835.5199999999995,5835.52,13.0,1166.9000000000005,False,none
F-04131,POP Ginger Chews Plus+ Lemon 3 oz,3,LA,2023-12,2023-12-01,320.0,123.0,0.0,123.0,14177.82,700.13,700.13,197.0,13477.69,False,none
F-04131,POP Ginger Chews Plus+ Lemon 3 oz,3,LA,2024-01,2024-01-01,279.0,198.0,0.0,198.0,7540.099999999999,748.75,748.75,81.0,6791.349999999999,False,none
F-04131,POP Ginger Chews Plus+ Lemon 3 oz,3,LA,2024-02,2024-02-01,134.0,0.0,0.0,0.0,7905.74,0.0,0.0,134.0,7905.74,False,none
F-04131,POP Ginger Chews Plus+ Lemon 3 oz,3,LA,2024-03,2024-03-01,288.0,288.0,0.0,288.0,14435.14,14435.14,14435.14,0.0,0.0,False,none
F-04131,POP Ginger Chews Plus+ Lemon 3 oz,3,LA,2024-04,2024-04-01,216.0,102.0,0.0,102.0,9451.87,5951.1900000000005,5951.19,114.0,3500.6800000000003,False,none
F-04131,POP Ginger Chews Plus+ Lemon 3 oz,3,LA,2024-05,2024-05-01,283.0,127.0,0.0,127.0,14304.220000000001,1234.95,1234.95,156.0,13069.27,False,none
F-04131,POP Ginger Chews Plus+ Lemon 3 oz,3,LA,2024-06,2024-06-01,247.0,130.0,0.0,130.0,10132.57,680.68,680.68,117.0,9451.89,False,none
F-04131,POP Ginger Chews Plus+ Lemon 3 oz,3,LA,2024-07,2024-07-01,280.0,154.0,0.0,154.0,11929.6,3597.93,3597.93,126.0,8331.67,False,none
F-04131,POP Ginger Chews Plus+ Lemon 3 oz,3,LA,2024-08,2024-08-01,211.0,23.0,0.0,23.0,6641.58,262.55,262.55,188.0,6379.03,False,none
F-04131,POP Ginger Chews Plus+ Lemon 3 oz,3,LA,2024-09,2024-09-01,197.0,91.0,0.0,91.0,9056.42,1257.6499999999999,1257.65,106.0,7798.77,False,none
F-04131,POP Ginger Chews Plus+ Lemon 3 oz,3,LA,2024-10,2024-10-01,269.0,17.0,0.0,17.0,19171.38,790.81,790.81,252.0,18380.57,False,none
F-04131,POP Ginger Chews Plus+ Lemon 3 oz,3,LA,2024-11,2024-11-01,142.0,0.0,0.0,0.0,10141.1,0.0,0.0,142.0,10141.1,False,none
F-04131,POP Ginger Chews Plus+ Lemon 3 oz,3,LA,2024-12,2024-12-01,420.0,399.0,0.0,399.0,30164.29,28320.6,28320.6,21.0,1843.6900000000023,False,none
F-04131,POP Ginger Chews Plus+ Lemon 3 oz,3,LA,2025-01,2025-01-01,55.0,6.0,0.0,6.0,5056.54,583.4399999999999,583.44,49.0,4473.1,False,none
F-04131,POP Ginger Chews Plus+ Lemon 3 oz,3,LA,2025-02,2025-02-01,152.0,136.0,0.0,136.0,13497.11,12155.18,12155.18,16.0,1341.9300000000003,False,none
F-04131,POP Ginger Chews Plus+ Lemon 3 oz,3,LA,2025-03,2025-03-01,103.0,1.0,0.0,1.0,8796.07,116.69,116.69,102.0,8679.38,False,none
F-04131,POP Ginger Chews Plus+ Lemon 3 oz,3,LA,2025-04,2025-04-01,391.0,8.0,0.0,8.0,27846.84,797.3699999999999,797.37,383.0,27049.47,False,none
F-04131,POP Ginger Chews Plus+ Lemon 3 oz,3,LA,2025-05,2025-05-01,180.0,0.0,0.0,0.0,12934.66,0.0,0.0,180.0,12934.66,False,none
F-04131,POP Ginger Chews Plus+ Lemon 3 oz,3,LA,2025-06,2025-06-01,86.0,51.0,0.0,51.0,5894.78,2944.86,2944.86,35.0,2949.9199999999996,False,none
F-04131,POP Ginger Chews Plus+ Lemon 3 oz,3,LA,2025-07,2025-07-01,84.0,1.0,0.0,1.0,7330.049999999999,116.69,116.69,83.0,7213.36,False,none
F-04131,POP Ginger Chews Plus+ Lemon 3 oz,3,LA,2025-08,2025-08-01,316.0,33.0,0.0,33.0,21760.2,2884.4300000000003,2884.43,283.0,18875.77,False,none
F-04131,POP Ginger Chews Plus+ Lemon 3 oz,3,LA,2025-09,2025-09-01,100.0,2.0,0.0,2.0,9008.47,213.93,213.93,98.0,8794.539999999999,False,none
F-04131,POP Ginger Chews Plus+ Lemon 3 oz,3,LA,2025-10,2025-10-01,81.0,17.0,0.0,17.0,7645.93,1616.9399999999998,1616.94,64.0,6028.990000000001,False,none
F-04131,POP Ginger Chews Plus+ Lemon 3 oz,3,LA,2025-11,2025-11-01,110.0,30.0,0.0,30.0,10074.25,2683.87,2683.87,80.0,7390.38,False,none
F-04131,POP Ginger Chews Plus+ Lemon 3 oz,3,LA,2025-12,2025-12-01,300.0,11.0,0.0,11.0,23998.449999999997,914.0799999999999,914.08,289.0,23084.369999999995,False,none
F-04131,POP Ginger Chews Plus+ Lemon 3 oz,E1,UNMAPPED,2025-01,2025-01-01,9.0,9.0,0.0,9.0,58.239999999999995,58.239999999999995,58.24,0.0,0.0,False,none
F-04131,POP Ginger Chews Plus+ Lemon 3 oz,E1,UNMAPPED,2025-02,2025-02-01,13.0,13.0,0.0,13.0,77.66,77.66,77.66,0.0,0.0,False,none
F-04131,POP Ginger Chews Plus+ Lemon 3 oz,E1,UNMAPPED,2025-03,2025-03-01,10.0,10.0,0.0,10.0,58.25,58.25,58.25,0.0,0.0,False,none
F-04211,POP Ginger Chews Original 2 oz,1,SF,2023-06,2023-06-01,175268.0,175268.0,0.0,175268.0,113924.53,113924.53,113924.53,0.0,0.0,False,none
F-04211,POP Ginger Chews Original 2 oz,1,SF,2023-07,2023-07-01,1.0,1.0,16.0,17.0,0.0,0.0,0.0,0.0,0.0,True,deep_drop_gap
F-04211,POP Ginger Chews Original 2 oz,1,SF,2023-08,2023-08-01,17.0,17.0,0.0,17.0,0.0,0.0,0.0,0.0,0.0,False,none
F-04211,POP Ginger Chews Original 2 oz,1,SF,2023-09,2023-09-01,14500.0,3.0,0.0,3.0,9423.45,0.0,0.0,14497.0,9423.45,False,none
F-04211,POP Ginger Chews Original 2 oz,1,SF,2023-10,2023-10-01,29838.0,4.0,0.0,4.0,19392.48,0.0,0.0,29834.0,19392.48,False,none
F-04211,POP Ginger Chews Original 2 oz,1,SF,2023-11,2023-11-01,4885.0,4885.0,0.0,4885.0,3174.21,3174.21,3174.21,0.0,0.0,False,none
F-04211,POP Ginger Chews Original 2 oz,1,SF,2023-12,2023-12-01,1.0,1.0,0.0,1.0,0.0,0.0,0.0,0.0,0.0,False,none
F-04211,POP Ginger Chews Original 2 oz,1,SF,2024-01,2024-01-01,0.0,0.0,4.0,4.0,0.0,0.0,0.0,0.0,0.0,True,zero_sales_gap
F-04211,POP Ginger Chews Original 2 oz,1,SF,2024-02,2024-02-01,4.0,4.0,0.0,4.0,0.0,0.0,0.0,0.0,0.0,False,none
F-04211,POP Ginger Chews Original 2 oz,1,SF,2024-03,2024-03-01,0.0,0.0,4.0,4.0,0.0,0.0,0.0,0.0,0.0,True,zero_sales_gap
F-04211,POP Ginger Chews Original 2 oz,1,SF,2024-04,2024-04-01,6.0,6.0,0.0,6.0,0.0,0.0,0.0,0.0,0.0,False,none
F-04211,POP Ginger Chews Original 2 oz,1,SF,2024-05,2024-05-01,2.0,2.0,0.0,2.0,0.0,0.0,0.0,0.0,0.0,False,none
F-04211,POP Ginger Chews Original 2 oz,1,SF,2024-06,2024-06-01,0.0,0.0,7.0,7.0,0.0,0.0,0.0,0.0,0.0,True,zero_sales_gap
F-04211,POP Ginger Chews Original 2 oz,1,SF,2024-07,2024-07-01,8.0,8.0,0.0,8.0,0.0,0.0,0.0,0.0,0.0,False,none
F-04211,POP Ginger Chews Original 2 oz,1,SF,2024-08,2024-08-01,25.0,25.0,13813.5,13838.5,0.0,0.0,0.0,0.0,0.0,True,deep_drop_gap
F-04211,POP Ginger Chews Original 2 oz,1,SF,2024-09,2024-09-01,9614.0,0.0,0.0,0.0,6249.24,0.0,0.0,9614.0,6249.24,False,none
F-04211,POP Ginger Chews Original 2 oz,1,SF,2024-10,2024-10-01,27669.0,27669.0,0.0,27669.0,17954.16,17954.16,17954.16,0.0,0.0,False,none
F-04211,POP Ginger Chews Original 2 oz,1,SF,2024-11,2024-11-01,19.0,19.0,0.0,19.0,0.0,0.0,0.0,0.0,0.0,False,none
F-04211,POP Ginger Chews Original 2 oz,1,SF,2024-12,2024-12-01,6.0,6.0,38.0,44.0,0.0,0.0,0.0,0.0,0.0,True,deep_drop_gap
F-04211,POP Ginger Chews Original 2 oz,1,SF,2025-01,2025-01-01,5080.0,44.0,0.0,44.0,3273.41,0.0,0.0,5036.0,3273.41,False,none
F-04211,POP Ginger Chews Original 2 oz,1,SF,2025-02,2025-02-01,27926.0,0.0,0.0,0.0,18152.559999999998,0.0,0.0,27926.0,18152.559999999998,False,none
F-04211,POP Ginger Chews Original 2 oz,1,SF,2025-03,2025-03-01,11521.0,305.0,0.0,305.0,7290.780000000001,0.0,0.0,11216.0,7290.780000000001,False,none
F-04211,POP Ginger Chews Original 2 oz,1,SF,2025-04,2025-04-01,16640.0,16640.0,0.0,16640.0,10812.17,10812.17,10812.17,0.0,0.0,False,none
F-04211,POP Ginger Chews Original 2 oz,1,SF,2025-05,2025-05-01,22738.0,22738.0,0.0,22738.0,14779.939999999999,14779.939999999999,14779.94,0.0,0.0,False,none
F-04211,POP Ginger Chews Original 2 oz,1,SF,2025-06,2025-06-01,4578.0,4578.0,0.0,4578.0,2975.83,2975.83,2975.83,0.0,0.0,False,none
F-04211,POP Ginger Chews Original 2 oz,1,SF,2025-07,2025-07-01,14750.0,24.0,0.0,24.0,9572.25,0.0,0.0,14726.0,9572.25,False,none
F-04211,POP Ginger Chews Original 2 oz,1,SF,2025-08,2025-08-01,4624.0,4624.0,0.0,4624.0,2975.83,2975.83,2975.83,0.0,0.0,False,none
F-04211,POP Ginger Chews Original 2 oz,1,SF,2025-09,2025-09-01,5431.0,5431.0,0.0,5431.0,3372.6,3372.6,3372.6,0.0,0.0,False,none
F-04211,POP Ginger Chews Original 2 oz,1,SF,2025-10,2025-10-01,9169.0,13.0,0.0,13.0,5951.66,0.0,0.0,9156.0,5951.66,False,none
F-04211,POP Ginger Chews Original 2 oz,1,SF,2025-11,2025-11-01,26.0,1.0,5048.0,5049.0,0.0,0.0,0.0,25.0,0.0,True,deep_drop_gap
F-04211,POP Ginger Chews Original 2 oz,1,SF,2025-12,2025-12-01,5049.0,5049.0,0.0,5049.0,3711.39,3711.39,3711.39,0.0,0.0,False,none
F-04211,POP Ginger Chews Original 2 oz,2,NJ,2023-09,2023-09-01,69973.0,3.0,0.0,3.0,45480.56,0.0,0.0,69970.0,45480.56,False,none
F-04211,POP Ginger Chews Original 2 oz,2,NJ,2023-10,2023-10-01,82484.0,1.0,0.0,1.0,53614.47,0.0,0.0,82483.0,53614.47,False,none
F-04211,POP Ginger Chews Original 2 oz,2,NJ,2023-11,2023-11-01,22376.0,22376.0,0.0,22376.0,14829.539999999999,14829.539999999999,14829.54,0.0,0.0,False,none
F-04211,POP Ginger Chews Original 2 oz,2,NJ,2023-12,2023-12-01,30985.0,30985.0,0.0,30985.0,20136.440000000002,20136.440000000002,20136.44,0.0,0.0,False,none
F-04211,POP Ginger Chews Original 2 oz,2,NJ,2024-01,2024-01-01,175341.0,175341.0,0.0,175341.0,113974.2,113974.2,113974.2,0.0,0.0,False,none
F-04211,POP Ginger Chews Original 2 oz,2,NJ,2024-02,2024-02-01,2.0,2.0,103138.5,103140.5,0.0,0.0,0.0,0.0,0.0,True,deep_drop_gap
F-04211,POP Ginger Chews Original 2 oz,2,NJ,2024-03,2024-03-01,12665.0,12665.0,120344.5,133009.5,8233.11,8233.11,86465.21,0.0,0.0,True,deep_drop_gap
F-04211,POP Ginger Chews Original 2 oz,2,NJ,2024-04,2024-04-01,175296.0,175296.0,0.0,175296.0,115164.48999999999,115164.48999999999,115164.49,0.0,0.0,False,none
F-04211,POP Ginger Chews Original 2 oz,2,NJ,2024-05,2024-05-01,90723.0,90723.0,0.0,90723.0,58970.979999999996,58970.979999999996,58970.98,0.0,0.0,False,none
F-04211,POP Ginger Chews Original 2 oz,2,NJ,2024-06,2024-06-01,157416.0,157416.0,0.0,157416.0,102318.83,102318.83,102318.83,0.0,0.0,False,none
F-04211,POP Ginger Chews Original 2 oz,2,NJ,2024-07,2024-07-01,1065.0,1065.0,44304.0,45369.0,49.6,49.6,2112.96,0.0,0.0,True,deep_drop_gap
F-04211,POP Ginger Chews Original 2 oz,2,NJ,2024-08,2024-08-01,94783.0,15.0,0.0,15.0,62194.799999999996,595.17,595.17,94768.0,61599.63,False,none
F-04211,POP Ginger Chews Original 2 oz,2,NJ,2024-09,2024-09-01,89663.0,8.0,0.0,8.0,58673.4,396.78,396.78,89655.0,58276.62,False,none
F-04211,POP Ginger Chews Original 2 oz,2,NJ,2024-10,2024-10-01,76912.0,76912.0,0.0,76912.0,49993.92,49993.92,49993.92,0.0,0.0,False,none
F-04211,POP Ginger Chews Original 2 oz,2,NJ,2024-11,2024-11-01,142306.0,142306.0,0.0,142306.0,92498.61,92498.61,92498.61,0.0,0.0,False,none
F-04211,POP Ginger Chews Original 2 oz,2,NJ,2024-12,2024-12-01,19164.0,13.0,0.0,13.0,13044.050000000001,595.17,595.17,19151.0,12448.880000000001,False,none
F-04211,POP Ginger Chews Original 2 oz,2,NJ,2025-01,2025-01-01,179608.0,296.0,0.0,296.0,130440.41,13887.18,13887.18,179312.0,116553.23000000001,False,none
F-04211,POP Ginger Chews Original 2 oz,2,NJ,2025-02,2025-02-01,64291.0,46.0,0.0,46.0,43744.69,1983.88,1983.88,64245.0,41760.810000000005,False,none
F-04211,POP Ginger Chews Original 2 oz,2,NJ,2025-03,2025-03-01,111628.0,149.0,0.0,149.0,79404.98,6943.59,6943.59,111479.0,72461.39,False,none
F-04211,POP Ginger Chews Original 2 oz,2,NJ,2025-04,2025-04-01,111632.0,111632.0,0.0,111632.0,82827.17000000001,82827.17000000001,82827.17,0.0,0.0,False,none
F-04211,POP Ginger Chews Original 2 oz,2,NJ,2025-05,2025-05-01,91567.0,91567.0,0.0,91567.0,59714.95,59714.95,59714.95,0.0,0.0,False,none
F-04211,POP Ginger Chews Original 2 oz,2,NJ,2025-06,2025-06-01,90495.0,90495.0,0.0,90495.0,62244.37,62244.37,62244.37,0.0,0.0,False,none
F-04211,POP Ginger Chews Original 2 oz,2,NJ,2025-07,2025-07-01,155652.0,148.0,0.0,148.0,108022.52,6943.6,6943.6,155504.0,101078.92,False,none
F-04211,POP Ginger Chews Original 2 oz,2,NJ,2025-08,2025-08-01,83413.0,83413.0,0.0,83413.0,54209.66,54209.66,54209.66,0.0,0.0,False,none
F-04211,POP Ginger Chews Original 2 oz,2,NJ,2025-09,2025-09-01,85230.0,85230.0,0.0,85230.0,55399.98,55399.98,55399.98,0.0,0.0,False,none
F-04211,POP Ginger Chews Original 2 oz,2,NJ,2025-10,2025-10-01,105997.0,12.0,0.0,12.0,68890.37,0.0,0.0,105985.0,68890.37,False,none
F-04211,POP Ginger Chews Original 2 oz,2,NJ,2025-11,2025-11-01,100301.0,116.0,0.0,116.0,70593.47,5472.469999999999,5472.47,100185.0,65121.0,False,none
F-04211,POP Ginger Chews Original 2 oz,2,NJ,2025-12,2025-12-01,94957.0,94957.0,0.0,94957.0,71355.73,71355.73,71355.73,0.0,0.0,False,none
F-04211,POP Ginger Chews Original 2 oz,3,LA,2023-10,2023-10-01,1526.0,0.0,0.0,0.0,991.94,0.0,0.0,1526.0,991.94,False,none
F-04211,POP Ginger Chews Original 2 oz,3,LA,2023-11,2023-11-01,9614.0,9614.0,0.0,9614.0,6249.24,6249.24,6249.24,0.0,0.0,False,none
F-04211,POP Ginger Chews Original 2 oz,3,LA,2023-12,2023-12-01,14879.0,14879.0,0.0,14879.0,9671.43,9671.43,9671.43,0.0,0.0,False,none
F-04211,POP Ginger Chews Original 2 oz,3,LA,2024-01,2024-01-01,0.0,0.0,9614.0,9614.0,0.0,0.0,6249.15,0.0,0.0,True,zero_sales_gap
F-04211,POP Ginger Chews Original 2 oz,3,LA,2024-02,2024-02-01,106372.0,7.0,0.0,7.0,69188.02,49.6,49.6,106365.0,69138.42,False,none
F-04211,POP Ginger Chews Original 2 oz,3,LA,2024-03,2024-03-01,0.0,0.0,32.0,32.0,0.0,0.0,226.74,0.0,0.0,True,zero_sales_gap
F-04211,POP Ginger Chews Original 2 oz,3,LA,2024-04,2024-04-01,32.0,32.0,0.0,32.0,1487.91,1487.91,1487.91,0.0,0.0,False,none
F-04211,POP Ginger Chews Original 2 oz,3,LA,2024-05,2024-05-01,29453.0,29453.0,0.0,29453.0,19144.5,19144.5,19144.5,0.0,0.0,False,none
F-04211,POP Ginger Chews Original 2 oz,3,LA,2024-06,2024-06-01,66004.0,66004.0,0.0,66004.0,42901.51,42901.51,42901.51,0.0,0.0,False,none
F-04211,POP Ginger Chews Original 2 oz,3,LA,2024-07,2024-07-01,97309.0,97309.0,0.0,97309.0,63236.33,63236.33,63236.33,0.0,0.0,False,none
F-04211,POP Ginger Chews Original 2 oz,3,LA,2024-08,2024-08-01,0.0,0.0,66004.0,66004.0,0.0,0.0,42892.75,0.0,0.0,True,zero_sales_gap
F-04211,POP Ginger Chews Original 2 oz,3,LA,2024-09,2024-09-01,19686.0,0.0,0.0,0.0,12796.05,0.0,0.0,19686.0,12796.05,False,none
F-04211,POP Ginger Chews Original 2 oz,3,LA,2024-10,2024-10-01,153.0,153.0,12517.5,12670.5,0.0,0.0,0.0,0.0,0.0,True,deep_drop_gap
F-04211,POP Ginger Chews Original 2 oz,3,LA,2024-11,2024-11-01,25337.0,25337.0,0.0,25337.0,16466.25,16466.25,16466.25,0.0,0.0,False,none
F-04211,POP Ginger Chews Original 2 oz,3,LA,2024-12,2024-12-01,5040.0,4.0,0.0,4.0,3273.41,0.0,0.0,5036.0,3273.41,False,none
F-04211,POP Ginger Chews Original 2 oz,3,LA,2025-01,2025-01-01,0.0,0.0,20.5,20.5,0.0,0.0,0.0,0.0,0.0,True,zero_sales_gap
F-04211,POP Ginger Chews Original 2 oz,3,LA,2025-02,2025-02-01,33.0,33.0,0.0,33.0,1537.51,1537.51,1537.51,0.0,0.0,False,none
F-04211,POP Ginger Chews Original 2 oz,3,LA,2025-03,2025-03-01,8.0,8.0,4579.0,4587.0,433.4,433.4,248500.72,0.0,0.0,True,deep_drop_gap
F-04211,POP Ginger Chews Original 2 oz,3,LA,2025-04,2025-04-01,17705.0,17705.0,0.0,17705.0,11506.53,11506.53,11506.53,0.0,0.0,False,none
F-04211,POP Ginger Chews Original 2 oz,3,LA,2025-05,2025-05-01,4587.0,4587.0,13118.0,17705.0,3504.61,3504.61,13527.17,0.0,0.0,True,deep_drop_gap
F-04211,POP Ginger Chews Original 2 oz,3,LA,2025-06,2025-06-01,22972.0,22972.0,0.0,22972.0,15154.59,15154.59,15154.59,0.0,0.0,False,none
F-04211,POP Ginger Chews Original 2 oz,3,LA,2025-07,2025-07-01,59744.0,0.0,0.0,0.0,38834.54,0.0,0.0,59744.0,38834.54,False,none
F-04211,POP Ginger Chews Original 2 oz,3,LA,2025-08,2025-08-01,17401.0,17401.0,0.0,17401.0,11357.75,11357.75,11357.75,0.0,0.0,False,none
F-04211,POP Ginger Chews Original 2 oz,3,LA,2025-09,2025-09-01,33802.0,33802.0,0.0,33802.0,21971.52,21971.52,21971.52,0.0,0.0,False,none
F-04211,POP Ginger Chews Original 2 oz,3,LA,2025-10,2025-10-01,32734.0,1.0,0.0,1.0,21326.76,49.6,49.6,32733.0,21277.16,False,none
F-04211,POP Ginger Chews Original 2 oz,3,LA,2025-11,2025-11-01,18618.0,1.0,0.0,1.0,12151.300000000001,49.6,49.6,18617.0,12101.7,False,none
F-04211,POP Ginger Chews Original 2 oz,3,LA,2025-12,2025-12-01,29179.0,29179.0,0.0,29179.0,20760.59,20760.59,20760.59,0.0,0.0,False,none
F-04220,POP Ginger Chews Original 2 oz(24ct/cs),1,SF,2024-09,2024-09-01,210.0,210.0,0.0,210.0,3532.43,3532.43,3532.43,0.0,0.0,False,none
F-04220,POP Ginger Chews Original 2 oz(24ct/cs),1,SF,2024-10,2024-10-01,504.0,504.0,0.0,504.0,8474.07,8474.07,8474.07,0.0,0.0,False,none
F-04220,POP Ginger Chews Original 2 oz(24ct/cs),1,SF,2024-11,2024-11-01,1669.0,1669.0,0.0,1669.0,28033.94,28033.94,28033.94,0.0,0.0,False,none
F-04220,POP Ginger Chews Original 2 oz(24ct/cs),1,SF,2024-12,2024-12-01,0.0,0.0,1452.0,1452.0,0.0,0.0,24389.02,0.0,0.0,True,zero_sales_gap
F-04220,POP Ginger Chews Original 2 oz(24ct/cs),1,SF,2025-01,2025-01-01,0.0,0.0,1452.0,1452.0,0.0,0.0,24389.02,0.0,0.0,True,zero_sales_gap
F-04220,POP Ginger Chews Original 2 oz(24ct/cs),1,SF,2025-02,2025-02-01,1452.0,1452.0,0.0,1452.0,24388.79,24388.79,24388.79,0.0,0.0,False,none
F-04220,POP Ginger Chews Original 2 oz(24ct/cs),1,SF,2025-03,2025-03-01,1208.0,1208.0,0.0,1208.0,20273.88,20273.88,20273.88,0.0,0.0,False,none
F-04220,POP Ginger Chews Original 2 oz(24ct/cs),1,SF,2025-04,2025-04-01,545.0,545.0,0.0,545.0,9150.49,9150.49,9150.49,0.0,0.0,False,none
F-04220,POP Ginger Chews Original 2 oz(24ct/cs),1,SF,2025-05,2025-05-01,0.0,0.0,1338.0,1338.0,0.0,0.0,22464.87,0.0,0.0,True,zero_sales_gap
F-04220,POP Ginger Chews Original 2 oz(24ct/cs),1,SF,2025-06,2025-06-01,1556.0,1556.0,0.0,1556.0,26136.21,26136.21,26136.21,0.0,0.0,False,none
F-04220,POP Ginger Chews Original 2 oz(24ct/cs),1,SF,2025-07,2025-07-01,1468.0,1468.0,0.0,1468.0,24651.84,24651.84,24651.84,0.0,0.0,False,none
F-04220,POP Ginger Chews Original 2 oz(24ct/cs),1,SF,2025-08,2025-08-01,1481.0,1481.0,0.0,1481.0,24877.32,24877.32,24877.32,0.0,0.0,False,none
F-04220,POP Ginger Chews Original 2 oz(24ct/cs),1,SF,2025-09,2025-09-01,724.0,724.0,0.0,724.0,12175.6,12175.6,12175.6,0.0,0.0,False,none
F-04220,POP Ginger Chews Original 2 oz(24ct/cs),1,SF,2025-10,2025-10-01,472.0,472.0,0.0,472.0,7929.18,7929.18,7929.18,0.0,0.0,False,none
F-04220,POP Ginger Chews Original 2 oz(24ct/cs),1,SF,2025-11,2025-11-01,888.0,888.0,0.0,888.0,14937.66,14937.66,14937.66,0.0,0.0,False,none
F-04220,POP Ginger Chews Original 2 oz(24ct/cs),1,SF,2025-12,2025-12-01,1199.0,1199.0,0.0,1199.0,20123.57,20123.57,20123.57,0.0,0.0,False,none
F-04220,POP Ginger Chews Original 2 oz(24ct/cs),2,NJ,2024-09,2024-09-01,3751.0,3751.0,0.0,3751.0,62982.450000000004,62982.450000000004,62982.45,0.0,0.0,False,none
F-04220,POP Ginger Chews Original 2 oz(24ct/cs),2,NJ,2024-10,2024-10-01,3829.0,3829.0,0.0,3829.0,64316.5,64316.5,64316.5,0.0,0.0,False,none
F-04220,POP Ginger Chews Original 2 oz(24ct/cs),2,NJ,2024-11,2024-11-01,3940.0,3940.0,0.0,3940.0,66195.44,66195.44,66195.44,0.0,0.0,False,none
F-04220,POP Ginger Chews Original 2 oz(24ct/cs),2,NJ,2024-12,2024-12-01,2407.0,2407.0,0.0,2407.0,40472.6,40472.6,40472.6,0.0,0.0,False,none
F-04220,POP Ginger Chews Original 2 oz(24ct/cs),2,NJ,2025-01,2025-01-01,0.0,0.0,3173.5,3173.5,0.0,0.0,53360.95,0.0,0.0,True,zero_sales_gap
F-04220,POP Ginger Chews Original 2 oz(24ct/cs),2,NJ,2025-02,2025-02-01,5429.0,5429.0,0.0,5429.0,91223.08,91223.08,91223.08,0.0,0.0,False,none
F-04220,POP Ginger Chews Original 2 oz(24ct/cs),2,NJ,2025-03,2025-03-01,575.0,575.0,4293.5,4868.5,9657.81,9657.81,81772.26,0.0,0.0,True,deep_drop_gap
F-04220,POP Ginger Chews Original 2 oz(24ct/cs),2,NJ,2025-04,2025-04-01,4308.0,4308.0,0.0,4308.0,72358.41,72358.41,72358.41,0.0,0.0,False,none
F-04220,POP Ginger Chews Original 2 oz(24ct/cs),2,NJ,2025-05,2025-05-01,0.0,0.0,3639.5,3639.5,0.0,0.0,61130.09,0.0,0.0,True,zero_sales_gap
F-04220,POP Ginger Chews Original 2 oz(24ct/cs),2,NJ,2025-06,2025-06-01,4503.0,4503.0,0.0,4503.0,75627.78,75627.78,75627.78,0.0,0.0,False,none
F-04220,POP Ginger Chews Original 2 oz(24ct/cs),2,NJ,2025-07,2025-07-01,2971.0,2971.0,0.0,2971.0,49923.73,49923.73,49923.73,0.0,0.0,False,none
F-04220,POP Ginger Chews Original 2 oz(24ct/cs),2,NJ,2025-08,2025-08-01,5728.0,5728.0,0.0,5728.0,96258.67,96258.67,96258.67,0.0,0.0,False,none
F-04220,POP Ginger Chews Original 2 oz(24ct/cs),2,NJ,2025-09,2025-09-01,873.0,873.0,2064.5,2937.5,14674.61,14674.61,49377.63,0.0,0.0,True,deep_drop_gap
F-04220,POP Ginger Chews Original 2 oz(24ct/cs),2,NJ,2025-10,2025-10-01,2590.0,2590.0,0.0,2590.0,43497.73,43497.73,43497.73,0.0,0.0,False,none
F-04220,POP Ginger Chews Original 2 oz(24ct/cs),2,NJ,2025-11,2025-11-01,2904.0,2904.0,0.0,2904.0,48777.57,48777.57,48777.57,0.0,0.0,False,none
F-04220,POP Ginger Chews Original 2 oz(24ct/cs),2,NJ,2025-12,2025-12-01,3994.0,3994.0,0.0,3994.0,67097.35,67097.35,67097.35,0.0,0.0,False,none
F-04221,POP Ginger Chews Lemon 2 oz(24ct/cs),1,SF,2024-09,2024-09-01,207.0,207.0,0.0,207.0,3473.72,3473.72,3473.72,0.0,0.0,False,none
F-04221,POP Ginger Chews Lemon 2 oz(24ct/cs),1,SF,2024-10,2024-10-01,493.0,493.0,0.0,493.0,8270.75,8270.75,8270.75,0.0,0.0,False,none
F-04221,POP Ginger Chews Lemon 2 oz(24ct/cs),1,SF,2024-11,2024-11-01,1631.0,1631.0,0.0,1631.0,27422.14,27422.14,27422.14,0.0,0.0,False,none
F-04221,POP Ginger Chews Lemon 2 oz(24ct/cs),1,SF,2024-12,2024-12-01,0.0,0.0,1510.0,1510.0,0.0,0.0,25387.76,0.0,0.0,True,zero_sales_gap
F-04221,POP Ginger Chews Lemon 2 oz(24ct/cs),1,SF,2025-01,2025-01-01,0.0,0.0,1510.0,1510.0,0.0,0.0,25387.76,0.0,0.0,True,zero_sales_gap
F-04221,POP Ginger Chews Lemon 2 oz(24ct/cs),1,SF,2025-02,2025-02-01,1510.0,1510.0,0.0,1510.0,25363.65,25363.65,25363.65,0.0,0.0,False,none
F-04221,POP Ginger Chews Lemon 2 oz(24ct/cs),1,SF,2025-03,2025-03-01,1487.0,1487.0,0.0,1487.0,24977.68,24977.68,24977.68,0.0,0.0,False,none
F-04221,POP Ginger Chews Lemon 2 oz(24ct/cs),1,SF,2025-04,2025-04-01,0.0,0.0,1487.0,1487.0,0.0,0.0,24977.68,0.0,0.0,True,zero_sales_gap
F-04221,POP Ginger Chews Lemon 2 oz(24ct/cs),1,SF,2025-05,2025-05-01,1130.0,1130.0,0.0,1130.0,18985.97,18985.97,18985.97,0.0,0.0,False,none
F-04221,POP Ginger Chews Lemon 2 oz(24ct/cs),1,SF,2025-06,2025-06-01,0.0,0.0,1914.0,1914.0,0.0,0.0,32158.54,0.0,0.0,True,zero_sales_gap
F-04221,POP Ginger Chews Lemon 2 oz(24ct/cs),1,SF,2025-07,2025-07-01,1914.0,1914.0,0.0,1914.0,32145.670000000002,32145.670000000002,32145.67,0.0,0.0,False,none
F-04221,POP Ginger Chews Lemon 2 oz(24ct/cs),1,SF,2025-08,2025-08-01,2302.0,2302.0,0.0,2302.0,38670.38,38670.38,38670.38,0.0,0.0,False,none
F-04221,POP Ginger Chews Lemon 2 oz(24ct/cs),1,SF,2025-09,2025-09-01,709.0,709.0,0.0,709.0,11909.89,11909.89,11909.89,0.0,0.0,False,none
F-04221,POP Ginger Chews Lemon 2 oz(24ct/cs),1,SF,2025-10,2025-10-01,462.0,462.0,0.0,462.0,7756.129999999999,7756.129999999999,7756.13,0.0,0.0,False,none
F-04221,POP Ginger Chews Lemon 2 oz(24ct/cs),1,SF,2025-11,2025-11-01,922.0,922.0,0.0,922.0,15493.880000000001,15493.880000000001,15493.88,0.0,0.0,False,none
F-04221,POP Ginger Chews Lemon 2 oz(24ct/cs),1,SF,2025-12,2025-12-01,1108.0,1108.0,0.0,1108.0,18600.01,18600.01,18600.01,0.0,0.0,False,none
F-04221,POP Ginger Chews Lemon 2 oz(24ct/cs),2,NJ,2024-09,2024-09-01,3664.0,3664.0,0.0,3664.0,61571.2,61571.2,61571.2,0.0,0.0,False,none
F-04221,POP Ginger Chews Lemon 2 oz(24ct/cs),2,NJ,2024-10,2024-10-01,3749.0,3749.0,0.0,3749.0,62986.4,62986.4,62986.4,0.0,0.0,False,none
F-04221,POP Ginger Chews Lemon 2 oz(24ct/cs),2,NJ,2024-11,2024-11-01,3851.0,3851.0,0.0,3851.0,64714.07,64714.07,64714.07,0.0,0.0,False,none
F-04221,POP Ginger Chews Lemon 2 oz(24ct/cs),2,NJ,2024-12,2024-12-01,2357.0,2357.0,0.0,2357.0,39589.35,39589.35,39589.35,0.0,0.0,False,none
F-04221,POP Ginger Chews Lemon 2 oz(24ct/cs),2,NJ,2025-01,2025-01-01,0.0,0.0,4361.5,4361.5,0.0,0.0,73257.93,0.0,0.0,True,zero_sales_gap
F-04221,POP Ginger Chews Lemon 2 oz(24ct/cs),2,NJ,2025-02,2025-02-01,4872.0,4872.0,0.0,4872.0,81843.72,81843.72,81843.72,0.0,0.0,False,none
F-04221,POP Ginger Chews Lemon 2 oz(24ct/cs),2,NJ,2025-03,2025-03-01,4897.0,4897.0,0.0,4897.0,82229.69,82229.69,82229.69,0.0,0.0,False,none
F-04221,POP Ginger Chews Lemon 2 oz(24ct/cs),2,NJ,2025-04,2025-04-01,0.0,0.0,4872.0,4872.0,0.0,0.0,81809.89,0.0,0.0,True,zero_sales_gap
F-04221,POP Ginger Chews Lemon 2 oz(24ct/cs),2,NJ,2025-05,2025-05-01,3429.0,3429.0,0.0,3429.0,57582.84,57582.84,57582.84,0.0,0.0,False,none
F-04221,POP Ginger Chews Lemon 2 oz(24ct/cs),2,NJ,2025-06,2025-06-01,0.0,0.0,3875.0,3875.0,0.0,0.0,65072.47,0.0,0.0,True,zero_sales_gap
F-04221,POP Ginger Chews Lemon 2 oz(24ct/cs),2,NJ,2025-07,2025-07-01,3875.0,3875.0,0.0,3875.0,65100.03,65100.03,65100.03,0.0,0.0,False,none
F-04221,POP Ginger Chews Lemon 2 oz(24ct/cs),2,NJ,2025-08,2025-08-01,8549.0,8549.0,0.0,8549.0,143598.68,143598.68,143598.68,0.0,0.0,False,none
F-04221,POP Ginger Chews Lemon 2 oz(24ct/cs),2,NJ,2025-09,2025-09-01,854.0,854.0,2435.0,3289.0,14354.349999999999,14354.349999999999,55282.74,0.0,0.0,True,deep_drop_gap
F-04221,POP Ginger Chews Lemon 2 oz(24ct/cs),2,NJ,2025-10,2025-10-01,2532.0,2532.0,0.0,2532.0,42548.44,42548.44,42548.44,0.0,0.0,False,none
F-04221,POP Ginger Chews Lemon 2 oz(24ct/cs),2,NJ,2025-11,2025-11-01,2703.0,2703.0,0.0,2703.0,45415.64,45415.64,45415.64,0.0,0.0,False,none
F-04221,POP Ginger Chews Lemon 2 oz(24ct/cs),2,NJ,2025-12,2025-12-01,4055.0,4055.0,0.0,4055.0,68114.28,68114.28,68114.28,0.0,0.0,False,none
F-12122,Ferrero Rocher 12 Pcs,1,SF,2023-01,2023-01-01,181.0,181.0,0.0,181.0,7873.5,7873.5,7873.5,0.0,0.0,False,none
F-12122,Ferrero Rocher 12 Pcs,1,SF,2023-02,2023-02-01,81.0,81.0,0.0,81.0,3711.0,3711.0,3711.0,0.0,0.0,False,none
F-12122,Ferrero Rocher 12 Pcs,1,SF,2023-03,2023-03-01,88.0,88.0,0.0,88.0,4101.87,4101.87,4101.87,0.0,0.0,False,none
F-12122,Ferrero Rocher 12 Pcs,1,SF,2023-04,2023-04-01,76.0,76.0,0.0,76.0,3764.96,3764.96,3764.96,0.0,0.0,False,none
F-12122,Ferrero Rocher 12 Pcs,1,SF,2023-05,2023-05-01,84.0,84.0,0.0,84.0,4692.67,4692.67,4692.67,0.0,0.0,False,none
F-12122,Ferrero Rocher 12 Pcs,1,SF,2023-06,2023-06-01,59.0,59.0,0.0,59.0,3368.4300000000003,3368.4300000000003,3368.43,0.0,0.0,False,none
F-12122,Ferrero Rocher 12 Pcs,1,SF,2023-07,2023-07-01,49.0,49.0,0.0,49.0,2828.1600000000003,2828.1600000000003,2828.16,0.0,0.0,False,none
F-12122,Ferrero Rocher 12 Pcs,1,SF,2023-08,2023-08-01,57.0,57.0,0.0,57.0,3185.37,3185.37,3185.37,0.0,0.0,False,none
F-12122,Ferrero Rocher 12 Pcs,1,SF,2023-09,2023-09-01,73.0,73.0,0.0,73.0,4160.28,4160.28,4160.28,0.0,0.0,False,none
F-12122,Ferrero Rocher 12 Pcs,1,SF,2023-10,2023-10-01,50.0,50.0,0.0,50.0,2807.97,2807.97,2807.97,0.0,0.0,False,none
F-12122,Ferrero Rocher 12 Pcs,1,SF,2023-11,2023-11-01,47.0,47.0,0.0,47.0,2635.04,2635.04,2635.04,0.0,0.0,False,none
F-12122,Ferrero Rocher 12 Pcs,1,SF,2023-12,2023-12-01,394.0,394.0,0.0,394.0,17220.87,17220.87,17220.87,0.0,0.0,False,none
F-12122,Ferrero Rocher 12 Pcs,1,SF,2024-01,2024-01-01,82.0,82.0,0.0,82.0,4268.15,4268.15,4268.15,0.0,0.0,False,none
F-12122,Ferrero Rocher 12 Pcs,1,SF,2024-02,2024-02-01,149.0,149.0,0.0,149.0,6874.01,6874.01,6874.01,0.0,0.0,False,none
F-12122,Ferrero Rocher 12 Pcs,1,SF,2024-03,2024-03-01,102.0,102.0,0.0,102.0,4753.4400000000005,4753.4400000000005,4753.44,0.0,0.0,False,none
F-12122,Ferrero Rocher 12 Pcs,1,SF,2024-04,2024-04-01,101.0,101.0,0.0,101.0,4013.24,4013.24,4013.24,0.0,0.0,False,none
F-12122,Ferrero Rocher 12 Pcs,1,SF,2024-05,2024-05-01,319.0,319.0,0.0,319.0,7601.839999999999,7601.839999999999,7601.84,0.0,0.0,False,none
F-12122,Ferrero Rocher 12 Pcs,1,SF,2024-06,2024-06-01,69.0,69.0,0.0,69.0,3337.02,3337.02,3337.02,0.0,0.0,False,none
F-12122,Ferrero Rocher 12 Pcs,1,SF,2024-07,2024-07-01,42.0,42.0,0.0,42.0,2444.0499999999997,2444.0499999999997,2444.05,0.0,0.0,False,none
F-12122,Ferrero Rocher 12 Pcs,1,SF,2024-08,2024-08-01,51.0,51.0,0.0,51.0,2953.97,2953.97,2953.97,0.0,0.0,False,none
F-12122,Ferrero Rocher 12 Pcs,1,SF,2024-09,2024-09-01,57.0,57.0,0.0,57.0,3308.96,3308.96,3308.96,0.0,0.0,False,none
F-12122,Ferrero Rocher 12 Pcs,1,SF,2024-10,2024-10-01,85.0,85.0,0.0,85.0,4544.46,4544.46,4544.46,0.0,0.0,False,none
F-12122,Ferrero Rocher 12 Pcs,1,SF,2024-11,2024-11-01,40.0,40.0,0.0,40.0,2376.7,2376.7,2376.7,0.0,0.0,False,none
F-12122,Ferrero Rocher 12 Pcs,1,SF,2024-12,2024-12-01,78.0,78.0,0.0,78.0,4245.73,4245.73,4245.73,0.0,0.0,False,none
F-12122,Ferrero Rocher 12 Pcs,1,SF,2025-01,2025-01-01,256.0,256.0,0.0,256.0,10742.33,10742.33,10742.33,0.0,0.0,False,none
F-12122,Ferrero Rocher 12 Pcs,1,SF,2025-02,2025-02-01,68.0,68.0,0.0,68.0,3877.31,3877.31,3877.31,0.0,0.0,False,none
F-12122,Ferrero Rocher 12 Pcs,1,SF,2025-03,2025-03-01,28.0,28.0,45.0,73.0,1701.63,1701.63,4436.39,0.0,0.0,True,deep_drop_gap
F-12122,Ferrero Rocher 12 Pcs,1,SF,2025-04,2025-04-01,78.0,78.0,0.0,78.0,4685.9400000000005,4685.9400000000005,4685.94,0.0,0.0,False,none
F-12122,Ferrero Rocher 12 Pcs,1,SF,2025-05,2025-05-01,67.0,67.0,0.0,67.0,3761.5699999999997,3761.5699999999997,3761.57,0.0,0.0,False,none
F-12122,Ferrero Rocher 12 Pcs,1,SF,2025-06,2025-06-01,70.0,70.0,0.0,70.0,4289.42,4289.42,4289.42,0.0,0.0,False,none
F-12122,Ferrero Rocher 12 Pcs,1,SF,2025-07,2025-07-01,49.0,49.0,0.0,49.0,3077.49,3077.49,3077.49,0.0,0.0,False,none
F-12122,Ferrero Rocher 12 Pcs,1,SF,2025-08,2025-08-01,98.0,98.0,0.0,98.0,2223.8599999999997,2223.8599999999997,2223.86,0.0,0.0,False,none
F-12122,Ferrero Rocher 12 Pcs,1,SF,2025-09,2025-09-01,67.0,67.0,0.0,67.0,4205.13,4205.13,4205.13,0.0,0.0,False,none
F-12122,Ferrero Rocher 12 Pcs,1,SF,2025-10,2025-10-01,68.0,68.0,0.0,68.0,4222.7,4222.7,4222.7,0.0,0.0,False,none
F-12122,Ferrero Rocher 12 Pcs,1,SF,2025-11,2025-11-01,118.0,118.0,0.0,118.0,7010.74,7010.74,7010.74,0.0,0.0,False,none
F-12122,Ferrero Rocher 12 Pcs,1,SF,2025-12,2025-12-01,49.0,46.0,0.0,46.0,3054.8,2866.78,2866.78,3.0,188.01999999999998,False,none
F-12122,Ferrero Rocher 12 Pcs,1,SF,2026-01,2026-01-01,61.0,61.0,0.0,61.0,3754.2900000000004,3754.2900000000004,3754.29,0.0,0.0,False,none
F-12122,Ferrero Rocher 12 Pcs,1,SF,2026-02,2026-02-01,82.0,82.0,0.0,82.0,5044.83,5044.83,5044.83,0.0,0.0,False,none
F-12122,Ferrero Rocher 12 Pcs,1,SF,2026-03,2026-03-01,63.0,63.0,0.0,63.0,3859.91,3859.91,3859.91,0.0,0.0,False,none
F-12122,Ferrero Rocher 12 Pcs,1,SF,2026-04,2026-04-01,17.0,17.0,0.0,17.0,1081.6,1081.6,1081.6,0.0,0.0,False,none
F-12122,Ferrero Rocher 12 Pcs,2,NJ,2023-01,2023-01-01,373.0,373.0,0.0,373.0,16470.53,16470.53,16470.53,0.0,0.0,False,none
F-12122,Ferrero Rocher 12 Pcs,2,NJ,2023-02,2023-02-01,454.0,454.0,0.0,454.0,19123.57,19123.57,19123.57,0.0,0.0,False,none
F-12122,Ferrero Rocher 12 Pcs,2,NJ,2023-03,2023-03-01,607.0,607.0,0.0,607.0,26515.769999999997,26515.769999999997,26515.77,0.0,0.0,False,none
F-12122,Ferrero Rocher 12 Pcs,2,NJ,2023-04,2023-04-01,107.0,107.0,423.5,530.5,4744.38,4744.38,23522.37,0.0,0.0,True,deep_drop_gap
F-12122,Ferrero Rocher 12 Pcs,2,NJ,2023-05,2023-05-01,742.0,742.0,0.0,742.0,32395.27,32395.27,32395.27,0.0,0.0,False,none
F-12122,Ferrero Rocher 12 Pcs,2,NJ,2023-06,2023-06-01,273.0,273.0,0.0,273.0,14740.849999999999,14740.849999999999,14740.85,0.0,0.0,False,none
F-12122,Ferrero Rocher 12 Pcs,2,NJ,2023-07,2023-07-01,203.0,203.0,0.0,203.0,10917.45,10917.45,10917.45,0.0,0.0,False,none
F-12122,Ferrero Rocher 12 Pcs,2,NJ,2023-08,2023-08-01,180.0,180.0,0.0,180.0,10117.81,10117.81,10117.81,0.0,0.0,False,none
F-12122,Ferrero Rocher 12 Pcs,2,NJ,2023-09,2023-09-01,379.0,379.0,0.0,379.0,20617.45,20617.45,20617.45,0.0,0.0,False,none
F-12122,Ferrero Rocher 12 Pcs,2,NJ,2023-10,2023-10-01,391.0,391.0,0.0,391.0,21354.28,21354.28,21354.28,0.0,0.0,False,none
F-12122,Ferrero Rocher 12 Pcs,2,NJ,2023-11,2023-11-01,200.0,200.0,307.0,507.0,10779.31,10779.31,27325.55,0.0,0.0,True,deep_drop_gap
F-12122,Ferrero Rocher 12 Pcs,2,NJ,2023-12,2023-12-01,623.0,623.0,0.0,623.0,27357.690000000002,27357.690000000002,27357.69,0.0,0.0,False,none
F-12122,Ferrero Rocher 12 Pcs,2,NJ,2024-01,2024-01-01,1056.0,1056.0,0.0,1056.0,45058.05,45058.05,45058.05,0.0,0.0,False,none
F-12122,Ferrero Rocher 12 Pcs,2,NJ,2024-02,2024-02-01,754.0,754.0,0.0,754.0,32024.58,32024.58,32024.58,0.0,0.0,False,none
F-12122,Ferrero Rocher 12 Pcs,2,NJ,2024-03,2024-03-01,381.0,381.0,0.0,381.0,17184.84,17184.84,17184.84,0.0,0.0,False,none
F-12122,Ferrero Rocher 12 Pcs,2,NJ,2024-04,2024-04-01,472.0,472.0,0.0,472.0,20660.14,20660.14,20660.14,0.0,0.0,False,none
F-12122,Ferrero Rocher 12 Pcs,2,NJ,2024-05,2024-05-01,215.0,215.0,0.0,215.0,11166.849999999999,11166.849999999999,11166.85,0.0,0.0,False,none
F-12122,Ferrero Rocher 12 Pcs,2,NJ,2024-06,2024-06-01,234.0,234.0,0.0,234.0,12622.49,12622.49,12622.49,0.0,0.0,False,none
F-12122,Ferrero Rocher 12 Pcs,2,NJ,2024-07,2024-07-01,218.0,218.0,0.0,218.0,11207.3,11207.3,11207.3,0.0,0.0,False,none
F-12122,Ferrero Rocher 12 Pcs,2,NJ,2024-08,2024-08-01,300.0,300.0,0.0,300.0,16111.189999999999,16111.189999999999,16111.19,0.0,0.0,False,none
F-12122,Ferrero Rocher 12 Pcs,2,NJ,2024-09,2024-09-01,325.0,325.0,0.0,325.0,17599.47,17599.47,17599.47,0.0,0.0,False,none
F-12122,Ferrero Rocher 12 Pcs,2,NJ,2024-10,2024-10-01,335.0,335.0,0.0,335.0,17535.13,17535.13,17535.13,0.0,0.0,False,none
F-12122,Ferrero Rocher 12 Pcs,2,NJ,2024-11,2024-11-01,165.0,165.0,0.0,165.0,8828.38,8828.38,8828.38,0.0,0.0,False,none
F-12122,Ferrero Rocher 12 Pcs,2,NJ,2024-12,2024-12-01,334.0,334.0,0.0,334.0,16771.66,16771.66,16771.66,0.0,0.0,False,none
F-12122,Ferrero Rocher 12 Pcs,2,NJ,2025-01,2025-01-01,234.0,234.0,0.0,234.0,12352.97,12352.97,12352.97,0.0,0.0,False,none
F-12122,Ferrero Rocher 12 Pcs,2,NJ,2025-02,2025-02-01,163.0,163.0,0.0,163.0,8898.07,8898.07,8898.07,0.0,0.0,False,none
F-12122,Ferrero Rocher 12 Pcs,2,NJ,2025-03,2025-03-01,306.0,306.0,0.0,306.0,17038.96,17038.96,17038.96,0.0,0.0,False,none
F-12122,Ferrero Rocher 12 Pcs,2,NJ,2025-04,2025-04-01,341.0,341.0,0.0,341.0,17575.76,17575.76,17575.76,0.0,0.0,False,none
F-12122,Ferrero Rocher 12 Pcs,2,NJ,2025-05,2025-05-01,256.0,256.0,0.0,256.0,13853.52,13853.52,13853.52,0.0,0.0,False,none
F-12122,Ferrero Rocher 12 Pcs,2,NJ,2025-06,2025-06-01,184.0,184.0,0.0,184.0,10415.38,10415.38,10415.38,0.0,0.0,False,none
F-12122,Ferrero Rocher 12 Pcs,2,NJ,2025-07,2025-07-01,165.0,165.0,0.0,165.0,9495.5,9495.5,9495.5,0.0,0.0,False,none
F-12122,Ferrero Rocher 12 Pcs,2,NJ,2025-08,2025-08-01,418.0,418.0,0.0,418.0,23082.83,23082.83,23082.83,0.0,0.0,False,none
F-12122,Ferrero Rocher 12 Pcs,2,NJ,2025-09,2025-09-01,245.0,245.0,0.0,245.0,13996.07,13996.07,13996.07,0.0,0.0,False,none
F-12122,Ferrero Rocher 12 Pcs,2,NJ,2025-10,2025-10-01,389.0,389.0,0.0,389.0,22213.149999999998,22213.149999999998,22213.15,0.0,0.0,False,none
F-12122,Ferrero Rocher 12 Pcs,2,NJ,2025-11,2025-11-01,510.0,487.0,0.0,487.0,28258.48,26978.04,26978.04,23.0,1280.4399999999987,False,none
F-12122,Ferrero Rocher 12 Pcs,2,NJ,2025-12,2025-12-01,473.0,473.0,0.0,473.0,26193.61,26193.61,26193.61,0.0,0.0,False,none
F-12122,Ferrero Rocher 12 Pcs,2,NJ,2026-01,2026-01-01,314.0,314.0,0.0,314.0,17012.649999999998,17012.649999999998,17012.65,0.0,0.0,False,none
F-12122,Ferrero Rocher 12 Pcs,2,NJ,2026-02,2026-02-01,654.0,654.0,0.0,654.0,36541.86,36541.86,36541.86,0.0,0.0,False,none
F-12122,Ferrero Rocher 12 Pcs,2,NJ,2026-03,2026-03-01,266.0,266.0,0.0,266.0,15165.46,15165.46,15165.46,0.0,0.0,False,none
F-12122,Ferrero Rocher 12 Pcs,2,NJ,2026-04,2026-04-01,91.0,91.0,0.0,91.0,5541.9,5541.9,5541.9,0.0,0.0,False,none
F-12122,Ferrero Rocher 12 Pcs,3,LA,2023-01,2023-01-01,86.0,86.0,0.0,86.0,3792.46,3792.46,3792.46,0.0,0.0,False,none
F-12122,Ferrero Rocher 12 Pcs,3,LA,2023-02,2023-02-01,129.0,129.0,0.0,129.0,5698.15,5698.15,5698.15,0.0,0.0,False,none
F-12122,Ferrero Rocher 12 Pcs,3,LA,2023-03,2023-03-01,46.0,46.0,0.0,46.0,2157.08,2157.08,2157.08,0.0,0.0,False,none
F-12122,Ferrero Rocher 12 Pcs,3,LA,2023-04,2023-04-01,179.0,179.0,0.0,179.0,8759.72,8759.72,8759.72,0.0,0.0,False,none
F-12122,Ferrero Rocher 12 Pcs,3,LA,2023-05,2023-05-01,35.0,35.0,0.0,35.0,1669.0500000000002,1669.0500000000002,1669.05,0.0,0.0,False,none
F-12122,Ferrero Rocher 12 Pcs,3,LA,2023-06,2023-06-01,78.0,78.0,0.0,78.0,4018.23,4018.23,4018.23,0.0,0.0,False,none
F-12122,Ferrero Rocher 12 Pcs,3,LA,2023-07,2023-07-01,63.0,63.0,0.0,63.0,3348.2400000000002,3348.2400000000002,3348.24,0.0,0.0,False,none
F-12122,Ferrero Rocher 12 Pcs,3,LA,2023-08,2023-08-01,54.0,54.0,0.0,54.0,2506.33,2506.33,2506.33,0.0,0.0,False,none
F-12122,Ferrero Rocher 12 Pcs,3,LA,2023-09,2023-09-01,121.0,121.0,0.0,121.0,4663.58,4663.58,4663.58,0.0,0.0,False,none
F-12122,Ferrero Rocher 12 Pcs,3,LA,2023-10,2023-10-01,71.0,71.0,0.0,71.0,3783.0,3783.0,3783.0,0.0,0.0,False,none
F-12122,Ferrero Rocher 12 Pcs,3,LA,2023-11,2023-11-01,33.0,33.0,63.0,96.0,1745.46,1745.46,5077.7,0.0,0.0,True,deep_drop_gap
F-12122,Ferrero Rocher 12 Pcs,3,LA,2023-12,2023-12-01,712.0,712.0,0.0,712.0,31647.280000000002,31647.280000000002,31647.28,0.0,0.0,False,none
F-12122,Ferrero Rocher 12 Pcs,3,LA,2024-01,2024-01-01,70.0,70.0,0.0,70.0,3483.14,3483.14,3483.14,0.0,0.0,False,none
F-12122,Ferrero Rocher 12 Pcs,3,LA,2024-02,2024-02-01,90.0,90.0,0.0,90.0,4263.69,4263.69,4263.69,0.0,0.0,False,none
F-12122,Ferrero Rocher 12 Pcs,3,LA,2024-03,2024-03-01,61.0,61.0,0.0,61.0,3377.5299999999997,3377.5299999999997,3377.53,0.0,0.0,False,none
F-12122,Ferrero Rocher 12 Pcs,3,LA,2024-04,2024-04-01,86.0,86.0,0.0,86.0,4429.969999999999,4429.969999999999,4429.97,0.0,0.0,False,none
F-12122,Ferrero Rocher 12 Pcs,3,LA,2024-05,2024-05-01,266.0,266.0,0.0,266.0,8239.82,8239.82,8239.82,0.0,0.0,False,none
F-12122,Ferrero Rocher 12 Pcs,3,LA,2024-06,2024-06-01,160.0,160.0,0.0,160.0,4588.49,4588.49,4588.49,0.0,0.0,False,none
F-12122,Ferrero Rocher 12 Pcs,3,LA,2024-07,2024-07-01,266.0,266.0,0.0,266.0,4434.49,4434.49,4434.49,0.0,0.0,False,none
F-12122,Ferrero Rocher 12 Pcs,3,LA,2024-08,2024-08-01,58.0,58.0,0.0,58.0,3219.14,3219.14,3219.14,0.0,0.0,False,none
F-12122,Ferrero Rocher 12 Pcs,3,LA,2024-09,2024-09-01,92.0,92.0,0.0,92.0,5303.84,5303.84,5303.84,0.0,0.0,False,none
F-12122,Ferrero Rocher 12 Pcs,3,LA,2024-10,2024-10-01,123.0,123.0,0.0,123.0,6402.46,6402.46,6402.46,0.0,0.0,False,none
F-12122,Ferrero Rocher 12 Pcs,3,LA,2024-11,2024-11-01,120.0,120.0,0.0,120.0,5836.16,5836.16,5836.16,0.0,0.0,False,none
F-12122,Ferrero Rocher 12 Pcs,3,LA,2024-12,2024-12-01,107.0,107.0,0.0,107.0,5660.99,5660.99,5660.99,0.0,0.0,False,none
F-12122,Ferrero Rocher 12 Pcs,3,LA,2025-01,2025-01-01,102.0,102.0,0.0,102.0,5164.09,5164.09,5164.09,0.0,0.0,False,none
F-12122,Ferrero Rocher 12 Pcs,3,LA,2025-02,2025-02-01,112.0,112.0,0.0,112.0,5788.57,5788.57,5788.57,0.0,0.0,False,none
F-12122,Ferrero Rocher 12 Pcs,3,LA,2025-03,2025-03-01,96.0,96.0,0.0,96.0,3821.1899999999996,3821.1899999999996,3821.19,0.0,0.0,False,none
F-12122,Ferrero Rocher 12 Pcs,3,LA,2025-04,2025-04-01,110.0,110.0,0.0,110.0,6266.37,6266.37,6266.37,0.0,0.0,False,none
F-12122,Ferrero Rocher 12 Pcs,3,LA,2025-05,2025-05-01,61.0,61.0,0.0,61.0,3731.2999999999997,3731.2999999999997,3731.3,0.0,0.0,False,none
F-12122,Ferrero Rocher 12 Pcs,3,LA,2025-06,2025-06-01,98.0,98.0,0.0,98.0,5736.179999999999,5736.179999999999,5736.18,0.0,0.0,False,none
F-12122,Ferrero Rocher 12 Pcs,3,LA,2025-07,2025-07-01,61.0,61.0,0.0,61.0,3836.25,3836.25,3836.25,0.0,0.0,False,none
F-12122,Ferrero Rocher 12 Pcs,3,LA,2025-08,2025-08-01,48.0,48.0,0.0,48.0,3034.25,3034.25,3034.25,0.0,0.0,False,none
F-12122,Ferrero Rocher 12 Pcs,3,LA,2025-09,2025-09-01,63.0,63.0,0.0,63.0,3945.7400000000002,3945.7400000000002,3945.74,0.0,0.0,False,none
F-12122,Ferrero Rocher 12 Pcs,3,LA,2025-10,2025-10-01,51.0,51.0,0.0,51.0,3288.36,3288.36,3288.36,0.0,0.0,False,none
F-12122,Ferrero Rocher 12 Pcs,3,LA,2025-11,2025-11-01,184.0,184.0,0.0,184.0,10409.34,10409.34,10409.34,0.0,0.0,False,none
F-12122,Ferrero Rocher 12 Pcs,3,LA,2025-12,2025-12-01,144.0,144.0,0.0,144.0,8147.79,8147.79,8147.79,0.0,0.0,False,none
F-12122,Ferrero Rocher 12 Pcs,3,LA,2026-01,2026-01-01,59.0,59.0,0.0,59.0,3492.68,3492.68,3492.68,0.0,0.0,False,none
F-12122,Ferrero Rocher 12 Pcs,3,LA,2026-02,2026-02-01,50.0,50.0,0.0,50.0,3146.52,3146.52,3146.52,0.0,0.0,False,none
F-12122,Ferrero Rocher 12 Pcs,3,LA,2026-03,2026-03-01,37.0,37.0,0.0,37.0,2398.71,2398.71,2398.71,0.0,0.0,False,none
F-12122,Ferrero Rocher 12 Pcs,3,LA,2026-04,2026-04-01,53.0,53.0,0.0,53.0,1958.5100000000002,1958.5100000000002,1958.51,0.0,0.0,False,none
F-12402,Ferrero Rocher 24 Pcs Diamond,1,SF,2023-01,2023-01-01,403.0,403.0,0.0,403.0,20809.37,20809.37,20809.37,0.0,0.0,False,none
F-12402,Ferrero Rocher 24 Pcs Diamond,1,SF,2023-02,2023-02-01,144.0,144.0,0.0,144.0,7796.31,7796.31,7796.31,0.0,0.0,False,none
F-12402,Ferrero Rocher 24 Pcs Diamond,1,SF,2023-03,2023-03-01,82.0,82.0,0.0,82.0,4764.639999999999,4764.639999999999,4764.64,0.0,0.0,False,none
F-12402,Ferrero Rocher 24 Pcs Diamond,1,SF,2023-04,2023-04-01,184.0,184.0,0.0,184.0,9823.37,9823.37,9823.37,0.0,0.0,False,none
F-12402,Ferrero Rocher 24 Pcs Diamond,1,SF,2023-05,2023-05-01,94.0,94.0,0.0,94.0,5711.290000000001,5711.290000000001,5711.29,0.0,0.0,False,none
F-12402,Ferrero Rocher 24 Pcs Diamond,1,SF,2023-06,2023-06-01,66.0,66.0,0.0,66.0,4128.62,4128.62,4128.62,0.0,0.0,False,none
F-12402,Ferrero Rocher 24 Pcs Diamond,1,SF,2023-07,2023-07-01,66.0,66.0,0.0,66.0,4075.36,4075.36,4075.36,0.0,0.0,False,none
F-12402,Ferrero Rocher 24 Pcs Diamond,1,SF,2023-08,2023-08-01,102.0,102.0,0.0,102.0,5908.84,5908.84,5908.84,0.0,0.0,False,none
F-12402,Ferrero Rocher 24 Pcs Diamond,1,SF,2023-09,2023-09-01,80.0,80.0,0.0,80.0,4212.96,4212.96,4212.96,0.0,0.0,False,none
F-12402,Ferrero Rocher 24 Pcs Diamond,1,SF,2023-10,2023-10-01,111.0,111.0,0.0,111.0,5683.5599999999995,5683.5599999999995,5683.56,0.0,0.0,False,none
F-12402,Ferrero Rocher 24 Pcs Diamond,1,SF,2023-11,2023-11-01,309.0,309.0,0.0,309.0,15692.23,15692.23,15692.23,0.0,0.0,False,none
F-12402,Ferrero Rocher 24 Pcs Diamond,1,SF,2023-12,2023-12-01,356.0,356.0,0.0,356.0,18317.77,18317.77,18317.77,0.0,0.0,False,none
F-12402,Ferrero Rocher 24 Pcs Diamond,1,SF,2024-01,2024-01-01,419.0,419.0,0.0,419.0,21114.04,21114.04,21114.04,0.0,0.0,False,none
F-12402,Ferrero Rocher 24 Pcs Diamond,1,SF,2024-02,2024-02-01,698.0,698.0,0.0,698.0,33067.26,33067.26,33067.26,0.0,0.0,False,none
F-12402,Ferrero Rocher 24 Pcs Diamond,1,SF,2024-03,2024-03-01,65.0,65.0,302.0,367.0,3499.4,3499.4,19758.15,0.0,0.0,True,deep_drop_gap
F-12402,Ferrero Rocher 24 Pcs Diamond,1,SF,2024-04,2024-04-01,87.0,87.0,419.5,506.5,4807.92,4807.92,27990.94,0.0,0.0,True,deep_drop_gap
F-12402,Ferrero Rocher 24 Pcs Diamond,1,SF,2024-05,2024-05-01,315.0,315.0,0.0,315.0,7198.580000000001,7198.580000000001,7198.58,0.0,0.0,False,none
F-12402,Ferrero Rocher 24 Pcs Diamond,1,SF,2024-06,2024-06-01,707.0,707.0,0.0,707.0,7701.34,7701.34,7701.34,0.0,0.0,False,none
F-12402,Ferrero Rocher 24 Pcs Diamond,1,SF,2024-07,2024-07-01,40.0,40.0,152.0,192.0,2492.7200000000003,2492.7200000000003,11965.06,0.0,0.0,True,deep_drop_gap
F-12402,Ferrero Rocher 24 Pcs Diamond,1,SF,2024-08,2024-08-01,57.0,57.0,87.0,144.0,3600.34,3600.34,9095.6,0.0,0.0,True,deep_drop_gap
F-12402,Ferrero Rocher 24 Pcs Diamond,1,SF,2024-09,2024-09-01,69.0,69.0,0.0,69.0,4369.4800000000005,4369.4800000000005,4369.48,0.0,0.0,False,none
F-12402,Ferrero Rocher 24 Pcs Diamond,1,SF,2024-10,2024-10-01,219.0,219.0,0.0,219.0,11715.73,11715.73,11715.73,0.0,0.0,False,none
F-12402,Ferrero Rocher 24 Pcs Diamond,1,SF,2024-11,2024-11-01,68.0,68.0,142.0,210.0,3054.32,3054.32,9432.46,0.0,0.0,True,deep_drop_gap
F-12402,Ferrero Rocher 24 Pcs Diamond,1,SF,2024-12,2024-12-01,681.0,681.0,0.0,681.0,15995.33,15995.33,15995.33,0.0,0.0,False,none
F-12402,Ferrero Rocher 24 Pcs Diamond,1,SF,2025-01,2025-01-01,201.0,201.0,0.0,201.0,11748.97,11748.97,11748.97,0.0,0.0,False,none
F-12402,Ferrero Rocher 24 Pcs Diamond,1,SF,2025-02,2025-02-01,177.0,177.0,0.0,177.0,10683.45,10683.45,10683.45,0.0,0.0,False,none
F-12402,Ferrero Rocher 24 Pcs Diamond,1,SF,2025-03,2025-03-01,64.0,64.0,125.0,189.0,4338.39,4338.39,12811.81,0.0,0.0,True,deep_drop_gap
F-12402,Ferrero Rocher 24 Pcs Diamond,1,SF,2025-04,2025-04-01,61.0,61.0,0.0,61.0,4181.870000000001,4181.870000000001,4181.87,0.0,0.0,False,none
F-12402,Ferrero Rocher 24 Pcs Diamond,1,SF,2025-05,2025-05-01,356.0,356.0,0.0,356.0,21299.33,21299.33,21299.33,0.0,0.0,False,none
F-12402,Ferrero Rocher 24 Pcs Diamond,1,SF,2025-06,2025-06-01,71.0,71.0,0.0,71.0,4821.17,4821.17,4821.17,0.0,0.0,False,none
F-12402,Ferrero Rocher 24 Pcs Diamond,1,SF,2025-07,2025-07-01,57.0,57.0,0.0,57.0,3855.6100000000006,3855.6100000000006,3855.61,0.0,0.0,False,none
F-12402,Ferrero Rocher 24 Pcs Diamond,1,SF,2025-08,2025-08-01,34.0,34.0,0.0,34.0,2361.74,2361.74,2361.74,0.0,0.0,False,none
F-12402,Ferrero Rocher 24 Pcs Diamond,1,SF,2025-09,2025-09-01,58.0,58.0,0.0,58.0,3649.17,3649.17,3649.17,0.0,0.0,False,none
F-12402,Ferrero Rocher 24 Pcs Diamond,1,SF,2025-10,2025-10-01,64.0,64.0,0.0,64.0,4492.650000000001,4492.650000000001,4492.65,0.0,0.0,False,none
F-12402,Ferrero Rocher 24 Pcs Diamond,1,SF,2025-11,2025-11-01,85.0,85.0,0.0,85.0,5408.87,5408.87,5408.87,0.0,0.0,False,none
F-12402,Ferrero Rocher 24 Pcs Diamond,1,SF,2025-12,2025-12-01,113.0,110.0,0.0,110.0,6052.22,5842.46,5842.46,3.0,209.76000000000022,False,none
F-12402,Ferrero Rocher 24 Pcs Diamond,1,SF,2026-01,2026-01-01,105.0,105.0,0.0,105.0,6882.74,6882.74,6882.74,0.0,0.0,False,none
F-12402,Ferrero Rocher 24 Pcs Diamond,1,SF,2026-02,2026-02-01,88.0,88.0,0.0,88.0,5939.92,5939.92,5939.92,0.0,0.0,False,none
F-12402,Ferrero Rocher 24 Pcs Diamond,1,SF,2026-03,2026-03-01,72.0,72.0,0.0,72.0,4969.93,4969.93,4969.93,0.0,0.0,False,none
F-12402,Ferrero Rocher 24 Pcs Diamond,1,SF,2026-04,2026-04-01,17.0,17.0,0.0,17.0,1184.2,1184.2,1184.2,0.0,0.0,False,none
F-12402,Ferrero Rocher 24 Pcs Diamond,2,NJ,2023-01,2023-01-01,1145.0,1145.0,0.0,1145.0,58805.1,58805.1,58805.1,0.0,0.0,False,none
F-12402,Ferrero Rocher 24 Pcs Diamond,2,NJ,2023-02,2023-02-01,1047.0,1047.0,0.0,1047.0,53552.15,53552.15,53552.15,0.0,0.0,False,none
F-12402,Ferrero Rocher 24 Pcs Diamond,2,NJ,2023-03,2023-03-01,1031.0,1031.0,0.0,1031.0,52192.38,52192.38,52192.38,0.0,0.0,False,none
F-12402,Ferrero Rocher 24 Pcs Diamond,2,NJ,2023-04,2023-04-01,871.0,871.0,0.0,871.0,44680.950000000004,44680.950000000004,44680.95,0.0,0.0,False,none
F-12402,Ferrero Rocher 24 Pcs Diamond,2,NJ,2023-05,2023-05-01,753.0,753.0,0.0,753.0,38758.67,38758.67,38758.67,0.0,0.0,False,none
F-12402,Ferrero Rocher 24 Pcs Diamond,2,NJ,2023-06,2023-06-01,554.0,554.0,0.0,554.0,30907.47,30907.47,30907.47,0.0,0.0,False,none
F-12402,Ferrero Rocher 24 Pcs Diamond,2,NJ,2023-07,2023-07-01,650.0,650.0,0.0,650.0,36601.06,36601.06,36601.06,0.0,0.0,False,none
F-12402,Ferrero Rocher 24 Pcs Diamond,2,NJ,2023-08,2023-08-01,554.0,554.0,0.0,554.0,31149.41,31149.41,31149.41,0.0,0.0,False,none
F-12402,Ferrero Rocher 24 Pcs Diamond,2,NJ,2023-09,2023-09-01,703.0,703.0,0.0,703.0,39457.81,39457.81,39457.81,0.0,0.0,False,none
F-12402,Ferrero Rocher 24 Pcs Diamond,2,NJ,2023-10,2023-10-01,339.0,339.0,0.0,339.0,19458.02,19458.02,19458.02,0.0,0.0,False,none
F-12402,Ferrero Rocher 24 Pcs Diamond,2,NJ,2023-11,2023-11-01,457.0,457.0,0.0,457.0,25069.55,25069.55,25069.55,0.0,0.0,False,none
F-12402,Ferrero Rocher 24 Pcs Diamond,2,NJ,2023-12,2023-12-01,1525.0,1525.0,0.0,1525.0,74469.39,74469.39,74469.39,0.0,0.0,False,none
F-12402,Ferrero Rocher 24 Pcs Diamond,2,NJ,2024-01,2024-01-01,1502.0,1502.0,0.0,1502.0,72485.44,72485.44,72485.44,0.0,0.0,False,none
F-12402,Ferrero Rocher 24 Pcs Diamond,2,NJ,2024-02,2024-02-01,1675.0,1675.0,0.0,1675.0,81155.73999999999,81155.73999999999,81155.74,0.0,0.0,False,none
F-12402,Ferrero Rocher 24 Pcs Diamond,2,NJ,2024-03,2024-03-01,421.0,421.0,0.0,421.0,21181.81,21181.81,21181.81,0.0,0.0,False,none
F-12402,Ferrero Rocher 24 Pcs Diamond,2,NJ,2024-04,2024-04-01,539.0,539.0,0.0,539.0,26498.65,26498.65,26498.65,0.0,0.0,False,none
F-12402,Ferrero Rocher 24 Pcs Diamond,2,NJ,2024-05,2024-05-01,602.0,602.0,0.0,602.0,30992.97,30992.97,30992.97,0.0,0.0,False,none
F-12402,Ferrero Rocher 24 Pcs Diamond,2,NJ,2024-06,2024-06-01,308.0,308.0,0.0,308.0,17137.4,17137.4,17137.4,0.0,0.0,False,none
F-12402,Ferrero Rocher 24 Pcs Diamond,2,NJ,2024-07,2024-07-01,396.0,396.0,0.0,396.0,22028.58,22028.58,22028.58,0.0,0.0,False,none
F-12402,Ferrero Rocher 24 Pcs Diamond,2,NJ,2024-08,2024-08-01,545.0,545.0,0.0,545.0,31130.579999999998,31130.579999999998,31130.58,0.0,0.0,False,none
F-12402,Ferrero Rocher 24 Pcs Diamond,2,NJ,2024-09,2024-09-01,501.0,501.0,0.0,501.0,28540.12,28540.12,28540.12,0.0,0.0,False,none
F-12402,Ferrero Rocher 24 Pcs Diamond,2,NJ,2024-10,2024-10-01,256.0,256.0,0.0,256.0,14179.8,14179.8,14179.8,0.0,0.0,False,none
F-12402,Ferrero Rocher 24 Pcs Diamond,2,NJ,2024-11,2024-11-01,72.0,72.0,928.5,1000.5,4275.18,4275.18,59407.19,0.0,0.0,True,deep_drop_gap
F-12402,Ferrero Rocher 24 Pcs Diamond,2,NJ,2024-12,2024-12-01,1582.0,1582.0,0.0,1582.0,68669.12999999999,68669.12999999999,68669.13,0.0,0.0,False,none
F-12402,Ferrero Rocher 24 Pcs Diamond,2,NJ,2025-01,2025-01-01,1500.0,1500.0,0.0,1500.0,69678.45,69678.45,69678.45,0.0,0.0,False,none
F-12402,Ferrero Rocher 24 Pcs Diamond,2,NJ,2025-02,2025-02-01,642.0,642.0,0.0,642.0,35535.63,35535.63,35535.63,0.0,0.0,False,none
F-12402,Ferrero Rocher 24 Pcs Diamond,2,NJ,2025-03,2025-03-01,718.0,718.0,0.0,718.0,40927.34,40927.34,40927.34,0.0,0.0,False,none
F-12402,Ferrero Rocher 24 Pcs Diamond,2,NJ,2025-04,2025-04-01,572.0,572.0,0.0,572.0,32484.67,32484.67,32484.67,0.0,0.0,False,none
F-12402,Ferrero Rocher 24 Pcs Diamond,2,NJ,2025-05,2025-05-01,482.0,482.0,0.0,482.0,27859.8,27859.8,27859.8,0.0,0.0,False,none
F-12402,Ferrero Rocher 24 Pcs Diamond,2,NJ,2025-06,2025-06-01,243.0,243.0,0.0,243.0,15225.1,15225.1,15225.1,0.0,0.0,False,none
F-12402,Ferrero Rocher 24 Pcs Diamond,2,NJ,2025-07,2025-07-01,371.0,371.0,0.0,371.0,23115.070000000003,23115.070000000003,23115.07,0.0,0.0,False,none
F-12402,Ferrero Rocher 24 Pcs Diamond,2,NJ,2025-08,2025-08-01,451.0,451.0,0.0,451.0,27980.77,27980.77,27980.77,0.0,0.0,False,none
F-12402,Ferrero Rocher 24 Pcs Diamond,2,NJ,2025-09,2025-09-01,419.0,419.0,0.0,419.0,26555.710000000003,26555.710000000003,26555.71,0.0,0.0,False,none
F-12402,Ferrero Rocher 24 Pcs Diamond,2,NJ,2025-10,2025-10-01,137.0,137.0,298.0,435.0,8660.25,8660.25,27497.87,0.0,0.0,True,deep_drop_gap
F-12402,Ferrero Rocher 24 Pcs Diamond,2,NJ,2025-11,2025-11-01,302.0,302.0,0.0,302.0,18539.15,18539.15,18539.15,0.0,0.0,False,none
F-12402,Ferrero Rocher 24 Pcs Diamond,2,NJ,2025-12,2025-12-01,1273.0,1273.0,0.0,1273.0,76328.28,76328.28,76328.28,0.0,0.0,False,none
F-12402,Ferrero Rocher 24 Pcs Diamond,2,NJ,2026-01,2026-01-01,378.0,378.0,0.0,378.0,22740.03,22740.03,22740.03,0.0,0.0,False,none
F-12402,Ferrero Rocher 24 Pcs Diamond,2,NJ,2026-02,2026-02-01,1046.0,1046.0,0.0,1046.0,62653.58,62653.58,62653.58,0.0,0.0,False,none
F-12402,Ferrero Rocher 24 Pcs Diamond,2,NJ,2026-03,2026-03-01,10.0,10.0,368.0,378.0,639.28,639.28,24164.78,0.0,0.0,True,deep_drop_gap
F-12402,Ferrero Rocher 24 Pcs Diamond,2,NJ,2026-04,2026-04-01,128.0,128.0,0.0,128.0,8463.83,8463.83,8463.83,0.0,0.0,False,none
F-12402,Ferrero Rocher 24 Pcs Diamond,3,LA,2023-01,2023-01-01,341.0,341.0,0.0,341.0,17624.13,17624.13,17624.13,0.0,0.0,False,none
F-12402,Ferrero Rocher 24 Pcs Diamond,3,LA,2023-02,2023-02-01,216.0,216.0,0.0,216.0,10991.000000000002,10991.000000000002,10991.0,0.0,0.0,False,none
F-12402,Ferrero Rocher 24 Pcs Diamond,3,LA,2023-03,2023-03-01,100.0,100.0,178.5,278.5,5366.49,5366.49,14945.67,0.0,0.0,True,deep_drop_gap
F-12402,Ferrero Rocher 24 Pcs Diamond,3,LA,2023-04,2023-04-01,532.0,532.0,0.0,532.0,27588.510000000002,27588.510000000002,27588.51,0.0,0.0,False,none
F-12402,Ferrero Rocher 24 Pcs Diamond,3,LA,2023-05,2023-05-01,160.0,160.0,0.0,160.0,8183.58,8183.58,8183.58,0.0,0.0,False,none
F-12402,Ferrero Rocher 24 Pcs Diamond,3,LA,2023-06,2023-06-01,304.0,304.0,0.0,304.0,5885.55,5885.55,5885.55,0.0,0.0,False,none
F-12402,Ferrero Rocher 24 Pcs Diamond,3,LA,2023-07,2023-07-01,126.0,126.0,0.0,126.0,7113.66,7113.66,7113.66,0.0,0.0,False,none
F-12402,Ferrero Rocher 24 Pcs Diamond,3,LA,2023-08,2023-08-01,118.0,118.0,0.0,118.0,6972.69,6972.69,6972.69,0.0,0.0,False,none
F-12402,Ferrero Rocher 24 Pcs Diamond,3,LA,2023-09,2023-09-01,146.0,146.0,0.0,146.0,8536.39,8536.39,8536.39,0.0,0.0,False,none
F-12402,Ferrero Rocher 24 Pcs Diamond,3,LA,2023-10,2023-10-01,281.0,281.0,0.0,281.0,14202.53,14202.53,14202.53,0.0,0.0,False,none
F-12402,Ferrero Rocher 24 Pcs Diamond,3,LA,2023-11,2023-11-01,449.0,449.0,0.0,449.0,21486.15,21486.15,21486.15,0.0,0.0,False,none
F-12402,Ferrero Rocher 24 Pcs Diamond,3,LA,2023-12,2023-12-01,911.0,911.0,0.0,911.0,44509.770000000004,44509.770000000004,44509.77,0.0,0.0,False,none
F-12402,Ferrero Rocher 24 Pcs Diamond,3,LA,2024-01,2024-01-01,1009.0,1009.0,0.0,1009.0,48152.81,48152.81,48152.81,0.0,0.0,False,none
F-12402,Ferrero Rocher 24 Pcs Diamond,3,LA,2024-02,2024-02-01,1342.0,1342.0,0.0,1342.0,61078.130000000005,61078.130000000005,61078.13,0.0,0.0,False,none
F-12402,Ferrero Rocher 24 Pcs Diamond,3,LA,2024-03,2024-03-01,120.0,120.0,510.5,630.5,6423.0,6423.0,33747.51,0.0,0.0,True,deep_drop_gap
F-12402,Ferrero Rocher 24 Pcs Diamond,3,LA,2024-04,2024-04-01,252.0,252.0,0.0,252.0,13364.88,13364.88,13364.88,0.0,0.0,False,none
F-12402,Ferrero Rocher 24 Pcs Diamond,3,LA,2024-05,2024-05-01,136.0,136.0,0.0,136.0,7884.150000000001,7884.150000000001,7884.15,0.0,0.0,False,none
F-12402,Ferrero Rocher 24 Pcs Diamond,3,LA,2024-06,2024-06-01,124.0,124.0,0.0,124.0,7571.93,7571.93,7571.93,0.0,0.0,False,none
F-12402,Ferrero Rocher 24 Pcs Diamond,3,LA,2024-07,2024-07-01,123.0,123.0,0.0,123.0,7009.68,7009.68,7009.68,0.0,0.0,False,none
F-12402,Ferrero Rocher 24 Pcs Diamond,3,LA,2024-08,2024-08-01,201.0,201.0,0.0,201.0,9146.62,9146.62,9146.62,0.0,0.0,False,none
F-12402,Ferrero Rocher 24 Pcs Diamond,3,LA,2024-09,2024-09-01,96.0,96.0,229.0,325.0,5748.82,5748.82,19462.15,0.0,0.0,True,deep_drop_gap
F-12402,Ferrero Rocher 24 Pcs Diamond,3,LA,2024-10,2024-10-01,449.0,449.0,0.0,449.0,23733.81,23733.81,23733.81,0.0,0.0,False,none
F-12402,Ferrero Rocher 24 Pcs Diamond,3,LA,2024-11,2024-11-01,510.0,510.0,0.0,510.0,26611.539999999997,26611.539999999997,26611.54,0.0,0.0,False,none
F-12402,Ferrero Rocher 24 Pcs Diamond,3,LA,2024-12,2024-12-01,281.0,281.0,0.0,281.0,15061.65,15061.65,15061.65,0.0,0.0,False,none
F-12402,Ferrero Rocher 24 Pcs Diamond,3,LA,2025-01,2025-01-01,182.0,182.0,0.0,182.0,9905.35,9905.35,9905.35,0.0,0.0,False,none
F-12402,Ferrero Rocher 24 Pcs Diamond,3,LA,2025-02,2025-02-01,192.0,192.0,0.0,192.0,10667.9,10667.9,10667.9,0.0,0.0,False,none
F-12402,Ferrero Rocher 24 Pcs Diamond,3,LA,2025-03,2025-03-01,126.0,126.0,0.0,126.0,7759.08,7759.08,7759.08,0.0,0.0,False,none
F-12402,Ferrero Rocher 24 Pcs Diamond,3,LA,2025-04,2025-04-01,246.0,246.0,0.0,246.0,14958.54,14958.54,14958.54,0.0,0.0,False,none
F-12402,Ferrero Rocher 24 Pcs Diamond,3,LA,2025-05,2025-05-01,569.0,569.0,0.0,569.0,34320.8,34320.8,34320.8,0.0,0.0,False,none
F-12402,Ferrero Rocher 24 Pcs Diamond,3,LA,2025-06,2025-06-01,137.0,137.0,0.0,137.0,8329.88,8329.88,8329.88,0.0,0.0,False,none
F-12402,Ferrero Rocher 24 Pcs Diamond,3,LA,2025-07,2025-07-01,113.0,113.0,0.0,113.0,7236.280000000001,7236.280000000001,7236.28,0.0,0.0,False,none
F-12402,Ferrero Rocher 24 Pcs Diamond,3,LA,2025-08,2025-08-01,54.0,54.0,0.0,54.0,3386.19,3386.19,3386.19,0.0,0.0,False,none
F-12402,Ferrero Rocher 24 Pcs Diamond,3,LA,2025-09,2025-09-01,73.0,73.0,0.0,73.0,4961.04,4961.04,4961.04,0.0,0.0,False,none
F-12402,Ferrero Rocher 24 Pcs Diamond,3,LA,2025-10,2025-10-01,99.0,99.0,0.0,99.0,6575.91,6575.91,6575.91,0.0,0.0,False,none
F-12402,Ferrero Rocher 24 Pcs Diamond,3,LA,2025-11,2025-11-01,170.0,170.0,0.0,170.0,10752.38,10752.38,10752.38,0.0,0.0,False,none
F-12402,Ferrero Rocher 24 Pcs Diamond,3,LA,2025-12,2025-12-01,243.0,243.0,0.0,243.0,15480.93,15480.93,15480.93,0.0,0.0,False,none
F-12402,Ferrero Rocher 24 Pcs Diamond,3,LA,2026-01,2026-01-01,107.0,107.0,0.0,107.0,6895.58,6895.58,6895.58,0.0,0.0,False,none
F-12402,Ferrero Rocher 24 Pcs Diamond,3,LA,2026-02,2026-02-01,68.0,68.0,0.0,68.0,4407.820000000001,4407.820000000001,4407.82,0.0,0.0,False,none
F-12402,Ferrero Rocher 24 Pcs Diamond,3,LA,2026-03,2026-03-01,19.0,19.0,49.0,68.0,1387.31,1387.31,4965.11,0.0,0.0,True,deep_drop_gap
F-12402,Ferrero Rocher 24 Pcs Diamond,3,LA,2026-04,2026-04-01,22.0,22.0,0.0,22.0,1624.82,1624.82,1624.82,0.0,0.0,False,none
F-12418,Ferrero Rocher 24 pcs Diamond Display,1,SF,2023-09,2023-09-01,1.0,1.0,0.0,1.0,439.03,439.03,439.03,0.0,0.0,False,none
F-12418,Ferrero Rocher 24 pcs Diamond Display,1,SF,2023-10,2023-10-01,23.0,23.0,0.0,23.0,10607.57,10607.57,10607.57,0.0,0.0,False,none
F-12418,Ferrero Rocher 24 pcs Diamond Display,1,SF,2023-11,2023-11-01,16.0,16.0,0.0,16.0,7470.280000000001,7470.280000000001,7470.28,0.0,0.0,False,none
F-12418,Ferrero Rocher 24 pcs Diamond Display,2,NJ,2023-01,2023-01-01,1.0,1.0,0.0,1.0,417.72,417.72,417.72,0.0,0.0,False,none
F-12418,Ferrero Rocher 24 pcs Diamond Display,2,NJ,2023-02,2023-02-01,0.0,0.0,1.0,1.0,0.0,0.0,417.72,0.0,0.0,True,zero_sales_gap
F-12418,Ferrero Rocher 24 pcs Diamond Display,2,NJ,2023-03,2023-03-01,0.0,0.0,1.0,1.0,0.0,0.0,417.72,0.0,0.0,True,zero_sales_gap
F-12418,Ferrero Rocher 24 pcs Diamond Display,2,NJ,2023-04,2023-04-01,0.0,0.0,0.0,0.0,0.0,0.0,0.0,0.0,0.0,False,none
F-12418,Ferrero Rocher 24 pcs Diamond Display,2,NJ,2023-05,2023-05-01,0.0,0.0,0.0,0.0,0.0,0.0,0.0,0.0,0.0,False,none
F-12418,Ferrero Rocher 24 pcs Diamond Display,2,NJ,2023-06,2023-06-01,0.0,0.0,0.0,0.0,0.0,0.0,0.0,0.0,0.0,False,none
F-12418,Ferrero Rocher 24 pcs Diamond Display,2,NJ,2023-07,2023-07-01,0.0,0.0,25.0,25.0,0.0,0.0,10443.0,0.0,0.0,True,zero_sales_gap
F-12418,Ferrero Rocher 24 pcs Diamond Display,2,NJ,2023-08,2023-08-01,0.0,0.0,105.5,105.5,0.0,0.0,44069.46,0.0,0.0,True,zero_sales_gap
F-12418,Ferrero Rocher 24 pcs Diamond Display,2,NJ,2023-09,2023-09-01,25.0,25.0,0.0,25.0,10717.800000000001,10717.800000000001,10717.8,0.0,0.0,False,none
F-12418,Ferrero Rocher 24 pcs Diamond Display,2,NJ,2023-10,2023-10-01,186.0,186.0,0.0,186.0,80436.59,80436.59,80436.59,0.0,0.0,False,none
F-12418,Ferrero Rocher 24 pcs Diamond Display,2,NJ,2023-11,2023-11-01,107.0,107.0,0.0,107.0,44661.49,44661.49,44661.49,0.0,0.0,False,none
F-12418,Ferrero Rocher 24 pcs Diamond Display,2,NJ,2023-12,2023-12-01,8.0,8.0,0.0,8.0,3286.31,3286.31,3286.31,0.0,0.0,False,none
F-12418,Ferrero Rocher 24 pcs Diamond Display,2,NJ,2024-01,2024-01-01,0.0,0.0,8.0,8.0,0.0,0.0,3286.31,0.0,0.0,True,zero_sales_gap
F-12418,Ferrero Rocher 24 pcs Diamond Display,2,NJ,2024-02,2024-02-01,5.0,5.0,0.0,5.0,2045.95,2045.95,2045.95,0.0,0.0,False,none
F-12418,Ferrero Rocher 24 pcs Diamond Display,2,NJ,2024-03,2024-03-01,0.0,0.0,10.0,10.0,0.0,0.0,4091.9,0.0,0.0,True,zero_sales_gap
F-12418,Ferrero Rocher 24 pcs Diamond Display,2,NJ,2024-04,2024-04-01,15.0,15.0,0.0,15.0,5984.419999999999,5984.419999999999,5984.42,0.0,0.0,False,none
F-12418,Ferrero Rocher 24 pcs Diamond Display,3,LA,2023-02,2023-02-01,1.0,1.0,0.0,1.0,415.58,415.58,415.58,0.0,0.0,False,none
F-12418,Ferrero Rocher 24 pcs Diamond Display,3,LA,2023-03,2023-03-01,0.0,0.0,1.0,1.0,0.0,0.0,415.58,0.0,0.0,True,zero_sales_gap
F-12418,Ferrero Rocher 24 pcs Diamond Display,3,LA,2023-04,2023-04-01,0.0,0.0,1.0,1.0,0.0,0.0,415.58,0.0,0.0,True,zero_sales_gap
F-12418,Ferrero Rocher 24 pcs Diamond Display,3,LA,2023-05,2023-05-01,0.0,0.0,0.0,0.0,0.0,0.0,0.0,0.0,0.0,False,none
F-12418,Ferrero Rocher 24 pcs Diamond Display,3,LA,2023-06,2023-06-01,0.0,0.0,0.0,0.0,0.0,0.0,0.0,0.0,0.0,False,none
F-12418,Ferrero Rocher 24 pcs Diamond Display,3,LA,2023-07,2023-07-01,0.0,0.0,0.0,0.0,0.0,0.0,0.0,0.0,0.0,False,none
F-12418,Ferrero Rocher 24 pcs Diamond Display,3,LA,2023-08,2023-08-01,0.0,0.0,58.0,58.0,0.0,0.0,24103.64,0.0,0.0,True,zero_sales_gap
F-12418,Ferrero Rocher 24 pcs Diamond Display,3,LA,2023-09,2023-09-01,0.0,0.0,65.0,65.0,0.0,0.0,27012.7,0.0,0.0,True,zero_sales_gap
F-12418,Ferrero Rocher 24 pcs Diamond Display,3,LA,2023-10,2023-10-01,58.0,58.0,0.0,58.0,22541.07,22541.07,22541.07,0.0,0.0,False,none
F-12418,Ferrero Rocher 24 pcs Diamond Display,3,LA,2023-11,2023-11-01,72.0,72.0,0.0,72.0,28967.29,28967.29,28967.29,0.0,0.0,False,none
F-12418,Ferrero Rocher 24 pcs Diamond Display,3,LA,2023-12,2023-12-01,23.0,23.0,35.0,58.0,9944.210000000001,9944.210000000001,25076.7,0.0,0.0,True,deep_drop_gap
F-12418,Ferrero Rocher 24 pcs Diamond Display,3,LA,2024-01,2024-01-01,1.0,1.0,0.0,1.0,421.98,421.98,421.98,0.0,0.0,False,none
F-12418,Ferrero Rocher 24 pcs Diamond Display,3,LA,2024-02,2024-02-01,0.0,0.0,12.0,12.0,0.0,0.0,5063.76,0.0,0.0,True,zero_sales_gap
F-12418,Ferrero Rocher 24 pcs Diamond Display,3,LA,2024-03,2024-03-01,0.0,0.0,6.0,6.0,0.0,0.0,2531.88,0.0,0.0,True,zero_sales_gap
F-12418,Ferrero Rocher 24 pcs Diamond Display,3,LA,2024-04,2024-04-01,0.0,0.0,11.0,11.0,0.0,0.0,4641.78,0.0,0.0,True,zero_sales_gap
F-12418,Ferrero Rocher 24 pcs Diamond Display,3,LA,2024-05,2024-05-01,11.0,11.0,0.0,11.0,1022.98,1022.98,1022.98,0.0,0.0,False,none
F-12418,Ferrero Rocher 24 pcs Diamond Display(48),1,SF,2024-09,2024-09-01,17.0,17.0,0.0,17.0,7612.67,7612.67,7612.67,0.0,0.0,False,none
F-12418,Ferrero Rocher 24 pcs Diamond Display(48),1,SF,2024-10,2024-10-01,11.0,11.0,0.0,11.0,4940.14,4940.14,4940.14,0.0,0.0,False,none
F-12418,Ferrero Rocher 24 pcs Diamond Display(48),1,SF,2024-11,2024-11-01,8.0,8.0,0.0,8.0,3520.7799999999997,3520.7799999999997,3520.78,0.0,0.0,False,none
F-12418,Ferrero Rocher 24 pcs Diamond Display(48),1,SF,2024-12,2024-12-01,4.0,4.0,0.0,4.0,1739.08,1739.08,1739.08,0.0,0.0,False,none
F-12418,Ferrero Rocher 24 pcs Diamond Display(48),1,SF,2025-01,2025-01-01,0.0,0.0,6.0,6.0,0.0,0.0,2608.62,0.0,0.0,True,zero_sales_gap
F-12418,Ferrero Rocher 24 pcs Diamond Display(48),1,SF,2025-02,2025-02-01,0.0,0.0,4.0,4.0,0.0,0.0,1739.08,0.0,0.0,True,zero_sales_gap
F-12418,Ferrero Rocher 24 pcs Diamond Display(48),1,SF,2025-03,2025-03-01,0.0,0.0,0.0,0.0,0.0,0.0,0.0,0.0,0.0,False,none
F-12418,Ferrero Rocher 24 pcs Diamond Display(48),1,SF,2025-04,2025-04-01,0.0,0.0,0.0,0.0,0.0,0.0,0.0,0.0,0.0,False,none
F-12418,Ferrero Rocher 24 pcs Diamond Display(48),1,SF,2025-05,2025-05-01,0.0,0.0,0.0,0.0,0.0,0.0,0.0,0.0,0.0,False,none
F-12418,Ferrero Rocher 24 pcs Diamond Display(48),1,SF,2025-06,2025-06-01,0.0,0.0,0.0,0.0,0.0,0.0,0.0,0.0,0.0,False,none
F-12418,Ferrero Rocher 24 pcs Diamond Display(48),1,SF,2025-07,2025-07-01,0.0,0.0,0.0,0.0,0.0,0.0,0.0,0.0,0.0,False,none
F-12418,Ferrero Rocher 24 pcs Diamond Display(48),1,SF,2025-08,2025-08-01,0.0,0.0,7.0,7.0,0.0,0.0,3043.39,0.0,0.0,True,zero_sales_gap
F-12418,Ferrero Rocher 24 pcs Diamond Display(48),1,SF,2025-09,2025-09-01,0.0,0.0,36.5,36.5,0.0,0.0,15869.1,0.0,0.0,True,zero_sales_gap
F-12418,Ferrero Rocher 24 pcs Diamond Display(48),1,SF,2025-10,2025-10-01,7.0,7.0,0.0,7.0,3490.9100000000003,3490.9100000000003,3490.91,0.0,0.0,False,none
F-12418,Ferrero Rocher 24 pcs Diamond Display(48),1,SF,2025-11,2025-11-01,66.0,66.0,0.0,66.0,32952.57,32952.57,32952.57,0.0,0.0,False,none
F-12418,Ferrero Rocher 24 pcs Diamond Display(48),1,SF,2025-12,2025-12-01,32.0,30.0,0.0,30.0,15293.49,14283.300000000001,14283.3,2.0,1010.1899999999987,False,none
F-12418,Ferrero Rocher 24 pcs Diamond Display(48),1,SF,2026-01,2026-01-01,1.0,1.0,29.0,30.0,498.7,498.7,14961.0,0.0,0.0,True,deep_drop_gap
F-12418,Ferrero Rocher 24 pcs Diamond Display(48),1,SF,2026-02,2026-02-01,6.0,6.0,0.0,6.0,2442.36,2442.36,2442.36,0.0,0.0,False,none
F-12418,Ferrero Rocher 24 pcs Diamond Display(48),2,NJ,2024-10,2024-10-01,186.0,186.0,0.0,186.0,80443.51,80443.51,80443.51,0.0,0.0,False,none
F-12418,Ferrero Rocher 24 pcs Diamond Display(48),2,NJ,2024-11,2024-11-01,96.0,96.0,0.0,96.0,42419.619999999995,42419.619999999995,42419.62,0.0,0.0,False,none
F-12418,Ferrero Rocher 24 pcs Diamond Display(48),2,NJ,2024-12,2024-12-01,34.0,34.0,0.0,34.0,15498.17,15498.17,15498.17,0.0,0.0,False,none
F-12418,Ferrero Rocher 24 pcs Diamond Display(48),2,NJ,2025-01,2025-01-01,0.0,0.0,65.0,65.0,0.0,0.0,29628.85,0.0,0.0,True,zero_sales_gap
F-12418,Ferrero Rocher 24 pcs Diamond Display(48),2,NJ,2025-02,2025-02-01,0.0,0.0,34.0,34.0,0.0,0.0,15498.17,0.0,0.0,True,zero_sales_gap
F-12418,Ferrero Rocher 24 pcs Diamond Display(48),2,NJ,2025-03,2025-03-01,0.0,0.0,0.0,0.0,0.0,0.0,0.0,0.0,0.0,False,none
F-12418,Ferrero Rocher 24 pcs Diamond Display(48),2,NJ,2025-04,2025-04-01,0.0,0.0,0.0,0.0,0.0,0.0,0.0,0.0,0.0,False,none
F-12418,Ferrero Rocher 24 pcs Diamond Display(48),2,NJ,2025-05,2025-05-01,0.0,0.0,0.0,0.0,0.0,0.0,0.0,0.0,0.0,False,none
F-12418,Ferrero Rocher 24 pcs Diamond Display(48),2,NJ,2025-06,2025-06-01,0.0,0.0,0.0,0.0,0.0,0.0,0.0,0.0,0.0,False,none
F-12418,Ferrero Rocher 24 pcs Diamond Display(48),2,NJ,2025-07,2025-07-01,0.0,0.0,8.0,8.0,0.0,0.0,3646.63,0.0,0.0,True,zero_sales_gap
F-12418,Ferrero Rocher 24 pcs Diamond Display(48),2,NJ,2025-08,2025-08-01,0.0,0.0,41.5,41.5,0.0,0.0,18916.88,0.0,0.0,True,zero_sales_gap
F-12418,Ferrero Rocher 24 pcs Diamond Display(48),2,NJ,2025-09,2025-09-01,8.0,8.0,0.0,8.0,4079.13,4079.13,4079.13,0.0,0.0,False,none
F-12418,Ferrero Rocher 24 pcs Diamond Display(48),2,NJ,2025-10,2025-10-01,75.0,75.0,0.0,75.0,38758.08,38758.08,38758.08,0.0,0.0,False,none
F-12418,Ferrero Rocher 24 pcs Diamond Display(48),2,NJ,2025-11,2025-11-01,72.0,67.0,0.0,67.0,37189.48,34504.18,34504.18,5.0,2685.300000000003,False,none
F-12418,Ferrero Rocher 24 pcs Diamond Display(48),2,NJ,2025-12,2025-12-01,12.0,12.0,57.0,69.0,6214.6,6214.6,35733.95,0.0,0.0,True,deep_drop_gap
F-12418,Ferrero Rocher 24 pcs Diamond Display(48),2,NJ,2026-01,2026-01-01,71.0,71.0,0.0,71.0,34244.200000000004,34244.200000000004,34244.2,0.0,0.0,False,none
F-12418,Ferrero Rocher 24 pcs Diamond Display(48),2,NJ,2026-02,2026-02-01,12.0,12.0,52.0,64.0,6444.75,6444.75,34372.0,0.0,0.0,True,deep_drop_gap
F-12418,Ferrero Rocher 24 pcs Diamond Display(48),2,NJ,2026-03,2026-03-01,64.0,64.0,0.0,64.0,33082.72,33082.72,33082.72,0.0,0.0,False,none
F-12418,Ferrero Rocher 24 pcs Diamond Display(48),3,LA,2024-10,2024-10-01,123.0,123.0,0.0,123.0,54108.67,54108.67,54108.67,0.0,0.0,False,none
F-12418,Ferrero Rocher 24 pcs Diamond Display(48),3,LA,2024-11,2024-11-01,6.0,6.0,57.0,63.0,2736.48,2736.48,28733.04,0.0,0.0,True,deep_drop_gap
F-12418,Ferrero Rocher 24 pcs Diamond Display(48),3,LA,2024-12,2024-12-01,3.0,3.0,0.0,3.0,1368.24,1368.24,1368.24,0.0,0.0,False,none
F-12418,Ferrero Rocher 24 pcs Diamond Display(48),3,LA,2025-01,2025-01-01,0.0,0.0,4.5,4.5,0.0,0.0,2052.36,0.0,0.0,True,zero_sales_gap
F-12418,Ferrero Rocher 24 pcs Diamond Display(48),3,LA,2025-02,2025-02-01,0.0,0.0,3.0,3.0,0.0,0.0,1368.24,0.0,0.0,True,zero_sales_gap
F-12418,Ferrero Rocher 24 pcs Diamond Display(48),3,LA,2025-03,2025-03-01,0.0,0.0,0.0,0.0,0.0,0.0,0.0,0.0,0.0,False,none
F-12418,Ferrero Rocher 24 pcs Diamond Display(48),3,LA,2025-04,2025-04-01,0.0,0.0,0.0,0.0,0.0,0.0,0.0,0.0,0.0,False,none
F-12418,Ferrero Rocher 24 pcs Diamond Display(48),3,LA,2025-05,2025-05-01,0.0,0.0,0.0,0.0,0.0,0.0,0.0,0.0,0.0,False,none
F-12418,Ferrero Rocher 24 pcs Diamond Display(48),3,LA,2025-06,2025-06-01,0.0,0.0,0.0,0.0,0.0,0.0,0.0,0.0,0.0,False,none
F-12418,Ferrero Rocher 24 pcs Diamond Display(48),3,LA,2025-07,2025-07-01,0.0,0.0,0.0,0.0,0.0,0.0,0.0,0.0,0.0,False,none
F-12418,Ferrero Rocher 24 pcs Diamond Display(48),3,LA,2025-08,2025-08-01,0.0,0.0,81.0,81.0,0.0,0.0,36942.48,0.0,0.0,True,zero_sales_gap
F-12418,Ferrero Rocher 24 pcs Diamond Display(48),3,LA,2025-09,2025-09-01,0.0,0.0,93.0,93.0,0.0,0.0,42415.44,0.0,0.0,True,zero_sales_gap
F-12418,Ferrero Rocher 24 pcs Diamond Display(48),3,LA,2025-10,2025-10-01,81.0,81.0,0.0,81.0,40158.69,40158.69,40158.69,0.0,0.0,False,none
F-12418,Ferrero Rocher 24 pcs Diamond Display(48),3,LA,2025-11,2025-11-01,111.0,105.0,0.0,105.0,53450.56,50458.36,50458.36,6.0,2992.199999999997,False,none
F-12418,Ferrero Rocher 24 pcs Diamond Display(48),3,LA,2025-12,2025-12-01,37.0,37.0,0.0,37.0,18570.46,18570.46,18570.46,0.0,0.0,False,none
F-12418,Ferrero Rocher 24 pcs Diamond Display(48),3,LA,2026-01,2026-01-01,14.0,14.0,0.0,14.0,6994.61,6994.61,6994.61,0.0,0.0,False,none
F-12998,Ferrero Rocher 48's Flat Gift Box,1,SF,2024-02,2024-02-01,19.0,19.0,0.0,19.0,4165.42,4165.42,4165.42,0.0,0.0,False,none
F-12998,Ferrero Rocher 48's Flat Gift Box,1,SF,2024-03,2024-03-01,4.0,4.0,14.0,18.0,980.35,980.35,4411.58,0.0,0.0,True,deep_drop_gap
F-12998,Ferrero Rocher 48's Flat Gift Box,1,SF,2024-04,2024-04-01,18.0,18.0,0.0,18.0,4398.78,4398.78,4398.78,0.0,0.0,False,none
F-12998,Ferrero Rocher 48's Flat Gift Box,1,SF,2024-05,2024-05-01,10.0,10.0,0.0,10.0,2267.59,2267.59,2267.59,0.0,0.0,False,none
F-12998,Ferrero Rocher 48's Flat Gift Box,1,SF,2024-06,2024-06-01,22.0,22.0,0.0,22.0,4047.1499999999996,4047.1499999999996,4047.15,0.0,0.0,False,none
F-12998,Ferrero Rocher 48's Flat Gift Box,1,SF,2024-07,2024-07-01,15.0,15.0,0.0,15.0,2727.9399999999996,2727.9399999999996,2727.94,0.0,0.0,False,none
F-12998,Ferrero Rocher 48's Flat Gift Box,1,SF,2024-08,2024-08-01,7.0,7.0,11.5,18.5,1753.97,1753.97,4635.49,0.0,0.0,True,deep_drop_gap
F-12998,Ferrero Rocher 48's Flat Gift Box,1,SF,2024-09,2024-09-01,10.0,10.0,0.0,10.0,2514.7999999999997,2514.7999999999997,2514.8,0.0,0.0,False,none
F-12998,Ferrero Rocher 48's Flat Gift Box,1,SF,2024-10,2024-10-01,82.0,82.0,0.0,82.0,17650.649999999998,17650.649999999998,17650.65,0.0,0.0,False,none
F-12998,Ferrero Rocher 48's Flat Gift Box,1,SF,2024-11,2024-11-01,5.0,5.0,15.0,20.0,1270.18,1270.18,5080.72,0.0,0.0,True,deep_drop_gap
F-12998,Ferrero Rocher 48's Flat Gift Box,1,SF,2024-12,2024-12-01,20.0,20.0,0.0,20.0,3757.2799999999997,3757.2799999999997,3757.28,0.0,0.0,False,none
F-12998,Ferrero Rocher 48's Flat Gift Box,1,SF,2025-01,2025-01-01,20.0,20.0,0.0,20.0,5029.6,5029.6,5029.6,0.0,0.0,False,none
F-12998,Ferrero Rocher 48's Flat Gift Box,1,SF,2025-02,2025-02-01,27.0,27.0,0.0,27.0,2762.02,2762.02,2762.02,0.0,0.0,False,none
F-12998,Ferrero Rocher 48's Flat Gift Box,1,SF,2025-03,2025-03-01,7.0,7.0,12.5,19.5,1781.67,1781.67,4963.22,0.0,0.0,True,deep_drop_gap
F-12998,Ferrero Rocher 48's Flat Gift Box,1,SF,2025-04,2025-04-01,19.0,19.0,0.0,19.0,4347.63,4347.63,4347.63,0.0,0.0,False,none
F-12998,Ferrero Rocher 48's Flat Gift Box,1,SF,2025-05,2025-05-01,11.0,11.0,0.0,11.0,2838.7400000000002,2838.7400000000002,2838.74,0.0,0.0,False,none
F-12998,Ferrero Rocher 48's Flat Gift Box,1,SF,2025-06,2025-06-01,24.0,24.0,0.0,24.0,2310.21,2310.21,2310.21,0.0,0.0,False,none
F-12998,Ferrero Rocher 48's Flat Gift Box,1,SF,2025-07,2025-07-01,15.0,15.0,0.0,15.0,3972.52,3972.52,3972.52,0.0,0.0,False,none
F-12998,Ferrero Rocher 48's Flat Gift Box,1,SF,2025-08,2025-08-01,9.0,9.0,0.0,9.0,2455.11,2455.11,2455.11,0.0,0.0,False,none
F-12998,Ferrero Rocher 48's Flat Gift Box,1,SF,2025-09,2025-09-01,11.0,11.0,0.0,11.0,2719.38,2719.38,2719.38,0.0,0.0,False,none
F-12998,Ferrero Rocher 48's Flat Gift Box,1,SF,2025-10,2025-10-01,15.0,15.0,0.0,15.0,3819.0600000000004,3819.0600000000004,3819.06,0.0,0.0,False,none
F-12998,Ferrero Rocher 48's Flat Gift Box,1,SF,2025-11,2025-11-01,9.0,9.0,0.0,9.0,2438.0600000000004,2438.0600000000004,2438.06,0.0,0.0,False,none
F-12998,Ferrero Rocher 48's Flat Gift Box,1,SF,2025-12,2025-12-01,21.0,21.0,0.0,21.0,5345.01,5345.01,5345.01,0.0,0.0,False,none
F-12998,Ferrero Rocher 48's Flat Gift Box,1,SF,2026-01,2026-01-01,35.0,35.0,0.0,35.0,7842.79,7842.79,7842.79,0.0,0.0,False,none
F-12998,Ferrero Rocher 48's Flat Gift Box,1,SF,2026-02,2026-02-01,27.0,27.0,0.0,27.0,5788.33,5788.33,5788.33,0.0,0.0,False,none
F-12998,Ferrero Rocher 48's Flat Gift Box,2,NJ,2024-02,2024-02-01,45.0,45.0,0.0,45.0,9246.74,9246.74,9246.74,0.0,0.0,False,none
F-12998,Ferrero Rocher 48's Flat Gift Box,2,NJ,2024-03,2024-03-01,28.0,28.0,0.0,28.0,6419.150000000001,6419.150000000001,6419.15,0.0,0.0,False,none
F-12998,Ferrero Rocher 48's Flat Gift Box,2,NJ,2024-04,2024-04-01,78.0,78.0,0.0,78.0,9474.24,9474.24,9474.24,0.0,0.0,False,none
F-12998,Ferrero Rocher 48's Flat Gift Box,2,NJ,2024-05,2024-05-01,15.0,15.0,0.0,15.0,3623.04,3623.04,3623.04,0.0,0.0,False,none
F-12998,Ferrero Rocher 48's Flat Gift Box,2,NJ,2024-06,2024-06-01,31.0,31.0,0.0,31.0,7810.84,7810.84,7810.84,0.0,0.0,False,none
F-12998,Ferrero Rocher 48's Flat Gift Box,2,NJ,2024-07,2024-07-01,35.0,35.0,0.0,35.0,8737.9,8737.9,8737.9,0.0,0.0,False,none
F-12998,Ferrero Rocher 48's Flat Gift Box,2,NJ,2024-08,2024-08-01,36.0,36.0,0.0,36.0,8968.05,8968.05,8968.05,0.0,0.0,False,none
F-12998,Ferrero Rocher 48's Flat Gift Box,2,NJ,2024-09,2024-09-01,150.0,150.0,0.0,150.0,19381.100000000002,19381.100000000002,19381.1,0.0,0.0,False,none
F-12998,Ferrero Rocher 48's Flat Gift Box,2,NJ,2024-10,2024-10-01,3.0,3.0,39.0,42.0,733.13,733.13,10263.82,0.0,0.0,True,deep_drop_gap
F-12998,Ferrero Rocher 48's Flat Gift Box,2,NJ,2024-11,2024-11-01,34.0,34.0,0.0,34.0,8115.610000000001,8115.610000000001,8115.61,0.0,0.0,False,none
F-12998,Ferrero Rocher 48's Flat Gift Box,2,NJ,2024-12,2024-12-01,48.0,48.0,0.0,48.0,7766.08,7766.08,7766.08,0.0,0.0,False,none
F-12998,Ferrero Rocher 48's Flat Gift Box,2,NJ,2025-01,2025-01-01,0.0,0.0,19.5,19.5,0.0,0.0,3154.97,0.0,0.0,True,zero_sales_gap
F-12998,Ferrero Rocher 48's Flat Gift Box,2,NJ,2025-02,2025-02-01,2.0,2.0,0.0,2.0,511.48,511.48,511.48,0.0,0.0,False,none
F-12998,Ferrero Rocher 48's Flat Gift Box,2,NJ,2025-03,2025-03-01,5.0,5.0,23.0,28.0,1312.8000000000002,1312.8000000000002,7351.68,0.0,0.0,True,deep_drop_gap
F-12998,Ferrero Rocher 48's Flat Gift Box,2,NJ,2025-04,2025-04-01,28.0,28.0,0.0,28.0,7314.2300000000005,7314.2300000000005,7314.23,0.0,0.0,False,none
F-12998,Ferrero Rocher 48's Flat Gift Box,2,NJ,2025-05,2025-05-01,57.0,57.0,0.0,57.0,10076.28,10076.28,10076.28,0.0,0.0,False,none
F-12998,Ferrero Rocher 48's Flat Gift Box,2,NJ,2025-06,2025-06-01,35.0,35.0,0.0,35.0,5131.91,5131.91,5131.91,0.0,0.0,False,none
F-12998,Ferrero Rocher 48's Flat Gift Box,2,NJ,2025-07,2025-07-01,29.0,29.0,0.0,29.0,7638.21,7638.21,7638.21,0.0,0.0,False,none
F-12998,Ferrero Rocher 48's Flat Gift Box,2,NJ,2025-08,2025-08-01,46.0,46.0,0.0,46.0,11968.8,11968.8,11968.8,0.0,0.0,False,none
F-12998,Ferrero Rocher 48's Flat Gift Box,2,NJ,2025-09,2025-09-01,55.0,55.0,0.0,55.0,14287.54,14287.54,14287.54,0.0,0.0,False,none
F-12998,Ferrero Rocher 48's Flat Gift Box,2,NJ,2025-10,2025-10-01,47.0,47.0,0.0,47.0,12548.48,12548.48,12548.48,0.0,0.0,False,none
F-12998,Ferrero Rocher 48's Flat Gift Box,2,NJ,2025-11,2025-11-01,93.0,90.0,0.0,90.0,22820.870000000003,22002.49,22002.49,3.0,818.380000000001,False,none
F-12998,Ferrero Rocher 48's Flat Gift Box,2,NJ,2025-12,2025-12-01,79.0,79.0,0.0,79.0,20619.33,20619.33,20619.33,0.0,0.0,False,none
F-12998,Ferrero Rocher 48's Flat Gift Box,2,NJ,2026-01,2026-01-01,61.0,61.0,0.0,61.0,14694.6,14694.6,14694.6,0.0,0.0,False,none
F-12998,Ferrero Rocher 48's Flat Gift Box,2,NJ,2026-02,2026-02-01,112.0,112.0,0.0,112.0,27006.57,27006.57,27006.57,0.0,0.0,False,none
F-12998,Ferrero Rocher 48's Flat Gift Box,3,LA,2024-02,2024-02-01,10.0,10.0,0.0,10.0,2526.51,2526.51,2526.51,0.0,0.0,False,none
F-12998,Ferrero Rocher 48's Flat Gift Box,3,LA,2024-03,2024-03-01,15.0,15.0,0.0,15.0,3937.3500000000004,3937.3500000000004,3937.35,0.0,0.0,False,none
F-12998,Ferrero Rocher 48's Flat Gift Box,3,LA,2024-04,2024-04-01,13.0,13.0,0.0,13.0,3405.62,3405.62,3405.62,0.0,0.0,False,none
F-12998,Ferrero Rocher 48's Flat Gift Box,3,LA,2024-05,2024-05-01,4.0,4.0,10.0,14.0,1022.96,1022.96,3580.36,0.0,0.0,True,deep_drop_gap
F-12998,Ferrero Rocher 48's Flat Gift Box,3,LA,2024-06,2024-06-01,10.0,10.0,0.0,10.0,736.54,736.54,736.54,0.0,0.0,False,none
F-12998,Ferrero Rocher 48's Flat Gift Box,3,LA,2024-07,2024-07-01,24.0,24.0,0.0,24.0,6279.51,6279.51,6279.51,0.0,0.0,False,none
F-12998,Ferrero Rocher 48's Flat Gift Box,3,LA,2024-08,2024-08-01,5.0,5.0,13.0,18.0,1336.25,1336.25,4810.5,0.0,0.0,True,deep_drop_gap
F-12998,Ferrero Rocher 48's Flat Gift Box,3,LA,2024-09,2024-09-01,12.0,12.0,0.0,12.0,3143.4900000000002,3143.4900000000002,3143.49,0.0,0.0,False,none
F-12998,Ferrero Rocher 48's Flat Gift Box,3,LA,2024-10,2024-10-01,104.0,104.0,0.0,104.0,25683.149999999998,25683.149999999998,25683.15,0.0,0.0,False,none
F-12998,Ferrero Rocher 48's Flat Gift Box,3,LA,2024-11,2024-11-01,19.0,19.0,0.0,19.0,4917.94,4917.94,4917.94,0.0,0.0,False,none
F-12998,Ferrero Rocher 48's Flat Gift Box,3,LA,2024-12,2024-12-01,12.0,12.0,0.0,12.0,3170.15,3170.15,3170.15,0.0,0.0,False,none
F-12998,Ferrero Rocher 48's Flat Gift Box,3,LA,2025-01,2025-01-01,0.0,0.0,18.0,18.0,0.0,0.0,4755.23,0.0,0.0,True,zero_sales_gap
F-12998,Ferrero Rocher 48's Flat Gift Box,3,LA,2025-02,2025-02-01,0.0,0.0,18.0,18.0,0.0,0.0,4755.23,0.0,0.0,True,zero_sales_gap
F-12998,Ferrero Rocher 48's Flat Gift Box,3,LA,2025-03,2025-03-01,18.0,18.0,0.0,18.0,4684.53,4684.53,4684.53,0.0,0.0,False,none
F-12998,Ferrero Rocher 48's Flat Gift Box,3,LA,2025-04,2025-04-01,18.0,18.0,0.0,18.0,4741.87,4741.87,4741.87,0.0,0.0,False,none
F-12998,Ferrero Rocher 48's Flat Gift Box,3,LA,2025-05,2025-05-01,16.0,16.0,0.0,16.0,4152.59,4152.59,4152.59,0.0,0.0,False,none
F-12998,Ferrero Rocher 48's Flat Gift Box,3,LA,2025-06,2025-06-01,7.0,7.0,0.0,7.0,1810.44,1810.44,1810.44,0.0,0.0,False,none
F-12998,Ferrero Rocher 48's Flat Gift Box,3,LA,2025-07,2025-07-01,18.0,18.0,0.0,18.0,4943.3,4943.3,4943.3,0.0,0.0,False,none
F-12998,Ferrero Rocher 48's Flat Gift Box,3,LA,2025-08,2025-08-01,9.0,9.0,0.0,9.0,2498.81,2498.81,2498.81,0.0,0.0,False,none
F-12998,Ferrero Rocher 48's Flat Gift Box,3,LA,2025-09,2025-09-01,11.0,11.0,0.0,11.0,3088.09,3088.09,3088.09,0.0,0.0,False,none
F-12998,Ferrero Rocher 48's Flat Gift Box,3,LA,2025-10,2025-10-01,22.0,22.0,0.0,22.0,5837.84,5837.84,5837.84,0.0,0.0,False,none
F-12998,Ferrero Rocher 48's Flat Gift Box,3,LA,2025-11,2025-11-01,56.0,56.0,0.0,56.0,13936.42,13936.42,13936.42,0.0,0.0,False,none
F-12998,Ferrero Rocher 48's Flat Gift Box,3,LA,2025-12,2025-12-01,176.0,176.0,0.0,176.0,42573.95,42573.95,42573.95,0.0,0.0,False,none
F-12998,Ferrero Rocher 48's Flat Gift Box,3,LA,2026-01,2026-01-01,63.0,63.0,0.0,63.0,14535.82,14535.82,14535.82,0.0,0.0,False,none
F-12998,Ferrero Rocher 48's Flat Gift Box,3,LA,2026-02,2026-02-01,24.0,24.0,39.0,63.0,6347.27,6347.27,16661.58,0.0,0.0,True,deep_drop_gap
F-12998,Ferrero Rocher 48's Flat Gift Box,3,LA,2026-03,2026-03-01,7.0,7.0,0.0,7.0,1931.38,1931.38,1931.38,0.0,0.0,False,none
F-12998,Ferrero Rocher 48's Flat Gift Box (36/16/PLT),1,SF,2023-09,2023-09-01,24.0,24.0,0.0,24.0,5984.400000000001,5984.400000000001,5984.4,0.0,0.0,False,none
F-12998,Ferrero Rocher 48's Flat Gift Box (36/16/PLT),1,SF,2023-10,2023-10-01,9.0,9.0,0.0,9.0,2276.1,2276.1,2276.1,0.0,0.0,False,none
F-12998,Ferrero Rocher 48's Flat Gift Box (36/16/PLT),1,SF,2023-11,2023-11-01,3.0,3.0,10.5,13.5,767.22,767.22,3452.49,0.0,0.0,True,deep_drop_gap
F-12998,Ferrero Rocher 48's Flat Gift Box (36/16/PLT),1,SF,2023-12,2023-12-01,7.0,7.0,0.0,7.0,1611.19,1611.19,1611.19,0.0,0.0,False,none
F-12998,Ferrero Rocher 48's Flat Gift Box (36/16/PLT),1,SF,2024-01,2024-01-01,18.0,18.0,0.0,18.0,4552.21,4552.21,4552.21,0.0,0.0,False,none
F-12998,Ferrero Rocher 48's Flat Gift Box (36/16/PLT),1,SF,2024-02,2024-02-01,6.0,6.0,0.0,6.0,1457.74,1457.74,1457.74,0.0,0.0,False,none
F-12998,Ferrero Rocher 48's Flat Gift Box (36/16/PLT),2,NJ,2023-09,2023-09-01,3.0,3.0,0.0,3.0,511.48,511.48,511.48,0.0,0.0,False,none
F-12998,Ferrero Rocher 48's Flat Gift Box (36/16/PLT),2,NJ,2023-10,2023-10-01,14.0,14.0,0.0,14.0,3465.3,3465.3,3465.3,0.0,0.0,False,none
F-12998,Ferrero Rocher 48's Flat Gift Box (36/16/PLT),2,NJ,2023-11,2023-11-01,23.0,23.0,0.0,23.0,5447.33,5447.33,5447.33,0.0,0.0,False,none
F-12998,Ferrero Rocher 48's Flat Gift Box (36/16/PLT),2,NJ,2023-12,2023-12-01,49.0,49.0,0.0,49.0,7507.13,7507.13,7507.13,0.0,0.0,False,none
F-12998,Ferrero Rocher 48's Flat Gift Box (36/16/PLT),2,NJ,2024-01,2024-01-01,20.0,20.0,0.0,20.0,4168.62,4168.62,4168.62,0.0,0.0,False,none
F-12998,Ferrero Rocher 48's Flat Gift Box (36/16/PLT),2,NJ,2024-02,2024-02-01,66.0,66.0,0.0,66.0,13724.910000000002,13724.910000000002,13724.91,0.0,0.0,False,none
F-12998,Ferrero Rocher 48's Flat Gift Box (36/16/PLT),3,LA,2023-01,2023-01-01,4.0,4.0,0.0,4.0,937.73,937.73,937.73,0.0,0.0,False,none
F-12998,Ferrero Rocher 48's Flat Gift Box (36/16/PLT),3,LA,2023-02,2023-02-01,0.0,0.0,4.0,4.0,0.0,0.0,937.73,0.0,0.0,True,zero_sales_gap
F-12998,Ferrero Rocher 48's Flat Gift Box (36/16/PLT),3,LA,2023-03,2023-03-01,0.0,0.0,4.0,4.0,0.0,0.0,937.73,0.0,0.0,True,zero_sales_gap
F-12998,Ferrero Rocher 48's Flat Gift Box (36/16/PLT),3,LA,2023-04,2023-04-01,0.0,0.0,0.0,0.0,0.0,0.0,0.0,0.0,0.0,False,none
F-12998,Ferrero Rocher 48's Flat Gift Box (36/16/PLT),3,LA,2023-05,2023-05-01,0.0,0.0,0.0,0.0,0.0,0.0,0.0,0.0,0.0,False,none
F-12998,Ferrero Rocher 48's Flat Gift Box (36/16/PLT),3,LA,2023-06,2023-06-01,0.0,0.0,0.0,0.0,0.0,0.0,0.0,0.0,0.0,False,none
F-12998,Ferrero Rocher 48's Flat Gift Box (36/16/PLT),3,LA,2023-07,2023-07-01,0.0,0.0,0.0,0.0,0.0,0.0,0.0,0.0,0.0,False,none
F-12998,Ferrero Rocher 48's Flat Gift Box (36/16/PLT),3,LA,2023-08,2023-08-01,0.0,0.0,35.0,35.0,0.0,0.0,8205.14,0.0,0.0,True,zero_sales_gap
F-12998,Ferrero Rocher 48's Flat Gift Box (36/16/PLT),3,LA,2023-09,2023-09-01,0.0,0.0,22.0,22.0,0.0,0.0,5157.52,0.0,0.0,True,zero_sales_gap
F-12998,Ferrero Rocher 48's Flat Gift Box (36/16/PLT),3,LA,2023-10,2023-10-01,35.0,35.0,0.0,35.0,9113.98,9113.98,9113.98,0.0,0.0,False,none
F-12998,Ferrero Rocher 48's Flat Gift Box (36/16/PLT),3,LA,2023-11,2023-11-01,9.0,9.0,0.0,9.0,2382.66,2382.66,2382.66,0.0,0.0,False,none
F-12998,Ferrero Rocher 48's Flat Gift Box (36/16/PLT),3,LA,2023-12,2023-12-01,20.0,20.0,0.0,20.0,5073.27,5073.27,5073.27,0.0,0.0,False,none
F-12998,Ferrero Rocher 48's Flat Gift Box (36/16/PLT),3,LA,2024-01,2024-01-01,16.0,16.0,0.0,16.0,4152.59,4152.59,4152.59,0.0,0.0,False,none
F-12998,Ferrero Rocher 48's Flat Gift Box (36/16/PLT),3,LA,2024-02,2024-02-01,7.0,7.0,0.0,7.0,1810.43,1810.43,1810.43,0.0,0.0,False,none
F-20141,Ferrero Coll. 24 pcs (w/Hazelnut)#20148,1,SF,2023-01,2023-01-01,253.0,253.0,0.0,253.0,12506.09,12506.09,12506.09,0.0,0.0,False,none
F-20141,Ferrero Coll. 24 pcs (w/Hazelnut)#20148,1,SF,2023-02,2023-02-01,17.0,17.0,54.0,71.0,839.4,839.4,3505.73,0.0,0.0,True,deep_drop_gap
F-20141,Ferrero Coll. 24 pcs (w/Hazelnut)#20148,1,SF,2023-03,2023-03-01,56.0,56.0,0.0,56.0,2909.87,2909.87,2909.87,0.0,0.0,False,none
F-20141,Ferrero Coll. 24 pcs (w/Hazelnut)#20148,1,SF,2023-04,2023-04-01,71.0,71.0,0.0,71.0,3301.6,3301.6,3301.6,0.0,0.0,False,none
F-20141,Ferrero Coll. 24 pcs (w/Hazelnut)#20148,1,SF,2023-05,2023-05-01,160.0,160.0,0.0,160.0,4002.6200000000003,4002.6200000000003,4002.62,0.0,0.0,False,none
F-20141,Ferrero Coll. 24 pcs (w/Hazelnut)#20148,1,SF,2023-06,2023-06-01,47.0,47.0,0.0,47.0,2814.8199999999997,2814.8199999999997,2814.82,0.0,0.0,False,none
F-20141,Ferrero Coll. 24 pcs (w/Hazelnut)#20148,1,SF,2023-07,2023-07-01,36.0,36.0,76.0,112.0,2167.6,2167.6,6743.64,0.0,0.0,True,deep_drop_gap
F-20141,Ferrero Coll. 24 pcs (w/Hazelnut)#20148,1,SF,2023-08,2023-08-01,64.0,64.0,0.0,64.0,2891.9,2891.9,2891.9,0.0,0.0,False,none
F-20141,Ferrero Coll. 24 pcs (w/Hazelnut)#20148,1,SF,2023-09,2023-09-01,580.0,580.0,0.0,580.0,1443.3200000000002,1443.3200000000002,1443.32,0.0,0.0,False,none
F-20141,Ferrero Coll. 24 pcs (w/Hazelnut)#20148,1,SF,2023-10,2023-10-01,70.0,70.0,203.5,273.5,4104.7699999999995,4104.7699999999995,16037.92,0.0,0.0,True,deep_drop_gap
F-20141,Ferrero Coll. 24 pcs (w/Hazelnut)#20148,1,SF,2023-11,2023-11-01,145.0,145.0,0.0,145.0,8112.679999999999,8112.679999999999,8112.68,0.0,0.0,False,none
F-20141,Ferrero Coll. 24 pcs (w/Hazelnut)#20148,1,SF,2023-12,2023-12-01,402.0,402.0,0.0,402.0,14907.16,14907.16,14907.16,0.0,0.0,False,none
F-20141,Ferrero Coll. 24 pcs (w/Hazelnut)#20148,1,SF,2024-01,2024-01-01,206.0,206.0,0.0,206.0,10980.380000000001,10980.380000000001,10980.38,0.0,0.0,False,none
F-20141,Ferrero Coll. 24 pcs (w/Hazelnut)#20148,1,SF,2024-02,2024-02-01,112.0,112.0,0.0,112.0,6083.62,6083.62,6083.62,0.0,0.0,False,none
F-20141,Ferrero Coll. 24 pcs (w/Hazelnut)#20148,1,SF,2024-03,2024-03-01,57.0,57.0,0.0,57.0,3118.88,3118.88,3118.88,0.0,0.0,False,none
F-20141,Ferrero Coll. 24 pcs (w/Hazelnut)#20148,1,SF,2024-04,2024-04-01,48.0,48.0,0.0,48.0,2623.72,2623.72,2623.72,0.0,0.0,False,none
F-20141,Ferrero Coll. 24 pcs (w/Hazelnut)#20148,1,SF,2024-05,2024-05-01,59.0,59.0,0.0,59.0,2598.4,2598.4,2598.4,0.0,0.0,False,none
F-20141,Ferrero Coll. 24 pcs (w/Hazelnut)#20148,1,SF,2024-06,2024-06-01,149.0,149.0,0.0,149.0,5186.170000000001,5186.170000000001,5186.17,0.0,0.0,False,none
F-20141,Ferrero Coll. 24 pcs (w/Hazelnut)#20148,1,SF,2024-07,2024-07-01,157.0,157.0,0.0,157.0,2294.3,2294.3,2294.3,0.0,0.0,False,none
F-20141,Ferrero Coll. 24 pcs (w/Hazelnut)#20148,1,SF,2024-08,2024-08-01,28.0,28.0,125.0,153.0,1685.09,1685.09,9207.81,0.0,0.0,True,deep_drop_gap
F-20141,Ferrero Coll. 24 pcs (w/Hazelnut)#20148,1,SF,2024-09,2024-09-01,37.0,37.0,0.0,37.0,2232.0,2232.0,2232.0,0.0,0.0,False,none
F-20141,Ferrero Coll. 24 pcs (w/Hazelnut)#20148,1,SF,2024-10,2024-10-01,231.0,231.0,0.0,231.0,12001.4,12001.4,12001.4,0.0,0.0,False,none
F-20141,Ferrero Coll. 24 pcs (w/Hazelnut)#20148,1,SF,2024-11,2024-11-01,25.0,25.0,101.5,126.5,1436.95,1436.95,7270.97,0.0,0.0,True,deep_drop_gap
F-20141,Ferrero Coll. 24 pcs (w/Hazelnut)#20148,1,SF,2024-12,2024-12-01,156.0,156.0,0.0,156.0,8548.92,8548.92,8548.92,0.0,0.0,False,none
F-20141,Ferrero Coll. 24 pcs (w/Hazelnut)#20148,1,SF,2025-01,2025-01-01,97.0,97.0,0.0,97.0,5559.91,5559.91,5559.91,0.0,0.0,False,none
F-20141,Ferrero Coll. 24 pcs (w/Hazelnut)#20148,1,SF,2025-02,2025-02-01,13.0,13.0,0.0,13.0,675.72,675.72,675.72,0.0,0.0,False,none
F-20141,Ferrero Coll. 24 pcs (w/Hazelnut)#20148,1,SF,2025-03,2025-03-01,0.0,0.0,62.5,62.5,0.0,0.0,3248.65,0.0,0.0,True,zero_sales_gap
F-20141,Ferrero Coll. 24 pcs (w/Hazelnut)#20148,1,SF,2025-04,2025-04-01,28.0,28.0,0.0,28.0,1689.33,1689.33,1689.33,0.0,0.0,False,none
F-20141,Ferrero Coll. 24 pcs (w/Hazelnut)#20148,1,SF,2025-05,2025-05-01,240.0,240.0,0.0,240.0,14243.900000000001,14243.900000000001,14243.9,0.0,0.0,False,none
F-20141,Ferrero Coll. 24 pcs (w/Hazelnut)#20148,1,SF,2025-06,2025-06-01,62.0,62.0,0.0,62.0,4115.48,4115.48,4115.48,0.0,0.0,False,none
F-20141,Ferrero Coll. 24 pcs (w/Hazelnut)#20148,1,SF,2025-07,2025-07-01,43.0,43.0,0.0,43.0,2734.5299999999997,2734.5299999999997,2734.53,0.0,0.0,False,none
F-20141,Ferrero Coll. 24 pcs (w/Hazelnut)#20148,1,SF,2025-08,2025-08-01,54.0,54.0,0.0,54.0,1199.3799999999999,1199.3799999999999,1199.38,0.0,0.0,False,none
F-20141,Ferrero Coll. 24 pcs (w/Hazelnut)#20148,1,SF,2025-09,2025-09-01,55.0,55.0,0.0,55.0,2381.88,2381.88,2381.88,0.0,0.0,False,none
F-20141,Ferrero Coll. 24 pcs (w/Hazelnut)#20148,1,SF,2025-10,2025-10-01,40.0,40.0,0.0,40.0,2479.0099999999998,2479.0099999999998,2479.01,0.0,0.0,False,none
F-20141,Ferrero Coll. 24 pcs (w/Hazelnut)#20148,1,SF,2025-11,2025-11-01,61.0,61.0,0.0,61.0,3958.17,3958.17,3958.17,0.0,0.0,False,none
F-20141,Ferrero Coll. 24 pcs (w/Hazelnut)#20148,1,SF,2025-12,2025-12-01,149.0,149.0,0.0,149.0,6604.58,6604.58,6604.58,0.0,0.0,False,none
F-20141,Ferrero Coll. 24 pcs (w/Hazelnut)#20148,1,SF,2026-01,2026-01-01,57.0,57.0,0.0,57.0,3810.3499999999995,3810.3499999999995,3810.35,0.0,0.0,False,none
F-20141,Ferrero Coll. 24 pcs (w/Hazelnut)#20148,1,SF,2026-02,2026-02-01,48.0,48.0,0.0,48.0,3058.6499999999996,3058.6499999999996,3058.65,0.0,0.0,False,none
F-20141,Ferrero Coll. 24 pcs (w/Hazelnut)#20148,1,SF,2026-03,2026-03-01,49.0,49.0,0.0,49.0,3170.57,3170.57,3170.57,0.0,0.0,False,none
F-20141,Ferrero Coll. 24 pcs (w/Hazelnut)#20148,1,SF,2026-04,2026-04-01,10.0,10.0,0.0,10.0,666.21,666.21,666.21,0.0,0.0,False,none
F-20141,Ferrero Coll. 24 pcs (w/Hazelnut)#20148,2,NJ,2023-01,2023-01-01,5.0,5.0,0.0,5.0,279.79,279.79,279.79,0.0,0.0,False,none
F-20141,Ferrero Coll. 24 pcs (w/Hazelnut)#20148,2,NJ,2023-02,2023-02-01,514.0,514.0,0.0,514.0,27126.96,27126.96,27126.96,0.0,0.0,False,none
F-20141,Ferrero Coll. 24 pcs (w/Hazelnut)#20148,2,NJ,2023-03,2023-03-01,484.0,484.0,0.0,484.0,25764.97,25764.97,25764.97,0.0,0.0,False,none
F-20141,Ferrero Coll. 24 pcs (w/Hazelnut)#20148,2,NJ,2023-04,2023-04-01,121.0,121.0,360.0,481.0,6378.18,6378.18,25354.58,0.0,0.0,True,deep_drop_gap
F-20141,Ferrero Coll. 24 pcs (w/Hazelnut)#20148,2,NJ,2023-05,2023-05-01,444.0,444.0,0.0,444.0,23535.05,23535.05,23535.05,0.0,0.0,False,none
F-20141,Ferrero Coll. 24 pcs (w/Hazelnut)#20148,2,NJ,2023-06,2023-06-01,478.0,478.0,0.0,478.0,27342.14,27342.14,27342.14,0.0,0.0,False,none
F-20141,Ferrero Coll. 24 pcs (w/Hazelnut)#20148,2,NJ,2023-07,2023-07-01,228.0,228.0,0.0,228.0,13341.11,13341.11,13341.11,0.0,0.0,False,none
F-20141,Ferrero Coll. 24 pcs (w/Hazelnut)#20148,2,NJ,2023-08,2023-08-01,303.0,303.0,0.0,303.0,17830.370000000003,17830.370000000003,17830.37,0.0,0.0,False,none
F-20141,Ferrero Coll. 24 pcs (w/Hazelnut)#20148,2,NJ,2023-09,2023-09-01,485.0,485.0,0.0,485.0,28213.170000000002,28213.170000000002,28213.17,0.0,0.0,False,none
F-20141,Ferrero Coll. 24 pcs (w/Hazelnut)#20148,2,NJ,2023-10,2023-10-01,674.0,674.0,0.0,674.0,38617.08,38617.08,38617.08,0.0,0.0,False,none
F-20141,Ferrero Coll. 24 pcs (w/Hazelnut)#20148,2,NJ,2023-11,2023-11-01,450.0,450.0,0.0,450.0,25421.579999999998,25421.579999999998,25421.58,0.0,0.0,False,none
F-20141,Ferrero Coll. 24 pcs (w/Hazelnut)#20148,2,NJ,2023-12,2023-12-01,1363.0,1363.0,0.0,1363.0,65726.48,65726.48,65726.48,0.0,0.0,False,none
F-20141,Ferrero Coll. 24 pcs (w/Hazelnut)#20148,2,NJ,2024-01,2024-01-01,1124.0,1124.0,0.0,1124.0,54256.93,54256.93,54256.93,0.0,0.0,False,none
F-20141,Ferrero Coll. 24 pcs (w/Hazelnut)#20148,2,NJ,2024-02,2024-02-01,896.0,896.0,0.0,896.0,43194.56,43194.56,43194.56,0.0,0.0,False,none
F-20141,Ferrero Coll. 24 pcs (w/Hazelnut)#20148,2,NJ,2024-03,2024-03-01,293.0,293.0,0.0,293.0,14868.92,14868.92,14868.92,0.0,0.0,False,none
F-20141,Ferrero Coll. 24 pcs (w/Hazelnut)#20148,2,NJ,2024-04,2024-04-01,96.0,96.0,215.5,311.5,4748.49,4748.49,15407.86,0.0,0.0,True,deep_drop_gap
F-20141,Ferrero Coll. 24 pcs (w/Hazelnut)#20148,2,NJ,2024-05,2024-05-01,330.0,330.0,0.0,330.0,17369.09,17369.09,17369.09,0.0,0.0,False,none
F-20141,Ferrero Coll. 24 pcs (w/Hazelnut)#20148,2,NJ,2024-06,2024-06-01,213.0,213.0,0.0,213.0,12652.84,12652.84,12652.84,0.0,0.0,False,none
F-20141,Ferrero Coll. 24 pcs (w/Hazelnut)#20148,2,NJ,2024-07,2024-07-01,197.0,197.0,0.0,197.0,10969.849999999999,10969.849999999999,10969.85,0.0,0.0,False,none
F-20141,Ferrero Coll. 24 pcs (w/Hazelnut)#20148,2,NJ,2024-08,2024-08-01,215.0,215.0,0.0,215.0,12518.77,12518.77,12518.77,0.0,0.0,False,none
F-20141,Ferrero Coll. 24 pcs (w/Hazelnut)#20148,2,NJ,2024-09,2024-09-01,344.0,344.0,0.0,344.0,19624.370000000003,19624.370000000003,19624.37,0.0,0.0,False,none
F-20141,Ferrero Coll. 24 pcs (w/Hazelnut)#20148,2,NJ,2024-10,2024-10-01,336.0,336.0,0.0,336.0,19664.73,19664.73,19664.73,0.0,0.0,False,none
F-20141,Ferrero Coll. 24 pcs (w/Hazelnut)#20148,2,NJ,2024-11,2024-11-01,273.0,273.0,0.0,273.0,15994.88,15994.88,15994.88,0.0,0.0,False,none
F-20141,Ferrero Coll. 24 pcs (w/Hazelnut)#20148,2,NJ,2024-12,2024-12-01,831.0,831.0,0.0,831.0,47464.53,47464.53,47464.53,0.0,0.0,False,none
F-20141,Ferrero Coll. 24 pcs (w/Hazelnut)#20148,2,NJ,2025-01,2025-01-01,755.0,755.0,0.0,755.0,41541.88,41541.88,41541.88,0.0,0.0,False,none
F-20141,Ferrero Coll. 24 pcs (w/Hazelnut)#20148,2,NJ,2025-02,2025-02-01,148.0,148.0,290.0,438.0,8251.16,8251.16,24418.97,0.0,0.0,True,deep_drop_gap
F-20141,Ferrero Coll. 24 pcs (w/Hazelnut)#20148,2,NJ,2025-03,2025-03-01,74.0,74.0,0.0,74.0,4535.76,4535.76,4535.76,0.0,0.0,False,none
F-20141,Ferrero Coll. 24 pcs (w/Hazelnut)#20148,2,NJ,2025-04,2025-04-01,121.0,121.0,0.0,121.0,7912.219999999999,7912.219999999999,7912.22,0.0,0.0,False,none
F-20141,Ferrero Coll. 24 pcs (w/Hazelnut)#20148,2,NJ,2025-05,2025-05-01,128.0,128.0,0.0,128.0,8130.27,8130.27,8130.27,0.0,0.0,False,none
F-20141,Ferrero Coll. 24 pcs (w/Hazelnut)#20148,2,NJ,2025-06,2025-06-01,102.0,102.0,0.0,102.0,6672.69,6672.69,6672.69,0.0,0.0,False,none
F-20141,Ferrero Coll. 24 pcs (w/Hazelnut)#20148,2,NJ,2025-07,2025-07-01,69.0,69.0,0.0,69.0,4431.23,4431.23,4431.23,0.0,0.0,False,none
F-20141,Ferrero Coll. 24 pcs (w/Hazelnut)#20148,2,NJ,2025-08,2025-08-01,288.0,288.0,0.0,288.0,18212.719999999998,18212.719999999998,18212.72,0.0,0.0,False,none
F-20141,Ferrero Coll. 24 pcs (w/Hazelnut)#20148,2,NJ,2025-09,2025-09-01,98.0,98.0,158.0,256.0,5942.72,5942.72,15523.84,0.0,0.0,True,deep_drop_gap
F-20141,Ferrero Coll. 24 pcs (w/Hazelnut)#20148,2,NJ,2025-10,2025-10-01,360.0,360.0,0.0,360.0,22825.899999999998,22825.899999999998,22825.9,0.0,0.0,False,none
F-20141,Ferrero Coll. 24 pcs (w/Hazelnut)#20148,2,NJ,2025-11,2025-11-01,240.0,224.0,0.0,224.0,15386.32,14388.580000000002,14388.58,16.0,997.739999999998,False,none
F-20141,Ferrero Coll. 24 pcs (w/Hazelnut)#20148,2,NJ,2025-12,2025-12-01,526.0,526.0,0.0,526.0,32849.09,32849.09,32849.09,0.0,0.0,False,none
F-20141,Ferrero Coll. 24 pcs (w/Hazelnut)#20148,2,NJ,2026-01,2026-01-01,290.0,290.0,0.0,290.0,17900.18,17900.18,17900.18,0.0,0.0,False,none
F-20141,Ferrero Coll. 24 pcs (w/Hazelnut)#20148,2,NJ,2026-02,2026-02-01,320.0,320.0,0.0,320.0,20139.03,20139.03,20139.03,0.0,0.0,False,none
F-20141,Ferrero Coll. 24 pcs (w/Hazelnut)#20148,2,NJ,2026-03,2026-03-01,150.0,150.0,0.0,150.0,9677.55,9677.55,9677.55,0.0,0.0,False,none
F-20141,Ferrero Coll. 24 pcs (w/Hazelnut)#20148,3,LA,2023-01,2023-01-01,2.0,2.0,0.0,2.0,0.0,0.0,0.0,0.0,0.0,False,none
F-20141,Ferrero Coll. 24 pcs (w/Hazelnut)#20148,3,LA,2023-02,2023-02-01,78.0,78.0,0.0,78.0,4093.1800000000003,4093.1800000000003,4093.18,0.0,0.0,False,none
F-20141,Ferrero Coll. 24 pcs (w/Hazelnut)#20148,3,LA,2023-03,2023-03-01,99.0,99.0,0.0,99.0,5220.54,5220.54,5220.54,0.0,0.0,False,none
F-20141,Ferrero Coll. 24 pcs (w/Hazelnut)#20148,3,LA,2023-04,2023-04-01,97.0,97.0,0.0,97.0,5259.84,5259.84,5259.84,0.0,0.0,False,none
F-20141,Ferrero Coll. 24 pcs (w/Hazelnut)#20148,3,LA,2023-05,2023-05-01,107.0,107.0,0.0,107.0,5690.1,5690.1,5690.1,0.0,0.0,False,none
F-20141,Ferrero Coll. 24 pcs (w/Hazelnut)#20148,3,LA,2023-06,2023-06-01,102.0,102.0,0.0,102.0,5879.849999999999,5879.849999999999,5879.85,0.0,0.0,False,none
F-20141,Ferrero Coll. 24 pcs (w/Hazelnut)#20148,3,LA,2023-07,2023-07-01,87.0,87.0,0.0,87.0,4755.12,4755.12,4755.12,0.0,0.0,False,none
F-20141,Ferrero Coll. 24 pcs (w/Hazelnut)#20148,3,LA,2023-08,2023-08-01,29.0,29.0,56.0,85.0,1780.1000000000001,1780.1000000000001,5217.53,0.0,0.0,True,deep_drop_gap
F-20141,Ferrero Coll. 24 pcs (w/Hazelnut)#20148,3,LA,2023-09,2023-09-01,66.0,66.0,0.0,66.0,3978.21,3978.21,3978.21,0.0,0.0,False,none
F-20141,Ferrero Coll. 24 pcs (w/Hazelnut)#20148,3,LA,2023-10,2023-10-01,83.0,83.0,0.0,83.0,4684.26,4684.26,4684.26,0.0,0.0,False,none
F-20141,Ferrero Coll. 24 pcs (w/Hazelnut)#20148,3,LA,2023-11,2023-11-01,88.0,88.0,0.0,88.0,5000.88,5000.88,5000.88,0.0,0.0,False,none
F-20141,Ferrero Coll. 24 pcs (w/Hazelnut)#20148,3,LA,2023-12,2023-12-01,479.0,479.0,0.0,479.0,24163.73,24163.73,24163.73,0.0,0.0,False,none
F-20141,Ferrero Coll. 24 pcs (w/Hazelnut)#20148,3,LA,2024-01,2024-01-01,164.0,164.0,0.0,164.0,8561.9,8561.9,8561.9,0.0,0.0,False,none
F-20141,Ferrero Coll. 24 pcs (w/Hazelnut)#20148,3,LA,2024-02,2024-02-01,96.0,96.0,0.0,96.0,5419.72,5419.72,5419.72,0.0,0.0,False,none
F-20141,Ferrero Coll. 24 pcs (w/Hazelnut)#20148,3,LA,2024-03,2024-03-01,84.0,84.0,0.0,84.0,4531.1,4531.1,4531.1,0.0,0.0,False,none
F-20141,Ferrero Coll. 24 pcs (w/Hazelnut)#20148,3,LA,2024-04,2024-04-01,99.0,99.0,0.0,99.0,5086.09,5086.09,5086.09,0.0,0.0,False,none
F-20141,Ferrero Coll. 24 pcs (w/Hazelnut)#20148,3,LA,2024-05,2024-05-01,340.0,340.0,0.0,340.0,3525.34,3525.34,3525.34,0.0,0.0,False,none
F-20141,Ferrero Coll. 24 pcs (w/Hazelnut)#20148,3,LA,2024-06,2024-06-01,193.0,193.0,0.0,193.0,0.0,0.0,0.0,0.0,0.0,False,none
F-20141,Ferrero Coll. 24 pcs (w/Hazelnut)#20148,3,LA,2024-07,2024-07-01,49.0,49.0,75.5,124.5,3048.3100000000004,3048.3100000000004,7745.2,0.0,0.0,True,deep_drop_gap
F-20141,Ferrero Coll. 24 pcs (w/Hazelnut)#20148,3,LA,2024-08,2024-08-01,33.0,33.0,91.5,124.5,1890.63,1890.63,7132.83,0.0,0.0,True,deep_drop_gap
F-20141,Ferrero Coll. 24 pcs (w/Hazelnut)#20148,3,LA,2024-09,2024-09-01,56.0,56.0,96.0,152.0,3319.41,3319.41,9009.83,0.0,0.0,True,deep_drop_gap
F-20141,Ferrero Coll. 24 pcs (w/Hazelnut)#20148,3,LA,2024-10,2024-10-01,412.0,412.0,0.0,412.0,21544.86,21544.86,21544.86,0.0,0.0,False,none
F-20141,Ferrero Coll. 24 pcs (w/Hazelnut)#20148,3,LA,2024-11,2024-11-01,255.0,255.0,0.0,255.0,13668.51,13668.51,13668.51,0.0,0.0,False,none
F-20141,Ferrero Coll. 24 pcs (w/Hazelnut)#20148,3,LA,2024-12,2024-12-01,175.0,175.0,0.0,175.0,9152.460000000001,9152.460000000001,9152.46,0.0,0.0,False,none
F-20141,Ferrero Coll. 24 pcs (w/Hazelnut)#20148,3,LA,2025-01,2025-01-01,73.0,73.0,0.0,73.0,3998.7000000000003,3998.7000000000003,3998.7,0.0,0.0,False,none
F-20141,Ferrero Coll. 24 pcs (w/Hazelnut)#20148,3,LA,2025-02,2025-02-01,2.0,2.0,77.5,79.5,126.7,126.7,5036.32,0.0,0.0,True,deep_drop_gap
F-20141,Ferrero Coll. 24 pcs (w/Hazelnut)#20148,3,LA,2025-03,2025-03-01,18.0,18.0,61.5,79.5,1136.66,1136.66,5020.25,0.0,0.0,True,deep_drop_gap
F-20141,Ferrero Coll. 24 pcs (w/Hazelnut)#20148,3,LA,2025-04,2025-04-01,86.0,86.0,0.0,86.0,5476.83,5476.83,5476.83,0.0,0.0,False,none
F-20141,Ferrero Coll. 24 pcs (w/Hazelnut)#20148,3,LA,2025-05,2025-05-01,481.0,481.0,0.0,481.0,28857.51,28857.51,28857.51,0.0,0.0,False,none
F-20141,Ferrero Coll. 24 pcs (w/Hazelnut)#20148,3,LA,2025-06,2025-06-01,93.0,93.0,0.0,93.0,5851.99,5851.99,5851.99,0.0,0.0,False,none
F-20141,Ferrero Coll. 24 pcs (w/Hazelnut)#20148,3,LA,2025-07,2025-07-01,53.0,53.0,0.0,53.0,3414.46,3414.46,3414.46,0.0,0.0,False,none
F-20141,Ferrero Coll. 24 pcs (w/Hazelnut)#20148,3,LA,2025-08,2025-08-01,44.0,44.0,0.0,44.0,2842.22,2842.22,2842.22,0.0,0.0,False,none
F-20141,Ferrero Coll. 24 pcs (w/Hazelnut)#20148,3,LA,2025-09,2025-09-01,26.0,26.0,60.5,86.5,1756.83,1756.83,5844.84,0.0,0.0,True,deep_drop_gap
F-20141,Ferrero Coll. 24 pcs (w/Hazelnut)#20148,3,LA,2025-10,2025-10-01,120.0,120.0,0.0,120.0,7477.21,7477.21,7477.21,0.0,0.0,False,none
F-20141,Ferrero Coll. 24 pcs (w/Hazelnut)#20148,3,LA,2025-11,2025-11-01,221.0,217.0,0.0,217.0,13922.94,13656.880000000001,13656.88,4.0,266.0599999999995,False,none
F-20141,Ferrero Coll. 24 pcs (w/Hazelnut)#20148,3,LA,2025-12,2025-12-01,125.0,125.0,0.0,125.0,8209.42,8209.42,8209.42,0.0,0.0,False,none
F-20141,Ferrero Coll. 24 pcs (w/Hazelnut)#20148,3,LA,2026-01,2026-01-01,77.0,77.0,0.0,77.0,4992.92,4992.92,4992.92,0.0,0.0,False,none
F-20141,Ferrero Coll. 24 pcs (w/Hazelnut)#20148,3,LA,2026-02,2026-02-01,45.0,45.0,0.0,45.0,2915.0699999999997,2915.0699999999997,2915.07,0.0,0.0,False,none
F-20141,Ferrero Coll. 24 pcs (w/Hazelnut)#20148,3,LA,2026-03,2026-03-01,20.0,20.0,0.0,20.0,1404.1999999999998,1404.1999999999998,1404.2,0.0,0.0,False,none
F-20141,Ferrero Coll. 24 pcs (w/Hazelnut)#20148,3,LA,2026-04,2026-04-01,14.0,14.0,0.0,14.0,994.56,994.56,994.56,0.0,0.0,False,none
F-76010,Kjeldsens 1 lb Danish Cookie(#98838),1,SF,2023-01,2023-01-01,105.0,105.0,0.0,105.0,6930.47,6930.47,6930.47,0.0,0.0,False,none
F-76010,Kjeldsens 1 lb Danish Cookie(#98838),1,SF,2023-02,2023-02-01,38.0,38.0,0.0,38.0,2688.7,2688.7,2688.7,0.0,0.0,False,none
F-76010,Kjeldsens 1 lb Danish Cookie(#98838),1,SF,2023-03,2023-03-01,27.0,27.0,0.0,27.0,1928.1299999999999,1928.1299999999999,1928.13,0.0,0.0,False,none
F-76010,Kjeldsens 1 lb Danish Cookie(#98838),1,SF,2023-04,2023-04-01,35.0,35.0,0.0,35.0,2547.64,2547.64,2547.64,0.0,0.0,False,none
F-76010,Kjeldsens 1 lb Danish Cookie(#98838),1,SF,2023-05,2023-05-01,78.0,78.0,0.0,78.0,5191.4,5191.4,5191.4,0.0,0.0,False,none
F-76010,Kjeldsens 1 lb Danish Cookie(#98838),1,SF,2023-06,2023-06-01,24.0,24.0,0.0,24.0,1771.06,1771.06,1771.06,0.0,0.0,False,none
F-76010,Kjeldsens 1 lb Danish Cookie(#98838),1,SF,2023-07,2023-07-01,63.0,63.0,0.0,63.0,3862.5600000000004,3862.5600000000004,3862.56,0.0,0.0,False,none
F-76010,Kjeldsens 1 lb Danish Cookie(#98838),1,SF,2023-08,2023-08-01,41.0,41.0,0.0,41.0,2926.8,2926.8,2926.8,0.0,0.0,False,none
F-76010,Kjeldsens 1 lb Danish Cookie(#98838),1,SF,2023-09,2023-09-01,28.0,28.0,0.0,28.0,2080.84,2080.84,2080.84,0.0,0.0,False,none
F-76010,Kjeldsens 1 lb Danish Cookie(#98838),1,SF,2023-10,2023-10-01,55.0,55.0,0.0,55.0,3667.1000000000004,3667.1000000000004,3667.1,0.0,0.0,False,none
F-76010,Kjeldsens 1 lb Danish Cookie(#98838),1,SF,2023-11,2023-11-01,139.0,139.0,0.0,139.0,9403.74,9403.74,9403.74,0.0,0.0,False,none
F-76010,Kjeldsens 1 lb Danish Cookie(#98838),1,SF,2023-12,2023-12-01,81.0,81.0,0.0,81.0,5499.110000000001,5499.110000000001,5499.11,0.0,0.0,False,none
F-76010,Kjeldsens 1 lb Danish Cookie(#98838),1,SF,2024-01,2024-01-01,104.0,104.0,0.0,104.0,7025.450000000001,7025.450000000001,7025.45,0.0,0.0,False,none
F-76010,Kjeldsens 1 lb Danish Cookie(#98838),1,SF,2024-02,2024-02-01,88.0,88.0,0.0,88.0,3834.83,3834.83,3834.83,0.0,0.0,False,none
F-76010,Kjeldsens 1 lb Danish Cookie(#98838),1,SF,2024-03,2024-03-01,38.0,38.0,0.0,38.0,2759.15,2759.15,2759.15,0.0,0.0,False,none
F-76010,Kjeldsens 1 lb Danish Cookie(#98838),1,SF,2024-04,2024-04-01,25.0,25.0,0.0,25.0,1792.44,1792.44,1792.44,0.0,0.0,False,none
F-76010,Kjeldsens 1 lb Danish Cookie(#98838),1,SF,2024-05,2024-05-01,38.0,38.0,0.0,38.0,2779.54,2779.54,2779.54,0.0,0.0,False,none
F-76010,Kjeldsens 1 lb Danish Cookie(#98838),1,SF,2024-06,2024-06-01,37.0,37.0,0.0,37.0,2680.18,2680.18,2680.18,0.0,0.0,False,none
F-76010,Kjeldsens 1 lb Danish Cookie(#98838),1,SF,2024-07,2024-07-01,30.0,30.0,0.0,30.0,2189.86,2189.86,2189.86,0.0,0.0,False,none
F-76010,Kjeldsens 1 lb Danish Cookie(#98838),1,SF,2024-08,2024-08-01,25.0,25.0,0.0,25.0,1820.19,1820.19,1820.19,0.0,0.0,False,none
F-76010,Kjeldsens 1 lb Danish Cookie(#98838),1,SF,2024-09,2024-09-01,66.0,66.0,0.0,66.0,4518.52,4518.52,4518.52,0.0,0.0,False,none
F-76010,Kjeldsens 1 lb Danish Cookie(#98838),1,SF,2024-10,2024-10-01,240.0,240.0,0.0,240.0,15192.85,15192.85,15192.85,0.0,0.0,False,none
F-76010,Kjeldsens 1 lb Danish Cookie(#98838),1,SF,2024-11,2024-11-01,48.0,48.0,0.0,48.0,3251.6899999999996,3251.6899999999996,3251.69,0.0,0.0,False,none
F-76010,Kjeldsens 1 lb Danish Cookie(#98838),1,SF,2024-12,2024-12-01,95.0,95.0,0.0,95.0,6379.38,6379.38,6379.38,0.0,0.0,False,none
F-76010,Kjeldsens 1 lb Danish Cookie(#98838),1,SF,2025-01,2025-01-01,78.0,78.0,0.0,78.0,5508.8,5508.8,5508.8,0.0,0.0,False,none
F-76010,Kjeldsens 1 lb Danish Cookie(#98838),1,SF,2025-02,2025-02-01,42.0,42.0,0.0,42.0,3098.87,3098.87,3098.87,0.0,0.0,False,none
F-76010,Kjeldsens 1 lb Danish Cookie(#98838),1,SF,2025-03,2025-03-01,32.0,32.0,0.0,32.0,2373.54,2373.54,2373.54,0.0,0.0,False,none
F-76010,Kjeldsens 1 lb Danish Cookie(#98838),1,SF,2025-04,2025-04-01,52.0,52.0,0.0,52.0,3736.6,3736.6,3736.6,0.0,0.0,False,none
F-76010,Kjeldsens 1 lb Danish Cookie(#98838),1,SF,2025-05,2025-05-01,48.0,48.0,0.0,48.0,3480.33,3480.33,3480.33,0.0,0.0,False,none
F-76010,Kjeldsens 1 lb Danish Cookie(#98838),1,SF,2025-06,2025-06-01,41.0,41.0,0.0,41.0,3020.87,3020.87,3020.87,0.0,0.0,False,none
F-76010,Kjeldsens 1 lb Danish Cookie(#98838),1,SF,2025-07,2025-07-01,40.0,40.0,0.0,40.0,2892.98,2892.98,2892.98,0.0,0.0,False,none
F-76010,Kjeldsens 1 lb Danish Cookie(#98838),1,SF,2025-08,2025-08-01,34.0,34.0,0.0,34.0,2587.37,2587.37,2587.37,0.0,0.0,False,none
F-76010,Kjeldsens 1 lb Danish Cookie(#98838),1,SF,2025-09,2025-09-01,38.0,38.0,0.0,38.0,2867.16,2867.16,2867.16,0.0,0.0,False,none
F-76010,Kjeldsens 1 lb Danish Cookie(#98838),1,SF,2025-10,2025-10-01,91.0,91.0,0.0,91.0,5456.28,5456.28,5456.28,0.0,0.0,False,none
F-76010,Kjeldsens 1 lb Danish Cookie(#98838),1,SF,2025-11,2025-11-01,237.0,237.0,0.0,237.0,10257.75,10257.75,10257.75,0.0,0.0,False,none
F-76010,Kjeldsens 1 lb Danish Cookie(#98838),1,SF,2025-12,2025-12-01,298.0,295.0,0.0,295.0,17340.83,17120.79,17120.79,3.0,220.04000000000087,False,none
F-76010,Kjeldsens 1 lb Danish Cookie(#98838),1,SF,2026-01,2026-01-01,70.0,70.0,0.0,70.0,4958.530000000001,4958.530000000001,4958.53,0.0,0.0,False,none
F-76010,Kjeldsens 1 lb Danish Cookie(#98838),1,SF,2026-02,2026-02-01,51.0,51.0,0.0,51.0,3752.5,3752.5,3752.5,0.0,0.0,False,none
F-76010,Kjeldsens 1 lb Danish Cookie(#98838),1,SF,2026-03,2026-03-01,48.0,48.0,0.0,48.0,3521.7999999999997,3521.7999999999997,3521.8,0.0,0.0,False,none
F-76010,Kjeldsens 1 lb Danish Cookie(#98838),1,SF,2026-04,2026-04-01,8.0,8.0,0.0,8.0,598.1800000000001,598.1800000000001,598.18,0.0,0.0,False,none
F-76010,Kjeldsens 1 lb Danish Cookie(#98838),2,NJ,2023-01,2023-01-01,214.0,214.0,0.0,214.0,12855.75,12855.75,12855.75,0.0,0.0,False,none
F-76010,Kjeldsens 1 lb Danish Cookie(#98838),2,NJ,2023-02,2023-02-01,162.0,162.0,0.0,162.0,10015.42,10015.42,10015.42,0.0,0.0,False,none
F-76010,Kjeldsens 1 lb Danish Cookie(#98838),2,NJ,2023-03,2023-03-01,127.0,127.0,0.0,127.0,7931.360000000001,7931.360000000001,7931.36,0.0,0.0,False,none
F-76010,Kjeldsens 1 lb Danish Cookie(#98838),2,NJ,2023-04,2023-04-01,123.0,123.0,0.0,123.0,7757.13,7757.13,7757.13,0.0,0.0,False,none
F-76010,Kjeldsens 1 lb Danish Cookie(#98838),2,NJ,2023-05,2023-05-01,213.0,213.0,0.0,213.0,13032.9,13032.9,13032.9,0.0,0.0,False,none
F-76010,Kjeldsens 1 lb Danish Cookie(#98838),2,NJ,2023-06,2023-06-01,182.0,182.0,0.0,182.0,4627.24,4627.24,4627.24,0.0,0.0,False,none
F-76010,Kjeldsens 1 lb Danish Cookie(#98838),2,NJ,2023-07,2023-07-01,106.0,106.0,0.0,106.0,6694.290000000001,6694.290000000001,6694.29,0.0,0.0,False,none
F-76010,Kjeldsens 1 lb Danish Cookie(#98838),2,NJ,2023-08,2023-08-01,145.0,145.0,0.0,145.0,9110.1,9110.1,9110.1,0.0,0.0,False,none
F-76010,Kjeldsens 1 lb Danish Cookie(#98838),2,NJ,2023-09,2023-09-01,237.0,237.0,0.0,237.0,14661.849999999999,14661.849999999999,14661.85,0.0,0.0,False,none
F-76010,Kjeldsens 1 lb Danish Cookie(#98838),2,NJ,2023-10,2023-10-01,305.0,305.0,0.0,305.0,19146.45,19146.45,19146.45,0.0,0.0,False,none
F-76010,Kjeldsens 1 lb Danish Cookie(#98838),2,NJ,2023-11,2023-11-01,227.0,227.0,0.0,227.0,14587.2,14587.2,14587.2,0.0,0.0,False,none
F-76010,Kjeldsens 1 lb Danish Cookie(#98838),2,NJ,2023-12,2023-12-01,170.0,170.0,0.0,170.0,10690.36,10690.36,10690.36,0.0,0.0,False,none
F-76010,Kjeldsens 1 lb Danish Cookie(#98838),2,NJ,2024-01,2024-01-01,261.0,261.0,0.0,261.0,16598.5,16598.5,16598.5,0.0,0.0,False,none
F-76010,Kjeldsens 1 lb Danish Cookie(#98838),2,NJ,2024-02,2024-02-01,242.0,242.0,0.0,242.0,14399.1,14399.1,14399.1,0.0,0.0,False,none
F-76010,Kjeldsens 1 lb Danish Cookie(#98838),2,NJ,2024-03,2024-03-01,131.0,131.0,0.0,131.0,8266.67,8266.67,8266.67,0.0,0.0,False,none
F-76010,Kjeldsens 1 lb Danish Cookie(#98838),2,NJ,2024-04,2024-04-01,66.0,66.0,0.0,66.0,4500.46,4500.46,4500.46,0.0,0.0,False,none
F-76010,Kjeldsens 1 lb Danish Cookie(#98838),2,NJ,2024-05,2024-05-01,178.0,178.0,0.0,178.0,11627.11,11627.11,11627.11,0.0,0.0,False,none
F-76010,Kjeldsens 1 lb Danish Cookie(#98838),2,NJ,2024-06,2024-06-01,60.0,60.0,106.0,166.0,4069.8,4069.8,11259.78,0.0,0.0,True,deep_drop_gap
F-76010,Kjeldsens 1 lb Danish Cookie(#98838),2,NJ,2024-07,2024-07-01,166.0,166.0,0.0,166.0,10379.52,10379.52,10379.52,0.0,0.0,False,none
F-76010,Kjeldsens 1 lb Danish Cookie(#98838),2,NJ,2024-08,2024-08-01,166.0,166.0,0.0,166.0,10555.130000000001,10555.130000000001,10555.13,0.0,0.0,False,none
F-76010,Kjeldsens 1 lb Danish Cookie(#98838),2,NJ,2024-09,2024-09-01,190.0,190.0,0.0,190.0,12006.35,12006.35,12006.35,0.0,0.0,False,none
F-76010,Kjeldsens 1 lb Danish Cookie(#98838),2,NJ,2024-10,2024-10-01,230.0,230.0,0.0,230.0,14663.06,14663.06,14663.06,0.0,0.0,False,none
F-76010,Kjeldsens 1 lb Danish Cookie(#98838),2,NJ,2024-11,2024-11-01,445.0,445.0,0.0,445.0,27917.89,27917.89,27917.89,0.0,0.0,False,none
F-76010,Kjeldsens 1 lb Danish Cookie(#98838),2,NJ,2024-12,2024-12-01,478.0,478.0,0.0,478.0,29363.66,29363.66,29363.66,0.0,0.0,False,none
F-76010,Kjeldsens 1 lb Danish Cookie(#98838),2,NJ,2025-01,2025-01-01,148.0,148.0,0.0,148.0,8844.22,8844.22,8844.22,0.0,0.0,False,none
F-76010,Kjeldsens 1 lb Danish Cookie(#98838),2,NJ,2025-02,2025-02-01,73.0,73.0,112.0,185.0,4577.150000000001,4577.150000000001,11599.63,0.0,0.0,True,deep_drop_gap
F-76010,Kjeldsens 1 lb Danish Cookie(#98838),2,NJ,2025-03,2025-03-01,222.0,222.0,0.0,222.0,13779.57,13779.57,13779.57,0.0,0.0,False,none
F-76010,Kjeldsens 1 lb Danish Cookie(#98838),2,NJ,2025-04,2025-04-01,78.0,78.0,0.0,78.0,5449.9,5449.9,5449.9,0.0,0.0,False,none
F-76010,Kjeldsens 1 lb Danish Cookie(#98838),2,NJ,2025-05,2025-05-01,54.0,54.0,0.0,54.0,3964.31,3964.31,3964.31,0.0,0.0,False,none
F-76010,Kjeldsens 1 lb Danish Cookie(#98838),2,NJ,2025-06,2025-06-01,58.0,58.0,0.0,58.0,3256.8999999999996,3256.8999999999996,3256.9,0.0,0.0,False,none
F-76010,Kjeldsens 1 lb Danish Cookie(#98838),2,NJ,2025-07,2025-07-01,87.0,87.0,0.0,87.0,5853.64,5853.64,5853.64,0.0,0.0,False,none
F-76010,Kjeldsens 1 lb Danish Cookie(#98838),2,NJ,2025-08,2025-08-01,131.0,131.0,0.0,131.0,8511.29,8511.29,8511.29,0.0,0.0,False,none
F-76010,Kjeldsens 1 lb Danish Cookie(#98838),2,NJ,2025-09,2025-09-01,251.0,251.0,0.0,251.0,16096.720000000001,16096.720000000001,16096.72,0.0,0.0,False,none
F-76010,Kjeldsens 1 lb Danish Cookie(#98838),2,NJ,2025-10,2025-10-01,212.0,212.0,0.0,212.0,13647.12,13647.12,13647.12,0.0,0.0,False,none
F-76010,Kjeldsens 1 lb Danish Cookie(#98838),2,NJ,2025-11,2025-11-01,305.0,293.0,0.0,293.0,19201.98,18432.89,18432.89,12.0,769.0900000000001,False,none
F-76010,Kjeldsens 1 lb Danish Cookie(#98838),2,NJ,2025-12,2025-12-01,291.0,291.0,0.0,291.0,18734.14,18734.14,18734.14,0.0,0.0,False,none
F-76010,Kjeldsens 1 lb Danish Cookie(#98838),2,NJ,2026-01,2026-01-01,229.0,229.0,0.0,229.0,15041.34,15041.34,15041.34,0.0,0.0,False,none
F-76010,Kjeldsens 1 lb Danish Cookie(#98838),2,NJ,2026-02,2026-02-01,214.0,214.0,0.0,214.0,13976.01,13976.01,13976.01,0.0,0.0,False,none
F-76010,Kjeldsens 1 lb Danish Cookie(#98838),2,NJ,2026-03,2026-03-01,81.0,81.0,133.0,214.0,5498.3,5498.3,14526.37,0.0,0.0,True,deep_drop_gap
F-76010,Kjeldsens 1 lb Danish Cookie(#98838),2,NJ,2026-04,2026-04-01,32.0,32.0,0.0,32.0,2151.32,2151.32,2151.32,0.0,0.0,False,none
F-76010,Kjeldsens 1 lb Danish Cookie(#98838),3,LA,2023-01,2023-01-01,314.0,314.0,0.0,314.0,17679.11,17679.11,17679.11,0.0,0.0,False,none
F-76010,Kjeldsens 1 lb Danish Cookie(#98838),3,LA,2023-02,2023-02-01,46.0,46.0,0.0,46.0,2998.9700000000003,2998.9700000000003,2998.97,0.0,0.0,False,none
F-76010,Kjeldsens 1 lb Danish Cookie(#98838),3,LA,2023-03,2023-03-01,90.0,90.0,0.0,90.0,5647.54,5647.54,5647.54,0.0,0.0,False,none
F-76010,Kjeldsens 1 lb Danish Cookie(#98838),3,LA,2023-04,2023-04-01,92.0,92.0,0.0,92.0,6243.36,6243.36,6243.36,0.0,0.0,False,none
F-76010,Kjeldsens 1 lb Danish Cookie(#98838),3,LA,2023-05,2023-05-01,98.0,98.0,0.0,98.0,6233.96,6233.96,6233.96,0.0,0.0,False,none
F-76010,Kjeldsens 1 lb Danish Cookie(#98838),3,LA,2023-06,2023-06-01,63.0,63.0,0.0,63.0,4424.8,4424.8,4424.8,0.0,0.0,False,none
F-76010,Kjeldsens 1 lb Danish Cookie(#98838),3,LA,2023-07,2023-07-01,36.0,36.0,0.0,36.0,2561.69,2561.69,2561.69,0.0,0.0,False,none
F-76010,Kjeldsens 1 lb Danish Cookie(#98838),3,LA,2023-08,2023-08-01,77.0,77.0,0.0,77.0,5007.07,5007.07,5007.07,0.0,0.0,False,none
F-76010,Kjeldsens 1 lb Danish Cookie(#98838),3,LA,2023-09,2023-09-01,224.0,224.0,0.0,224.0,14147.300000000001,14147.300000000001,14147.3,0.0,0.0,False,none
F-76010,Kjeldsens 1 lb Danish Cookie(#98838),3,LA,2023-10,2023-10-01,100.0,100.0,0.0,100.0,6523.79,6523.79,6523.79,0.0,0.0,False,none
F-76010,Kjeldsens 1 lb Danish Cookie(#98838),3,LA,2023-11,2023-11-01,304.0,304.0,0.0,304.0,20553.82,20553.82,20553.82,0.0,0.0,False,none
F-76010,Kjeldsens 1 lb Danish Cookie(#98838),3,LA,2023-12,2023-12-01,244.0,244.0,0.0,244.0,15854.6,15854.6,15854.6,0.0,0.0,False,none
F-76010,Kjeldsens 1 lb Danish Cookie(#98838),3,LA,2024-01,2024-01-01,137.0,137.0,0.0,137.0,8580.61,8580.61,8580.61,0.0,0.0,False,none
F-76010,Kjeldsens 1 lb Danish Cookie(#98838),3,LA,2024-02,2024-02-01,86.0,86.0,0.0,86.0,5855.29,5855.29,5855.29,0.0,0.0,False,none
F-76010,Kjeldsens 1 lb Danish Cookie(#98838),3,LA,2024-03,2024-03-01,109.0,109.0,0.0,109.0,7491.4400000000005,7491.4400000000005,7491.44,0.0,0.0,False,none
F-76010,Kjeldsens 1 lb Danish Cookie(#98838),3,LA,2024-04,2024-04-01,127.0,127.0,0.0,127.0,8028.610000000001,8028.610000000001,8028.61,0.0,0.0,False,none
F-76010,Kjeldsens 1 lb Danish Cookie(#98838),3,LA,2024-05,2024-05-01,131.0,131.0,0.0,131.0,8510.04,8510.04,8510.04,0.0,0.0,False,none
F-76010,Kjeldsens 1 lb Danish Cookie(#98838),3,LA,2024-06,2024-06-01,45.0,45.0,92.5,137.5,3254.53,3254.53,9944.4,0.0,0.0,True,deep_drop_gap
F-76010,Kjeldsens 1 lb Danish Cookie(#98838),3,LA,2024-07,2024-07-01,144.0,144.0,0.0,144.0,9246.75,9246.75,9246.75,0.0,0.0,False,none
F-76010,Kjeldsens 1 lb Danish Cookie(#98838),3,LA,2024-08,2024-08-01,183.0,183.0,0.0,183.0,11253.62,11253.62,11253.62,0.0,0.0,False,none
F-76010,Kjeldsens 1 lb Danish Cookie(#98838),3,LA,2024-09,2024-09-01,216.0,216.0,0.0,216.0,13407.189999999999,13407.189999999999,13407.19,0.0,0.0,False,none
F-76010,Kjeldsens 1 lb Danish Cookie(#98838),3,LA,2024-10,2024-10-01,546.0,546.0,0.0,546.0,34347.409999999996,34347.409999999996,34347.41,0.0,0.0,False,none
F-76010,Kjeldsens 1 lb Danish Cookie(#98838),3,LA,2024-11,2024-11-01,302.0,302.0,0.0,302.0,19021.17,19021.17,19021.17,0.0,0.0,False,none
F-76010,Kjeldsens 1 lb Danish Cookie(#98838),3,LA,2024-12,2024-12-01,482.0,482.0,0.0,482.0,29436.54,29436.54,29436.54,0.0,0.0,False,none
F-76010,Kjeldsens 1 lb Danish Cookie(#98838),3,LA,2025-01,2025-01-01,0.0,0.0,218.5,218.5,0.0,0.0,13344.16,0.0,0.0,True,zero_sales_gap
F-76010,Kjeldsens 1 lb Danish Cookie(#98838),3,LA,2025-02,2025-02-01,105.0,105.0,0.0,105.0,6892.5,6892.5,6892.5,0.0,0.0,False,none
F-76010,Kjeldsens 1 lb Danish Cookie(#98838),3,LA,2025-03,2025-03-01,135.0,135.0,0.0,135.0,8727.64,8727.64,8727.64,0.0,0.0,False,none
F-76010,Kjeldsens 1 lb Danish Cookie(#98838),3,LA,2025-04,2025-04-01,78.0,78.0,0.0,78.0,5348.4400000000005,5348.4400000000005,5348.44,0.0,0.0,False,none
F-76010,Kjeldsens 1 lb Danish Cookie(#98838),3,LA,2025-05,2025-05-01,231.0,231.0,0.0,231.0,12789.390000000001,12789.390000000001,12789.39,0.0,0.0,False,none
F-76010,Kjeldsens 1 lb Danish Cookie(#98838),3,LA,2025-06,2025-06-01,84.0,84.0,0.0,84.0,5593.23,5593.23,5593.23,0.0,0.0,False,none
F-76010,Kjeldsens 1 lb Danish Cookie(#98838),3,LA,2025-07,2025-07-01,93.0,93.0,0.0,93.0,6410.18,6410.18,6410.18,0.0,0.0,False,none
F-76010,Kjeldsens 1 lb Danish Cookie(#98838),3,LA,2025-08,2025-08-01,101.0,101.0,0.0,101.0,6741.63,6741.63,6741.63,0.0,0.0,False,none
F-76010,Kjeldsens 1 lb Danish Cookie(#98838),3,LA,2025-09,2025-09-01,220.0,220.0,0.0,220.0,14104.93,14104.93,14104.93,0.0,0.0,False,none
F-76010,Kjeldsens 1 lb Danish Cookie(#98838),3,LA,2025-10,2025-10-01,149.0,149.0,0.0,149.0,9263.52,9263.52,9263.52,0.0,0.0,False,none
F-76010,Kjeldsens 1 lb Danish Cookie(#98838),3,LA,2025-11,2025-11-01,791.0,754.0,0.0,754.0,48529.8,46356.05,46356.05,37.0,2173.75,False,none
F-76010,Kjeldsens 1 lb Danish Cookie(#98838),3,LA,2025-12,2025-12-01,189.0,189.0,0.0,189.0,12871.019999999999,12871.019999999999,12871.02,0.0,0.0,False,none
F-76010,Kjeldsens 1 lb Danish Cookie(#98838),3,LA,2026-01,2026-01-01,259.0,259.0,0.0,259.0,16512.49,16512.49,16512.49,0.0,0.0,False,none
F-76010,Kjeldsens 1 lb Danish Cookie(#98838),3,LA,2026-02,2026-02-01,91.0,91.0,0.0,91.0,6164.99,6164.99,6164.99,0.0,0.0,False,none
F-76010,Kjeldsens 1 lb Danish Cookie(#98838),3,LA,2026-03,2026-03-01,134.0,134.0,0.0,134.0,9025.06,9025.06,9025.06,0.0,0.0,False,none
F-76010,Kjeldsens 1 lb Danish Cookie(#98838),3,LA,2026-04,2026-04-01,22.0,22.0,0.0,22.0,1581.71,1581.71,1581.71,0.0,0.0,False,none
F-97000,MX Eggrolls (32pcs),2,NJ,2023-10,2023-10-01,8.0,8.0,0.0,8.0,186.65,186.65,186.65,0.0,0.0,False,none
F-97000,MX Eggrolls (32pcs),2,NJ,2023-11,2023-11-01,551.0,551.0,0.0,551.0,79290.02,79290.02,79290.02,0.0,0.0,False,none
F-97000,MX Eggrolls (32pcs),2,NJ,2023-12,2023-12-01,251.0,251.0,0.0,251.0,23537.51,23537.51,23537.51,0.0,0.0,False,none
F-97000,MX Eggrolls (32pcs),2,NJ,2024-01,2024-01-01,592.0,592.0,0.0,592.0,88739.01,88739.01,88739.01,0.0,0.0,False,none
F-97000,MX Eggrolls (32pcs),2,NJ,2024-02,2024-02-01,96.0,96.0,0.0,96.0,15076.0,15076.0,15076.0,0.0,0.0,False,none
F-97000,MX Eggrolls (32pcs),2,NJ,2024-03,2024-03-01,0.0,0.0,96.0,96.0,0.0,0.0,15076.0,0.0,0.0,True,zero_sales_gap
F-97000,MX Eggrolls (32pcs),2,NJ,2024-04,2024-04-01,1.0,1.0,0.0,1.0,96.19,96.19,96.19,0.0,0.0,False,none
F-97000,MX Eggrolls (32pcs),2,NJ,2024-05,2024-05-01,0.0,0.0,3.0,3.0,0.0,0.0,288.57,0.0,0.0,True,zero_sales_gap
F-97000,MX Eggrolls (32pcs),2,NJ,2024-06,2024-06-01,3.0,3.0,0.0,3.0,618.34,618.34,618.34,0.0,0.0,False,none
F-97000,MX Eggrolls (32pcs),2,NJ,2024-07,2024-07-01,66.0,66.0,0.0,66.0,12778.970000000001,12778.970000000001,12778.97,0.0,0.0,False,none
F-97000,MX Eggrolls (32pcs),2,NJ,2024-08,2024-08-01,32.0,32.0,71.0,103.0,6320.78,6320.78,20345.01,0.0,0.0,True,deep_drop_gap
F-97000,MX Eggrolls (32pcs),2,NJ,2024-09,2024-09-01,203.0,203.0,0.0,203.0,32840.61,32840.61,32840.61,0.0,0.0,False,none
F-97000,MX Eggrolls (32pcs),2,NJ,2024-10,2024-10-01,140.0,140.0,0.0,140.0,21847.940000000002,21847.940000000002,21847.94,0.0,0.0,False,none
F-97000,MX Eggrolls (32pcs),2,NJ,2024-11,2024-11-01,555.0,555.0,0.0,555.0,86306.31,86306.31,86306.31,0.0,0.0,False,none
F-97000,MX Eggrolls (32pcs),2,NJ,2024-12,2024-12-01,240.0,240.0,0.0,240.0,40698.04,40698.04,40698.04,0.0,0.0,False,none
F-97000,MX Eggrolls (32pcs),2,NJ,2025-01,2025-01-01,530.0,530.0,0.0,530.0,83401.76000000001,83401.76000000001,83401.76,0.0,0.0,False,none
F-97000,MX Eggrolls (32pcs),2,NJ,2025-02,2025-02-01,414.0,414.0,0.0,414.0,63474.05,63474.05,63474.05,0.0,0.0,False,none
F-97000,MX Eggrolls (32pcs),2,NJ,2025-03,2025-03-01,288.0,288.0,0.0,288.0,45330.18000000001,45330.18000000001,45330.18,0.0,0.0,False,none
F-97000,MX Eggrolls (32pcs),2,NJ,2025-04,2025-04-01,139.0,139.0,0.0,139.0,24870.94,24870.94,24870.94,0.0,0.0,False,none
F-97000,MX Eggrolls (32pcs),2,NJ,2025-05,2025-05-01,67.0,67.0,202.0,269.0,11274.369999999999,11274.369999999999,45265.75,0.0,0.0,True,deep_drop_gap
F-97000,MX Eggrolls (32pcs),2,NJ,2025-06,2025-06-01,343.0,343.0,0.0,343.0,44053.19,44053.19,44053.19,0.0,0.0,False,none
F-97000,MX Eggrolls (32pcs),2,NJ,2025-07,2025-07-01,250.0,250.0,0.0,250.0,45094.02,45094.02,45094.02,0.0,0.0,False,none
F-97000,MX Eggrolls (32pcs),2,NJ,2025-08,2025-08-01,92.0,92.0,0.0,92.0,15417.23,15417.23,15417.23,0.0,0.0,False,none
F-97000,MX Eggrolls (32pcs),2,NJ,2025-09,2025-09-01,35.0,35.0,136.0,171.0,6238.35,6238.35,30478.8,0.0,0.0,True,deep_drop_gap
F-97000,MX Eggrolls (32pcs),2,NJ,2025-10,2025-10-01,59.0,59.0,120.5,179.5,8042.98,8042.98,24469.74,0.0,0.0,True,deep_drop_gap
F-97000,MX Eggrolls (32pcs),2,NJ,2025-11,2025-11-01,407.0,407.0,0.0,407.0,412.23,412.23,412.23,0.0,0.0,False,none
F-97000,MX Eggrolls (32pcs),2,NJ,2025-12,2025-12-01,267.0,267.0,0.0,267.0,51706.79000000001,51706.79000000001,51706.79,0.0,0.0,False,none
J-72402,Totole Chicken Bouillon 2.2 lbs,1,SF,2023-01,2023-01-01,978.0,978.0,0.0,978.0,86028.42,86028.42,86028.42,0.0,0.0,False,none
J-72402,Totole Chicken Bouillon 2.2 lbs,1,SF,2023-02,2023-02-01,454.0,454.0,0.0,454.0,40172.74,40172.74,40172.74,0.0,0.0,False,none
J-72402,Totole Chicken Bouillon 2.2 lbs,1,SF,2023-03,2023-03-01,1582.0,1582.0,0.0,1582.0,133708.0,133708.0,133708.0,0.0,0.0,False,none
J-72402,Totole Chicken Bouillon 2.2 lbs,1,SF,2023-04,2023-04-01,594.0,594.0,0.0,594.0,51312.6,51312.6,51312.6,0.0,0.0,False,none
J-72402,Totole Chicken Bouillon 2.2 lbs,1,SF,2023-05,2023-05-01,868.0,868.0,0.0,868.0,71974.26,71974.26,71974.26,0.0,0.0,False,none
J-72402,Totole Chicken Bouillon 2.2 lbs,1,SF,2023-06,2023-06-01,856.0,856.0,0.0,856.0,73426.46,73426.46,73426.46,0.0,0.0,False,none
J-72402,Totole Chicken Bouillon 2.2 lbs,1,SF,2023-07,2023-07-01,426.0,426.0,0.0,426.0,37122.759999999995,37122.759999999995,37122.76,0.0,0.0,False,none
J-72402,Totole Chicken Bouillon 2.2 lbs,1,SF,2023-08,2023-08-01,638.0,638.0,0.0,638.0,57020.78,57020.78,57020.78,0.0,0.0,False,none
J-72402,Totole Chicken Bouillon 2.2 lbs,1,SF,2023-09,2023-09-01,436.0,436.0,0.0,436.0,39589.94,39589.94,39589.94,0.0,0.0,False,none
J-72402,Totole Chicken Bouillon 2.2 lbs,1,SF,2023-10,2023-10-01,448.0,448.0,0.0,448.0,40393.94,40393.94,40393.94,0.0,0.0,False,none
J-72402,Totole Chicken Bouillon 2.2 lbs,1,SF,2023-11,2023-11-01,530.0,530.0,0.0,530.0,49395.78,49395.78,49395.78,0.0,0.0,False,none
J-72402,Totole Chicken Bouillon 2.2 lbs,1,SF,2023-12,2023-12-01,544.0,544.0,0.0,544.0,50270.08,50270.08,50270.08,0.0,0.0,False,none
J-72402,Totole Chicken Bouillon 2.2 lbs,1,SF,2024-01,2024-01-01,836.0,836.0,0.0,836.0,75428.78,75428.78,75428.78,0.0,0.0,False,none
J-72402,Totole Chicken Bouillon 2.2 lbs,1,SF,2024-02,2024-02-01,550.0,550.0,0.0,550.0,50646.9,50646.9,50646.9,0.0,0.0,False,none
J-72402,Totole Chicken Bouillon 2.2 lbs,1,SF,2024-03,2024-03-01,618.0,618.0,0.0,618.0,55236.9,55236.9,55236.9,0.0,0.0,False,none
J-72402,Totole Chicken Bouillon 2.2 lbs,1,SF,2024-04,2024-04-01,350.0,350.0,0.0,350.0,33359.32,33359.32,33359.32,0.0,0.0,False,none
J-72402,Totole Chicken Bouillon 2.2 lbs,1,SF,2024-05,2024-05-01,592.0,592.0,0.0,592.0,53360.18,53360.18,53360.18,0.0,0.0,False,none
J-72402,Totole Chicken Bouillon 2.2 lbs,1,SF,2024-06,2024-06-01,542.0,542.0,0.0,542.0,49101.76,49101.76,49101.76,0.0,0.0,False,none
J-72402,Totole Chicken Bouillon 2.2 lbs,1,SF,2024-07,2024-07-01,504.0,504.0,0.0,504.0,45956.28,45956.28,45956.28,0.0,0.0,False,none
J-72402,Totole Chicken Bouillon 2.2 lbs,1,SF,2024-08,2024-08-01,770.0,770.0,0.0,770.0,69250.87999999999,69250.87999999999,69250.88,0.0,0.0,False,none
J-72402,Totole Chicken Bouillon 2.2 lbs,1,SF,2024-09,2024-09-01,984.0,984.0,0.0,984.0,88060.92,88060.92,88060.92,0.0,0.0,False,none
J-72402,Totole Chicken Bouillon 2.2 lbs,1,SF,2024-10,2024-10-01,560.0,560.0,0.0,560.0,52174.44,52174.44,52174.44,0.0,0.0,False,none
J-72402,Totole Chicken Bouillon 2.2 lbs,1,SF,2024-11,2024-11-01,450.0,450.0,0.0,450.0,41506.9,41506.9,41506.9,0.0,0.0,False,none
J-72402,Totole Chicken Bouillon 2.2 lbs,1,SF,2024-12,2024-12-01,606.0,606.0,0.0,606.0,54852.54,54852.54,54852.54,0.0,0.0,False,none
J-72402,Totole Chicken Bouillon 2.2 lbs,1,SF,2025-01,2025-01-01,1154.0,1154.0,0.0,1154.0,103200.31999999999,103200.31999999999,103200.32,0.0,0.0,False,none
J-72402,Totole Chicken Bouillon 2.2 lbs,1,SF,2025-02,2025-02-01,1320.0,1320.0,0.0,1320.0,112769.9,112769.9,112769.9,0.0,0.0,False,none
J-72402,Totole Chicken Bouillon 2.2 lbs,1,SF,2025-03,2025-03-01,1378.0,1378.0,0.0,1378.0,119296.94,119296.94,119296.94,0.0,0.0,False,none
J-72402,Totole Chicken Bouillon 2.2 lbs,1,SF,2025-04,2025-04-01,1686.0,1686.0,0.0,1686.0,161916.74,161916.74,161916.74,0.0,0.0,False,none
J-72402,Totole Chicken Bouillon 2.2 lbs,1,SF,2025-05,2025-05-01,338.0,338.0,623.0,961.0,36278.52,36278.52,103146.92,0.0,0.0,True,deep_drop_gap
J-72402,Totole Chicken Bouillon 2.2 lbs,1,SF,2025-06,2025-06-01,544.0,544.0,0.0,544.0,58490.299999999996,58490.299999999996,58490.3,0.0,0.0,False,none
J-72402,Totole Chicken Bouillon 2.2 lbs,1,SF,2025-07,2025-07-01,330.0,330.0,0.0,330.0,35951.9,35951.9,35951.9,0.0,0.0,False,none
J-72402,Totole Chicken Bouillon 2.2 lbs,1,SF,2025-08,2025-08-01,1176.0,1176.0,0.0,1176.0,123648.42,123648.42,123648.42,0.0,0.0,False,none
J-72402,Totole Chicken Bouillon 2.2 lbs,1,SF,2025-09,2025-09-01,600.0,600.0,0.0,600.0,63535.14,63535.14,63535.14,0.0,0.0,False,none
J-72402,Totole Chicken Bouillon 2.2 lbs,1,SF,2025-10,2025-10-01,1042.0,1042.0,0.0,1042.0,107612.04000000001,107612.04000000001,107612.04,0.0,0.0,False,none
J-72402,Totole Chicken Bouillon 2.2 lbs,1,SF,2025-11,2025-11-01,388.0,388.0,0.0,388.0,40856.04,40856.04,40856.04,0.0,0.0,False,none
J-72402,Totole Chicken Bouillon 2.2 lbs,1,SF,2025-12,2025-12-01,1164.0,1138.0,0.0,1138.0,118905.06,116267.07999999999,116267.08,26.0,2637.9800000000105,False,none
J-72402,Totole Chicken Bouillon 2.2 lbs,1,SF,2026-01,2026-01-01,732.0,732.0,0.0,732.0,76617.0,76617.0,76617.0,0.0,0.0,False,none
J-72402,Totole Chicken Bouillon 2.2 lbs,1,SF,2026-02,2026-02-01,630.0,630.0,0.0,630.0,64130.560000000005,64130.560000000005,64130.56,0.0,0.0,False,none
J-72402,Totole Chicken Bouillon 2.2 lbs,1,SF,2026-03,2026-03-01,730.0,730.0,0.0,730.0,74353.38,74353.38,74353.38,0.0,0.0,False,none
J-72402,Totole Chicken Bouillon 2.2 lbs,1,SF,2026-04,2026-04-01,170.0,170.0,0.0,170.0,17641.82,17641.82,17641.82,0.0,0.0,False,none
J-72402,Totole Chicken Bouillon 2.2 lbs,2,NJ,2026-01,2026-01-01,152.0,152.0,0.0,152.0,16066.56,16066.56,16066.56,0.0,0.0,False,none
J-72402,Totole Chicken Bouillon 2.2 lbs,2,NJ,2026-02,2026-02-01,16.0,16.0,0.0,16.0,1834.08,1834.08,1834.08,0.0,0.0,False,none
J-72402,Totole Chicken Bouillon 2.2 lbs,2,NJ,2026-03,2026-03-01,10.0,10.0,0.0,10.0,1143.16,1143.16,1143.16,0.0,0.0,False,none
J-72402,Totole Chicken Bouillon 2.2 lbs,2,NJ,2026-04,2026-04-01,4.0,4.0,0.0,4.0,452.24,452.24,452.24,0.0,0.0,False,none
J-72402,Totole Chicken Bouillon 2.2 lbs,3,LA,2024-11,2024-11-01,12.0,12.0,0.0,12.0,1319.0,1319.0,1319.0,0.0,0.0,False,none
J-72402,Totole Chicken Bouillon 2.2 lbs,3,LA,2024-12,2024-12-01,12.0,12.0,0.0,12.0,1319.0,1319.0,1319.0,0.0,0.0,False,none
J-72402,Totole Chicken Bouillon 2.2 lbs,3,LA,2025-01,2025-01-01,0.0,0.0,12.0,12.0,0.0,0.0,1319.0,0.0,0.0,True,zero_sales_gap
J-72402,Totole Chicken Bouillon 2.2 lbs,3,LA,2025-02,2025-02-01,0.0,0.0,12.0,12.0,0.0,0.0,1319.0,0.0,0.0,True,zero_sales_gap
J-72402,Totole Chicken Bouillon 2.2 lbs,3,LA,2025-03,2025-03-01,0.0,0.0,0.0,0.0,0.0,0.0,0.0,0.0,0.0,False,none
J-72402,Totole Chicken Bouillon 2.2 lbs,3,LA,2025-04,2025-04-01,0.0,0.0,0.0,0.0,0.0,0.0,0.0,0.0,0.0,False,none
J-72402,Totole Chicken Bouillon 2.2 lbs,3,LA,2025-05,2025-05-01,0.0,0.0,0.0,0.0,0.0,0.0,0.0,0.0,0.0,False,none
J-72402,Totole Chicken Bouillon 2.2 lbs,3,LA,2025-06,2025-06-01,0.0,0.0,0.0,0.0,0.0,0.0,0.0,0.0,0.0,False,none
J-72402,Totole Chicken Bouillon 2.2 lbs,3,LA,2025-07,2025-07-01,0.0,0.0,0.0,0.0,0.0,0.0,0.0,0.0,0.0,False,none
J-72402,Totole Chicken Bouillon 2.2 lbs,3,LA,2025-08,2025-08-01,0.0,0.0,26.0,26.0,0.0,0.0,2857.83,0.0,0.0,True,zero_sales_gap
J-72402,Totole Chicken Bouillon 2.2 lbs,3,LA,2025-09,2025-09-01,0.0,0.0,14.0,14.0,0.0,0.0,1538.83,0.0,0.0,True,zero_sales_gap
J-72402,Totole Chicken Bouillon 2.2 lbs,3,LA,2025-10,2025-10-01,26.0,26.0,0.0,26.0,2374.2000000000003,2374.2000000000003,2374.2,0.0,0.0,False,none
J-72402,Totole Chicken Bouillon 2.2 lbs,3,LA,2025-11,2025-11-01,2.0,2.0,0.0,2.0,263.8,263.8,263.8,0.0,0.0,False,none
J-72402,Totole Chicken Bouillon 2.2 lbs,3,LA,2025-12,2025-12-01,0.0,0.0,16.0,16.0,0.0,0.0,2110.4,0.0,0.0,True,zero_sales_gap
J-72402,Totole Chicken Bouillon 2.2 lbs,3,LA,2026-01,2026-01-01,20.0,20.0,0.0,20.0,2110.4,2110.4,2110.4,0.0,0.0,False,none
J-72402,Totole Chicken Bouillon 2.2 lbs,3,LA,2026-02,2026-02-01,12.0,12.0,0.0,12.0,1319.0,1319.0,1319.0,0.0,0.0,False,none
J-72402,Totole Chicken Bouillon 2.2 lbs,3,LA,2026-03,2026-03-01,10.0,10.0,0.0,10.0,1055.2,1055.2,1055.2,0.0,0.0,False,none
J-72402,Totole Chicken Bouillon 2.2 lbs,3,LA,2026-04,2026-04-01,6.0,6.0,0.0,6.0,791.4000000000001,791.4000000000001,791.4,0.0,0.0,False,none
T-22010,"Tiger Balm 18g Red, Ext/St(MM)",1,SF,2023-01,2023-01-01,6592.0,6592.0,0.0,6592.0,120183.16,120183.16,120183.16,0.0,0.0,False,none
T-22010,"Tiger Balm 18g Red, Ext/St(MM)",1,SF,2023-02,2023-02-01,2125.0,2125.0,0.0,2125.0,77823.37,77823.37,77823.37,0.0,0.0,False,none
T-22010,"Tiger Balm 18g Red, Ext/St(MM)",1,SF,2023-03,2023-03-01,3471.0,3471.0,0.0,3471.0,106738.91,106738.91,106738.91,0.0,0.0,False,none
T-22010,"Tiger Balm 18g Red, Ext/St(MM)",1,SF,2023-04,2023-04-01,356.0,356.0,1006.0,1362.0,73868.52,73868.52,282609.34,0.0,0.0,True,deep_drop_gap
T-22010,"Tiger Balm 18g Red, Ext/St(MM)",1,SF,2023-05,2023-05-01,599.0,599.0,0.0,599.0,113984.28,113984.28,113984.28,0.0,0.0,False,none
T-22010,"Tiger Balm 18g Red, Ext/St(MM)",1,SF,2023-06,2023-06-01,466.0,466.0,0.0,466.0,99292.43000000001,99292.43000000001,99292.43,0.0,0.0,False,none
T-22010,"Tiger Balm 18g Red, Ext/St(MM)",1,SF,2023-07,2023-07-01,503.0,503.0,0.0,503.0,82723.81999999999,82723.81999999999,82723.82,0.0,0.0,False,none
T-22010,"Tiger Balm 18g Red, Ext/St(MM)",1,SF,2023-08,2023-08-01,612.0,612.0,0.0,612.0,128164.86,128164.86,128164.86,0.0,0.0,False,none
T-22010,"Tiger Balm 18g Red, Ext/St(MM)",1,SF,2023-09,2023-09-01,595.0,573.0,0.0,573.0,94664.83,87818.47,87818.47,22.0,6846.360000000001,False,none
T-22010,"Tiger Balm 18g Red, Ext/St(MM)",1,SF,2023-10,2023-10-01,631.0,311.0,0.0,311.0,142314.00999999998,50775.630000000005,50775.63,320.0,91538.37999999998,False,none
T-22010,"Tiger Balm 18g Red, Ext/St(MM)",1,SF,2023-11,2023-11-01,561.0,538.0,0.0,538.0,127220.14,121008.61,121008.61,23.0,6211.529999999999,False,none
T-22010,"Tiger Balm 18g Red, Ext/St(MM)",1,SF,2023-12,2023-12-01,644.0,498.0,0.0,498.0,145018.48,103984.28,103984.28,146.0,41034.20000000001,False,none
T-22010,"Tiger Balm 18g Red, Ext/St(MM)",1,SF,2024-01,2024-01-01,589.0,415.0,0.0,415.0,134068.77,87721.28,87721.28,174.0,46347.48999999999,False,none
T-22010,"Tiger Balm 18g Red, Ext/St(MM)",1,SF,2024-02,2024-02-01,492.0,479.0,0.0,479.0,108447.26000000001,104205.55,104205.55,13.0,4241.710000000006,False,none
T-22010,"Tiger Balm 18g Red, Ext/St(MM)",1,SF,2024-03,2024-03-01,808.0,808.0,0.0,808.0,118022.46,118022.46,118022.46,0.0,0.0,False,none
T-22010,"Tiger Balm 18g Red, Ext/St(MM)",1,SF,2024-04,2024-04-01,619.0,465.0,0.0,465.0,123884.46,81682.46,81682.46,154.0,42202.0,False,none
T-22010,"Tiger Balm 18g Red, Ext/St(MM)",1,SF,2024-05,2024-05-01,702.0,293.0,0.0,293.0,127173.13,57780.69,57780.69,409.0,69392.44,False,none
T-22010,"Tiger Balm 18g Red, Ext/St(MM)",1,SF,2024-06,2024-06-01,961.0,951.0,0.0,951.0,114124.67,110888.55,110888.55,10.0,3236.1199999999953,False,none
T-22010,"Tiger Balm 18g Red, Ext/St(MM)",1,SF,2024-07,2024-07-01,675.0,644.0,0.0,644.0,158696.71,150373.84,150373.84,31.0,8322.869999999995,False,none
T-22010,"Tiger Balm 18g Red, Ext/St(MM)",1,SF,2024-08,2024-08-01,805.0,610.0,0.0,610.0,169358.22999999998,115929.98999999999,115929.99,195.0,53428.23999999999,False,none
T-22010,"Tiger Balm 18g Red, Ext/St(MM)",1,SF,2024-09,2024-09-01,607.0,523.0,0.0,523.0,131791.0,108069.66,108069.66,84.0,23721.339999999997,False,none
T-22010,"Tiger Balm 18g Red, Ext/St(MM)",1,SF,2024-10,2024-10-01,1005.0,549.0,0.0,549.0,210450.1,82927.0,82927.0,456.0,127523.1,False,none
T-22010,"Tiger Balm 18g Red, Ext/St(MM)",1,SF,2024-11,2024-11-01,496.0,365.0,0.0,365.0,112304.5,76929.79999999999,76929.8,131.0,35374.70000000001,False,none
T-22010,"Tiger Balm 18g Red, Ext/St(MM)",1,SF,2024-12,2024-12-01,693.0,498.0,0.0,498.0,142250.28,88853.38,88853.38,195.0,53396.899999999994,False,none
T-22010,"Tiger Balm 18g Red, Ext/St(MM)",1,SF,2025-01,2025-01-01,1362.0,1036.0,0.0,1036.0,152875.53,84385.44,84385.44,326.0,68490.09,False,none
T-22010,"Tiger Balm 18g Red, Ext/St(MM)",1,SF,2025-02,2025-02-01,2283.0,2020.0,0.0,2020.0,185132.02000000002,112721.24,112721.24,263.0,72410.78000000001,False,none
T-22010,"Tiger Balm 18g Red, Ext/St(MM)",1,SF,2025-03,2025-03-01,778.0,589.0,0.0,589.0,181896.47,128612.22,128612.22,189.0,53284.25,False,none
T-22010,"Tiger Balm 18g Red, Ext/St(MM)",1,SF,2025-04,2025-04-01,1066.0,559.0,0.0,559.0,153954.26,103537.81,103537.81,507.0,50416.45000000001,False,none
T-22010,"Tiger Balm 18g Red, Ext/St(MM)",1,SF,2025-05,2025-05-01,1396.0,642.0,0.0,642.0,159059.97999999998,108032.69999999998,108032.7,754.0,51027.28,False,none
T-22010,"Tiger Balm 18g Red, Ext/St(MM)",1,SF,2025-06,2025-06-01,1772.0,564.0,0.0,564.0,163382.05,121905.51,121905.51,1208.0,41476.53999999999,False,none
T-22010,"Tiger Balm 18g Red, Ext/St(MM)",1,SF,2025-07,2025-07-01,2980.0,340.0,0.0,340.0,125006.06,47489.81,47489.81,2640.0,77516.25,False,none
T-22010,"Tiger Balm 18g Red, Ext/St(MM)",1,SF,2025-08,2025-08-01,8387.0,6474.0,0.0,6474.0,241132.62999999998,181910.78,181910.78,1913.0,59221.84999999998,False,none
T-22010,"Tiger Balm 18g Red, Ext/St(MM)",1,SF,2025-09,2025-09-01,808.0,627.0,0.0,627.0,207358.67,151073.66,151073.66,181.0,56285.01000000001,False,none
T-22010,"Tiger Balm 18g Red, Ext/St(MM)",1,SF,2025-10,2025-10-01,523.0,440.0,0.0,440.0,143087.05,112919.13999999998,112919.14,83.0,30167.910000000003,False,none
T-22010,"Tiger Balm 18g Red, Ext/St(MM)",1,SF,2025-11,2025-11-01,577.0,434.0,0.0,434.0,153799.06999999998,108614.20999999999,108614.21,143.0,45184.859999999986,False,none
T-22010,"Tiger Balm 18g Red, Ext/St(MM)",1,SF,2025-12,2025-12-01,942.0,708.0,0.0,708.0,159635.68,83675.86,83675.86,234.0,75959.81999999999,False,none
T-22010,"Tiger Balm 18g Red, Ext/St(MM)",2,NJ,2023-01,2023-01-01,6669.0,6669.0,0.0,6669.0,337385.43999999994,337385.43999999994,337385.44,0.0,0.0,False,none
T-22010,"Tiger Balm 18g Red, Ext/St(MM)",2,NJ,2023-02,2023-02-01,2104.0,2104.0,0.0,2104.0,249065.93,249065.93,249065.93,0.0,0.0,False,none
T-22010,"Tiger Balm 18g Red, Ext/St(MM)",2,NJ,2023-03,2023-03-01,3686.0,3686.0,0.0,3686.0,226284.65,226284.65,226284.65,0.0,0.0,False,none
T-22010,"Tiger Balm 18g Red, Ext/St(MM)",2,NJ,2023-04,2023-04-01,794.0,794.0,0.0,794.0,191272.75,191272.75,191272.75,0.0,0.0,False,none
T-22010,"Tiger Balm 18g Red, Ext/St(MM)",2,NJ,2023-05,2023-05-01,1330.0,1330.0,0.0,1330.0,307797.45,307797.45,307797.45,0.0,0.0,False,none
T-22010,"Tiger Balm 18g Red, Ext/St(MM)",2,NJ,2023-06,2023-06-01,1264.0,1264.0,0.0,1264.0,290625.01,290625.01,290625.01,0.0,0.0,False,none
T-22010,"Tiger Balm 18g Red, Ext/St(MM)",2,NJ,2023-07,2023-07-01,953.0,953.0,0.0,953.0,195477.34999999998,195477.34999999998,195477.35,0.0,0.0,False,none
T-22010,"Tiger Balm 18g Red, Ext/St(MM)",2,NJ,2023-08,2023-08-01,1478.0,1478.0,0.0,1478.0,337975.72000000003,337975.72000000003,337975.72,0.0,0.0,False,none
T-22010,"Tiger Balm 18g Red, Ext/St(MM)",2,NJ,2023-09,2023-09-01,1158.0,1086.0,0.0,1086.0,235665.79,215456.99,215456.99,72.0,20208.800000000017,False,none
T-22010,"Tiger Balm 18g Red, Ext/St(MM)",2,NJ,2023-10,2023-10-01,1502.0,947.0,0.0,947.0,349137.04000000004,190677.91,190677.91,555.0,158459.13000000003,False,none
T-22010,"Tiger Balm 18g Red, Ext/St(MM)",2,NJ,2023-11,2023-11-01,1118.0,926.0,0.0,926.0,266414.03,211491.0,211491.0,192.0,54923.03000000003,False,none
T-22010,"Tiger Balm 18g Red, Ext/St(MM)",2,NJ,2023-12,2023-12-01,1446.0,962.0,0.0,962.0,333318.86000000004,197412.46000000002,197412.46,484.0,135906.40000000002,False,none
T-22010,"Tiger Balm 18g Red, Ext/St(MM)",2,NJ,2024-01,2024-01-01,1742.0,1510.0,0.0,1510.0,399001.05,335581.66,335581.66,232.0,63419.390000000014,False,none
T-22010,"Tiger Balm 18g Red, Ext/St(MM)",2,NJ,2024-02,2024-02-01,1472.0,1030.0,0.0,1030.0,364538.63999999996,238363.0,238363.0,442.0,126175.63999999996,False,none
T-22010,"Tiger Balm 18g Red, Ext/St(MM)",2,NJ,2024-03,2024-03-01,1565.0,1565.0,0.0,1565.0,320558.12,320558.12,320558.12,0.0,0.0,False,none
T-22010,"Tiger Balm 18g Red, Ext/St(MM)",2,NJ,2024-04,2024-04-01,1595.0,972.0,0.0,972.0,358156.26,204299.78,204299.78,623.0,153856.48,False,none
T-22010,"Tiger Balm 18g Red, Ext/St(MM)",2,NJ,2024-05,2024-05-01,1776.0,1057.0,0.0,1057.0,364159.17000000004,231470.66999999998,231470.67,719.0,132688.50000000006,False,none
T-22010,"Tiger Balm 18g Red, Ext/St(MM)",2,NJ,2024-06,2024-06-01,2390.0,2390.0,0.0,2390.0,288152.31,288152.31,288152.31,0.0,0.0,False,none
T-22010,"Tiger Balm 18g Red, Ext/St(MM)",2,NJ,2024-07,2024-07-01,1642.0,1586.0,0.0,1586.0,378833.84,363357.57000000007,363357.57,56.0,15476.26999999996,False,none
T-22010,"Tiger Balm 18g Red, Ext/St(MM)",2,NJ,2024-08,2024-08-01,1879.0,1211.0,0.0,1211.0,434103.73000000004,244715.28,244715.28,668.0,189388.45000000004,False,none
T-22010,"Tiger Balm 18g Red, Ext/St(MM)",2,NJ,2024-09,2024-09-01,1306.0,1096.0,0.0,1096.0,331895.42,272212.56,272212.56,210.0,59682.859999999986,False,none
T-22010,"Tiger Balm 18g Red, Ext/St(MM)",2,NJ,2024-10,2024-10-01,1571.0,1068.0,0.0,1068.0,319575.81,178393.38,178393.38,503.0,141182.43,False,none
T-22010,"Tiger Balm 18g Red, Ext/St(MM)",2,NJ,2024-11,2024-11-01,1566.0,1185.0,0.0,1185.0,355246.11999999994,246471.95,246471.95,381.0,108774.16999999993,False,none
T-22010,"Tiger Balm 18g Red, Ext/St(MM)",2,NJ,2024-12,2024-12-01,1921.0,1421.0,0.0,1421.0,457498.71,362481.02999999997,362481.03,500.0,95017.68000000005,False,none
T-22010,"Tiger Balm 18g Red, Ext/St(MM)",2,NJ,2025-01,2025-01-01,2858.0,1716.0,0.0,1716.0,452335.5,225895.93,225895.93,1142.0,226439.57,False,none
T-22010,"Tiger Balm 18g Red, Ext/St(MM)",2,NJ,2025-02,2025-02-01,1353.0,1101.0,0.0,1101.0,265284.92,194086.73999999996,194086.74,252.0,71198.18000000002,False,none
T-22010,"Tiger Balm 18g Red, Ext/St(MM)",2,NJ,2025-03,2025-03-01,1636.0,997.0,0.0,997.0,357219.04,247598.12000000002,247598.12,639.0,109620.91999999995,False,none
T-22010,"Tiger Balm 18g Red, Ext/St(MM)",2,NJ,2025-04,2025-04-01,2549.0,1429.0,0.0,1429.0,365420.91000000003,281793.26999999996,281793.27,1120.0,83627.64000000007,False,none
T-22010,"Tiger Balm 18g Red, Ext/St(MM)",2,NJ,2025-05,2025-05-01,3110.0,1364.0,0.0,1364.0,386295.54,328412.87,328412.87,1746.0,57882.669999999984,False,none
T-22010,"Tiger Balm 18g Red, Ext/St(MM)",2,NJ,2025-06,2025-06-01,3304.0,861.0,0.0,861.0,324433.71,211314.56,211314.56,2443.0,113119.15000000002,False,none
T-22010,"Tiger Balm 18g Red, Ext/St(MM)",2,NJ,2025-07,2025-07-01,5727.0,1057.0,0.0,1057.0,405275.93,258473.37,258473.37,4670.0,146802.56,False,none
T-22010,"Tiger Balm 18g Red, Ext/St(MM)",2,NJ,2025-08,2025-08-01,3963.0,1319.0,0.0,1319.0,508347.44,343624.13,343624.13,2644.0,164723.31,False,none
T-22010,"Tiger Balm 18g Red, Ext/St(MM)",2,NJ,2025-09,2025-09-01,1232.0,987.0,0.0,987.0,360932.89,280166.24,280166.24,245.0,80766.65000000002,False,none
T-22010,"Tiger Balm 18g Red, Ext/St(MM)",2,NJ,2025-10,2025-10-01,1624.0,1474.0,0.0,1474.0,463834.56000000006,410300.52,410300.52,150.0,53534.04000000004,False,none
T-22010,"Tiger Balm 18g Red, Ext/St(MM)",2,NJ,2025-11,2025-11-01,1291.0,943.0,0.0,943.0,372304.66,261604.46000000002,261604.46,348.0,110700.19999999995,False,none
T-22010,"Tiger Balm 18g Red, Ext/St(MM)",2,NJ,2025-12,2025-12-01,1359.0,904.0,0.0,904.0,394684.67,244219.03,244219.03,455.0,150465.63999999998,False,none
T-22010,"Tiger Balm 18g Red, Ext/St(MM)",3,LA,2023-01,2023-01-01,462.0,462.0,0.0,462.0,83412.42,83412.42,83412.42,0.0,0.0,False,none
T-22010,"Tiger Balm 18g Red, Ext/St(MM)",3,LA,2023-02,2023-02-01,304.0,304.0,0.0,304.0,75330.52,75330.52,75330.52,0.0,0.0,False,none
T-22010,"Tiger Balm 18g Red, Ext/St(MM)",3,LA,2023-03,2023-03-01,323.0,323.0,0.0,323.0,56768.71,56768.71,56768.71,0.0,0.0,False,none
T-22010,"Tiger Balm 18g Red, Ext/St(MM)",3,LA,2023-04,2023-04-01,355.0,355.0,0.0,355.0,77401.38,77401.38,77401.38,0.0,0.0,False,none
T-22010,"Tiger Balm 18g Red, Ext/St(MM)",3,LA,2023-05,2023-05-01,201.0,201.0,0.0,201.0,43333.98,43333.98,43333.98,0.0,0.0,False,none
T-22010,"Tiger Balm 18g Red, Ext/St(MM)",3,LA,2023-06,2023-06-01,223.0,223.0,0.0,223.0,51047.26,51047.26,51047.26,0.0,0.0,False,none
T-22010,"Tiger Balm 18g Red, Ext/St(MM)",3,LA,2023-07,2023-07-01,226.0,226.0,0.0,226.0,53622.73,53622.73,53622.73,0.0,0.0,False,none
T-22010,"Tiger Balm 18g Red, Ext/St(MM)",3,LA,2023-08,2023-08-01,335.0,335.0,0.0,335.0,85435.27,85435.27,85435.27,0.0,0.0,False,none
T-22010,"Tiger Balm 18g Red, Ext/St(MM)",3,LA,2023-09,2023-09-01,239.0,224.0,0.0,224.0,52613.51,48341.17,48341.17,15.0,4272.340000000004,False,none
T-22010,"Tiger Balm 18g Red, Ext/St(MM)",3,LA,2023-10,2023-10-01,332.0,332.0,0.0,332.0,74914.68,74914.68,74914.68,0.0,0.0,False,none
T-22010,"Tiger Balm 18g Red, Ext/St(MM)",3,LA,2023-11,2023-11-01,271.0,265.0,0.0,265.0,62183.06,60548.450000000004,60548.45,6.0,1634.6099999999933,False,none
T-22010,"Tiger Balm 18g Red, Ext/St(MM)",3,LA,2023-12,2023-12-01,287.0,186.0,0.0,186.0,67465.87000000001,41842.56,41842.56,101.0,25623.310000000012,False,none
T-22010,"Tiger Balm 18g Red, Ext/St(MM)",3,LA,2024-01,2024-01-01,363.0,345.0,0.0,345.0,90232.43000000001,86091.55,86091.55,18.0,4140.880000000005,False,none
T-22010,"Tiger Balm 18g Red, Ext/St(MM)",3,LA,2024-02,2024-02-01,153.0,151.0,0.0,151.0,38903.85,38250.01,38250.01,2.0,653.8399999999965,False,none
T-22010,"Tiger Balm 18g Red, Ext/St(MM)",3,LA,2024-03,2024-03-01,332.0,332.0,0.0,332.0,82001.64,82001.64,82001.64,0.0,0.0,False,none
T-22010,"Tiger Balm 18g Red, Ext/St(MM)",3,LA,2024-04,2024-04-01,370.0,311.0,0.0,311.0,90727.82,74637.45,74637.45,59.0,16090.37000000001,False,none
T-22010,"Tiger Balm 18g Red, Ext/St(MM)",3,LA,2024-05,2024-05-01,477.0,473.0,0.0,473.0,118399.89,117125.3,117125.3,4.0,1274.5899999999965,False,none
T-22010,"Tiger Balm 18g Red, Ext/St(MM)",3,LA,2024-06,2024-06-01,395.0,381.0,0.0,381.0,94943.62,91119.87,91119.87,14.0,3823.75,False,none
T-22010,"Tiger Balm 18g Red, Ext/St(MM)",3,LA,2024-07,2024-07-01,410.0,394.0,0.0,394.0,94077.75,90508.91,90508.91,16.0,3568.8399999999965,False,none
T-22010,"Tiger Balm 18g Red, Ext/St(MM)",3,LA,2024-08,2024-08-01,461.0,416.0,0.0,416.0,112751.04,100812.17,100812.17,45.0,11938.869999999995,False,none
T-22010,"Tiger Balm 18g Red, Ext/St(MM)",3,LA,2024-09,2024-09-01,403.0,393.0,0.0,393.0,95333.45,93039.2,93039.2,10.0,2294.25,False,none
T-22010,"Tiger Balm 18g Red, Ext/St(MM)",3,LA,2024-10,2024-10-01,489.0,438.0,0.0,438.0,114925.25,101863.22,101863.22,51.0,13062.029999999999,False,none
T-22010,"Tiger Balm 18g Red, Ext/St(MM)",3,LA,2024-11,2024-11-01,384.0,311.0,0.0,311.0,91410.96999999999,72225.17000000001,72225.17,73.0,19185.799999999974,False,none
T-22010,"Tiger Balm 18g Red, Ext/St(MM)",3,LA,2024-12,2024-12-01,491.0,455.0,0.0,455.0,109900.95,100204.18000000001,100204.18,36.0,9696.76999999999,False,none
T-22010,"Tiger Balm 18g Red, Ext/St(MM)",3,LA,2025-01,2025-01-01,464.0,453.0,0.0,453.0,112101.28,108865.15,108865.15,11.0,3236.1300000000047,False,none
T-22010,"Tiger Balm 18g Red, Ext/St(MM)",3,LA,2025-02,2025-02-01,317.0,306.0,0.0,306.0,80703.06999999999,77173.14,77173.14,11.0,3529.929999999993,False,none
T-22010,"Tiger Balm 18g Red, Ext/St(MM)",3,LA,2025-03,2025-03-01,381.0,327.0,0.0,327.0,95015.84000000001,79567.7,79567.7,54.0,15448.140000000014,False,none
T-22010,"Tiger Balm 18g Red, Ext/St(MM)",3,LA,2025-04,2025-04-01,429.0,341.0,0.0,341.0,101607.75,80296.51999999999,80296.52,88.0,21311.23000000001,False,none
T-22010,"Tiger Balm 18g Red, Ext/St(MM)",3,LA,2025-05,2025-05-01,717.0,681.0,0.0,681.0,166107.95,156268.81,156268.81,36.0,9839.140000000014,False,none
T-22010,"Tiger Balm 18g Red, Ext/St(MM)",3,LA,2025-06,2025-06-01,319.0,287.0,0.0,287.0,75800.56999999999,67267.47,67267.47,32.0,8533.099999999991,False,none
T-22010,"Tiger Balm 18g Red, Ext/St(MM)",3,LA,2025-07,2025-07-01,415.0,335.0,0.0,335.0,103801.45,81955.56,81955.56,80.0,21845.89,False,none
T-22010,"Tiger Balm 18g Red, Ext/St(MM)",3,LA,2025-08,2025-08-01,436.0,312.0,0.0,312.0,108931.65000000001,75371.17,75371.17,124.0,33560.48000000001,False,none
T-22010,"Tiger Balm 18g Red, Ext/St(MM)",3,LA,2025-09,2025-09-01,313.0,269.0,0.0,269.0,77939.14,66418.27,66418.27,44.0,11520.869999999995,False,none
T-22010,"Tiger Balm 18g Red, Ext/St(MM)",3,LA,2025-10,2025-10-01,481.0,436.0,0.0,436.0,132689.07,119181.79000000001,119181.79,45.0,13507.279999999999,False,none
T-22010,"Tiger Balm 18g Red, Ext/St(MM)",3,LA,2025-11,2025-11-01,371.0,355.0,0.0,355.0,102141.59,97031.67,97031.67,16.0,5109.919999999998,False,none
T-22010,"Tiger Balm 18g Red, Ext/St(MM)",3,LA,2025-12,2025-12-01,422.0,318.0,0.0,318.0,110869.54000000001,81482.43,81482.43,104.0,29387.110000000015,False,none
T-31510,"Tiger Balm 18g, Ultra/St",1,SF,2023-01,2023-01-01,11643.0,11643.0,0.0,11643.0,234130.81,234130.81,234130.81,0.0,0.0,False,none
T-31510,"Tiger Balm 18g, Ultra/St",1,SF,2023-02,2023-02-01,19793.0,19793.0,0.0,19793.0,255730.56,255730.56,255730.56,0.0,0.0,False,none
T-31510,"Tiger Balm 18g, Ultra/St",1,SF,2023-03,2023-03-01,24576.0,24576.0,0.0,24576.0,372839.25,372839.25,372839.25,0.0,0.0,False,none
T-31510,"Tiger Balm 18g, Ultra/St",1,SF,2023-04,2023-04-01,697.0,697.0,9690.0,10387.0,191720.41999999998,191720.41999999998,2857101.87,0.0,0.0,True,deep_drop_gap
T-31510,"Tiger Balm 18g, Ultra/St",1,SF,2023-05,2023-05-01,919.0,919.0,0.0,919.0,288977.83,288977.83,288977.83,0.0,0.0,False,none
T-31510,"Tiger Balm 18g, Ultra/St",1,SF,2023-06,2023-06-01,981.0,981.0,0.0,981.0,269813.85,269813.85,269813.85,0.0,0.0,False,none
T-31510,"Tiger Balm 18g, Ultra/St",1,SF,2023-07,2023-07-01,858.0,858.0,0.0,858.0,228030.51,228030.51,228030.51,0.0,0.0,False,none
T-31510,"Tiger Balm 18g, Ultra/St",1,SF,2023-08,2023-08-01,6505.0,6505.0,0.0,6505.0,298516.95000000007,298516.95000000007,298516.95,0.0,0.0,False,none
T-31510,"Tiger Balm 18g, Ultra/St",1,SF,2023-09,2023-09-01,772.0,731.0,0.0,731.0,239323.97,226048.28,226048.28,41.0,13275.690000000002,False,none
T-31510,"Tiger Balm 18g, Ultra/St",1,SF,2023-10,2023-10-01,793.0,451.0,0.0,451.0,238205.55,125669.62000000001,125669.62,342.0,112535.92999999998,False,none
T-31510,"Tiger Balm 18g, Ultra/St",1,SF,2023-11,2023-11-01,968.0,678.0,0.0,678.0,288452.16,192989.57,192989.57,290.0,95462.58999999997,False,none
T-31510,"Tiger Balm 18g, Ultra/St",1,SF,2023-12,2023-12-01,868.0,740.0,0.0,740.0,256720.80000000002,215898.72,215898.72,128.0,40822.080000000016,False,none
T-31510,"Tiger Balm 18g, Ultra/St",1,SF,2024-01,2024-01-01,3984.0,3627.0,0.0,3627.0,258230.44,148431.82,148431.82,357.0,109798.62,False,none
T-31510,"Tiger Balm 18g, Ultra/St",1,SF,2024-02,2024-02-01,1584.0,1543.0,0.0,1543.0,226177.37,212479.81,212479.81,41.0,13697.559999999998,False,none
T-31510,"Tiger Balm 18g, Ultra/St",1,SF,2024-03,2024-03-01,8554.0,8500.0,0.0,8500.0,237843.67,219809.06000000003,219809.06,54.0,18034.609999999986,False,none
T-31510,"Tiger Balm 18g, Ultra/St",1,SF,2024-04,2024-04-01,13335.0,662.0,0.0,662.0,323327.09,206230.79,206230.79,12673.0,117096.30000000002,False,none
T-31510,"Tiger Balm 18g, Ultra/St",1,SF,2024-05,2024-05-01,10913.0,10747.0,0.0,10747.0,232629.9,178844.25999999998,178844.26,166.0,53785.640000000014,False,none
T-31510,"Tiger Balm 18g, Ultra/St",1,SF,2024-06,2024-06-01,8318.0,8085.0,0.0,8085.0,242198.80000000002,166470.95,166470.95,233.0,75727.85,False,none
T-31510,"Tiger Balm 18g, Ultra/St",1,SF,2024-07,2024-07-01,3291.0,3201.0,5751.5,8952.5,212897.8,184237.88,515273.23,90.0,28659.919999999984,True,deep_drop_gap
T-31510,"Tiger Balm 18g, Ultra/St",1,SF,2024-08,2024-08-01,9928.0,9820.0,0.0,9820.0,245714.61,214709.28,214709.28,108.0,31005.329999999987,False,none
T-31510,"Tiger Balm 18g, Ultra/St",1,SF,2024-09,2024-09-01,8131.0,8085.0,0.0,8085.0,226999.31,218727.31999999998,218727.32,46.0,8271.99000000002,False,none
T-31510,"Tiger Balm 18g, Ultra/St",1,SF,2024-10,2024-10-01,19646.0,19270.0,0.0,19270.0,345387.83,224068.64,224068.64,376.0,121319.19,False,none
T-31510,"Tiger Balm 18g, Ultra/St",1,SF,2024-11,2024-11-01,7288.0,7014.0,0.0,7014.0,245253.44000000003,157128.55,157128.55,274.0,88124.89000000004,False,none
T-31510,"Tiger Balm 18g, Ultra/St",1,SF,2024-12,2024-12-01,14580.0,272.0,0.0,272.0,232151.41,65656.0,65656.0,14308.0,166495.41,False,none
T-31510,"Tiger Balm 18g, Ultra/St",1,SF,2025-01,2025-01-01,21911.0,1211.0,0.0,1211.0,354226.67,213446.34999999998,213446.35,20700.0,140780.32,False,none
T-31510,"Tiger Balm 18g, Ultra/St",1,SF,2025-02,2025-02-01,19084.0,18541.0,0.0,18541.0,370600.22000000003,193634.72,193634.72,543.0,176965.50000000003,False,none
T-31510,"Tiger Balm 18g, Ultra/St",1,SF,2025-03,2025-03-01,21993.0,336.0,0.0,336.0,301007.54,83772.38,83772.38,21657.0,217235.15999999997,False,none
T-31510,"Tiger Balm 18g, Ultra/St",1,SF,2025-04,2025-04-01,7751.0,524.0,0.0,524.0,245602.12000000002,135994.44,135994.44,7227.0,109607.68000000002,False,none
T-31510,"Tiger Balm 18g, Ultra/St",1,SF,2025-05,2025-05-01,13996.0,596.0,0.0,596.0,270090.0,139975.87,139975.87,13400.0,130114.13,False,none
T-31510,"Tiger Balm 18g, Ultra/St",1,SF,2025-06,2025-06-01,11774.0,328.0,0.0,328.0,170953.51,91792.62,91792.62,11446.0,79160.89000000001,False,none
T-31510,"Tiger Balm 18g, Ultra/St",1,SF,2025-07,2025-07-01,23523.0,171.0,0.0,171.0,287576.99,29739.83,29739.83,23352.0,257837.15999999997,False,none
T-31510,"Tiger Balm 18g, Ultra/St",1,SF,2025-08,2025-08-01,10775.0,543.0,0.0,543.0,259123.99,138946.44,138946.44,10232.0,120177.54999999999,False,none
T-31510,"Tiger Balm 18g, Ultra/St",1,SF,2025-09,2025-09-01,597.0,342.0,0.0,342.0,205086.42,117064.82,117064.82,255.0,88021.6,False,none
T-31510,"Tiger Balm 18g, Ultra/St",1,SF,2025-10,2025-10-01,487.0,293.0,0.0,293.0,175992.27,102900.48999999999,102900.49,194.0,73091.78,False,none
T-31510,"Tiger Balm 18g, Ultra/St",1,SF,2025-11,2025-11-01,459.0,244.0,0.0,244.0,152526.16,78719.34999999999,78719.35,215.0,73806.81000000001,False,none
T-31510,"Tiger Balm 18g, Ultra/St",1,SF,2025-12,2025-12-01,577.0,292.0,0.0,292.0,187177.40999999997,83947.04999999999,83947.05,285.0,103230.35999999999,False,none
T-31510,"Tiger Balm 18g, Ultra/St",2,NJ,2023-01,2023-01-01,4441.0,4441.0,0.0,4441.0,629489.4299999999,629489.4299999999,629489.43,0.0,0.0,False,none
T-31510,"Tiger Balm 18g, Ultra/St",2,NJ,2023-02,2023-02-01,3644.0,3644.0,0.0,3644.0,507423.93,507423.93,507423.93,0.0,0.0,False,none
T-31510,"Tiger Balm 18g, Ultra/St",2,NJ,2023-03,2023-03-01,5349.0,5349.0,0.0,5349.0,590392.14,590392.14,590392.14,0.0,0.0,False,none
T-31510,"Tiger Balm 18g, Ultra/St",2,NJ,2023-04,2023-04-01,1587.0,1587.0,0.0,1587.0,494261.08999999997,494261.08999999997,494261.09,0.0,0.0,False,none
T-31510,"Tiger Balm 18g, Ultra/St",2,NJ,2023-05,2023-05-01,1963.0,1963.0,0.0,1963.0,616387.9500000001,616387.9500000001,616387.95,0.0,0.0,False,none
T-31510,"Tiger Balm 18g, Ultra/St",2,NJ,2023-06,2023-06-01,1855.0,1855.0,0.0,1855.0,551769.84,551769.84,551769.84,0.0,0.0,False,none
T-31510,"Tiger Balm 18g, Ultra/St",2,NJ,2023-07,2023-07-01,1412.0,1412.0,0.0,1412.0,451856.30000000005,451856.30000000005,451856.3,0.0,0.0,False,none
T-31510,"Tiger Balm 18g, Ultra/St",2,NJ,2023-08,2023-08-01,2256.0,2256.0,0.0,2256.0,682546.66,682546.66,682546.66,0.0,0.0,False,none
T-31510,"Tiger Balm 18g, Ultra/St",2,NJ,2023-09,2023-09-01,1512.0,1258.0,0.0,1258.0,495206.00999999995,415165.42999999993,415165.43,254.0,80040.58000000002,False,none
T-31510,"Tiger Balm 18g, Ultra/St",2,NJ,2023-10,2023-10-01,2404.0,1768.0,0.0,1768.0,713292.92,500404.24,500404.24,636.0,212888.68000000005,False,none
T-31510,"Tiger Balm 18g, Ultra/St",2,NJ,2023-11,2023-11-01,1726.0,1500.0,0.0,1500.0,536177.2999999999,458123.22000000003,458123.22,226.0,78054.0799999999,False,none
T-31510,"Tiger Balm 18g, Ultra/St",2,NJ,2023-12,2023-12-01,2301.0,1561.0,0.0,1561.0,713282.8599999999,485121.24,485121.24,740.0,228161.61999999988,False,none
T-31510,"Tiger Balm 18g, Ultra/St",2,NJ,2024-01,2024-01-01,8134.0,7297.0,0.0,7297.0,617050.29,366286.56,366286.56,837.0,250763.73000000004,False,none
T-31510,"Tiger Balm 18g, Ultra/St",2,NJ,2024-02,2024-02-01,2186.0,1954.0,0.0,1954.0,539413.86,462225.8,462225.8,232.0,77188.06,False,none
T-31510,"Tiger Balm 18g, Ultra/St",2,NJ,2024-03,2024-03-01,13566.0,13462.0,0.0,13462.0,705598.6500000001,670972.2,670972.2,104.0,34626.450000000186,False,none
T-31510,"Tiger Balm 18g, Ultra/St",2,NJ,2024-04,2024-04-01,11785.0,1464.0,0.0,1464.0,619090.7899999999,469060.42,469060.42,10321.0,150030.36999999994,False,none
T-31510,"Tiger Balm 18g, Ultra/St",2,NJ,2024-05,2024-05-01,13697.0,13340.0,0.0,13340.0,621708.1,507087.05000000005,507087.05,357.0,114621.04999999993,False,none
T-31510,"Tiger Balm 18g, Ultra/St",2,NJ,2024-06,2024-06-01,24915.0,24587.0,0.0,24587.0,590994.4199999999,478200.26,478200.26,328.0,112794.15999999992,False,none
T-31510,"Tiger Balm 18g, Ultra/St",2,NJ,2024-07,2024-07-01,7474.0,7194.0,12874.5,20068.5,620656.06,539203.2000000001,1504170.06,280.0,81452.85999999999,True,deep_drop_gap
T-31510,"Tiger Balm 18g, Ultra/St",2,NJ,2024-08,2024-08-01,43146.0,42611.0,0.0,42611.0,855774.3499999999,685664.32,685664.32,535.0,170110.0299999999,False,none
T-31510,"Tiger Balm 18g, Ultra/St",2,NJ,2024-09,2024-09-01,15631.0,15550.0,0.0,15550.0,561231.74,534619.6599999999,534619.66,81.0,26612.080000000075,False,none
T-31510,"Tiger Balm 18g, Ultra/St",2,NJ,2024-10,2024-10-01,21757.0,21155.0,0.0,21155.0,659946.51,475407.34,475407.34,602.0,184539.16999999998,False,none
T-31510,"Tiger Balm 18g, Ultra/St",2,NJ,2024-11,2024-11-01,20140.0,19615.0,0.0,19615.0,605521.86,427943.0,427943.0,525.0,177578.86,False,none
T-31510,"Tiger Balm 18g, Ultra/St",2,NJ,2024-12,2024-12-01,24315.0,1188.0,0.0,1188.0,654896.12,366562.91,366562.91,23127.0,288333.21,False,none
T-31510,"Tiger Balm 18g, Ultra/St",2,NJ,2025-01,2025-01-01,41148.0,1450.0,0.0,1450.0,817307.25,479527.39,479527.39,39698.0,337779.86,False,none
T-31510,"Tiger Balm 18g, Ultra/St",2,NJ,2025-02,2025-02-01,12585.0,11977.0,0.0,11977.0,443871.77,246095.52999999997,246095.53,608.0,197776.24000000005,False,none
T-31510,"Tiger Balm 18g, Ultra/St",2,NJ,2025-03,2025-03-01,42010.0,1002.0,0.0,1002.0,702216.72,301793.51,301793.51,41008.0,400423.20999999996,False,none
T-31510,"Tiger Balm 18g, Ultra/St",2,NJ,2025-04,2025-04-01,17890.0,1508.0,0.0,1508.0,662710.2,389502.8,389502.8,16382.0,273207.39999999997,False,none
T-31510,"Tiger Balm 18g, Ultra/St",2,NJ,2025-05,2025-05-01,31649.0,1455.0,0.0,1455.0,720417.9600000001,432307.87,432307.87,30194.0,288110.0900000001,False,none
T-31510,"Tiger Balm 18g, Ultra/St",2,NJ,2025-06,2025-06-01,16115.0,1123.0,0.0,1123.0,490148.01999999996,353910.45,353910.45,14992.0,136237.56999999995,False,none
T-31510,"Tiger Balm 18g, Ultra/St",2,NJ,2025-07,2025-07-01,28005.0,920.0,0.0,920.0,673506.5599999999,294104.76,294104.76,27085.0,379401.79999999993,False,none
T-31510,"Tiger Balm 18g, Ultra/St",2,NJ,2025-08,2025-08-01,15896.0,1322.0,0.0,1322.0,671167.13,390223.87,390223.87,14574.0,280943.26,False,none
T-31510,"Tiger Balm 18g, Ultra/St",2,NJ,2025-09,2025-09-01,1611.0,1138.0,0.0,1138.0,572947.1799999999,401055.89,401055.89,473.0,171891.28999999992,False,none
T-31510,"Tiger Balm 18g, Ultra/St",2,NJ,2025-10,2025-10-01,1630.0,1345.0,0.0,1345.0,572715.2599999999,464493.12,464493.12,285.0,108222.1399999999,False,none
T-31510,"Tiger Balm 18g, Ultra/St",2,NJ,2025-11,2025-11-01,1497.0,973.0,0.0,973.0,536749.8,351161.80000000005,351161.8,524.0,185588.0,False,none
T-31510,"Tiger Balm 18g, Ultra/St",2,NJ,2025-12,2025-12-01,1748.0,896.0,0.0,896.0,606001.46,306191.53,306191.53,852.0,299809.92999999993,False,none
T-31510,"Tiger Balm 18g, Ultra/St",3,LA,2023-01,2023-01-01,635.0,635.0,0.0,635.0,178860.65,178860.65,178860.65,0.0,0.0,False,none
T-31510,"Tiger Balm 18g, Ultra/St",3,LA,2023-02,2023-02-01,572.0,572.0,0.0,572.0,168196.18,168196.18,168196.18,0.0,0.0,False,none
T-31510,"Tiger Balm 18g, Ultra/St",3,LA,2023-03,2023-03-01,514.0,514.0,0.0,514.0,160725.39,160725.39,160725.39,0.0,0.0,False,none
T-31510,"Tiger Balm 18g, Ultra/St",3,LA,2023-04,2023-04-01,379.0,379.0,0.0,379.0,104996.02,104996.02,104996.02,0.0,0.0,False,none
T-31510,"Tiger Balm 18g, Ultra/St",3,LA,2023-05,2023-05-01,370.0,370.0,0.0,370.0,108544.18,108544.18,108544.18,0.0,0.0,False,none
T-31510,"Tiger Balm 18g, Ultra/St",3,LA,2023-06,2023-06-01,293.0,293.0,0.0,293.0,92804.23,92804.23,92804.23,0.0,0.0,False,none
T-31510,"Tiger Balm 18g, Ultra/St",3,LA,2023-07,2023-07-01,342.0,342.0,0.0,342.0,106333.08,106333.08,106333.08,0.0,0.0,False,none
T-31510,"Tiger Balm 18g, Ultra/St",3,LA,2023-08,2023-08-01,564.0,564.0,0.0,564.0,178279.32,178279.32,178279.32,0.0,0.0,False,none
T-31510,"Tiger Balm 18g, Ultra/St",3,LA,2023-09,2023-09-01,353.0,292.0,0.0,292.0,104469.98,84825.15,84825.15,61.0,19644.83,False,none
T-31510,"Tiger Balm 18g, Ultra/St",3,LA,2023-10,2023-10-01,471.0,471.0,0.0,471.0,141124.73,141124.73,141124.73,0.0,0.0,False,none
T-31510,"Tiger Balm 18g, Ultra/St",3,LA,2023-11,2023-11-01,507.0,448.0,0.0,448.0,158077.62,138960.94999999998,138960.95,59.0,19116.670000000013,False,none
T-31510,"Tiger Balm 18g, Ultra/St",3,LA,2023-12,2023-12-01,459.0,289.0,0.0,289.0,137380.93,88983.07,88983.07,170.0,48397.859999999986,False,none
T-31510,"Tiger Balm 18g, Ultra/St",3,LA,2024-01,2024-01-01,429.0,325.0,0.0,325.0,134838.8,103469.71,103469.71,104.0,31369.089999999982,False,none
T-31510,"Tiger Balm 18g, Ultra/St",3,LA,2024-02,2024-02-01,346.0,266.0,0.0,266.0,110971.03,84640.53,84640.53,80.0,26330.5,False,none
T-31510,"Tiger Balm 18g, Ultra/St",3,LA,2024-03,2024-03-01,543.0,496.0,0.0,496.0,169700.41,154190.65,154190.65,47.0,15509.76000000001,False,none
T-31510,"Tiger Balm 18g, Ultra/St",3,LA,2024-04,2024-04-01,607.0,514.0,0.0,514.0,183032.19999999998,153595.25,153595.25,93.0,29436.949999999983,False,none
T-31510,"Tiger Balm 18g, Ultra/St",3,LA,2024-05,2024-05-01,586.0,523.0,0.0,523.0,184562.78,163730.05000000002,163730.05,63.0,20832.72999999998,False,none
T-31510,"Tiger Balm 18g, Ultra/St",3,LA,2024-06,2024-06-01,529.0,484.0,0.0,484.0,121085.26000000001,106076.02,106076.02,45.0,15009.240000000005,False,none
T-31510,"Tiger Balm 18g, Ultra/St",3,LA,2024-07,2024-07-01,508.0,478.0,0.0,478.0,133559.22,124723.07,124723.07,30.0,8836.149999999994,False,none
T-31510,"Tiger Balm 18g, Ultra/St",3,LA,2024-08,2024-08-01,519.0,425.0,0.0,425.0,163122.0,133983.67,133983.67,94.0,29138.329999999987,False,none
T-31510,"Tiger Balm 18g, Ultra/St",3,LA,2024-09,2024-09-01,474.0,392.0,0.0,392.0,147856.12,121234.81,121234.81,82.0,26621.309999999998,False,none
T-31510,"Tiger Balm 18g, Ultra/St",3,LA,2024-10,2024-10-01,547.0,324.0,0.0,324.0,174951.34999999998,105415.02,105415.02,223.0,69536.32999999997,False,none
T-31510,"Tiger Balm 18g, Ultra/St",3,LA,2024-11,2024-11-01,429.0,321.0,0.0,321.0,132302.91,100260.58000000002,100260.58,108.0,32042.329999999987,False,none
T-31510,"Tiger Balm 18g, Ultra/St",3,LA,2024-12,2024-12-01,493.0,467.0,0.0,467.0,155470.94,146814.33,146814.33,26.0,8656.610000000015,False,none
T-31510,"Tiger Balm 18g, Ultra/St",3,LA,2025-01,2025-01-01,568.0,510.0,0.0,510.0,178582.94,159826.97,159826.97,58.0,18755.97,False,none
T-31510,"Tiger Balm 18g, Ultra/St",3,LA,2025-02,2025-02-01,404.0,376.0,0.0,376.0,124358.81000000001,115085.68000000001,115085.68,28.0,9273.130000000005,False,none
T-31510,"Tiger Balm 18g, Ultra/St",3,LA,2025-03,2025-03-01,2167.0,362.0,0.0,362.0,166147.14,113204.06999999999,113204.07,1805.0,52943.07000000002,False,none
T-31510,"Tiger Balm 18g, Ultra/St",3,LA,2025-04,2025-04-01,466.0,320.0,0.0,320.0,144398.45,101613.05000000002,101613.05,146.0,42785.399999999994,False,none
T-31510,"Tiger Balm 18g, Ultra/St",3,LA,2025-05,2025-05-01,615.0,531.0,0.0,531.0,183346.69,157674.98,157674.98,84.0,25671.709999999992,False,none
T-31510,"Tiger Balm 18g, Ultra/St",3,LA,2025-06,2025-06-01,428.0,321.0,0.0,321.0,136965.51,100957.49,100957.49,107.0,36008.020000000004,False,none
T-31510,"Tiger Balm 18g, Ultra/St",3,LA,2025-07,2025-07-01,520.0,372.0,0.0,372.0,164323.65,116113.28,116113.28,148.0,48210.369999999995,False,none
T-31510,"Tiger Balm 18g, Ultra/St",3,LA,2025-08,2025-08-01,523.0,406.0,0.0,406.0,163929.36,128749.94,128749.94,117.0,35179.419999999984,False,none
T-31510,"Tiger Balm 18g, Ultra/St",3,LA,2025-09,2025-09-01,389.0,270.0,0.0,270.0,131304.93000000002,90929.66,90929.66,119.0,40375.27000000002,False,none
T-31510,"Tiger Balm 18g, Ultra/St",3,LA,2025-10,2025-10-01,486.0,338.0,0.0,338.0,173792.18,119767.81,119767.81,148.0,54024.369999999995,False,none
T-31510,"Tiger Balm 18g, Ultra/St",3,LA,2025-11,2025-11-01,464.0,393.0,0.0,393.0,163639.66999999998,138701.06,138701.06,71.0,24938.609999999986,False,none
T-31510,"Tiger Balm 18g, Ultra/St",3,LA,2025-12,2025-12-01,495.0,274.0,0.0,274.0,161773.33000000002,86781.13,86781.13,221.0,74992.20000000001,False,none
T-31510R,"Tiger Balm 18g, Ultra/St - RFID",1,SF,2023-01,2023-01-01,148.0,148.0,0.0,148.0,42955.87,42955.87,42955.87,0.0,0.0,False,none
T-31510R,"Tiger Balm 18g, Ultra/St - RFID",1,SF,2023-02,2023-02-01,114.0,114.0,0.0,114.0,33770.64,33770.64,33770.64,0.0,0.0,False,none
T-31510R,"Tiger Balm 18g, Ultra/St - RFID",1,SF,2023-03,2023-03-01,60.0,60.0,0.0,60.0,19853.88,19853.88,19853.88,0.0,0.0,False,none
T-31510R,"Tiger Balm 18g, Ultra/St - RFID",1,SF,2023-04,2023-04-01,98.0,98.0,0.0,98.0,31921.92,31921.92,31921.92,0.0,0.0,False,none
T-31510R,"Tiger Balm 18g, Ultra/St - RFID",1,SF,2023-05,2023-05-01,103.0,103.0,0.0,103.0,33868.38,33868.38,33868.38,0.0,0.0,False,none
T-31510R,"Tiger Balm 18g, Ultra/St - RFID",1,SF,2023-06,2023-06-01,98.0,98.0,0.0,98.0,31921.92,31921.92,31921.92,0.0,0.0,False,none
T-31510R,"Tiger Balm 18g, Ultra/St - RFID",1,SF,2023-07,2023-07-01,89.0,89.0,0.0,89.0,29196.879999999997,29196.879999999997,29196.88,0.0,0.0,False,none
T-31510R,"Tiger Balm 18g, Ultra/St - RFID",1,SF,2023-08,2023-08-01,196.0,196.0,0.0,196.0,63843.840000000004,63843.840000000004,63843.84,0.0,0.0,False,none
T-31510R,"Tiger Balm 18g, Ultra/St - RFID",1,SF,2023-09,2023-09-01,63.0,63.0,133.0,196.0,20632.46,20632.46,64189.88,0.0,0.0,True,deep_drop_gap
T-31510R,"Tiger Balm 18g, Ultra/St - RFID",1,SF,2023-10,2023-10-01,130.0,0.0,0.0,0.0,42432.81,0.0,0.0,130.0,42432.81,False,none
T-31510R,"Tiger Balm 18g, Ultra/St - RFID",1,SF,2023-11,2023-11-01,234.0,234.0,0.0,234.0,76301.19,76301.19,76301.19,0.0,0.0,False,none
T-31510R,"Tiger Balm 18g, Ultra/St - RFID",1,SF,2023-12,2023-12-01,115.0,0.0,0.0,0.0,37372.020000000004,0.0,0.0,115.0,37372.020000000004,False,none
T-31510R,"Tiger Balm 18g, Ultra/St - RFID",1,SF,2024-01,2024-01-01,118.0,118.0,0.0,118.0,38150.58,38150.58,38150.58,0.0,0.0,False,none
T-31510R,"Tiger Balm 18g, Ultra/St - RFID",1,SF,2024-02,2024-02-01,131.0,131.0,0.0,131.0,42432.81,42432.81,42432.81,0.0,0.0,False,none
T-31510R,"Tiger Balm 18g, Ultra/St - RFID",1,SF,2024-03,2024-03-01,85.0,85.0,0.0,85.0,27639.72,27639.72,27639.72,0.0,0.0,False,none
T-31510R,"Tiger Balm 18g, Ultra/St - RFID",1,SF,2024-04,2024-04-01,136.0,0.0,0.0,0.0,44379.26,0.0,0.0,136.0,44379.26,False,none
T-31510R,"Tiger Balm 18g, Ultra/St - RFID",1,SF,2024-05,2024-05-01,162.0,0.0,0.0,0.0,52943.68,0.0,0.0,162.0,52943.68,False,none
T-31510R,"Tiger Balm 18g, Ultra/St - RFID",1,SF,2024-06,2024-06-01,135.0,135.0,0.0,135.0,44379.25,44379.25,44379.25,0.0,0.0,False,none
T-31510R,"Tiger Balm 18g, Ultra/St - RFID",1,SF,2024-07,2024-07-01,106.0,106.0,0.0,106.0,34646.95,34646.95,34646.95,0.0,0.0,False,none
T-31510R,"Tiger Balm 18g, Ultra/St - RFID",1,SF,2024-08,2024-08-01,163.0,10.0,0.0,10.0,49829.34,0.0,0.0,153.0,49829.34,False,none
T-31510R,"Tiger Balm 18g, Ultra/St - RFID",1,SF,2024-09,2024-09-01,88.0,2.0,0.0,2.0,28418.29,0.0,0.0,86.0,28418.29,False,none
T-31510R,"Tiger Balm 18g, Ultra/St - RFID",1,SF,2024-10,2024-10-01,255.0,0.0,0.0,0.0,82919.15,0.0,0.0,255.0,82919.15,False,none
T-31510R,"Tiger Balm 18g, Ultra/St - RFID",1,SF,2024-11,2024-11-01,67.0,0.0,0.0,0.0,21800.34,0.0,0.0,67.0,21800.34,False,none
T-31510R,"Tiger Balm 18g, Ultra/St - RFID",1,SF,2024-12,2024-12-01,127.0,0.0,0.0,0.0,42043.5,0.0,0.0,127.0,42043.5,False,none
T-31510R,"Tiger Balm 18g, Ultra/St - RFID",1,SF,2025-01,2025-01-01,139.0,0.0,0.0,0.0,45157.83,0.0,0.0,139.0,45157.83,False,none
T-31510R,"Tiger Balm 18g, Ultra/St - RFID",1,SF,2025-02,2025-02-01,153.0,153.0,0.0,153.0,49829.34,49829.34,49829.34,0.0,0.0,False,none
T-31510R,"Tiger Balm 18g, Ultra/St - RFID",1,SF,2025-03,2025-03-01,121.0,121.0,0.0,121.0,39318.47,39318.47,39318.47,0.0,0.0,False,none
T-31510R,"Tiger Balm 18g, Ultra/St - RFID",1,SF,2025-04,2025-04-01,117.0,3.0,0.0,3.0,36982.72,0.0,0.0,114.0,36982.72,False,none
T-31510R,"Tiger Balm 18g, Ultra/St - RFID",1,SF,2025-05,2025-05-01,105.0,105.0,0.0,105.0,31143.34,31143.34,31143.34,0.0,0.0,False,none
T-31510R,"Tiger Balm 18g, Ultra/St - RFID",1,SF,2025-06,2025-06-01,92.0,2.0,0.0,2.0,29196.88,0.0,0.0,90.0,29196.88,False,none
T-31510R,"Tiger Balm 18g, Ultra/St - RFID",1,SF,2025-07,2025-07-01,144.0,144.0,0.0,144.0,47104.32,47104.32,47104.32,0.0,0.0,False,none
T-31510R,"Tiger Balm 18g, Ultra/St - RFID",1,SF,2025-08,2025-08-01,192.0,192.0,0.0,192.0,60686.67,60686.67,60686.67,0.0,0.0,False,none
T-31510R,"Tiger Balm 18g, Ultra/St - RFID",1,SF,2025-09,2025-09-01,81.0,0.0,0.0,0.0,28337.7,0.0,0.0,81.0,28337.7,False,none
T-31510R,"Tiger Balm 18g, Ultra/St - RFID",1,SF,2025-10,2025-10-01,118.0,118.0,0.0,118.0,41673.08,41673.08,41673.08,0.0,0.0,False,none
T-31510R,"Tiger Balm 18g, Ultra/St - RFID",1,SF,2025-11,2025-11-01,62.0,62.0,0.0,62.0,21670.0,21670.0,21670.0,0.0,0.0,False,none
T-31510R,"Tiger Balm 18g, Ultra/St - RFID",1,SF,2025-12,2025-12-01,127.0,127.0,0.0,127.0,44173.47,44173.47,44173.47,0.0,0.0,False,none
T-31510R,"Tiger Balm 18g, Ultra/St - RFID",2,NJ,2023-01,2023-01-01,463.0,463.0,0.0,463.0,134410.3,134410.3,134410.3,0.0,0.0,False,none
T-31510R,"Tiger Balm 18g, Ultra/St - RFID",2,NJ,2023-02,2023-02-01,263.0,263.0,0.0,263.0,76212.01999999999,76212.01999999999,76212.02,0.0,0.0,False,none
T-31510R,"Tiger Balm 18g, Ultra/St - RFID",2,NJ,2023-03,2023-03-01,120.0,120.0,0.0,120.0,38929.18,38929.18,38929.18,0.0,0.0,False,none
T-31510R,"Tiger Balm 18g, Ultra/St - RFID",2,NJ,2023-04,2023-04-01,186.0,186.0,0.0,186.0,60729.53,60729.53,60729.53,0.0,0.0,False,none
T-31510R,"Tiger Balm 18g, Ultra/St - RFID",2,NJ,2023-05,2023-05-01,245.0,245.0,0.0,245.0,79026.24,79026.24,79026.24,0.0,0.0,False,none
T-31510R,"Tiger Balm 18g, Ultra/St - RFID",2,NJ,2023-06,2023-06-01,278.0,278.0,0.0,278.0,88758.54,88758.54,88758.54,0.0,0.0,False,none
T-31510R,"Tiger Balm 18g, Ultra/St - RFID",2,NJ,2023-07,2023-07-01,194.0,194.0,0.0,194.0,63454.57,63454.57,63454.57,0.0,0.0,False,none
T-31510R,"Tiger Balm 18g, Ultra/St - RFID",2,NJ,2023-08,2023-08-01,359.0,359.0,0.0,359.0,117176.84,117176.84,117176.84,0.0,0.0,False,none
T-31510R,"Tiger Balm 18g, Ultra/St - RFID",2,NJ,2023-09,2023-09-01,186.0,186.0,0.0,186.0,60729.53,60729.53,60729.53,0.0,0.0,False,none
T-31510R,"Tiger Balm 18g, Ultra/St - RFID",2,NJ,2023-10,2023-10-01,216.0,0.0,0.0,0.0,70461.83,0.0,0.0,216.0,70461.83,False,none
T-31510R,"Tiger Balm 18g, Ultra/St - RFID",2,NJ,2023-11,2023-11-01,130.0,130.0,0.0,130.0,42432.81,42432.81,42432.81,0.0,0.0,False,none
T-31510R,"Tiger Balm 18g, Ultra/St - RFID",2,NJ,2023-12,2023-12-01,220.0,0.0,0.0,0.0,71629.69,0.0,0.0,220.0,71629.69,False,none
T-31510R,"Tiger Balm 18g, Ultra/St - RFID",2,NJ,2024-01,2024-01-01,362.0,362.0,0.0,362.0,118344.72,118344.72,118344.72,0.0,0.0,False,none
T-31510R,"Tiger Balm 18g, Ultra/St - RFID",2,NJ,2024-02,2024-02-01,257.0,257.0,0.0,257.0,83308.45,83308.45,83308.45,0.0,0.0,False,none
T-31510R,"Tiger Balm 18g, Ultra/St - RFID",2,NJ,2024-03,2024-03-01,240.0,240.0,0.0,240.0,78247.63,78247.63,78247.63,0.0,0.0,False,none
T-31510R,"Tiger Balm 18g, Ultra/St - RFID",2,NJ,2024-04,2024-04-01,197.0,0.0,0.0,0.0,63843.89,0.0,0.0,197.0,63843.89,False,none
T-31510R,"Tiger Balm 18g, Ultra/St - RFID",2,NJ,2024-05,2024-05-01,365.0,0.0,0.0,0.0,118734.01,0.0,0.0,365.0,118734.01,False,none
T-31510R,"Tiger Balm 18g, Ultra/St - RFID",2,NJ,2024-06,2024-06-01,318.0,318.0,0.0,318.0,103551.63,103551.63,103551.63,0.0,0.0,False,none
T-31510R,"Tiger Balm 18g, Ultra/St - RFID",2,NJ,2024-07,2024-07-01,277.0,277.0,0.0,277.0,89926.43000000001,89926.43000000001,89926.43,0.0,0.0,False,none
T-31510R,"Tiger Balm 18g, Ultra/St - RFID",2,NJ,2024-08,2024-08-01,319.0,0.0,0.0,0.0,103940.91,0.0,0.0,319.0,103940.91,False,none
T-31510R,"Tiger Balm 18g, Ultra/St - RFID",2,NJ,2024-09,2024-09-01,202.0,0.0,0.0,0.0,65790.31,0.0,0.0,202.0,65790.31,False,none
T-31510R,"Tiger Balm 18g, Ultra/St - RFID",2,NJ,2024-10,2024-10-01,170.0,0.0,0.0,0.0,54890.16,0.0,0.0,170.0,54890.16,False,none
T-31510R,"Tiger Balm 18g, Ultra/St - RFID",2,NJ,2024-11,2024-11-01,237.0,0.0,0.0,0.0,77079.8,0.0,0.0,237.0,77079.8,False,none
T-31510R,"Tiger Balm 18g, Ultra/St - RFID",2,NJ,2024-12,2024-12-01,245.0,0.0,0.0,0.0,80194.11,0.0,0.0,245.0,80194.11,False,none
T-31510R,"Tiger Balm 18g, Ultra/St - RFID",2,NJ,2025-01,2025-01-01,323.0,0.0,0.0,0.0,105108.8,0.0,0.0,323.0,105108.8,False,none
T-31510R,"Tiger Balm 18g, Ultra/St - RFID",2,NJ,2025-02,2025-02-01,199.0,199.0,0.0,199.0,65011.72,65011.72,65011.72,0.0,0.0,False,none
T-31510R,"Tiger Balm 18g, Ultra/St - RFID",2,NJ,2025-03,2025-03-01,335.0,335.0,0.0,335.0,110169.57,110169.57,110169.57,0.0,0.0,False,none
T-31510R,"Tiger Balm 18g, Ultra/St - RFID",2,NJ,2025-04,2025-04-01,237.0,0.0,0.0,0.0,77079.8,0.0,0.0,237.0,77079.8,False,none
T-31510R,"Tiger Balm 18g, Ultra/St - RFID",2,NJ,2025-05,2025-05-01,234.0,234.0,0.0,234.0,75911.91,75911.91,75911.91,0.0,0.0,False,none
T-31510R,"Tiger Balm 18g, Ultra/St - RFID",2,NJ,2025-06,2025-06-01,274.0,0.0,0.0,0.0,88758.53,0.0,0.0,274.0,88758.53,False,none
T-31510R,"Tiger Balm 18g, Ultra/St - RFID",2,NJ,2025-07,2025-07-01,335.0,335.0,0.0,335.0,108223.13,108223.13,108223.13,0.0,0.0,False,none
T-31510R,"Tiger Balm 18g, Ultra/St - RFID",2,NJ,2025-08,2025-08-01,352.0,352.0,0.0,352.0,114451.83,114451.83,114451.83,0.0,0.0,False,none
T-31510R,"Tiger Balm 18g, Ultra/St - RFID",2,NJ,2025-09,2025-09-01,97.0,0.0,343.5,343.5,33755.200000000004,0.0,119535.17,97.0,33755.200000000004,True,deep_drop_gap
T-31510R,"Tiger Balm 18g, Ultra/St - RFID",2,NJ,2025-10,2025-10-01,358.0,358.0,0.0,358.0,125436.02,125436.02,125436.02,0.0,0.0,False,none
T-31510R,"Tiger Balm 18g, Ultra/St - RFID",2,NJ,2025-11,2025-11-01,138.0,138.0,0.0,138.0,48340.81,48340.81,48340.81,0.0,0.0,False,none
T-31510R,"Tiger Balm 18g, Ultra/St - RFID",2,NJ,2025-12,2025-12-01,294.0,294.0,0.0,294.0,101265.64,101265.64,101265.64,0.0,0.0,False,none
T-31520,Tiger Balm Ultra 10g,1,SF,2023-01,2023-01-01,5885.0,5885.0,0.0,5885.0,27696.6,27696.6,27696.6,0.0,0.0,False,none
T-31520,Tiger Balm Ultra 10g,1,SF,2023-02,2023-02-01,104.0,104.0,2312.0,2416.0,12233.79,12233.79,284200.35,0.0,0.0,True,deep_drop_gap
T-31520,Tiger Balm Ultra 10g,1,SF,2023-03,2023-03-01,163.0,163.0,1635.0,1798.0,19559.2,19559.2,215751.18,0.0,0.0,True,deep_drop_gap
T-31520,Tiger Balm Ultra 10g,1,SF,2023-04,2023-04-01,2416.0,2416.0,0.0,2416.0,19481.52,19481.52,19481.52,0.0,0.0,False,none
T-31520,Tiger Balm Ultra 10g,1,SF,2023-05,2023-05-01,1180.0,1180.0,0.0,1180.0,7227.46,7227.46,7227.46,0.0,0.0,False,none
T-31520,Tiger Balm Ultra 10g,1,SF,2023-06,2023-06-01,3562.0,3562.0,0.0,3562.0,22528.14,22528.14,22528.14,0.0,0.0,False,none
T-31520,Tiger Balm Ultra 10g,1,SF,2023-07,2023-07-01,1581.0,1581.0,0.0,1581.0,52978.17999999999,52978.17999999999,52978.18,0.0,0.0,False,none
T-31520,Tiger Balm Ultra 10g,1,SF,2023-08,2023-08-01,2476.0,2476.0,0.0,2476.0,26716.4,26716.4,26716.4,0.0,0.0,False,none
T-31520,Tiger Balm Ultra 10g,1,SF,2023-09,2023-09-01,2307.0,11.0,0.0,11.0,6432.37,1264.59,1264.59,2296.0,5167.78,False,none
T-31520,Tiger Balm Ultra 10g,1,SF,2023-10,2023-10-01,29497.0,787.0,0.0,787.0,116072.39,51475.14,51475.14,28710.0,64597.25,False,none
T-31520,Tiger Balm Ultra 10g,1,SF,2023-11,2023-11-01,200.0,193.0,0.0,193.0,17714.35,16871.29,16871.29,7.0,843.0599999999977,False,none
T-31520,Tiger Balm Ultra 10g,1,SF,2023-12,2023-12-01,126.0,126.0,0.0,126.0,7902.99,7902.99,7902.99,0.0,0.0,False,none
T-31520,Tiger Balm Ultra 10g,1,SF,2024-01,2024-01-01,165.0,142.0,0.0,142.0,19601.08,16561.21,16561.21,23.0,3039.8700000000026,False,none
T-31520,Tiger Balm Ultra 10g,1,SF,2024-02,2024-02-01,236.0,236.0,0.0,236.0,27966.809999999998,27966.809999999998,27966.81,0.0,0.0,False,none
T-31520,Tiger Balm Ultra 10g,1,SF,2024-03,2024-03-01,495.0,495.0,0.0,495.0,56653.72,56653.72,56653.72,0.0,0.0,False,none
T-31520,Tiger Balm Ultra 10g,1,SF,2024-04,2024-04-01,154.0,154.0,319.0,473.0,18131.14,18131.14,55688.5,0.0,0.0,True,deep_drop_gap
T-31520,Tiger Balm Ultra 10g,1,SF,2024-05,2024-05-01,777.0,777.0,0.0,777.0,92936.29000000001,92936.29000000001,92936.29,0.0,0.0,False,none
T-31520,Tiger Balm Ultra 10g,1,SF,2024-06,2024-06-01,451.0,451.0,0.0,451.0,54762.26,54762.26,54762.26,0.0,0.0,False,none
T-31520,Tiger Balm Ultra 10g,1,SF,2024-07,2024-07-01,493.0,493.0,0.0,493.0,58787.729999999996,58787.729999999996,58787.73,0.0,0.0,False,none
T-31520,Tiger Balm Ultra 10g,1,SF,2024-08,2024-08-01,367.0,367.0,0.0,367.0,40524.19,40524.19,40524.19,0.0,0.0,False,none
T-31520,Tiger Balm Ultra 10g,1,SF,2024-09,2024-09-01,4942.0,348.0,0.0,348.0,42687.22,32351.66,32351.66,4594.0,10335.560000000001,False,none
T-31520,Tiger Balm Ultra 10g,1,SF,2024-10,2024-10-01,8070.0,8070.0,0.0,8070.0,75608.34,75608.34,75608.34,0.0,0.0,False,none
T-31520,Tiger Balm Ultra 10g,1,SF,2024-11,2024-11-01,525.0,525.0,0.0,525.0,60565.03,60565.03,60565.03,0.0,0.0,False,none
T-31520,Tiger Balm Ultra 10g,1,SF,2024-12,2024-12-01,464.0,464.0,0.0,464.0,56203.83,56203.83,56203.83,0.0,0.0,False,none
T-31520,Tiger Balm Ultra 10g,1,SF,2025-01,2025-01-01,2594.0,297.0,0.0,297.0,39995.920000000006,34828.14,34828.14,2297.0,5167.780000000006,False,none
T-31520,Tiger Balm Ultra 10g,1,SF,2025-02,2025-02-01,11813.0,322.0,0.0,322.0,65418.020000000004,38876.57,38876.57,11491.0,26541.450000000004,False,none
T-31520,Tiger Balm Ultra 10g,1,SF,2025-03,2025-03-01,4927.0,333.0,0.0,333.0,47168.66,36833.1,36833.1,4594.0,10335.560000000005,False,none
T-31520,Tiger Balm Ultra 10g,1,SF,2025-04,2025-04-01,7279.0,7279.0,0.0,7279.0,61381.07,61381.07,61381.07,0.0,0.0,False,none
T-31520,Tiger Balm Ultra 10g,1,SF,2025-05,2025-05-01,7209.0,7209.0,0.0,7209.0,53467.94,53467.94,53467.94,0.0,0.0,False,none
T-31520,Tiger Balm Ultra 10g,1,SF,2025-06,2025-06-01,687.0,687.0,6115.5,6802.5,81771.85,81771.85,809684.15,0.0,0.0,True,deep_drop_gap
T-31520,Tiger Balm Ultra 10g,1,SF,2025-07,2025-07-01,7200.0,302.0,0.0,302.0,48298.82,31952.42,31952.42,6898.0,16346.400000000001,False,none
T-31520,Tiger Balm Ultra 10g,1,SF,2025-08,2025-08-01,6396.0,6396.0,0.0,6396.0,98924.15000000001,98924.15000000001,98924.15,0.0,0.0,False,none
T-31520,Tiger Balm Ultra 10g,1,SF,2025-09,2025-09-01,2735.0,2735.0,0.0,2735.0,53492.28,53492.28,53492.28,0.0,0.0,False,none
T-31520,Tiger Balm Ultra 10g,1,SF,2025-10,2025-10-01,2989.0,692.0,0.0,692.0,97277.2,92109.42,92109.42,2297.0,5167.779999999999,False,none
T-31520,Tiger Balm Ultra 10g,1,SF,2025-11,2025-11-01,889.0,882.0,1853.0,2735.0,117387.65999999999,116544.59999999999,361393.97,7.0,843.0599999999977,True,deep_drop_gap
T-31520,Tiger Balm Ultra 10g,1,SF,2025-12,2025-12-01,2839.0,2839.0,0.0,2839.0,76973.04000000001,76973.04000000001,76973.04,0.0,0.0,False,none
T-31520,Tiger Balm Ultra 10g,2,NJ,2023-01,2023-01-01,38738.0,38738.0,0.0,38738.0,172394.57,172394.57,172394.57,0.0,0.0,False,none
T-31520,Tiger Balm Ultra 10g,2,NJ,2023-02,2023-02-01,9270.0,9270.0,18405.0,27675.0,157566.62,157566.62,470405.2,0.0,0.0,True,deep_drop_gap
T-31520,Tiger Balm Ultra 10g,2,NJ,2023-03,2023-03-01,27675.0,27675.0,0.0,27675.0,197363.97,197363.97,197363.97,0.0,0.0,False,none
T-31520,Tiger Balm Ultra 10g,2,NJ,2023-04,2023-04-01,23776.0,23776.0,0.0,23776.0,87037.59,87037.59,87037.59,0.0,0.0,False,none
T-31520,Tiger Balm Ultra 10g,2,NJ,2023-05,2023-05-01,19635.0,19635.0,0.0,19635.0,107087.89,107087.89,107087.89,0.0,0.0,False,none
T-31520,Tiger Balm Ultra 10g,2,NJ,2023-06,2023-06-01,22493.0,22493.0,0.0,22493.0,68917.37999999999,68917.37999999999,68917.38,0.0,0.0,False,none
T-31520,Tiger Balm Ultra 10g,2,NJ,2023-07,2023-07-01,22539.0,22539.0,0.0,22539.0,57740.649999999994,57740.649999999994,57740.65,0.0,0.0,False,none
T-31520,Tiger Balm Ultra 10g,2,NJ,2023-08,2023-08-01,29022.0,29022.0,0.0,29022.0,128853.34999999999,128853.34999999999,128853.35,0.0,0.0,False,none
T-31520,Tiger Balm Ultra 10g,2,NJ,2023-09,2023-09-01,12798.0,170.0,0.0,170.0,49161.46,20738.670000000002,20738.67,12628.0,28422.789999999997,False,none
T-31520,Tiger Balm Ultra 10g,2,NJ,2023-10,2023-10-01,12478.0,998.0,0.0,998.0,148362.57,122523.67000000001,122523.67,11480.0,25838.899999999994,False,none
T-31520,Tiger Balm Ultra 10g,2,NJ,2023-11,2023-11-01,15934.0,15934.0,0.0,15934.0,158377.22,158377.22,158377.22,0.0,0.0,False,none
T-31520,Tiger Balm Ultra 10g,2,NJ,2023-12,2023-12-01,10872.0,10872.0,0.0,10872.0,89593.75,89593.75,89593.75,0.0,0.0,False,none
T-31520,Tiger Balm Ultra 10g,2,NJ,2024-01,2024-01-01,17279.0,17261.0,0.0,17261.0,142721.94,140290.04,140290.04,18.0,2431.899999999994,False,none
T-31520,Tiger Balm Ultra 10g,2,NJ,2024-02,2024-02-01,731.0,731.0,13335.5,14066.5,89085.09,89085.09,1714248.18,0.0,0.0,True,deep_drop_gap
T-31520,Tiger Balm Ultra 10g,2,NJ,2024-03,2024-03-01,3343.0,3343.0,12309.5,15652.5,132202.63,132202.63,618995.41,0.0,0.0,True,deep_drop_gap
T-31520,Tiger Balm Ultra 10g,2,NJ,2024-04,2024-04-01,53674.0,53674.0,0.0,53674.0,189772.37,189772.37,189772.37,0.0,0.0,False,none
T-31520,Tiger Balm Ultra 10g,2,NJ,2024-05,2024-05-01,14044.0,14044.0,0.0,14044.0,48249.51,48249.51,48249.51,0.0,0.0,False,none
T-31520,Tiger Balm Ultra 10g,2,NJ,2024-06,2024-06-01,15103.0,15103.0,0.0,15103.0,191801.98,191801.98,191801.98,0.0,0.0,False,none
T-31520,Tiger Balm Ultra 10g,2,NJ,2024-07,2024-07-01,523.0,523.0,7129.0,7652.0,63448.85999999999,63448.85999999999,928318.69,0.0,0.0,True,deep_drop_gap
T-31520,Tiger Balm Ultra 10g,2,NJ,2024-08,2024-08-01,27269.0,1260.0,0.0,1260.0,212047.87,153530.37,153530.37,26009.0,58517.5,False,none
T-31520,Tiger Balm Ultra 10g,2,NJ,2024-09,2024-09-01,29134.0,897.0,0.0,897.0,172109.24,108575.95,108575.95,28237.0,63533.28999999999,False,none
T-31520,Tiger Balm Ultra 10g,2,NJ,2024-10,2024-10-01,30137.0,30137.0,0.0,30137.0,101666.78,101666.78,101666.78,0.0,0.0,False,none
T-31520,Tiger Balm Ultra 10g,2,NJ,2024-11,2024-11-01,46074.0,46074.0,0.0,46074.0,112488.72,112488.72,112488.72,0.0,0.0,False,none
T-31520,Tiger Balm Ultra 10g,2,NJ,2024-12,2024-12-01,4771.0,177.0,14964.0,15141.0,32441.64,22106.079999999998,1891006.54,4594.0,10335.560000000001,True,deep_drop_gap
T-31520,Tiger Balm Ultra 10g,2,NJ,2025-01,2025-01-01,47220.0,66.0,0.0,66.0,114542.31999999999,8450.84,8450.84,47154.0,106091.48,False,none
T-31520,Tiger Balm Ultra 10g,2,NJ,2025-02,2025-02-01,30411.0,145.0,0.0,145.0,87041.65,18948.55,18948.55,30266.0,68093.09999999999,False,none
T-31520,Tiger Balm Ultra 10g,2,NJ,2025-03,2025-03-01,23099.0,129.0,0.0,129.0,67789.12,16111.32,16111.32,22970.0,51677.799999999996,False,none
T-31520,Tiger Balm Ultra 10g,2,NJ,2025-04,2025-04-01,23119.0,23119.0,0.0,23119.0,71188.37000000001,71188.37000000001,71188.37,0.0,0.0,False,none
T-31520,Tiger Balm Ultra 10g,2,NJ,2025-05,2025-05-01,20801.0,20801.0,0.0,20801.0,63117.85,63117.85,63117.85,0.0,0.0,False,none
T-31520,Tiger Balm Ultra 10g,2,NJ,2025-06,2025-06-01,23108.0,23108.0,0.0,23108.0,69477.93000000001,69477.93000000001,69477.93,0.0,0.0,False,none
T-31520,Tiger Balm Ultra 10g,2,NJ,2025-07,2025-07-01,34799.0,142.0,0.0,142.0,96671.25,18698.57,18698.57,34657.0,77972.68,False,none
T-31520,Tiger Balm Ultra 10g,2,NJ,2025-08,2025-08-01,23037.0,23037.0,0.0,23037.0,60662.31,60662.31,60662.31,0.0,0.0,False,none
T-31520,Tiger Balm Ultra 10g,2,NJ,2025-09,2025-09-01,7051.0,7051.0,0.0,7051.0,37735.58,37735.58,37735.58,0.0,0.0,False,none
T-31520,Tiger Balm Ultra 10g,2,NJ,2025-10,2025-10-01,20908.0,235.0,0.0,235.0,78128.02999999998,31618.010000000002,31618.01,20673.0,46510.01999999998,False,none
T-31520,Tiger Balm Ultra 10g,2,NJ,2025-11,2025-11-01,28107.0,205.0,0.0,205.0,90277.38,27504.05,27504.05,27902.0,62773.33,False,none
T-31520,Tiger Balm Ultra 10g,2,NJ,2025-12,2025-12-01,25805.0,25805.0,0.0,25805.0,106137.01000000001,106137.01000000001,106137.01,0.0,0.0,False,none
T-31520,Tiger Balm Ultra 10g,3,LA,2023-01,2023-01-01,12683.0,12683.0,0.0,12683.0,29520.510000000002,29520.510000000002,29520.51,0.0,0.0,False,none
T-31520,Tiger Balm Ultra 10g,3,LA,2023-02,2023-02-01,3476.0,3476.0,0.0,3476.0,10217.34,10217.34,10217.34,0.0,0.0,False,none
T-31520,Tiger Balm Ultra 10g,3,LA,2023-03,2023-03-01,8087.0,8087.0,0.0,8087.0,24357.48,24357.48,24357.48,0.0,0.0,False,none
T-31520,Tiger Balm Ultra 10g,3,LA,2023-04,2023-04-01,8493.0,8493.0,0.0,8493.0,72017.9,72017.9,72017.9,0.0,0.0,False,none
T-31520,Tiger Balm Ultra 10g,3,LA,2023-05,2023-05-01,4927.0,4927.0,0.0,4927.0,51475.14,51475.14,51475.14,0.0,0.0,False,none
T-31520,Tiger Balm Ultra 10g,3,LA,2023-06,2023-06-01,6388.0,6388.0,0.0,6388.0,240014.69,240014.69,240014.69,0.0,0.0,False,none
T-31520,Tiger Balm Ultra 10g,3,LA,2023-07,2023-07-01,6315.0,6315.0,0.0,6315.0,79046.78,79046.78,79046.78,0.0,0.0,False,none
T-31520,Tiger Balm Ultra 10g,3,LA,2023-08,2023-08-01,9948.0,9948.0,0.0,9948.0,109739.35,109739.35,109739.35,0.0,0.0,False,none
T-31520,Tiger Balm Ultra 10g,3,LA,2023-09,2023-09-01,8368.0,331.0,0.0,331.0,56673.33,38586.100000000006,38586.1,8037.0,18087.229999999996,False,none
T-31520,Tiger Balm Ultra 10g,3,LA,2023-10,2023-10-01,3563.0,118.0,0.0,118.0,23542.11,15790.439999999999,15790.44,3445.0,7751.670000000002,False,none
T-31520,Tiger Balm Ultra 10g,3,LA,2023-11,2023-11-01,16778.0,16778.0,0.0,16778.0,114197.82,114197.82,114197.82,0.0,0.0,False,none
T-31520,Tiger Balm Ultra 10g,3,LA,2023-12,2023-12-01,176.0,176.0,0.0,176.0,21603.35,21603.35,21603.35,0.0,0.0,False,none
T-31520,Tiger Balm Ultra 10g,3,LA,2024-01,2024-01-01,538.0,538.0,0.0,538.0,64175.04,64175.04,64175.04,0.0,0.0,False,none
T-31520,Tiger Balm Ultra 10g,3,LA,2024-02,2024-02-01,25467.0,200.0,0.0,200.0,79509.51,22663.93,22663.93,25267.0,56845.579999999994,False,none
T-31520,Tiger Balm Ultra 10g,3,LA,2024-03,2024-03-01,309.0,309.0,0.0,309.0,35877.229999999996,35877.229999999996,35877.23,0.0,0.0,False,none
T-31520,Tiger Balm Ultra 10g,3,LA,2024-04,2024-04-01,783.0,783.0,0.0,783.0,94303.53,94303.53,94303.53,0.0,0.0,False,none
T-31520,Tiger Balm Ultra 10g,3,LA,2024-05,2024-05-01,3117.0,3117.0,6891.0,10008.0,102224.09,102224.09,328219.02,0.0,0.0,True,deep_drop_gap
T-31520,Tiger Balm Ultra 10g,3,LA,2024-06,2024-06-01,19233.0,19233.0,0.0,19233.0,48469.06,48469.06,48469.06,0.0,0.0,False,none
T-31520,Tiger Balm Ultra 10g,3,LA,2024-07,2024-07-01,28879.0,28879.0,0.0,28879.0,125408.16,125408.16,125408.16,0.0,0.0,False,none
T-31520,Tiger Balm Ultra 10g,3,LA,2024-08,2024-08-01,347.0,347.0,9430.5,9777.5,41984.0,41984.0,1182992.97,0.0,0.0,True,deep_drop_gap
T-31520,Tiger Balm Ultra 10g,3,LA,2024-09,2024-09-01,9645.0,322.0,0.0,322.0,57723.79,36748.68,36748.68,9323.0,20975.11,False,none
T-31520,Tiger Balm Ultra 10g,3,LA,2024-10,2024-10-01,262.0,262.0,0.0,262.0,31591.02,31591.02,31591.02,0.0,0.0,False,none
T-31520,Tiger Balm Ultra 10g,3,LA,2024-11,2024-11-01,9615.0,9615.0,0.0,9615.0,23356.34,23356.34,23356.34,0.0,0.0,False,none
T-31520,Tiger Balm Ultra 10g,3,LA,2024-12,2024-12-01,2344.0,47.0,0.0,47.0,11311.710000000001,6143.93,6143.93,2297.0,5167.780000000001,False,none
T-31520,Tiger Balm Ultra 10g,3,LA,2025-01,2025-01-01,46.0,46.0,82.0,128.0,5134.01,5134.01,14285.94,0.0,0.0,True,deep_drop_gap
T-31520,Tiger Balm Ultra 10g,3,LA,2025-02,2025-02-01,38.0,38.0,90.0,128.0,2898.03,2898.03,9761.79,0.0,0.0,True,deep_drop_gap
T-31520,Tiger Balm Ultra 10g,3,LA,2025-03,2025-03-01,209.0,209.0,1177.0,1386.0,23119.910000000003,23119.910000000003,153321.51,0.0,0.0,True,deep_drop_gap
T-31520,Tiger Balm Ultra 10g,3,LA,2025-04,2025-04-01,6994.0,6994.0,0.0,6994.0,20603.57,20603.57,20603.57,0.0,0.0,False,none
T-31520,Tiger Balm Ultra 10g,3,LA,2025-05,2025-05-01,2726.0,2726.0,0.0,2726.0,55950.5,55950.5,55950.5,0.0,0.0,False,none
T-31520,Tiger Balm Ultra 10g,3,LA,2025-06,2025-06-01,4624.0,4624.0,0.0,4624.0,14706.21,14706.21,14706.21,0.0,0.0,False,none
T-31520,Tiger Balm Ultra 10g,3,LA,2025-07,2025-07-01,14901.0,445.0,0.0,445.0,87436.81,54910.200000000004,54910.2,14456.0,32526.609999999993,False,none
T-31520,Tiger Balm Ultra 10g,3,LA,2025-08,2025-08-01,8191.0,8191.0,0.0,8191.0,77736.24,77736.24,77736.24,0.0,0.0,False,none
T-31520,Tiger Balm Ultra 10g,3,LA,2025-09,2025-09-01,5074.0,5074.0,0.0,5074.0,63421.82000000001,63421.82000000001,63421.82,0.0,0.0,False,none
T-31520,Tiger Balm Ultra 10g,3,LA,2025-10,2025-10-01,7096.0,205.0,0.0,205.0,42767.6,27264.260000000002,27264.26,6891.0,15503.339999999997,False,none
T-31520,Tiger Balm Ultra 10g,3,LA,2025-11,2025-11-01,7463.0,572.0,0.0,572.0,85993.19,70489.85,70489.85,6891.0,15503.339999999997,False,none
T-31520,Tiger Balm Ultra 10g,3,LA,2025-12,2025-12-01,12038.0,12038.0,0.0,12038.0,89632.25,89632.25,89632.25,0.0,0.0,False,none
T-31541,"Tiger Balm 50g, Ultra/St",1,SF,2023-01,2023-01-01,1843.0,1843.0,0.0,1843.0,33634.7,33634.7,33634.7,0.0,0.0,False,none
T-31541,"Tiger Balm 50g, Ultra/St",1,SF,2023-02,2023-02-01,825.0,825.0,0.0,825.0,19447.309999999998,19447.309999999998,19447.31,0.0,0.0,False,none
T-31541,"Tiger Balm 50g, Ultra/St",1,SF,2023-03,2023-03-01,1549.0,1549.0,0.0,1549.0,32164.26,32164.26,32164.26,0.0,0.0,False,none
T-31541,"Tiger Balm 50g, Ultra/St",1,SF,2023-04,2023-04-01,226.0,226.0,0.0,226.0,26096.57,26096.57,26096.57,0.0,0.0,False,none
T-31541,"Tiger Balm 50g, Ultra/St",1,SF,2023-05,2023-05-01,145.0,145.0,0.0,145.0,21736.23,21736.23,21736.23,0.0,0.0,False,none
T-31541,"Tiger Balm 50g, Ultra/St",1,SF,2023-06,2023-06-01,275.0,275.0,0.0,275.0,12378.64,12378.64,12378.64,0.0,0.0,False,none
T-31541,"Tiger Balm 50g, Ultra/St",1,SF,2023-07,2023-07-01,205.0,205.0,0.0,205.0,25199.53,25199.53,25199.53,0.0,0.0,False,none
T-31541,"Tiger Balm 50g, Ultra/St",1,SF,2023-08,2023-08-01,402.0,402.0,0.0,402.0,85781.89,85781.89,85781.89,0.0,0.0,False,none
T-31541,"Tiger Balm 50g, Ultra/St",1,SF,2023-09,2023-09-01,252.0,184.0,0.0,184.0,42004.07,23239.539999999997,23239.54,68.0,18764.530000000002,False,none
T-31541,"Tiger Balm 50g, Ultra/St",1,SF,2023-10,2023-10-01,197.0,197.0,0.0,197.0,31148.99,31148.99,31148.99,0.0,0.0,False,none
T-31541,"Tiger Balm 50g, Ultra/St",1,SF,2023-11,2023-11-01,303.0,285.0,0.0,285.0,56603.78999999999,51240.899999999994,51240.9,18.0,5362.889999999999,False,none
T-31541,"Tiger Balm 50g, Ultra/St",1,SF,2023-12,2023-12-01,243.0,210.0,0.0,210.0,25168.440000000002,16494.52,16494.52,33.0,8673.920000000002,False,none
T-31541,"Tiger Balm 50g, Ultra/St",1,SF,2024-01,2024-01-01,429.0,426.0,0.0,426.0,83964.76000000001,83071.32,83071.32,3.0,893.4400000000023,False,none
T-31541,"Tiger Balm 50g, Ultra/St",1,SF,2024-02,2024-02-01,235.0,201.0,0.0,201.0,42299.86,32906.4,32906.4,34.0,9393.46,False,none
T-31541,"Tiger Balm 50g, Ultra/St",1,SF,2024-03,2024-03-01,813.0,813.0,0.0,813.0,27282.809999999998,27282.809999999998,27282.81,0.0,0.0,False,none
T-31541,"Tiger Balm 50g, Ultra/St",1,SF,2024-04,2024-04-01,694.0,259.0,0.0,259.0,31839.069999999996,20366.9,20366.9,435.0,11472.169999999995,False,none
T-31541,"Tiger Balm 50g, Ultra/St",1,SF,2024-05,2024-05-01,381.0,282.0,0.0,282.0,68445.50000000001,39233.240000000005,39233.24,99.0,29212.26000000001,False,none
T-31541,"Tiger Balm 50g, Ultra/St",1,SF,2024-06,2024-06-01,291.0,244.0,0.0,244.0,60989.340000000004,46376.67,46376.67,47.0,14612.670000000006,False,none
T-31541,"Tiger Balm 50g, Ultra/St",1,SF,2024-07,2024-07-01,854.0,854.0,0.0,854.0,72760.49,72760.49,72760.49,0.0,0.0,False,none
T-31541,"Tiger Balm 50g, Ultra/St",1,SF,2024-08,2024-08-01,435.0,222.0,0.0,222.0,89198.36,30070.339999999997,30070.34,213.0,59128.020000000004,False,none
T-31541,"Tiger Balm 50g, Ultra/St",1,SF,2024-09,2024-09-01,313.0,260.0,0.0,260.0,33364.01,20049.69,20049.69,53.0,13314.320000000003,False,none
T-31541,"Tiger Balm 50g, Ultra/St",1,SF,2024-10,2024-10-01,335.0,203.0,0.0,203.0,70405.59000000001,32441.78,32441.78,132.0,37963.81000000001,False,none
T-31541,"Tiger Balm 50g, Ultra/St",1,SF,2024-11,2024-11-01,348.0,265.0,0.0,265.0,48931.52,24458.91,24458.91,83.0,24472.609999999997,False,none
T-31541,"Tiger Balm 50g, Ultra/St",1,SF,2024-12,2024-12-01,279.0,240.0,0.0,240.0,58314.44,47846.18,47846.18,39.0,10468.260000000002,False,none
T-31541,"Tiger Balm 50g, Ultra/St",1,SF,2025-01,2025-01-01,386.0,259.0,0.0,259.0,62989.990000000005,27733.739999999998,27733.74,127.0,35256.25000000001,False,none
T-31541,"Tiger Balm 50g, Ultra/St",1,SF,2025-02,2025-02-01,431.0,391.0,0.0,391.0,80381.43000000001,68718.91,68718.91,40.0,11662.520000000004,False,none
T-31541,"Tiger Balm 50g, Ultra/St",1,SF,2025-03,2025-03-01,829.0,772.0,0.0,772.0,43101.16,26833.34,26833.34,57.0,16267.820000000003,False,none
T-31541,"Tiger Balm 50g, Ultra/St",1,SF,2025-04,2025-04-01,2981.0,2894.0,0.0,2894.0,46562.920000000006,22042.54,22042.54,87.0,24520.380000000005,False,none
T-31541,"Tiger Balm 50g, Ultra/St",1,SF,2025-05,2025-05-01,335.0,246.0,0.0,246.0,56283.2,30896.219999999998,30896.22,89.0,25386.98,False,none
T-31541,"Tiger Balm 50g, Ultra/St",1,SF,2025-06,2025-06-01,350.0,304.0,0.0,304.0,42891.44,29920.870000000003,29920.87,46.0,12970.57,False,none
T-31541,"Tiger Balm 50g, Ultra/St",1,SF,2025-07,2025-07-01,209.0,185.0,0.0,185.0,40807.6,33188.71,33188.71,24.0,7618.889999999999,False,none
T-31541,"Tiger Balm 50g, Ultra/St",1,SF,2025-08,2025-08-01,490.0,304.0,0.0,304.0,103511.04,50148.93,50148.93,186.0,53362.10999999999,False,none
T-31541,"Tiger Balm 50g, Ultra/St",1,SF,2025-09,2025-09-01,309.0,250.0,0.0,250.0,79217.4,61553.83,61553.83,59.0,17663.569999999992,False,none
T-31541,"Tiger Balm 50g, Ultra/St",1,SF,2025-10,2025-10-01,713.0,699.0,0.0,699.0,58513.61,54149.77,54149.77,14.0,4363.840000000004,False,none
T-31541,"Tiger Balm 50g, Ultra/St",1,SF,2025-11,2025-11-01,226.0,164.0,0.0,164.0,43308.07000000001,25442.95,25442.95,62.0,17865.120000000006,False,none
T-31541,"Tiger Balm 50g, Ultra/St",1,SF,2025-12,2025-12-01,276.0,235.0,0.0,235.0,58533.61,46316.5,46316.5,41.0,12217.11,False,none
T-31541,"Tiger Balm 50g, Ultra/St",2,NJ,2023-01,2023-01-01,3137.0,3137.0,0.0,3137.0,551540.7699999999,551540.7699999999,551540.77,0.0,0.0,False,none
T-31541,"Tiger Balm 50g, Ultra/St",2,NJ,2023-02,2023-02-01,733.0,733.0,0.0,733.0,91673.29,91673.29,91673.29,0.0,0.0,False,none
T-31541,"Tiger Balm 50g, Ultra/St",2,NJ,2023-03,2023-03-01,981.0,981.0,0.0,981.0,83307.67,83307.67,83307.67,0.0,0.0,False,none
T-31541,"Tiger Balm 50g, Ultra/St",2,NJ,2023-04,2023-04-01,861.0,861.0,0.0,861.0,219894.31999999998,219894.31999999998,219894.32,0.0,0.0,False,none
T-31541,"Tiger Balm 50g, Ultra/St",2,NJ,2023-05,2023-05-01,1121.0,1121.0,0.0,1121.0,243883.35,243883.35,243883.35,0.0,0.0,False,none
T-31541,"Tiger Balm 50g, Ultra/St",2,NJ,2023-06,2023-06-01,2030.0,2030.0,0.0,2030.0,457687.60000000003,457687.60000000003,457687.6,0.0,0.0,False,none
T-31541,"Tiger Balm 50g, Ultra/St",2,NJ,2023-07,2023-07-01,938.0,938.0,0.0,938.0,219931.3,219931.3,219931.3,0.0,0.0,False,none
T-31541,"Tiger Balm 50g, Ultra/St",2,NJ,2023-08,2023-08-01,2394.0,2394.0,0.0,2394.0,554169.9600000001,554169.9600000001,554169.96,0.0,0.0,False,none
T-31541,"Tiger Balm 50g, Ultra/St",2,NJ,2023-09,2023-09-01,931.0,272.0,0.0,272.0,211384.7,37148.86,37148.86,659.0,174235.84000000003,False,none
T-31541,"Tiger Balm 50g, Ultra/St",2,NJ,2023-10,2023-10-01,1790.0,1758.0,0.0,1758.0,395864.36000000004,385929.78,385929.78,32.0,9934.580000000016,False,none
T-31541,"Tiger Balm 50g, Ultra/St",2,NJ,2023-11,2023-11-01,1531.0,464.0,0.0,464.0,375223.96,92711.02,92711.02,1067.0,282512.94,False,none
T-31541,"Tiger Balm 50g, Ultra/St",2,NJ,2023-12,2023-12-01,1386.0,409.0,0.0,409.0,323818.45,64356.65,64356.65,977.0,259461.80000000002,False,none
T-31541,"Tiger Balm 50g, Ultra/St",2,NJ,2024-01,2024-01-01,1340.0,1317.0,0.0,1317.0,319017.11,312908.57999999996,312908.58,23.0,6108.530000000028,False,none
T-31541,"Tiger Balm 50g, Ultra/St",2,NJ,2024-02,2024-02-01,542.0,476.0,0.0,476.0,117508.06,98743.54999999999,98743.55,66.0,18764.51000000001,False,none
T-31541,"Tiger Balm 50g, Ultra/St",2,NJ,2024-03,2024-03-01,1292.0,1291.0,0.0,1291.0,306359.82,306003.41,306003.41,1.0,356.4100000000326,False,none
T-31541,"Tiger Balm 50g, Ultra/St",2,NJ,2024-04,2024-04-01,2786.0,485.0,0.0,485.0,514723.67000000004,99014.34999999999,99014.35,2301.0,415709.32000000007,False,none
T-31541,"Tiger Balm 50g, Ultra/St",2,NJ,2024-05,2024-05-01,1969.0,1826.0,0.0,1826.0,435770.55,393417.89999999997,393417.9,143.0,42352.65000000002,False,none
T-31541,"Tiger Balm 50g, Ultra/St",2,NJ,2024-06,2024-06-01,578.0,517.0,0.0,517.0,150185.96,131324.4,131324.4,61.0,18861.559999999998,False,none
T-31541,"Tiger Balm 50g, Ultra/St",2,NJ,2024-07,2024-07-01,2602.0,2586.0,0.0,2586.0,417404.63999999996,413003.49,413003.49,16.0,4401.149999999965,False,none
T-31541,"Tiger Balm 50g, Ultra/St",2,NJ,2024-08,2024-08-01,3252.0,654.0,0.0,654.0,824059.3300000001,130368.87,130368.87,2598.0,693690.4600000001,False,none
T-31541,"Tiger Balm 50g, Ultra/St",2,NJ,2024-09,2024-09-01,1002.0,777.0,0.0,777.0,229323.89999999997,163884.31,163884.31,225.0,65439.58999999997,False,none
T-31541,"Tiger Balm 50g, Ultra/St",2,NJ,2024-10,2024-10-01,1714.0,1015.0,0.0,1015.0,396459.64,205006.60000000003,205006.6,699.0,191453.03999999998,False,none
T-31541,"Tiger Balm 50g, Ultra/St",2,NJ,2024-11,2024-11-01,864.0,571.0,0.0,571.0,200530.49,117435.56,117435.56,293.0,83094.93,False,none
T-31541,"Tiger Balm 50g, Ultra/St",2,NJ,2024-12,2024-12-01,1347.0,1242.0,0.0,1242.0,342763.11,314579.39999999997,314579.4,105.0,28183.71000000002,False,none
T-31541,"Tiger Balm 50g, Ultra/St",2,NJ,2025-01,2025-01-01,2561.0,834.0,0.0,834.0,655632.26,195472.11,195472.11,1727.0,460160.15,False,none
T-31541,"Tiger Balm 50g, Ultra/St",2,NJ,2025-02,2025-02-01,781.0,690.0,0.0,690.0,203633.16,176451.10000000003,176451.1,91.0,27182.05999999997,False,none
T-31541,"Tiger Balm 50g, Ultra/St",2,NJ,2025-03,2025-03-01,899.0,546.0,0.0,546.0,236311.24,137636.24,137636.24,353.0,98675.0,False,none
T-31541,"Tiger Balm 50g, Ultra/St",2,NJ,2025-04,2025-04-01,687.0,402.0,0.0,402.0,163437.54,83953.31,83953.31,285.0,79484.23000000001,False,none
T-31541,"Tiger Balm 50g, Ultra/St",2,NJ,2025-05,2025-05-01,788.0,457.0,0.0,457.0,212022.76,119637.7,119637.7,331.0,92385.06000000001,False,none
T-31541,"Tiger Balm 50g, Ultra/St",2,NJ,2025-06,2025-06-01,955.0,678.0,0.0,678.0,228974.50000000003,153657.04,153657.04,277.0,75317.46000000002,False,none
T-31541,"Tiger Balm 50g, Ultra/St",2,NJ,2025-07,2025-07-01,1629.0,848.0,0.0,848.0,408352.06,198872.65,198872.65,781.0,209479.41,False,none
T-31541,"Tiger Balm 50g, Ultra/St",2,NJ,2025-08,2025-08-01,1852.0,1025.0,0.0,1025.0,506159.61000000004,269957.88,269957.88,827.0,236201.73000000004,False,none
T-31541,"Tiger Balm 50g, Ultra/St",2,NJ,2025-09,2025-09-01,1062.0,881.0,0.0,881.0,275054.27,219872.08000000002,219872.08,181.0,55182.19,False,none
T-31541,"Tiger Balm 50g, Ultra/St",2,NJ,2025-10,2025-10-01,2519.0,2460.0,0.0,2460.0,236169.09,215986.38999999998,215986.39,59.0,20182.70000000001,False,none
T-31541,"Tiger Balm 50g, Ultra/St",2,NJ,2025-11,2025-11-01,1143.0,636.0,0.0,636.0,294612.53,145906.99,145906.99,507.0,148705.54000000004,False,none
T-31541,"Tiger Balm 50g, Ultra/St",2,NJ,2025-12,2025-12-01,1125.0,986.0,0.0,986.0,325618.67,281399.24,281399.24,139.0,44219.42999999999,False,none
T-31541,"Tiger Balm 50g, Ultra/St",3,LA,2023-01,2023-01-01,273.0,273.0,0.0,273.0,40851.76,40851.76,40851.76,0.0,0.0,False,none
T-31541,"Tiger Balm 50g, Ultra/St",3,LA,2023-02,2023-02-01,165.0,165.0,0.0,165.0,33959.96,33959.96,33959.96,0.0,0.0,False,none
T-31541,"Tiger Balm 50g, Ultra/St",3,LA,2023-03,2023-03-01,203.0,203.0,0.0,203.0,23691.359999999997,23691.359999999997,23691.36,0.0,0.0,False,none
T-31541,"Tiger Balm 50g, Ultra/St",3,LA,2023-04,2023-04-01,706.0,706.0,0.0,706.0,136472.99,136472.99,136472.99,0.0,0.0,False,none
T-31541,"Tiger Balm 50g, Ultra/St",3,LA,2023-05,2023-05-01,172.0,172.0,410.5,582.5,34836.06,34836.06,117976.77,0.0,0.0,True,deep_drop_gap
T-31541,"Tiger Balm 50g, Ultra/St",3,LA,2023-06,2023-06-01,770.0,770.0,0.0,770.0,172474.94999999998,172474.94999999998,172474.95,0.0,0.0,False,none
T-31541,"Tiger Balm 50g, Ultra/St",3,LA,2023-07,2023-07-01,459.0,459.0,0.0,459.0,93310.18,93310.18,93310.18,0.0,0.0,False,none
T-31541,"Tiger Balm 50g, Ultra/St",3,LA,2023-08,2023-08-01,401.0,401.0,0.0,401.0,99589.75,99589.75,99589.75,0.0,0.0,False,none
T-31541,"Tiger Balm 50g, Ultra/St",3,LA,2023-09,2023-09-01,560.0,529.0,0.0,529.0,111519.39,102928.69,102928.69,31.0,8590.699999999997,False,none
T-31541,"Tiger Balm 50g, Ultra/St",3,LA,2023-10,2023-10-01,268.0,268.0,0.0,268.0,39108.18,39108.18,39108.18,0.0,0.0,False,none
T-31541,"Tiger Balm 50g, Ultra/St",3,LA,2023-11,2023-11-01,598.0,252.0,0.0,252.0,132274.67,40831.17,40831.17,346.0,91443.50000000001,False,none
T-31541,"Tiger Balm 50g, Ultra/St",3,LA,2023-12,2023-12-01,266.0,152.0,0.0,152.0,60372.100000000006,30622.03,30622.03,114.0,29750.070000000007,False,none
T-31541,"Tiger Balm 50g, Ultra/St",3,LA,2024-01,2024-01-01,330.0,327.0,0.0,327.0,75553.42,74651.02,74651.02,3.0,902.3999999999942,False,none
T-31541,"Tiger Balm 50g, Ultra/St",3,LA,2024-02,2024-02-01,737.0,419.0,0.0,419.0,174443.11,90388.99,90388.99,318.0,84054.11999999998,False,none
T-31541,"Tiger Balm 50g, Ultra/St",3,LA,2024-03,2024-03-01,361.0,361.0,0.0,361.0,73773.58,73773.58,73773.58,0.0,0.0,False,none
T-31541,"Tiger Balm 50g, Ultra/St",3,LA,2024-04,2024-04-01,398.0,223.0,0.0,223.0,74765.48999999999,24098.28,24098.28,175.0,50667.20999999999,False,none
T-31541,"Tiger Balm 50g, Ultra/St",3,LA,2024-05,2024-05-01,267.0,219.0,0.0,219.0,57688.170000000006,43103.48,43103.48,48.0,14584.690000000002,False,none
T-31541,"Tiger Balm 50g, Ultra/St",3,LA,2024-06,2024-06-01,638.0,566.0,0.0,566.0,143303.91,121225.36,121225.36,72.0,22078.550000000003,False,none
T-31541,"Tiger Balm 50g, Ultra/St",3,LA,2024-07,2024-07-01,381.0,373.0,0.0,373.0,80057.70000000001,78044.65000000001,78044.65,8.0,2013.050000000003,False,none
T-31541,"Tiger Balm 50g, Ultra/St",3,LA,2024-08,2024-08-01,361.0,115.0,0.0,115.0,90564.20999999999,24119.94,24119.94,246.0,66444.26999999999,False,none
T-31541,"Tiger Balm 50g, Ultra/St",3,LA,2024-09,2024-09-01,268.0,182.0,0.0,182.0,71954.94,45974.58,45974.58,86.0,25980.36,False,none
T-31541,"Tiger Balm 50g, Ultra/St",3,LA,2024-10,2024-10-01,212.0,122.0,0.0,122.0,57388.350000000006,30049.160000000003,30049.16,90.0,27339.190000000002,False,none
T-31541,"Tiger Balm 50g, Ultra/St",3,LA,2024-11,2024-11-01,165.0,123.0,0.0,123.0,31291.73,19012.69,19012.69,42.0,12279.04,False,none
T-31541,"Tiger Balm 50g, Ultra/St",3,LA,2024-12,2024-12-01,214.0,213.0,0.0,213.0,51974.24,51696.58,51696.58,1.0,277.6599999999962,False,none
T-31541,"Tiger Balm 50g, Ultra/St",3,LA,2025-01,2025-01-01,173.0,67.0,0.0,67.0,48156.899999999994,17819.4,17819.4,106.0,30337.499999999993,False,none
T-31541,"Tiger Balm 50g, Ultra/St",3,LA,2025-02,2025-02-01,211.0,200.0,0.0,200.0,39970.71,36387.99,36387.99,11.0,3582.720000000001,False,none
T-31541,"Tiger Balm 50g, Ultra/St",3,LA,2025-03,2025-03-01,204.0,100.0,0.0,100.0,50855.35,20265.95,20265.95,104.0,30589.399999999998,False,none
T-31541,"Tiger Balm 50g, Ultra/St",3,LA,2025-04,2025-04-01,314.0,251.0,0.0,251.0,72224.81999999999,52924.009999999995,52924.01,63.0,19300.809999999998,False,none
T-31541,"Tiger Balm 50g, Ultra/St",3,LA,2025-05,2025-05-01,415.0,322.0,0.0,322.0,103190.15,77340.42000000001,77340.42,93.0,25849.72999999998,False,none
T-31541,"Tiger Balm 50g, Ultra/St",3,LA,2025-06,2025-06-01,357.0,353.0,0.0,353.0,90706.64,89475.08,89475.08,4.0,1231.5599999999977,False,none
T-31541,"Tiger Balm 50g, Ultra/St",3,LA,2025-07,2025-07-01,388.0,289.0,0.0,289.0,101086.06,72080.9,72080.9,99.0,29005.160000000003,False,none
T-31541,"Tiger Balm 50g, Ultra/St",3,LA,2025-08,2025-08-01,384.0,144.0,0.0,144.0,107365.35999999999,38861.38,38861.38,240.0,68503.97999999998,False,none
T-31541,"Tiger Balm 50g, Ultra/St",3,LA,2025-09,2025-09-01,503.0,403.0,0.0,403.0,132572.04,100236.06999999999,100236.07,100.0,32335.970000000016,False,none
T-31541,"Tiger Balm 50g, Ultra/St",3,LA,2025-10,2025-10-01,769.0,717.0,0.0,717.0,175865.23,158787.57,158787.57,52.0,17077.660000000003,False,none
T-31541,"Tiger Balm 50g, Ultra/St",3,LA,2025-11,2025-11-01,679.0,656.0,0.0,656.0,130526.5,122484.02,122484.02,23.0,8042.479999999996,False,none
T-31541,"Tiger Balm 50g, Ultra/St",3,LA,2025-12,2025-12-01,821.0,729.0,0.0,729.0,181407.52000000002,150886.42,150886.42,92.0,30521.100000000006,False,none
T-32202,Tiger Balm Single Patch 12ct/disp,1,SF,2023-01,2023-01-01,17945.0,17945.0,0.0,17945.0,11441.29,11441.29,11441.29,0.0,0.0,False,none
T-32202,Tiger Balm Single Patch 12ct/disp,1,SF,2023-02,2023-02-01,96.0,96.0,5311.0,5407.0,1318.5,1318.5,74261.77,0.0,0.0,True,deep_drop_gap
T-32202,Tiger Balm Single Patch 12ct/disp,1,SF,2023-03,2023-03-01,5407.0,5407.0,0.0,5407.0,6208.389999999999,6208.389999999999,6208.39,0.0,0.0,False,none
T-32202,Tiger Balm Single Patch 12ct/disp,1,SF,2023-04,2023-04-01,3689.0,3689.0,0.0,3689.0,4393.22,4393.22,4393.22,0.0,0.0,False,none
T-32202,Tiger Balm Single Patch 12ct/disp,1,SF,2023-05,2023-05-01,1799.0,1799.0,2733.5,4532.5,1894.76,1894.76,4773.76,0.0,0.0,True,deep_drop_gap
T-32202,Tiger Balm Single Patch 12ct/disp,1,SF,2023-06,2023-06-01,5376.0,5376.0,0.0,5376.0,3870.24,3870.24,3870.24,0.0,0.0,False,none
T-32202,Tiger Balm Single Patch 12ct/disp,1,SF,2023-07,2023-07-01,1792.0,1792.0,3584.0,5376.0,1290.08,1290.08,3870.24,0.0,0.0,True,deep_drop_gap
T-32202,Tiger Balm Single Patch 12ct/disp,1,SF,2023-08,2023-08-01,5377.0,5377.0,0.0,5377.0,3870.24,3870.24,3870.24,0.0,0.0,False,none
T-32202,Tiger Balm Single Patch 12ct/disp,1,SF,2023-09,2023-09-01,3584.0,0.0,0.0,0.0,2580.16,0.0,0.0,3584.0,2580.16,False,none
T-32202,Tiger Balm Single Patch 12ct/disp,1,SF,2023-10,2023-10-01,66133.0,0.0,0.0,0.0,47615.61,0.0,0.0,66133.0,47615.61,False,none
T-32202,Tiger Balm Single Patch 12ct/disp,1,SF,2023-11,2023-11-01,4398.0,4398.0,0.0,4398.0,3166.56,3166.56,3166.56,0.0,0.0,False,none
T-32202,Tiger Balm Single Patch 12ct/disp,1,SF,2023-12,2023-12-01,1.0,1.0,2198.5,2199.5,0.0,0.0,0.0,0.0,0.0,True,deep_drop_gap
T-32202,Tiger Balm Single Patch 12ct/disp,1,SF,2024-01,2024-01-01,1.0,1.0,0.0,1.0,0.0,0.0,0.0,0.0,0.0,False,none
T-32202,Tiger Balm Single Patch 12ct/disp,1,SF,2024-02,2024-02-01,0.0,0.0,1.0,1.0,0.0,0.0,0.0,0.0,0.0,True,zero_sales_gap
T-32202,Tiger Balm Single Patch 12ct/disp,1,SF,2024-03,2024-03-01,3.0,3.0,0.0,3.0,0.0,0.0,0.0,0.0,0.0,False,none
T-32202,Tiger Balm Single Patch 12ct/disp,1,SF,2024-04,2024-04-01,0.0,0.0,113.0,113.0,0.0,0.0,0.0,0.0,0.0,True,zero_sales_gap
T-32202,Tiger Balm Single Patch 12ct/disp,1,SF,2024-05,2024-05-01,113.0,113.0,0.0,113.0,145.92,145.92,145.92,0.0,0.0,False,none
T-32202,Tiger Balm Single Patch 12ct/disp,1,SF,2024-06,2024-06-01,576.0,576.0,0.0,576.0,19.0,19.0,19.0,0.0,0.0,False,none
T-32202,Tiger Balm Single Patch 12ct/disp,1,SF,2024-07,2024-07-01,553.0,553.0,0.0,553.0,547.3100000000001,547.3100000000001,547.31,0.0,0.0,False,none
T-32202,Tiger Balm Single Patch 12ct/disp,1,SF,2024-08,2024-08-01,136345.0,9.0,0.0,9.0,98609.49,446.32,446.32,136336.0,98163.17,False,none
T-32202,Tiger Balm Single Patch 12ct/disp,1,SF,2024-09,2024-09-01,2615.0,172.0,0.0,172.0,2386.32,627.12,627.12,2443.0,1759.2000000000003,False,none
T-32202,Tiger Balm Single Patch 12ct/disp,1,SF,2024-10,2024-10-01,13040.0,13040.0,0.0,13040.0,9424.8,9424.8,9424.8,0.0,0.0,False,none
T-32202,Tiger Balm Single Patch 12ct/disp,1,SF,2024-11,2024-11-01,2.0,2.0,167.0,169.0,0.0,0.0,0.0,0.0,0.0,True,deep_drop_gap
T-32202,Tiger Balm Single Patch 12ct/disp,1,SF,2024-12,2024-12-01,189122.0,166.0,0.0,166.0,136347.56,302.97,302.97,188956.0,136044.59,False,none
T-32202,Tiger Balm Single Patch 12ct/disp,1,SF,2025-01,2025-01-01,7.0,7.0,0.0,7.0,19.0,19.0,19.0,0.0,0.0,False,none
T-32202,Tiger Balm Single Patch 12ct/disp,1,SF,2025-02,2025-02-01,32599.0,9.0,0.0,9.0,24462.6,0.0,0.0,32590.0,24462.6,False,none
T-32202,Tiger Balm Single Patch 12ct/disp,1,SF,2025-03,2025-03-01,24.0,23.0,3243.0,3266.0,117.28,0.0,0.0,1.0,117.28,True,deep_drop_gap
T-32202,Tiger Balm Single Patch 12ct/disp,1,SF,2025-04,2025-04-01,6525.0,6523.0,0.0,6523.0,5127.73,4893.169999999999,4893.17,2.0,234.5600000000004,False,none
T-32202,Tiger Balm Single Patch 12ct/disp,1,SF,2025-05,2025-05-01,6679.0,6679.0,0.0,6679.0,4691.19,4691.19,4691.19,0.0,0.0,False,none
T-32202,Tiger Balm Single Patch 12ct/disp,1,SF,2025-06,2025-06-01,19662.0,19662.0,0.0,19662.0,13938.92,13938.92,13938.92,0.0,0.0,False,none
T-32202,Tiger Balm Single Patch 12ct/disp,1,SF,2025-07,2025-07-01,6900.0,380.0,0.0,380.0,5365.2699999999995,237.54,237.54,6520.0,5127.73,False,none
T-32202,Tiger Balm Single Patch 12ct/disp,1,SF,2025-08,2025-08-01,11610.0,11610.0,0.0,11610.0,8424.33,8424.33,8424.33,0.0,0.0,False,none
T-32202,Tiger Balm Single Patch 12ct/disp,1,SF,2025-09,2025-09-01,5378.0,5378.0,0.0,5378.0,4090.13,4090.13,4090.13,0.0,0.0,False,none
T-32202,Tiger Balm Single Patch 12ct/disp,1,SF,2025-10,2025-10-01,19387.0,6355.0,0.0,6355.0,14405.869999999999,5023.489999999999,5023.49,13032.0,9382.380000000001,False,none
T-32202,Tiger Balm Single Patch 12ct/disp,1,SF,2025-11,2025-11-01,4567.0,4564.0,0.0,4564.0,3843.3600000000006,3540.3900000000003,3540.39,3.0,302.97000000000025,False,none
T-32202,Tiger Balm Single Patch 12ct/disp,1,SF,2025-12,2025-12-01,2309.0,2309.0,0.0,2309.0,2290.2200000000003,2290.2200000000003,2290.22,0.0,0.0,False,none
T-32202,Tiger Balm Single Patch 12ct/disp,2,NJ,2023-01,2023-01-01,206611.0,206611.0,0.0,206611.0,142038.69,142038.69,142038.69,0.0,0.0,False,none
T-32202,Tiger Balm Single Patch 12ct/disp,2,NJ,2023-02,2023-02-01,67893.0,67893.0,0.0,67893.0,56419.95,56419.95,56419.95,0.0,0.0,False,none
T-32202,Tiger Balm Single Patch 12ct/disp,2,NJ,2023-03,2023-03-01,160651.0,160651.0,0.0,160651.0,135551.44999999998,135551.44999999998,135551.45,0.0,0.0,False,none
T-32202,Tiger Balm Single Patch 12ct/disp,2,NJ,2023-04,2023-04-01,52557.0,52557.0,0.0,52557.0,46705.079999999994,46705.079999999994,46705.08,0.0,0.0,False,none
T-32202,Tiger Balm Single Patch 12ct/disp,2,NJ,2023-05,2023-05-01,35744.0,35744.0,0.0,35744.0,31248.82,31248.82,31248.82,0.0,0.0,False,none
T-32202,Tiger Balm Single Patch 12ct/disp,2,NJ,2023-06,2023-06-01,44686.0,44686.0,0.0,44686.0,37265.7,37265.7,37265.7,0.0,0.0,False,none
T-32202,Tiger Balm Single Patch 12ct/disp,2,NJ,2023-07,2023-07-01,53271.0,53271.0,0.0,53271.0,38350.56,38350.56,38350.56,0.0,0.0,False,none
T-32202,Tiger Balm Single Patch 12ct/disp,2,NJ,2023-08,2023-08-01,58196.0,58196.0,0.0,58196.0,45631.69,45631.69,45631.69,0.0,0.0,False,none
T-32202,Tiger Balm Single Patch 12ct/disp,2,NJ,2023-09,2023-09-01,41416.0,200.0,0.0,200.0,33434.56,3762.7200000000003,3762.72,41216.0,29671.839999999997,False,none
T-32202,Tiger Balm Single Patch 12ct/disp,2,NJ,2023-10,2023-10-01,39459.0,36.0,0.0,36.0,32144.47,3762.7200000000003,3762.72,39423.0,28381.75,False,none
T-32202,Tiger Balm Single Patch 12ct/disp,2,NJ,2023-11,2023-11-01,28705.0,28705.0,0.0,28705.0,24403.97,24403.97,24403.97,0.0,0.0,False,none
T-32202,Tiger Balm Single Patch 12ct/disp,2,NJ,2023-12,2023-12-01,65811.0,65811.0,0.0,65811.0,47381.02,47381.02,47381.02,0.0,0.0,False,none
T-32202,Tiger Balm Single Patch 12ct/disp,2,NJ,2024-01,2024-01-01,65160.0,65160.0,0.0,65160.0,46911.899999999994,46911.899999999994,46911.9,0.0,0.0,False,none
T-32202,Tiger Balm Single Patch 12ct/disp,2,NJ,2024-02,2024-02-01,0.0,0.0,65485.5,65485.5,0.0,0.0,47146.24,0.0,0.0,True,zero_sales_gap
T-32202,Tiger Balm Single Patch 12ct/disp,2,NJ,2024-03,2024-03-01,0.0,0.0,65160.0,65160.0,0.0,0.0,46911.9,0.0,0.0,True,zero_sales_gap
T-32202,Tiger Balm Single Patch 12ct/disp,2,NJ,2024-04,2024-04-01,0.0,0.0,0.0,0.0,0.0,0.0,0.0,0.0,0.0,False,none
T-32202,Tiger Balm Single Patch 12ct/disp,2,NJ,2024-05,2024-05-01,0.0,0.0,0.0,0.0,0.0,0.0,0.0,0.0,0.0,False,none
T-32202,Tiger Balm Single Patch 12ct/disp,2,NJ,2024-06,2024-06-01,0.0,0.0,0.0,0.0,0.0,0.0,0.0,0.0,0.0,False,none
T-32202,Tiger Balm Single Patch 12ct/disp,2,NJ,2024-07,2024-07-01,0.0,0.0,0.0,0.0,0.0,0.0,0.0,0.0,0.0,False,none
T-32202,Tiger Balm Single Patch 12ct/disp,2,NJ,2024-08,2024-08-01,0.0,0.0,249056.0,249056.0,0.0,0.0,179307.71,0.0,0.0,True,zero_sales_gap
T-32202,Tiger Balm Single Patch 12ct/disp,2,NJ,2024-09,2024-09-01,0.0,0.0,124529.0,124529.0,0.0,0.0,89654.57,0.0,0.0,True,zero_sales_gap
T-32202,Tiger Balm Single Patch 12ct/disp,2,NJ,2024-10,2024-10-01,249056.0,249056.0,0.0,249056.0,179320.75,179320.75,179320.75,0.0,0.0,False,none
T-32202,Tiger Balm Single Patch 12ct/disp,2,NJ,2024-11,2024-11-01,2.0,2.0,19.0,21.0,19.0,19.0,199.5,0.0,0.0,True,deep_drop_gap
T-32202,Tiger Balm Single Patch 12ct/disp,2,NJ,2024-12,2024-12-01,4.0,4.0,10.0,14.0,38.0,38.0,133.0,0.0,0.0,True,deep_drop_gap
T-32202,Tiger Balm Single Patch 12ct/disp,2,NJ,2025-01,2025-01-01,117309.0,21.0,0.0,21.0,85861.25999999998,1419.8400000000001,1419.84,117288.0,84441.41999999998,False,none
T-32202,Tiger Balm Single Patch 12ct/disp,2,NJ,2025-02,2025-02-01,45619.0,7.0,0.0,7.0,33012.619999999995,174.29000000000002,174.29,45612.0,32838.329999999994,False,none
T-32202,Tiger Balm Single Patch 12ct/disp,2,NJ,2025-03,2025-03-01,91278.0,54.0,0.0,54.0,69615.84999999999,3939.19,3939.19,91224.0,65676.65999999999,False,none
T-32202,Tiger Balm Single Patch 12ct/disp,2,NJ,2025-04,2025-04-01,32705.0,32705.0,0.0,32705.0,31685.879999999997,31685.879999999997,31685.88,0.0,0.0,False,none
T-32202,Tiger Balm Single Patch 12ct/disp,2,NJ,2025-05,2025-05-01,65168.0,65168.0,0.0,65168.0,47742.63,47742.63,47742.63,0.0,0.0,False,none
T-32202,Tiger Balm Single Patch 12ct/disp,2,NJ,2025-06,2025-06-01,102644.0,102643.0,0.0,102643.0,72995.83,72873.66,72873.66,1.0,122.16999999999825,False,none
T-32202,Tiger Balm Single Patch 12ct/disp,2,NJ,2025-07,2025-07-01,105943.0,1663.0,0.0,1663.0,80841.04,3094.34,3094.34,104280.0,77746.7,False,none
T-32202,Tiger Balm Single Patch 12ct/disp,2,NJ,2025-08,2025-08-01,101184.0,101172.0,0.0,101172.0,74797.89,73444.28,73444.28,12.0,1353.6100000000006,False,none
T-32202,Tiger Balm Single Patch 12ct/disp,2,NJ,2025-09,2025-09-01,65164.0,65164.0,0.0,65164.0,49861.24,49861.24,49861.24,0.0,0.0,False,none
T-32202,Tiger Balm Single Patch 12ct/disp,2,NJ,2025-10,2025-10-01,80984.0,35372.0,0.0,35372.0,61133.18,28294.85,28294.85,45612.0,32838.33,False,none
T-32202,Tiger Balm Single Patch 12ct/disp,2,NJ,2025-11,2025-11-01,122036.0,26089.0,0.0,26089.0,90782.68999999999,21704.91,21704.91,95947.0,69077.77999999998,False,none
T-32202,Tiger Balm Single Patch 12ct/disp,2,NJ,2025-12,2025-12-01,109668.0,109663.0,0.0,109663.0,82719.18000000001,82026.9,82026.9,5.0,692.2800000000134,False,none
T-32202,Tiger Balm Single Patch 12ct/disp,3,LA,2023-01,2023-01-01,41303.0,41303.0,0.0,41303.0,32074.699999999997,32074.699999999997,32074.7,0.0,0.0,False,none
T-32202,Tiger Balm Single Patch 12ct/disp,3,LA,2023-02,2023-02-01,10821.0,10821.0,23363.0,34184.0,12509.869999999999,12509.869999999999,39519.21,0.0,0.0,True,deep_drop_gap
T-32202,Tiger Balm Single Patch 12ct/disp,3,LA,2023-03,2023-03-01,34184.0,34184.0,0.0,34184.0,38686.07,38686.07,38686.07,0.0,0.0,False,none
T-32202,Tiger Balm Single Patch 12ct/disp,3,LA,2023-04,2023-04-01,21559.0,21559.0,0.0,21559.0,20932.489999999998,20932.489999999998,20932.49,0.0,0.0,False,none
T-32202,Tiger Balm Single Patch 12ct/disp,3,LA,2023-05,2023-05-01,9029.0,9029.0,0.0,9029.0,12874.72,12874.72,12874.72,0.0,0.0,False,none
T-32202,Tiger Balm Single Patch 12ct/disp,3,LA,2023-06,2023-06-01,8984.0,8984.0,0.0,8984.0,8958.88,8958.88,8958.88,0.0,0.0,False,none
T-32202,Tiger Balm Single Patch 12ct/disp,3,LA,2023-07,2023-07-01,8960.0,8960.0,0.0,8960.0,6450.4,6450.4,6450.4,0.0,0.0,False,none
T-32202,Tiger Balm Single Patch 12ct/disp,3,LA,2023-08,2023-08-01,12569.0,12569.0,0.0,12569.0,11539.05,11539.05,11539.05,0.0,0.0,False,none
T-32202,Tiger Balm Single Patch 12ct/disp,3,LA,2023-09,2023-09-01,10776.0,24.0,0.0,24.0,10248.96,2508.48,2508.48,10752.0,7740.48,False,none
T-32202,Tiger Balm Single Patch 12ct/disp,3,LA,2023-10,2023-10-01,8984.0,24.0,0.0,24.0,8958.88,2508.48,2508.48,8960.0,6450.4,False,none
T-32202,Tiger Balm Single Patch 12ct/disp,3,LA,2023-11,2023-11-01,37639.0,37639.0,0.0,37639.0,28345.88,28345.88,28345.88,0.0,0.0,False,none
T-32202,Tiger Balm Single Patch 12ct/disp,3,LA,2023-12,2023-12-01,12.0,12.0,0.0,12.0,1254.24,1254.24,1254.24,0.0,0.0,False,none
T-32202,Tiger Balm Single Patch 12ct/disp,3,LA,2024-01,2024-01-01,0.0,0.0,18825.5,18825.5,0.0,0.0,1967641.26,0.0,0.0,True,zero_sales_gap
T-32202,Tiger Balm Single Patch 12ct/disp,3,LA,2024-02,2024-02-01,0.0,0.0,12.0,12.0,0.0,0.0,1254.24,0.0,0.0,True,zero_sales_gap
T-32202,Tiger Balm Single Patch 12ct/disp,3,LA,2024-03,2024-03-01,0.0,0.0,0.0,0.0,0.0,0.0,0.0,0.0,0.0,False,none
T-32202,Tiger Balm Single Patch 12ct/disp,3,LA,2024-04,2024-04-01,0.0,0.0,5.0,5.0,0.0,0.0,522.6,0.0,0.0,True,zero_sales_gap
T-32202,Tiger Balm Single Patch 12ct/disp,3,LA,2024-05,2024-05-01,0.0,0.0,16.5,16.5,0.0,0.0,1724.58,0.0,0.0,True,zero_sales_gap
T-32202,Tiger Balm Single Patch 12ct/disp,3,LA,2024-06,2024-06-01,5.0,5.0,0.0,5.0,571.75,571.75,571.75,0.0,0.0,False,none
T-32202,Tiger Balm Single Patch 12ct/disp,3,LA,2024-07,2024-07-01,28.0,28.0,21856.0,21884.0,244.34,244.34,190969.16,0.0,0.0,True,deep_drop_gap
T-32202,Tiger Balm Single Patch 12ct/disp,3,LA,2024-08,2024-08-01,43763.0,43763.0,0.0,43763.0,0.0,0.0,0.0,0.0,0.0,False,none
T-32202,Tiger Balm Single Patch 12ct/disp,3,LA,2024-09,2024-09-01,0.0,0.0,21895.5,21895.5,0.0,0.0,0.0,0.0,0.0,True,zero_sales_gap
T-32202,Tiger Balm Single Patch 12ct/disp,3,LA,2024-10,2024-10-01,0.0,0.0,43763.0,43763.0,0.0,0.0,0.0,0.0,0.0,True,zero_sales_gap
T-32202,Tiger Balm Single Patch 12ct/disp,3,LA,2024-11,2024-11-01,0.0,0.0,0.0,0.0,0.0,0.0,0.0,0.0,0.0,False,none
T-32202,Tiger Balm Single Patch 12ct/disp,3,LA,2024-12,2024-12-01,0.0,0.0,0.0,0.0,0.0,0.0,0.0,0.0,0.0,False,none
T-32202,Tiger Balm Single Patch 12ct/disp,3,LA,2025-01,2025-01-01,0.0,0.0,0.0,0.0,0.0,0.0,0.0,0.0,0.0,False,none
T-32202,Tiger Balm Single Patch 12ct/disp,3,LA,2025-02,2025-02-01,0.0,0.0,6516.0,6516.0,0.0,0.0,0.0,0.0,0.0,True,zero_sales_gap
T-32202,Tiger Balm Single Patch 12ct/disp,3,LA,2025-03,2025-03-01,0.0,0.0,6517.0,6517.0,0.0,0.0,0.0,0.0,0.0,True,zero_sales_gap
T-32202,Tiger Balm Single Patch 12ct/disp,3,LA,2025-04,2025-04-01,6517.0,6516.0,0.0,6516.0,4808.469999999999,4691.19,4691.19,1.0,117.27999999999975,False,none
T-32202,Tiger Balm Single Patch 12ct/disp,3,LA,2025-05,2025-05-01,6518.0,6518.0,0.0,6518.0,4691.19,4691.19,4691.19,0.0,0.0,False,none
T-32202,Tiger Balm Single Patch 12ct/disp,3,LA,2025-06,2025-06-01,27068.0,27068.0,0.0,27068.0,19188.28,19188.28,19188.28,0.0,0.0,False,none
T-32202,Tiger Balm Single Patch 12ct/disp,3,LA,2025-07,2025-07-01,26395.0,331.0,0.0,331.0,19135.329999999998,370.57,370.57,26064.0,18764.76,False,none
T-32202,Tiger Balm Single Patch 12ct/disp,3,LA,2025-08,2025-08-01,33152.0,33152.0,0.0,33152.0,23952.769999999997,23952.769999999997,23952.77,0.0,0.0,False,none
T-32202,Tiger Balm Single Patch 12ct/disp,3,LA,2025-09,2025-09-01,19113.0,19113.0,0.0,19113.0,14023.079999999998,14023.079999999998,14023.08,0.0,0.0,False,none
T-32202,Tiger Balm Single Patch 12ct/disp,3,LA,2025-10,2025-10-01,22160.0,9128.0,0.0,9128.0,16976.25,7593.87,7593.87,13032.0,9382.380000000001,False,none
T-32202,Tiger Balm Single Patch 12ct/disp,3,LA,2025-11,2025-11-01,17755.0,4398.0,0.0,4398.0,13003.39,3386.45,3386.45,13357.0,9616.939999999999,False,none
T-32202,Tiger Balm Single Patch 12ct/disp,3,LA,2025-12,2025-12-01,33538.0,33538.0,0.0,33538.0,25488.789999999997,25488.789999999997,25488.79,0.0,0.0,False,none
T-32206,Tiger Balm Patch Warm (MM),1,SF,2023-01,2023-01-01,20626.0,20626.0,0.0,20626.0,203639.02,203639.02,203639.02,0.0,0.0,False,none
T-32206,Tiger Balm Patch Warm (MM),1,SF,2023-02,2023-02-01,19465.0,19465.0,0.0,19465.0,174722.78,174722.78,174722.78,0.0,0.0,False,none
T-32206,Tiger Balm Patch Warm (MM),1,SF,2023-03,2023-03-01,1037.0,1037.0,9149.5,10186.5,115825.09999999999,115825.09999999999,1137755.43,0.0,0.0,True,deep_drop_gap
T-32206,Tiger Balm Patch Warm (MM),1,SF,2023-04,2023-04-01,908.0,908.0,0.0,908.0,99924.81999999999,99924.81999999999,99924.82,0.0,0.0,False,none
T-32206,Tiger Balm Patch Warm (MM),1,SF,2023-05,2023-05-01,904.0,904.0,0.0,904.0,110739.82999999999,110739.82999999999,110739.83,0.0,0.0,False,none
T-32206,Tiger Balm Patch Warm (MM),1,SF,2023-06,2023-06-01,940.0,940.0,0.0,940.0,109909.54000000001,109909.54000000001,109909.54,0.0,0.0,False,none
T-32206,Tiger Balm Patch Warm (MM),1,SF,2023-07,2023-07-01,1316.0,1316.0,0.0,1316.0,160044.81,160044.81,160044.81,0.0,0.0,False,none
T-32206,Tiger Balm Patch Warm (MM),1,SF,2023-08,2023-08-01,1248.0,1248.0,0.0,1248.0,150358.68,150358.68,150358.68,0.0,0.0,False,none
T-32206,Tiger Balm Patch Warm (MM),1,SF,2023-09,2023-09-01,1165.0,1096.0,0.0,1096.0,119400.22,110363.24,110363.24,69.0,9036.979999999996,False,none
T-32206,Tiger Balm Patch Warm (MM),1,SF,2023-10,2023-10-01,1256.0,705.0,0.0,705.0,130197.38,60783.200000000004,60783.2,551.0,69414.18,False,none
T-32206,Tiger Balm Patch Warm (MM),1,SF,2023-11,2023-11-01,1789.0,1353.0,0.0,1353.0,182926.49,127515.42,127515.42,436.0,55411.06999999999,False,none
T-32206,Tiger Balm Patch Warm (MM),1,SF,2023-12,2023-12-01,1260.0,1091.0,0.0,1091.0,134131.99000000002,113125.45000000001,113125.45,169.0,21006.540000000008,False,none
T-32206,Tiger Balm Patch Warm (MM),1,SF,2024-01,2024-01-01,1072.0,648.0,0.0,648.0,129581.61,76603.96,76603.96,424.0,52977.649999999994,False,none
T-32206,Tiger Balm Patch Warm (MM),1,SF,2024-02,2024-02-01,1021.0,945.0,0.0,945.0,123528.11,113714.95999999999,113714.96,76.0,9813.150000000009,False,none
T-32206,Tiger Balm Patch Warm (MM),1,SF,2024-03,2024-03-01,1219.0,1219.0,0.0,1219.0,110508.77,110508.77,110508.77,0.0,0.0,False,none
T-32206,Tiger Balm Patch Warm (MM),1,SF,2024-04,2024-04-01,3028.0,1057.0,0.0,1057.0,150446.38,99236.77,99236.77,1971.0,51209.61,False,none
T-32206,Tiger Balm Patch Warm (MM),1,SF,2024-05,2024-05-01,1124.0,763.0,0.0,763.0,111558.87,66681.58,66681.58,361.0,44877.28999999999,False,none
T-32206,Tiger Balm Patch Warm (MM),1,SF,2024-06,2024-06-01,5877.0,5683.0,0.0,5683.0,108048.23999999999,83470.98000000001,83470.98,194.0,24577.25999999998,False,none
T-32206,Tiger Balm Patch Warm (MM),1,SF,2024-07,2024-07-01,2052.0,2022.0,0.0,2022.0,112176.09,108938.85999999999,108938.86,30.0,3237.2300000000105,False,none
T-32206,Tiger Balm Patch Warm (MM),1,SF,2024-08,2024-08-01,7663.0,7239.0,0.0,7239.0,159179.87,109097.47,109097.47,424.0,50082.399999999994,False,none
T-32206,Tiger Balm Patch Warm (MM),1,SF,2024-09,2024-09-01,2456.0,2306.0,0.0,2306.0,106696.64,88315.81,88315.81,150.0,18380.83,False,none
T-32206,Tiger Balm Patch Warm (MM),1,SF,2024-10,2024-10-01,6601.0,5864.0,0.0,5864.0,196447.78,104435.20999999999,104435.21,737.0,92012.57,False,none
T-32206,Tiger Balm Patch Warm (MM),1,SF,2024-11,2024-11-01,4814.0,4260.0,0.0,4260.0,136344.24,68400.42,68400.42,554.0,67943.81999999999,False,none
T-32206,Tiger Balm Patch Warm (MM),1,SF,2024-12,2024-12-01,5760.0,516.0,0.0,516.0,124591.25,40263.23,40263.23,5244.0,84328.01999999999,False,none
T-32206,Tiger Balm Patch Warm (MM),1,SF,2025-01,2025-01-01,7293.0,1152.0,0.0,1152.0,167052.91,93359.18999999999,93359.19,6141.0,73693.72000000002,False,none
T-32206,Tiger Balm Patch Warm (MM),1,SF,2025-02,2025-02-01,7500.0,6792.0,0.0,6792.0,203093.37,115528.22,115528.22,708.0,87565.15,False,none
T-32206,Tiger Balm Patch Warm (MM),1,SF,2025-03,2025-03-01,5757.0,1007.0,0.0,1007.0,151960.5,70587.45999999999,70587.46,4750.0,81373.04000000001,False,none
T-32206,Tiger Balm Patch Warm (MM),1,SF,2025-04,2025-04-01,9431.0,2993.0,0.0,2993.0,175961.82,79095.57,79095.57,6438.0,96866.25,False,none
T-32206,Tiger Balm Patch Warm (MM),1,SF,2025-05,2025-05-01,5598.0,822.0,0.0,822.0,150971.4,69033.81,69033.81,4776.0,81937.59,False,none
T-32206,Tiger Balm Patch Warm (MM),1,SF,2025-06,2025-06-01,4309.0,527.0,0.0,527.0,78900.81,43850.34,43850.34,3782.0,35050.47,False,none
T-32206,Tiger Balm Patch Warm (MM),1,SF,2025-07,2025-07-01,11612.0,547.0,0.0,547.0,132131.09,33026.95,33026.95,11065.0,99104.14,False,none
T-32206,Tiger Balm Patch Warm (MM),1,SF,2025-08,2025-08-01,4458.0,802.0,0.0,802.0,157971.08,85556.65,85556.65,3656.0,72414.43,False,none
T-32206,Tiger Balm Patch Warm (MM),1,SF,2025-09,2025-09-01,1251.0,577.0,0.0,577.0,144590.66999999998,59880.81,59880.81,674.0,84709.85999999999,False,none
T-32206,Tiger Balm Patch Warm (MM),1,SF,2025-10,2025-10-01,1070.0,800.0,0.0,800.0,107046.82,69292.56999999999,69292.57,270.0,37754.250000000015,False,none
T-32206,Tiger Balm Patch Warm (MM),1,SF,2025-11,2025-11-01,744.0,487.0,0.0,487.0,87809.12,53069.06,53069.06,257.0,34740.06,False,none
T-32206,Tiger Balm Patch Warm (MM),1,SF,2025-12,2025-12-01,1158.0,634.0,0.0,634.0,137074.37,67995.28,67995.28,524.0,69079.09,False,none
T-32206,Tiger Balm Patch Warm (MM),2,NJ,2023-01,2023-01-01,5335.0,5335.0,0.0,5335.0,346090.15,346090.15,346090.15,0.0,0.0,False,none
T-32206,Tiger Balm Patch Warm (MM),2,NJ,2023-02,2023-02-01,4267.0,4267.0,0.0,4267.0,323596.23,323596.23,323596.23,0.0,0.0,False,none
T-32206,Tiger Balm Patch Warm (MM),2,NJ,2023-03,2023-03-01,1985.0,1985.0,0.0,1985.0,224405.3,224405.3,224405.3,0.0,0.0,False,none
T-32206,Tiger Balm Patch Warm (MM),2,NJ,2023-04,2023-04-01,2183.0,2183.0,0.0,2183.0,257912.39,257912.39,257912.39,0.0,0.0,False,none
T-32206,Tiger Balm Patch Warm (MM),2,NJ,2023-05,2023-05-01,2211.0,2211.0,0.0,2211.0,269088.45,269088.45,269088.45,0.0,0.0,False,none
T-32206,Tiger Balm Patch Warm (MM),2,NJ,2023-06,2023-06-01,2282.0,2282.0,0.0,2282.0,279973.19,279973.19,279973.19,0.0,0.0,False,none
T-32206,Tiger Balm Patch Warm (MM),2,NJ,2023-07,2023-07-01,2184.0,2184.0,0.0,2184.0,263566.55,263566.55,263566.55,0.0,0.0,False,none
T-32206,Tiger Balm Patch Warm (MM),2,NJ,2023-08,2023-08-01,3456.0,3456.0,0.0,3456.0,414239.84,414239.84,414239.84,0.0,0.0,False,none
T-32206,Tiger Balm Patch Warm (MM),2,NJ,2023-09,2023-09-01,2736.0,2199.0,0.0,2199.0,317560.88000000006,253388.49000000002,253388.49,537.0,64172.39000000004,False,none
T-32206,Tiger Balm Patch Warm (MM),2,NJ,2023-10,2023-10-01,4678.0,3389.0,0.0,3389.0,414888.64,253129.04,253129.04,1289.0,161759.6,False,none
T-32206,Tiger Balm Patch Warm (MM),2,NJ,2023-11,2023-11-01,2573.0,2097.0,0.0,2097.0,262517.25,201105.21,201105.21,476.0,61412.04000000001,False,none
T-32206,Tiger Balm Patch Warm (MM),2,NJ,2023-12,2023-12-01,3312.0,2325.0,0.0,2325.0,391984.14,273025.89,273025.89,987.0,118958.25,False,none
T-32206,Tiger Balm Patch Warm (MM),2,NJ,2024-01,2024-01-01,3073.0,2023.0,0.0,2023.0,372010.82999999996,242577.44999999998,242577.45,1050.0,129433.37999999998,False,none
T-32206,Tiger Balm Patch Warm (MM),2,NJ,2024-02,2024-02-01,3616.0,2466.0,0.0,2466.0,441597.4,292270.8,292270.8,1150.0,149326.60000000003,False,none
T-32206,Tiger Balm Patch Warm (MM),2,NJ,2024-03,2024-03-01,4126.0,4084.0,0.0,4084.0,465120.61,459674.9,459674.9,42.0,5445.709999999963,False,none
T-32206,Tiger Balm Patch Warm (MM),2,NJ,2024-04,2024-04-01,5219.0,4055.0,0.0,4055.0,535438.3999999999,436237.12,436237.12,1164.0,99201.27999999991,False,none
T-32206,Tiger Balm Patch Warm (MM),2,NJ,2024-05,2024-05-01,4569.0,3085.0,0.0,3085.0,519148.01,331456.44,331456.44,1484.0,187691.57,False,none
T-32206,Tiger Balm Patch Warm (MM),2,NJ,2024-06,2024-06-01,13124.0,12151.0,0.0,12151.0,420440.88,294733.5,294733.5,973.0,125707.38,False,none
T-32206,Tiger Balm Patch Warm (MM),2,NJ,2024-07,2024-07-01,6864.0,6078.0,0.0,6078.0,421839.07,336614.64,336614.64,786.0,85224.43,False,none
T-32206,Tiger Balm Patch Warm (MM),2,NJ,2024-08,2024-08-01,25710.0,24051.0,0.0,24051.0,577344.75,364623.27999999997,364623.28,1659.0,212721.47000000003,False,none
T-32206,Tiger Balm Patch Warm (MM),2,NJ,2024-09,2024-09-01,6000.0,5581.0,0.0,5581.0,332681.63999999996,278940.27,278940.27,419.0,53741.36999999994,False,none
T-32206,Tiger Balm Patch Warm (MM),2,NJ,2024-10,2024-10-01,10212.0,9024.0,0.0,9024.0,406289.75,255808.82,255808.82,1188.0,150480.93,False,none
T-32206,Tiger Balm Patch Warm (MM),2,NJ,2024-11,2024-11-01,10391.0,9220.0,0.0,9220.0,411932.00000000006,260894.69,260894.69,1171.0,151037.31000000006,False,none
T-32206,Tiger Balm Patch Warm (MM),2,NJ,2024-12,2024-12-01,13244.0,2316.0,0.0,2316.0,398481.44,240975.55999999997,240975.56,10928.0,157505.88000000003,False,none
T-32206,Tiger Balm Patch Warm (MM),2,NJ,2025-01,2025-01-01,15553.0,2634.0,0.0,2634.0,490933.52,276087.77,276087.77,12919.0,214845.75,False,none
T-32206,Tiger Balm Patch Warm (MM),2,NJ,2025-02,2025-02-01,8398.0,7359.0,0.0,7359.0,336150.81,206241.62,206241.62,1039.0,129909.19,False,none
T-32206,Tiger Balm Patch Warm (MM),2,NJ,2025-03,2025-03-01,15266.0,2172.0,0.0,2172.0,447542.31,237943.71999999997,237943.72,13094.0,209598.59000000003,False,none
T-32206,Tiger Balm Patch Warm (MM),2,NJ,2025-04,2025-04-01,15157.0,2911.0,0.0,2911.0,483949.33,311928.44,311928.44,12246.0,172020.89,False,none
T-32206,Tiger Balm Patch Warm (MM),2,NJ,2025-05,2025-05-01,12630.0,2682.0,0.0,2682.0,461699.33,287425.43,287425.43,9948.0,174273.90000000002,False,none
T-32206,Tiger Balm Patch Warm (MM),2,NJ,2025-06,2025-06-01,12097.0,2337.0,0.0,2337.0,374937.36,244519.05000000002,244519.05,9760.0,130418.30999999997,False,none
T-32206,Tiger Balm Patch Warm (MM),2,NJ,2025-07,2025-07-01,16296.0,2310.0,0.0,2310.0,504039.49000000005,233485.36,233485.36,13986.0,270554.13000000006,False,none
T-32206,Tiger Balm Patch Warm (MM),2,NJ,2025-08,2025-08-01,6792.0,2541.0,0.0,2541.0,477827.48,246308.61,246308.61,4251.0,231518.87,False,none
T-32206,Tiger Balm Patch Warm (MM),2,NJ,2025-09,2025-09-01,3845.0,3017.0,0.0,3017.0,472187.48,357849.39999999997,357849.4,828.0,114338.08000000002,False,none
T-32206,Tiger Balm Patch Warm (MM),2,NJ,2025-10,2025-10-01,3744.0,3112.0,0.0,3112.0,435757.20999999996,346544.30999999994,346544.31,632.0,89212.90000000002,False,none
T-32206,Tiger Balm Patch Warm (MM),2,NJ,2025-11,2025-11-01,5234.0,3059.0,0.0,3059.0,566411.62,260097.15000000002,260097.15,2175.0,306314.47,False,none
T-32206,Tiger Balm Patch Warm (MM),2,NJ,2025-12,2025-12-01,4589.0,2537.0,0.0,2537.0,571851.28,299822.57,299822.57,2052.0,272028.71,False,none
T-32206,Tiger Balm Patch Warm (MM),3,LA,2023-01,2023-01-01,1256.0,1256.0,0.0,1256.0,100584.34999999999,100584.34999999999,100584.35,0.0,0.0,False,none
T-32206,Tiger Balm Patch Warm (MM),3,LA,2023-02,2023-02-01,1014.0,1014.0,0.0,1014.0,107246.44,107246.44,107246.44,0.0,0.0,False,none
T-32206,Tiger Balm Patch Warm (MM),3,LA,2023-03,2023-03-01,607.0,607.0,0.0,607.0,68380.82,68380.82,68380.82,0.0,0.0,False,none
T-32206,Tiger Balm Patch Warm (MM),3,LA,2023-04,2023-04-01,439.0,439.0,0.0,439.0,50847.439999999995,50847.439999999995,50847.44,0.0,0.0,False,none
T-32206,Tiger Balm Patch Warm (MM),3,LA,2023-05,2023-05-01,293.0,293.0,0.0,293.0,34452.909999999996,34452.909999999996,34452.91,0.0,0.0,False,none
T-32206,Tiger Balm Patch Warm (MM),3,LA,2023-06,2023-06-01,338.0,338.0,0.0,338.0,40847.94,40847.94,40847.94,0.0,0.0,False,none
T-32206,Tiger Balm Patch Warm (MM),3,LA,2023-07,2023-07-01,1031.0,1031.0,0.0,1031.0,117678.44,117678.44,117678.44,0.0,0.0,False,none
T-32206,Tiger Balm Patch Warm (MM),3,LA,2023-08,2023-08-01,917.0,917.0,0.0,917.0,106567.34999999999,106567.34999999999,106567.35,0.0,0.0,False,none
T-32206,Tiger Balm Patch Warm (MM),3,LA,2023-09,2023-09-01,353.0,282.0,668.5,950.5,42129.31,33598.73,113246.78,71.0,8530.579999999994,True,deep_drop_gap
T-32206,Tiger Balm Patch Warm (MM),3,LA,2023-10,2023-10-01,637.0,637.0,0.0,637.0,71900.26,71900.26,71900.26,0.0,0.0,False,none
T-32206,Tiger Balm Patch Warm (MM),3,LA,2023-11,2023-11-01,1074.0,984.0,0.0,984.0,115075.27,103268.13,103268.13,90.0,11807.14,False,none
T-32206,Tiger Balm Patch Warm (MM),3,LA,2023-12,2023-12-01,649.0,368.0,0.0,368.0,72035.09999999999,38888.94,38888.94,281.0,33146.15999999999,False,none
T-32206,Tiger Balm Patch Warm (MM),3,LA,2024-01,2024-01-01,633.0,509.0,0.0,509.0,77027.47,61734.18000000001,61734.18,124.0,15293.289999999994,False,none
T-32206,Tiger Balm Patch Warm (MM),3,LA,2024-02,2024-02-01,558.0,400.0,0.0,400.0,67044.85,46392.520000000004,46392.52,158.0,20652.33,False,none
T-32206,Tiger Balm Patch Warm (MM),3,LA,2024-03,2024-03-01,965.0,927.0,0.0,927.0,105455.41,100308.71,100308.71,38.0,5146.699999999997,False,none
T-32206,Tiger Balm Patch Warm (MM),3,LA,2024-04,2024-04-01,1232.0,991.0,0.0,991.0,114711.42,85112.40999999999,85112.41,241.0,29599.01000000001,False,none
T-32206,Tiger Balm Patch Warm (MM),3,LA,2024-05,2024-05-01,913.0,844.0,0.0,844.0,104285.79999999999,95203.39,95203.39,69.0,9082.409999999989,False,none
T-32206,Tiger Balm Patch Warm (MM),3,LA,2024-06,2024-06-01,852.0,816.0,0.0,816.0,83032.11000000002,78565.55,78565.55,36.0,4466.560000000012,False,none
T-32206,Tiger Balm Patch Warm (MM),3,LA,2024-07,2024-07-01,746.0,698.0,0.0,698.0,73826.56999999999,68865.81999999999,68865.82,48.0,4960.75,False,none
T-32206,Tiger Balm Patch Warm (MM),3,LA,2024-08,2024-08-01,932.0,595.0,0.0,595.0,112580.46,70028.08,70028.08,337.0,42552.380000000005,False,none
T-32206,Tiger Balm Patch Warm (MM),3,LA,2024-09,2024-09-01,586.0,523.0,0.0,523.0,56277.0,48254.18,48254.18,63.0,8022.82,False,none
T-32206,Tiger Balm Patch Warm (MM),3,LA,2024-10,2024-10-01,1073.0,734.0,0.0,734.0,113446.95000000001,71319.78,71319.78,339.0,42127.17000000001,False,none
T-32206,Tiger Balm Patch Warm (MM),3,LA,2024-11,2024-11-01,897.0,661.0,0.0,661.0,86187.23,58371.57,58371.57,236.0,27815.659999999996,False,none
T-32206,Tiger Balm Patch Warm (MM),3,LA,2024-12,2024-12-01,995.0,875.0,0.0,875.0,107791.82,94008.43000000001,94008.43,120.0,13783.39,False,none
T-32206,Tiger Balm Patch Warm (MM),3,LA,2025-01,2025-01-01,1024.0,825.0,0.0,825.0,115790.77,89905.86,89905.86,199.0,25884.910000000003,False,none
T-32206,Tiger Balm Patch Warm (MM),3,LA,2025-02,2025-02-01,856.0,803.0,0.0,803.0,96184.07,89159.10000000002,89159.1,53.0,7024.969999999987,False,none
T-32206,Tiger Balm Patch Warm (MM),3,LA,2025-03,2025-03-01,1000.0,722.0,0.0,722.0,110927.17,75338.58,75338.58,278.0,35588.59,False,none
T-32206,Tiger Balm Patch Warm (MM),3,LA,2025-04,2025-04-01,1010.0,692.0,0.0,692.0,107442.93999999999,71270.32,71270.32,318.0,36172.61999999998,False,none
T-32206,Tiger Balm Patch Warm (MM),3,LA,2025-05,2025-05-01,1330.0,1044.0,0.0,1044.0,148484.18,113807.58,113807.58,286.0,34676.59999999999,False,none
T-32206,Tiger Balm Patch Warm (MM),3,LA,2025-06,2025-06-01,766.0,707.0,0.0,707.0,88120.02,80538.9,80538.9,59.0,7581.12000000001,False,none
T-32206,Tiger Balm Patch Warm (MM),3,LA,2025-07,2025-07-01,933.0,706.0,0.0,706.0,100080.72,71724.05,71724.05,227.0,28356.67,False,none
T-32206,Tiger Balm Patch Warm (MM),3,LA,2025-08,2025-08-01,1001.0,521.0,0.0,521.0,123758.19000000002,61838.229999999996,61838.23,480.0,61919.96000000002,False,none
T-32206,Tiger Balm Patch Warm (MM),3,LA,2025-09,2025-09-01,696.0,433.0,0.0,433.0,85592.97,52448.77,52448.77,263.0,33144.200000000004,False,none
T-32206,Tiger Balm Patch Warm (MM),3,LA,2025-10,2025-10-01,833.0,676.0,0.0,676.0,99144.08000000002,78033.04000000001,78033.04,157.0,21111.040000000008,False,none
T-32206,Tiger Balm Patch Warm (MM),3,LA,2025-11,2025-11-01,810.0,586.0,0.0,586.0,104812.81,72979.13,72979.13,224.0,31833.679999999993,False,none
T-32206,Tiger Balm Patch Warm (MM),3,LA,2025-12,2025-12-01,1101.0,700.0,0.0,700.0,128400.47,76900.14,76900.14,401.0,51500.33,False,none
T-32224,Tiger Balm Single Patch (2x12),1,SF,2025-03,2025-03-01,1192.0,1192.0,0.0,1192.0,20038.63,20038.63,20038.63,0.0,0.0,False,none
T-32224,Tiger Balm Single Patch (2x12),1,SF,2025-04,2025-04-01,803.0,803.0,0.0,803.0,13481.94,13481.94,13481.94,0.0,0.0,False,none
T-32224,Tiger Balm Single Patch (2x12),1,SF,2025-05,2025-05-01,1224.0,1224.0,0.0,1224.0,20562.38,20562.38,20562.38,0.0,0.0,False,none
T-32224,Tiger Balm Single Patch (2x12),1,SF,2025-06,2025-06-01,2083.0,2083.0,0.0,2083.0,34994.84,34994.84,34994.84,0.0,0.0,False,none
T-32224,Tiger Balm Single Patch (2x12),1,SF,2025-07,2025-07-01,4769.0,4769.0,0.0,4769.0,83303.96,83303.96,83303.96,0.0,0.0,False,none
T-32224,Tiger Balm Single Patch (2x12),1,SF,2025-08,2025-08-01,2634.0,2634.0,0.0,2634.0,47408.479999999996,47408.479999999996,47408.48,0.0,0.0,False,none
T-32224,Tiger Balm Single Patch (2x12),1,SF,2025-09,2025-09-01,1602.0,1602.0,0.0,1602.0,28827.52,28827.52,28827.52,0.0,0.0,False,none
T-32224,Tiger Balm Single Patch (2x12),1,SF,2025-10,2025-10-01,531.0,531.0,1071.0,1602.0,9560.68,9560.68,28844.09,0.0,0.0,True,deep_drop_gap
T-32224,Tiger Balm Single Patch (2x12),1,SF,2025-11,2025-11-01,481.0,481.0,0.0,481.0,8666.96,8666.96,8666.96,0.0,0.0,False,none
T-32224,Tiger Balm Single Patch (2x12),2,NJ,2025-03,2025-03-01,3953.0,3953.0,0.0,3953.0,66439.77,66439.77,66439.77,0.0,0.0,False,none
T-32224,Tiger Balm Single Patch (2x12),2,NJ,2025-04,2025-04-01,4345.0,4345.0,0.0,4345.0,72996.44,72996.44,72996.44,0.0,0.0,False,none
T-32224,Tiger Balm Single Patch (2x12),2,NJ,2025-05,2025-05-01,3922.0,3922.0,0.0,3922.0,65916.01,65916.01,65916.01,0.0,0.0,False,none
T-32224,Tiger Balm Single Patch (2x12),2,NJ,2025-06,2025-06-01,5605.0,5605.0,0.0,5605.0,94179.58,94179.58,94179.58,0.0,0.0,False,none
T-32224,Tiger Balm Single Patch (2x12),2,NJ,2025-07,2025-07-01,3885.0,3885.0,0.0,3885.0,67035.58,67035.58,67035.58,0.0,0.0,False,none
T-32224,Tiger Balm Single Patch (2x12),2,NJ,2025-08,2025-08-01,5322.0,5322.0,0.0,5322.0,95793.82,95793.82,95793.82,0.0,0.0,False,none
T-32224,Tiger Balm Single Patch (2x12),2,NJ,2025-09,2025-09-01,5989.0,5989.0,0.0,5989.0,107827.78,107827.78,107827.78,0.0,0.0,False,none
T-32224,Tiger Balm Single Patch (2x12),2,NJ,2025-10,2025-10-01,5296.0,5296.0,0.0,5296.0,95315.79000000001,95315.79000000001,95315.79,0.0,0.0,False,none
T-32300,Tiger Balm Patch - Large,1,SF,2023-01,2023-01-01,670.0,670.0,0.0,670.0,35885.6,35885.6,35885.6,0.0,0.0,False,none
T-32300,Tiger Balm Patch - Large,1,SF,2023-02,2023-02-01,126.0,126.0,0.0,126.0,8666.43,8666.43,8666.43,0.0,0.0,False,none
T-32300,Tiger Balm Patch - Large,1,SF,2023-03,2023-03-01,247.0,247.0,0.0,247.0,22088.420000000002,22088.420000000002,22088.42,0.0,0.0,False,none
T-32300,Tiger Balm Patch - Large,1,SF,2023-04,2023-04-01,80.0,80.0,0.0,80.0,10693.71,10693.71,10693.71,0.0,0.0,False,none
T-32300,Tiger Balm Patch - Large,1,SF,2023-05,2023-05-01,156.0,156.0,0.0,156.0,25254.69,25254.69,25254.69,0.0,0.0,False,none
T-32300,Tiger Balm Patch - Large,1,SF,2023-06,2023-06-01,133.0,133.0,0.0,133.0,15734.130000000001,15734.130000000001,15734.13,0.0,0.0,False,none
T-32300,Tiger Balm Patch - Large,1,SF,2023-07,2023-07-01,146.0,146.0,0.0,146.0,13558.73,13558.73,13558.73,0.0,0.0,False,none
T-32300,Tiger Balm Patch - Large,1,SF,2023-08,2023-08-01,729.0,729.0,0.0,729.0,85072.65,85072.65,85072.65,0.0,0.0,False,none
T-32300,Tiger Balm Patch - Large,1,SF,2023-09,2023-09-01,364.0,210.0,0.0,210.0,36075.6,9972.300000000001,9972.3,154.0,26103.299999999996,False,none
T-32300,Tiger Balm Patch - Large,1,SF,2023-10,2023-10-01,547.0,538.0,0.0,538.0,50811.369999999995,49307.049999999996,49307.05,9.0,1504.3199999999997,False,none
T-32300,Tiger Balm Patch - Large,1,SF,2023-11,2023-11-01,211.0,205.0,0.0,205.0,29811.210000000003,29030.06,29030.06,6.0,781.1500000000015,False,none
T-32300,Tiger Balm Patch - Large,1,SF,2023-12,2023-12-01,115.0,115.0,0.0,115.0,18584.84,18584.84,18584.84,0.0,0.0,False,none
T-32300,Tiger Balm Patch - Large,1,SF,2024-01,2024-01-01,55.0,51.0,0.0,51.0,6316.46,5736.63,5736.63,4.0,579.8299999999999,False,none
T-32300,Tiger Balm Patch - Large,1,SF,2024-02,2024-02-01,94.0,94.0,0.0,94.0,15901.25,15901.25,15901.25,0.0,0.0,False,none
T-32300,Tiger Balm Patch - Large,1,SF,2024-03,2024-03-01,117.0,54.0,0.0,54.0,16067.529999999999,5537.3,5537.3,63.0,10530.23,False,none
T-32300,Tiger Balm Patch - Large,1,SF,2024-04,2024-04-01,129.0,129.0,0.0,129.0,5078.57,5078.57,5078.57,0.0,0.0,False,none
T-32300,Tiger Balm Patch - Large,1,SF,2024-05,2024-05-01,147.0,83.0,0.0,83.0,13085.58,2179.2599999999998,2179.26,64.0,10906.32,False,none
T-32300,Tiger Balm Patch - Large,1,SF,2024-06,2024-06-01,64.0,64.0,0.0,64.0,8461.130000000001,8461.130000000001,8461.13,0.0,0.0,False,none
T-32300,Tiger Balm Patch - Large,1,SF,2024-07,2024-07-01,87.0,14.0,0.0,14.0,12833.55,610.96,610.96,73.0,12222.59,False,none
T-32300,Tiger Balm Patch - Large,1,SF,2024-08,2024-08-01,102.0,102.0,0.0,102.0,8875.449999999999,8875.449999999999,8875.45,0.0,0.0,False,none
T-32300,Tiger Balm Patch - Large,1,SF,2024-09,2024-09-01,180.0,179.0,0.0,179.0,22145.41,21957.37,21957.37,1.0,188.04000000000087,False,none
T-32300,Tiger Balm Patch - Large,1,SF,2024-10,2024-10-01,76.0,61.0,0.0,61.0,7656.099999999999,5116.15,5116.15,15.0,2539.95,False,none
T-32300,Tiger Balm Patch - Large,1,SF,2024-11,2024-11-01,69.0,53.0,0.0,53.0,4946.209999999999,2218.22,2218.22,16.0,2727.9899999999993,False,none
T-32300,Tiger Balm Patch - Large,1,SF,2024-12,2024-12-01,143.0,143.0,0.0,143.0,23760.12,23760.12,23760.12,0.0,0.0,False,none
T-32300,Tiger Balm Patch - Large,1,SF,2025-01,2025-01-01,314.0,100.0,0.0,100.0,14997.25,11800.57,11800.57,214.0,3196.6800000000003,False,none
T-32300,Tiger Balm Patch - Large,1,SF,2025-02,2025-02-01,278.0,266.0,0.0,266.0,12828.319999999998,10852.489999999998,10852.49,12.0,1975.83,False,none
T-32300,Tiger Balm Patch - Large,1,SF,2025-03,2025-03-01,375.0,88.0,0.0,88.0,10080.61,1427.9499999999998,1427.95,287.0,8652.66,False,none
T-32300,Tiger Balm Patch - Large,1,SF,2025-04,2025-04-01,517.0,65.0,0.0,65.0,12653.85,8797.619999999999,8797.62,452.0,3856.2300000000014,False,none
T-32300,Tiger Balm Patch - Large,1,SF,2025-05,2025-05-01,476.0,166.0,0.0,166.0,9473.68,3491.03,3491.03,310.0,5982.65,False,none
T-32300,Tiger Balm Patch - Large,1,SF,2025-06,2025-06-01,707.0,141.0,0.0,141.0,15096.94,11712.220000000001,11712.22,566.0,3384.7199999999993,False,none
T-32300,Tiger Balm Patch - Large,1,SF,2025-07,2025-07-01,462.0,66.0,0.0,66.0,10966.18,3256.54,3256.54,396.0,7709.64,False,none
T-32300,Tiger Balm Patch - Large,1,SF,2025-08,2025-08-01,670.0,55.0,0.0,55.0,7943.039999999999,3334.65,3334.65,615.0,4608.389999999999,False,none
T-32300,Tiger Balm Patch - Large,1,SF,2025-09,2025-09-01,282.0,263.0,0.0,263.0,45283.37,41695.71,41695.71,19.0,3587.6600000000035,False,none
T-32300,Tiger Balm Patch - Large,1,SF,2025-10,2025-10-01,94.0,94.0,0.0,94.0,6670.450000000001,6670.450000000001,6670.45,0.0,0.0,False,none
T-32300,Tiger Balm Patch - Large,1,SF,2025-11,2025-11-01,33.0,33.0,61.0,94.0,2888.47,2888.47,8227.76,0.0,0.0,True,deep_drop_gap
T-32300,Tiger Balm Patch - Large,1,SF,2025-12,2025-12-01,77.0,77.0,0.0,77.0,5497.47,5497.47,5497.47,0.0,0.0,False,none
T-32300,Tiger Balm Patch - Large,2,NJ,2023-01,2023-01-01,685.0,685.0,0.0,685.0,76406.56999999999,76406.56999999999,76406.57,0.0,0.0,False,none
T-32300,Tiger Balm Patch - Large,2,NJ,2023-02,2023-02-01,508.0,508.0,0.0,508.0,57862.26,57862.26,57862.26,0.0,0.0,False,none
T-32300,Tiger Balm Patch - Large,2,NJ,2023-03,2023-03-01,513.0,513.0,0.0,513.0,71415.01,71415.01,71415.01,0.0,0.0,False,none
T-32300,Tiger Balm Patch - Large,2,NJ,2023-04,2023-04-01,830.0,830.0,0.0,830.0,114906.87000000001,114906.87000000001,114906.87,0.0,0.0,False,none
T-32300,Tiger Balm Patch - Large,2,NJ,2023-05,2023-05-01,999.0,999.0,0.0,999.0,156520.63999999998,156520.63999999998,156520.64,0.0,0.0,False,none
T-32300,Tiger Balm Patch - Large,2,NJ,2023-06,2023-06-01,756.0,756.0,0.0,756.0,122446.79000000001,122446.79000000001,122446.79,0.0,0.0,False,none
T-32300,Tiger Balm Patch - Large,2,NJ,2023-07,2023-07-01,1269.0,1269.0,0.0,1269.0,185831.83000000002,185831.83000000002,185831.83,0.0,0.0,False,none
T-32300,Tiger Balm Patch - Large,2,NJ,2023-08,2023-08-01,1626.0,1626.0,0.0,1626.0,250600.75,250600.75,250600.75,0.0,0.0,False,none
T-32300,Tiger Balm Patch - Large,2,NJ,2023-09,2023-09-01,47.0,17.0,953.0,970.0,5419.22,1505.42,85897.49,30.0,3913.8,True,deep_drop_gap
T-32300,Tiger Balm Patch - Large,2,NJ,2023-10,2023-10-01,673.0,671.0,0.0,671.0,87581.59,87291.68000000001,87291.68,2.0,289.90999999998894,False,none
T-32300,Tiger Balm Patch - Large,2,NJ,2023-11,2023-11-01,1029.0,590.0,0.0,590.0,154632.99,80545.3,80545.3,439.0,74087.68999999999,False,none
T-32300,Tiger Balm Patch - Large,2,NJ,2023-12,2023-12-01,324.0,156.0,0.0,156.0,48895.51,23423.640000000003,23423.64,168.0,25471.87,False,none
T-32300,Tiger Balm Patch - Large,2,NJ,2024-01,2024-01-01,55.0,39.0,122.0,161.0,8165.860000000001,5629.120000000001,23238.16,16.0,2536.74,True,deep_drop_gap
T-32300,Tiger Balm Patch - Large,2,NJ,2024-02,2024-02-01,178.0,166.0,0.0,166.0,25307.37,23495.43,23495.43,12.0,1811.9399999999987,False,none
T-32300,Tiger Balm Patch - Large,2,NJ,2024-03,2024-03-01,247.0,108.0,0.0,108.0,27798.63,4293.65,4293.65,139.0,23504.980000000003,False,none
T-32300,Tiger Balm Patch - Large,2,NJ,2024-04,2024-04-01,65.0,63.0,0.0,63.0,2948.78,2658.87,2658.87,2.0,289.9100000000003,False,none
T-32300,Tiger Balm Patch - Large,2,NJ,2024-05,2024-05-01,262.0,218.0,0.0,218.0,30505.050000000003,22983.450000000004,22983.45,44.0,7521.5999999999985,False,none
T-32300,Tiger Balm Patch - Large,2,NJ,2024-06,2024-06-01,96.0,96.0,0.0,96.0,15257.93,15257.93,15257.93,0.0,0.0,False,none
T-32300,Tiger Balm Patch - Large,2,NJ,2024-07,2024-07-01,74.0,37.0,158.5,195.5,7326.4400000000005,1121.1299999999999,5923.81,37.0,6205.31,True,deep_drop_gap
T-32300,Tiger Balm Patch - Large,2,NJ,2024-08,2024-08-01,601.0,173.0,0.0,173.0,84864.15,13423.45,13423.45,428.0,71440.7,False,none
T-32300,Tiger Balm Patch - Large,2,NJ,2024-09,2024-09-01,991.0,991.0,0.0,991.0,166171.22,166171.22,166171.22,0.0,0.0,False,none
T-32300,Tiger Balm Patch - Large,2,NJ,2024-10,2024-10-01,726.0,321.0,0.0,321.0,101681.94,33371.12,33371.12,405.0,68310.82,False,none
T-32300,Tiger Balm Patch - Large,2,NJ,2024-11,2024-11-01,396.0,133.0,0.0,133.0,59178.58,14808.02,14808.02,263.0,44370.56,False,none
T-32300,Tiger Balm Patch - Large,2,NJ,2024-12,2024-12-01,971.0,877.0,0.0,877.0,135477.56,132700.04,132700.04,94.0,2777.5199999999895,False,none
T-32300,Tiger Balm Patch - Large,2,NJ,2025-01,2025-01-01,1150.0,208.0,0.0,208.0,129034.59,23007.510000000002,23007.51,942.0,106027.07999999999,False,none
T-32300,Tiger Balm Patch - Large,2,NJ,2025-02,2025-02-01,817.0,772.0,0.0,772.0,114125.65,106262.20000000001,106262.2,45.0,7863.4499999999825,False,none
T-32300,Tiger Balm Patch - Large,2,NJ,2025-03,2025-03-01,874.0,129.0,0.0,129.0,17880.41,3596.2299999999996,3596.23,745.0,14284.18,False,none
T-32300,Tiger Balm Patch - Large,2,NJ,2025-04,2025-04-01,1318.0,261.0,0.0,261.0,40127.64,33419.81,33419.81,1057.0,6707.830000000002,False,none
T-32300,Tiger Balm Patch - Large,2,NJ,2025-05,2025-05-01,1580.0,260.0,0.0,260.0,177907.18,46778.61,46778.61,1320.0,131128.57,False,none
T-32300,Tiger Balm Patch - Large,2,NJ,2025-06,2025-06-01,1228.0,197.0,0.0,197.0,44917.229999999996,29132.34,29132.34,1031.0,15784.889999999996,False,none
T-32300,Tiger Balm Patch - Large,2,NJ,2025-07,2025-07-01,1226.0,201.0,0.0,201.0,53867.87,25849.93,25849.93,1025.0,28017.940000000002,False,none
T-32300,Tiger Balm Patch - Large,2,NJ,2025-08,2025-08-01,1654.0,206.0,0.0,206.0,97097.59999999999,27830.52,27830.52,1448.0,69267.07999999999,False,none
T-32300,Tiger Balm Patch - Large,2,NJ,2025-09,2025-09-01,797.0,774.0,0.0,774.0,132909.24,128934.62999999999,128934.63,23.0,3974.6100000000006,False,none
T-32300,Tiger Balm Patch - Large,2,NJ,2025-10,2025-10-01,348.0,348.0,0.0,348.0,54227.74,54227.74,54227.74,0.0,0.0,False,none
T-32300,Tiger Balm Patch - Large,2,NJ,2025-11,2025-11-01,988.0,284.0,0.0,284.0,168810.37,43304.5,43304.5,704.0,125505.87,False,none
T-32300,Tiger Balm Patch - Large,2,NJ,2025-12,2025-12-01,535.0,503.0,0.0,503.0,91638.56999999999,85659.14,85659.14,32.0,5979.429999999993,False,none
T-32300,Tiger Balm Patch - Large,3,LA,2023-01,2023-01-01,166.0,166.0,0.0,166.0,5325.53,5325.53,5325.53,0.0,0.0,False,none
T-32300,Tiger Balm Patch - Large,3,LA,2023-02,2023-02-01,36.0,36.0,0.0,36.0,2070.99,2070.99,2070.99,0.0,0.0,False,none
T-32300,Tiger Balm Patch - Large,3,LA,2023-03,2023-03-01,75.0,75.0,0.0,75.0,3078.98,3078.98,3078.98,0.0,0.0,False,none
T-32300,Tiger Balm Patch - Large,3,LA,2023-04,2023-04-01,6.0,6.0,87.0,93.0,1121.3899999999999,1121.3899999999999,17381.54,0.0,0.0,True,deep_drop_gap
T-32300,Tiger Balm Patch - Large,3,LA,2023-05,2023-05-01,293.0,293.0,0.0,293.0,8277.54,8277.54,8277.54,0.0,0.0,False,none
T-32300,Tiger Balm Patch - Large,3,LA,2023-06,2023-06-01,111.0,111.0,0.0,111.0,15139.859999999999,15139.859999999999,15139.86,0.0,0.0,False,none
T-32300,Tiger Balm Patch - Large,3,LA,2023-07,2023-07-01,83.0,83.0,163.0,246.0,10225.3,10225.3,30306.31,0.0,0.0,True,deep_drop_gap
T-32300,Tiger Balm Patch - Large,3,LA,2023-08,2023-08-01,368.0,368.0,0.0,368.0,37971.979999999996,37971.979999999996,37971.98,0.0,0.0,False,none
T-32300,Tiger Balm Patch - Large,3,LA,2023-09,2023-09-01,354.0,199.0,0.0,199.0,42315.630000000005,15931.26,15931.26,155.0,26384.370000000003,False,none
T-32300,Tiger Balm Patch - Large,3,LA,2023-10,2023-10-01,193.0,193.0,0.0,193.0,20228.710000000003,20228.710000000003,20228.71,0.0,0.0,False,none
T-32300,Tiger Balm Patch - Large,3,LA,2023-11,2023-11-01,141.0,88.0,0.0,88.0,16574.3,7548.389999999999,7548.39,53.0,9025.91,False,none
T-32300,Tiger Balm Patch - Large,3,LA,2023-12,2023-12-01,30.0,18.0,70.0,88.0,2460.9,650.96,3182.47,12.0,1809.94,True,deep_drop_gap
T-32300,Tiger Balm Patch - Large,3,LA,2024-01,2024-01-01,5.0,0.0,18.0,18.0,833.49,0.0,3000.56,5.0,833.49,True,deep_drop_gap
T-32300,Tiger Balm Patch - Large,3,LA,2024-02,2024-02-01,18.0,7.0,0.0,7.0,2899.1000000000004,1087.16,1087.16,11.0,1811.9400000000003,False,none
T-32300,Tiger Balm Patch - Large,3,LA,2024-03,2024-03-01,18.0,18.0,0.0,18.0,2802.48,2802.48,2802.48,0.0,0.0,False,none
T-32300,Tiger Balm Patch - Large,3,LA,2024-04,2024-04-01,0.0,0.0,18.0,18.0,0.0,0.0,2802.48,0.0,0.0,True,zero_sales_gap
T-32300,Tiger Balm Patch - Large,3,LA,2024-05,2024-05-01,0.0,0.0,18.0,18.0,0.0,0.0,2802.48,0.0,0.0,True,zero_sales_gap
T-32300,Tiger Balm Patch - Large,3,LA,2024-06,2024-06-01,29.0,29.0,0.0,29.0,4327.74,4327.74,4327.74,0.0,0.0,False,none
T-32300,Tiger Balm Patch - Large,3,LA,2024-07,2024-07-01,11.0,11.0,18.0,29.0,1787.79,1787.79,4713.26,0.0,0.0,True,deep_drop_gap
T-32300,Tiger Balm Patch - Large,3,LA,2024-08,2024-08-01,14.0,14.0,0.0,14.0,1393.32,1393.32,1393.32,0.0,0.0,False,none
T-32300,Tiger Balm Patch - Large,3,LA,2024-09,2024-09-01,101.0,101.0,0.0,101.0,12062.96,12062.96,12062.96,0.0,0.0,False,none
T-32300,Tiger Balm Patch - Large,3,LA,2024-10,2024-10-01,59.0,28.0,0.0,28.0,8013.280000000001,2560.12,2560.12,31.0,5453.160000000001,False,none
T-32300,Tiger Balm Patch - Large,3,LA,2024-11,2024-11-01,43.0,5.0,0.0,5.0,7534.889999999999,953.49,953.49,38.0,6581.4,False,none
T-32300,Tiger Balm Patch - Large,3,LA,2024-12,2024-12-01,224.0,224.0,0.0,224.0,31322.9,31322.9,31322.9,0.0,0.0,False,none
T-32300,Tiger Balm Patch - Large,3,LA,2025-01,2025-01-01,92.0,86.0,0.0,86.0,11678.140000000001,10549.9,10549.9,6.0,1128.2400000000016,False,none
T-32300,Tiger Balm Patch - Large,3,LA,2025-02,2025-02-01,17.0,14.0,35.0,49.0,819.27,255.14999999999998,893.02,3.0,564.12,True,deep_drop_gap
T-32300,Tiger Balm Patch - Large,3,LA,2025-03,2025-03-01,7.0,4.0,46.0,50.0,1316.28,752.16,9402.0,3.0,564.12,True,deep_drop_gap
T-32300,Tiger Balm Patch - Large,3,LA,2025-04,2025-04-01,12.0,12.0,32.5,44.5,2068.44,2068.44,7670.46,0.0,0.0,True,deep_drop_gap
T-32300,Tiger Balm Patch - Large,3,LA,2025-05,2025-05-01,135.0,112.0,0.0,112.0,21740.2,17791.36,17791.36,23.0,3948.84,False,none
T-32300,Tiger Balm Patch - Large,3,LA,2025-06,2025-06-01,101.0,75.0,0.0,75.0,16666.96,12359.76,12359.76,26.0,4307.199999999999,False,none
T-32300,Tiger Balm Patch - Large,3,LA,2025-07,2025-07-01,88.0,64.0,0.0,64.0,15702.75,11658.48,11658.48,24.0,4044.2700000000004,False,none
T-32300,Tiger Balm Patch - Large,3,LA,2025-08,2025-08-01,91.0,59.0,0.0,59.0,16555.58,11025.92,11025.92,32.0,5529.660000000002,False,none
T-32300,Tiger Balm Patch - Large,3,LA,2025-09,2025-09-01,87.0,87.0,0.0,87.0,14583.789999999999,14583.789999999999,14583.79,0.0,0.0,False,none
T-32300,Tiger Balm Patch - Large,3,LA,2025-10,2025-10-01,148.0,115.0,0.0,115.0,27474.81,21676.59,21676.59,33.0,5798.220000000001,False,none
T-32300,Tiger Balm Patch - Large,3,LA,2025-11,2025-11-01,427.0,160.0,0.0,160.0,68598.2,20979.04,20979.04,267.0,47619.159999999996,False,none
T-32300,Tiger Balm Patch - Large,3,LA,2025-12,2025-12-01,276.0,253.0,0.0,253.0,25583.19,21516.379999999997,21516.38,23.0,4066.8100000000013,False,none
T-32300,Tiger Balm Patch - LargeT,2,NJ,2025-10,2025-10-01,2.0,2.0,0.0,2.0,402.65,402.65,402.65,0.0,0.0,False,none
T-47010,Kwan Loong Oil 2 fl oz,1,SF,2023-01,2023-01-01,202.0,202.0,0.0,202.0,23655.24,23655.24,23655.24,0.0,0.0,False,none
T-47010,Kwan Loong Oil 2 fl oz,1,SF,2023-02,2023-02-01,484.0,484.0,0.0,484.0,75293.52,75293.52,75293.52,0.0,0.0,False,none
T-47010,Kwan Loong Oil 2 fl oz,1,SF,2023-03,2023-03-01,97.0,97.0,0.0,97.0,8239.89,8239.89,8239.89,0.0,0.0,False,none
T-47010,Kwan Loong Oil 2 fl oz,1,SF,2023-04,2023-04-01,63.0,63.0,0.0,63.0,9714.550000000001,9714.550000000001,9714.55,0.0,0.0,False,none
T-47010,Kwan Loong Oil 2 fl oz,1,SF,2023-05,2023-05-01,47.0,47.0,0.0,47.0,9786.380000000001,9786.380000000001,9786.38,0.0,0.0,False,none
T-47010,Kwan Loong Oil 2 fl oz,1,SF,2023-06,2023-06-01,94.0,94.0,0.0,94.0,12400.550000000001,12400.550000000001,12400.55,0.0,0.0,False,none
T-47010,Kwan Loong Oil 2 fl oz,1,SF,2023-07,2023-07-01,189.0,189.0,0.0,189.0,22723.17,22723.17,22723.17,0.0,0.0,False,none
T-47010,Kwan Loong Oil 2 fl oz,1,SF,2023-08,2023-08-01,136.0,136.0,0.0,136.0,28469.49,28469.49,28469.49,0.0,0.0,False,none
T-47010,Kwan Loong Oil 2 fl oz,1,SF,2023-09,2023-09-01,130.0,130.0,0.0,130.0,12989.45,12989.45,12989.45,0.0,0.0,False,none
T-47010,Kwan Loong Oil 2 fl oz,1,SF,2023-10,2023-10-01,67.0,67.0,0.0,67.0,14507.210000000001,14507.210000000001,14507.21,0.0,0.0,False,none
T-47010,Kwan Loong Oil 2 fl oz,1,SF,2023-11,2023-11-01,84.0,84.0,0.0,84.0,13822.570000000002,13822.570000000002,13822.57,0.0,0.0,False,none
T-47010,Kwan Loong Oil 2 fl oz,1,SF,2023-12,2023-12-01,115.0,115.0,0.0,115.0,19333.370000000003,19333.370000000003,19333.37,0.0,0.0,False,none
T-47010,Kwan Loong Oil 2 fl oz,1,SF,2024-01,2024-01-01,82.0,82.0,0.0,82.0,19259.16,19259.16,19259.16,0.0,0.0,False,none
T-47010,Kwan Loong Oil 2 fl oz,1,SF,2024-02,2024-02-01,385.0,385.0,0.0,385.0,71094.62999999999,71094.62999999999,71094.63,0.0,0.0,False,none
T-47010,Kwan Loong Oil 2 fl oz,1,SF,2024-03,2024-03-01,184.0,184.0,0.0,184.0,43286.83,43286.83,43286.83,0.0,0.0,False,none
T-47010,Kwan Loong Oil 2 fl oz,1,SF,2024-04,2024-04-01,170.0,170.0,0.0,170.0,23542.61,23542.61,23542.61,0.0,0.0,False,none
T-47010,Kwan Loong Oil 2 fl oz,1,SF,2024-05,2024-05-01,163.0,163.0,0.0,163.0,30878.329999999998,30878.329999999998,30878.33,0.0,0.0,False,none
T-47010,Kwan Loong Oil 2 fl oz,1,SF,2024-06,2024-06-01,265.0,265.0,0.0,265.0,58450.979999999996,58450.979999999996,58450.98,0.0,0.0,False,none
T-47010,Kwan Loong Oil 2 fl oz,1,SF,2024-07,2024-07-01,274.0,274.0,0.0,274.0,51088.39,51088.39,51088.39,0.0,0.0,False,none
T-47010,Kwan Loong Oil 2 fl oz,1,SF,2024-08,2024-08-01,227.0,227.0,0.0,227.0,37577.01,37577.01,37577.01,0.0,0.0,False,none
T-47010,Kwan Loong Oil 2 fl oz,1,SF,2024-09,2024-09-01,153.0,153.0,0.0,153.0,29809.08,29809.08,29809.08,0.0,0.0,False,none
T-47010,Kwan Loong Oil 2 fl oz,1,SF,2024-10,2024-10-01,219.0,219.0,0.0,219.0,47761.399999999994,47761.399999999994,47761.4,0.0,0.0,False,none
T-47010,Kwan Loong Oil 2 fl oz,1,SF,2024-11,2024-11-01,282.0,282.0,0.0,282.0,61394.479999999996,61394.479999999996,61394.48,0.0,0.0,False,none
T-47010,Kwan Loong Oil 2 fl oz,1,SF,2024-12,2024-12-01,192.0,192.0,0.0,192.0,33002.19,33002.19,33002.19,0.0,0.0,False,none
T-47010,Kwan Loong Oil 2 fl oz,1,SF,2025-01,2025-01-01,146.0,146.0,0.0,146.0,18822.28,18822.28,18822.28,0.0,0.0,False,none
T-47010,Kwan Loong Oil 2 fl oz,1,SF,2025-02,2025-02-01,253.0,253.0,0.0,253.0,36933.4,36933.4,36933.4,0.0,0.0,False,none
T-47010,Kwan Loong Oil 2 fl oz,1,SF,2025-03,2025-03-01,480.0,480.0,0.0,480.0,96440.20000000001,96440.20000000001,96440.2,0.0,0.0,False,none
T-47010,Kwan Loong Oil 2 fl oz,1,SF,2025-04,2025-04-01,510.0,510.0,0.0,510.0,98750.15000000001,98750.15000000001,98750.15,0.0,0.0,False,none
T-47010,Kwan Loong Oil 2 fl oz,1,SF,2025-05,2025-05-01,89.0,89.0,192.0,281.0,10690.5,10690.5,33753.15,0.0,0.0,True,deep_drop_gap
T-47010,Kwan Loong Oil 2 fl oz,1,SF,2025-06,2025-06-01,82.0,82.0,0.0,82.0,5737.78,5737.78,5737.78,0.0,0.0,False,none
T-47010,Kwan Loong Oil 2 fl oz,1,SF,2025-07,2025-07-01,67.0,67.0,0.0,67.0,9744.25,9744.25,9744.25,0.0,0.0,False,none
T-47010,Kwan Loong Oil 2 fl oz,1,SF,2025-08,2025-08-01,57.0,57.0,0.0,57.0,11682.37,11682.37,11682.37,0.0,0.0,False,none
T-47010,Kwan Loong Oil 2 fl oz,1,SF,2025-09,2025-09-01,92.0,92.0,0.0,92.0,11433.01,11433.01,11433.01,0.0,0.0,False,none
T-47010,Kwan Loong Oil 2 fl oz,1,SF,2025-10,2025-10-01,247.0,247.0,0.0,247.0,31270.46,31270.46,31270.46,0.0,0.0,False,none
T-47010,Kwan Loong Oil 2 fl oz,1,SF,2025-11,2025-11-01,69.0,69.0,0.0,69.0,17129.73,17129.73,17129.73,0.0,0.0,False,none
T-47010,Kwan Loong Oil 2 fl oz,1,SF,2025-12,2025-12-01,113.0,112.0,0.0,112.0,27597.14,27166.23,27166.23,1.0,430.90999999999985,False,none
T-47010,Kwan Loong Oil 2 fl oz,2,NJ,2023-01,2023-01-01,351.0,351.0,0.0,351.0,80680.67,80680.67,80680.67,0.0,0.0,False,none
T-47010,Kwan Loong Oil 2 fl oz,2,NJ,2023-02,2023-02-01,375.0,375.0,0.0,375.0,95370.07,95370.07,95370.07,0.0,0.0,False,none
T-47010,Kwan Loong Oil 2 fl oz,2,NJ,2023-03,2023-03-01,119.0,119.0,0.0,119.0,20198.89,20198.89,20198.89,0.0,0.0,False,none
T-47010,Kwan Loong Oil 2 fl oz,2,NJ,2023-04,2023-04-01,53.0,53.0,0.0,53.0,4743.320000000001,4743.320000000001,4743.32,0.0,0.0,False,none
T-47010,Kwan Loong Oil 2 fl oz,2,NJ,2023-05,2023-05-01,124.0,124.0,0.0,124.0,13352.36,13352.36,13352.36,0.0,0.0,False,none
T-47010,Kwan Loong Oil 2 fl oz,2,NJ,2023-06,2023-06-01,101.0,101.0,0.0,101.0,11194.01,11194.01,11194.01,0.0,0.0,False,none
T-47010,Kwan Loong Oil 2 fl oz,2,NJ,2023-07,2023-07-01,91.0,91.0,0.0,91.0,14028.410000000002,14028.410000000002,14028.41,0.0,0.0,False,none
T-47010,Kwan Loong Oil 2 fl oz,2,NJ,2023-08,2023-08-01,133.0,133.0,0.0,133.0,12668.67,12668.67,12668.67,0.0,0.0,False,none
T-47010,Kwan Loong Oil 2 fl oz,2,NJ,2023-09,2023-09-01,80.0,80.0,0.0,80.0,13724.390000000001,13724.390000000001,13724.39,0.0,0.0,False,none
T-47010,Kwan Loong Oil 2 fl oz,2,NJ,2023-10,2023-10-01,176.0,176.0,0.0,176.0,25851.25,25851.25,25851.25,0.0,0.0,False,none
T-47010,Kwan Loong Oil 2 fl oz,2,NJ,2023-11,2023-11-01,44.0,44.0,0.0,44.0,5887.89,5887.89,5887.89,0.0,0.0,False,none
T-47010,Kwan Loong Oil 2 fl oz,2,NJ,2023-12,2023-12-01,1.0,1.0,0.0,1.0,430.91,430.91,430.91,0.0,0.0,False,none
T-47010,Kwan Loong Oil 2 fl oz,2,NJ,2024-01,2024-01-01,0.0,0.0,28.5,28.5,0.0,0.0,12280.94,0.0,0.0,True,zero_sales_gap
T-47010,Kwan Loong Oil 2 fl oz,2,NJ,2024-02,2024-02-01,13.0,13.0,0.0,13.0,3378.5400000000004,3378.5400000000004,3378.54,0.0,0.0,False,none
T-47010,Kwan Loong Oil 2 fl oz,2,NJ,2024-03,2024-03-01,404.0,404.0,0.0,404.0,79387.8,79387.8,79387.8,0.0,0.0,False,none
T-47010,Kwan Loong Oil 2 fl oz,2,NJ,2024-04,2024-04-01,487.0,487.0,0.0,487.0,127967.68,127967.68,127967.68,0.0,0.0,False,none
T-47010,Kwan Loong Oil 2 fl oz,2,NJ,2024-05,2024-05-01,498.0,498.0,0.0,498.0,125825.83,125825.83,125825.83,0.0,0.0,False,none
T-47010,Kwan Loong Oil 2 fl oz,2,NJ,2024-06,2024-06-01,273.0,273.0,0.0,273.0,66686.23,66686.23,66686.23,0.0,0.0,False,none
T-47010,Kwan Loong Oil 2 fl oz,2,NJ,2024-07,2024-07-01,209.0,209.0,0.0,209.0,42174.64,42174.64,42174.64,0.0,0.0,False,none
T-47010,Kwan Loong Oil 2 fl oz,2,NJ,2024-08,2024-08-01,213.0,209.0,0.0,209.0,40966.9,40785.92,40785.92,4.0,180.9800000000032,False,none
T-47010,Kwan Loong Oil 2 fl oz,2,NJ,2024-09,2024-09-01,124.0,124.0,0.0,124.0,17150.09,17150.09,17150.09,0.0,0.0,False,none
T-47010,Kwan Loong Oil 2 fl oz,2,NJ,2024-10,2024-10-01,349.0,349.0,0.0,349.0,76968.01,76968.01,76968.01,0.0,0.0,False,none
T-47010,Kwan Loong Oil 2 fl oz,2,NJ,2024-11,2024-11-01,380.0,380.0,0.0,380.0,77942.2,77942.2,77942.2,0.0,0.0,False,none
T-47010,Kwan Loong Oil 2 fl oz,2,NJ,2024-12,2024-12-01,200.0,200.0,0.0,200.0,41828.8,41828.8,41828.8,0.0,0.0,False,none
T-47010,Kwan Loong Oil 2 fl oz,2,NJ,2025-01,2025-01-01,177.0,177.0,0.0,177.0,19199.78,19199.78,19199.78,0.0,0.0,False,none
T-47010,Kwan Loong Oil 2 fl oz,2,NJ,2025-02,2025-02-01,188.0,188.0,0.0,188.0,42478.78,42478.78,42478.78,0.0,0.0,False,none
T-47010,Kwan Loong Oil 2 fl oz,2,NJ,2025-03,2025-03-01,802.0,802.0,0.0,802.0,66684.31,66684.31,66684.31,0.0,0.0,False,none
T-47010,Kwan Loong Oil 2 fl oz,2,NJ,2025-04,2025-04-01,283.0,283.0,0.0,283.0,75570.86,75570.86,75570.86,0.0,0.0,False,none
T-47010,Kwan Loong Oil 2 fl oz,2,NJ,2025-05,2025-05-01,112.0,112.0,0.0,112.0,26790.05,26790.05,26790.05,0.0,0.0,False,none
T-47010,Kwan Loong Oil 2 fl oz,2,NJ,2025-06,2025-06-01,82.0,82.0,0.0,82.0,14465.26,14465.26,14465.26,0.0,0.0,False,none
T-47010,Kwan Loong Oil 2 fl oz,2,NJ,2025-07,2025-07-01,181.0,181.0,0.0,181.0,31624.600000000002,31624.600000000002,31624.6,0.0,0.0,False,none
T-47010,Kwan Loong Oil 2 fl oz,2,NJ,2025-08,2025-08-01,168.0,168.0,0.0,168.0,34544.270000000004,34544.270000000004,34544.27,0.0,0.0,False,none
T-47010,Kwan Loong Oil 2 fl oz,2,NJ,2025-09,2025-09-01,119.0,119.0,0.0,119.0,29212.51,29212.51,29212.51,0.0,0.0,False,none
T-47010,Kwan Loong Oil 2 fl oz,2,NJ,2025-10,2025-10-01,227.0,227.0,0.0,227.0,46715.03999999999,46715.03999999999,46715.04,0.0,0.0,False,none
T-47010,Kwan Loong Oil 2 fl oz,2,NJ,2025-11,2025-11-01,162.0,162.0,0.0,162.0,24606.91,24606.91,24606.91,0.0,0.0,False,none
T-47010,Kwan Loong Oil 2 fl oz,2,NJ,2025-12,2025-12-01,236.0,236.0,0.0,236.0,35980.67,35980.67,35980.67,0.0,0.0,False,none
T-47010,Kwan Loong Oil 2 fl oz,3,LA,2023-01,2023-01-01,239.0,239.0,0.0,239.0,60932.4,60932.4,60932.4,0.0,0.0,False,none
T-47010,Kwan Loong Oil 2 fl oz,3,LA,2023-02,2023-02-01,212.0,212.0,0.0,212.0,54246.82,54246.82,54246.82,0.0,0.0,False,none
T-47010,Kwan Loong Oil 2 fl oz,3,LA,2023-03,2023-03-01,215.0,215.0,0.0,215.0,10719.56,10719.56,10719.56,0.0,0.0,False,none
T-47010,Kwan Loong Oil 2 fl oz,3,LA,2023-04,2023-04-01,25.0,25.0,103.0,128.0,7038.15,7038.15,36035.33,0.0,0.0,True,deep_drop_gap
T-47010,Kwan Loong Oil 2 fl oz,3,LA,2023-05,2023-05-01,44.0,44.0,0.0,44.0,9617.43,9617.43,9617.43,0.0,0.0,False,none
T-47010,Kwan Loong Oil 2 fl oz,3,LA,2023-06,2023-06-01,34.0,34.0,0.0,34.0,8914.99,8914.99,8914.99,0.0,0.0,False,none
T-47010,Kwan Loong Oil 2 fl oz,3,LA,2023-07,2023-07-01,34.0,34.0,0.0,34.0,9987.47,9987.47,9987.47,0.0,0.0,False,none
T-47010,Kwan Loong Oil 2 fl oz,3,LA,2023-08,2023-08-01,42.0,42.0,0.0,42.0,13875.21,13875.21,13875.21,0.0,0.0,False,none
T-47010,Kwan Loong Oil 2 fl oz,3,LA,2023-09,2023-09-01,68.0,68.0,0.0,68.0,14845.77,14845.77,14845.77,0.0,0.0,False,none
T-47010,Kwan Loong Oil 2 fl oz,3,LA,2023-10,2023-10-01,68.0,68.0,0.0,68.0,18347.03,18347.03,18347.03,0.0,0.0,False,none
T-47010,Kwan Loong Oil 2 fl oz,3,LA,2023-11,2023-11-01,78.0,78.0,0.0,78.0,19123.77,19123.77,19123.77,0.0,0.0,False,none
T-47010,Kwan Loong Oil 2 fl oz,3,LA,2023-12,2023-12-01,112.0,112.0,0.0,112.0,38523.25,38523.25,38523.25,0.0,0.0,False,none
T-47010,Kwan Loong Oil 2 fl oz,3,LA,2024-01,2024-01-01,114.0,114.0,319.5,433.5,34218.84,34218.84,130121.64,0.0,0.0,True,deep_drop_gap
T-47010,Kwan Loong Oil 2 fl oz,3,LA,2024-02,2024-02-01,802.0,802.0,0.0,802.0,222979.05,222979.05,222979.05,0.0,0.0,False,none
T-47010,Kwan Loong Oil 2 fl oz,3,LA,2024-03,2024-03-01,755.0,755.0,0.0,755.0,200658.19,200658.19,200658.19,0.0,0.0,False,none
T-47010,Kwan Loong Oil 2 fl oz,3,LA,2024-04,2024-04-01,80.0,80.0,698.5,778.5,22981.63,22981.63,223639.99,0.0,0.0,True,deep_drop_gap
T-47010,Kwan Loong Oil 2 fl oz,3,LA,2024-05,2024-05-01,1556.0,1556.0,0.0,1556.0,408247.24000000005,408247.24000000005,408247.24,0.0,0.0,False,none
T-47010,Kwan Loong Oil 2 fl oz,3,LA,2024-06,2024-06-01,738.0,738.0,0.0,738.0,194807.55,194807.55,194807.55,0.0,0.0,False,none
T-47010,Kwan Loong Oil 2 fl oz,3,LA,2024-07,2024-07-01,312.0,312.0,0.0,312.0,75508.95000000001,75508.95000000001,75508.95,0.0,0.0,False,none
T-47010,Kwan Loong Oil 2 fl oz,3,LA,2024-08,2024-08-01,69.0,69.0,339.0,408.0,23211.44,23211.44,137250.25,0.0,0.0,True,deep_drop_gap
T-47010,Kwan Loong Oil 2 fl oz,3,LA,2024-09,2024-09-01,222.0,222.0,0.0,222.0,48496.96,48496.96,48496.96,0.0,0.0,False,none
T-47010,Kwan Loong Oil 2 fl oz,3,LA,2024-10,2024-10-01,504.0,504.0,0.0,504.0,122915.70999999999,122915.70999999999,122915.71,0.0,0.0,False,none
T-47010,Kwan Loong Oil 2 fl oz,3,LA,2024-11,2024-11-01,563.0,563.0,0.0,563.0,130061.54000000001,130061.54000000001,130061.54,0.0,0.0,False,none
T-47010,Kwan Loong Oil 2 fl oz,3,LA,2024-12,2024-12-01,64.0,64.0,349.0,413.0,14219.93,14219.93,91762.99,0.0,0.0,True,deep_drop_gap
T-47010,Kwan Loong Oil 2 fl oz,3,LA,2025-01,2025-01-01,322.0,322.0,0.0,322.0,73612.74,73612.74,73612.74,0.0,0.0,False,none
T-47010,Kwan Loong Oil 2 fl oz,3,LA,2025-02,2025-02-01,213.0,213.0,0.0,213.0,50344.12,50344.12,50344.12,0.0,0.0,False,none
T-47010,Kwan Loong Oil 2 fl oz,3,LA,2025-03,2025-03-01,331.0,331.0,0.0,331.0,70338.11,70338.11,70338.11,0.0,0.0,False,none
T-47010,Kwan Loong Oil 2 fl oz,3,LA,2025-04,2025-04-01,264.0,264.0,0.0,264.0,61425.57,61425.57,61425.57,0.0,0.0,False,none
T-47010,Kwan Loong Oil 2 fl oz,3,LA,2025-05,2025-05-01,287.0,287.0,0.0,287.0,70384.77999999998,70384.77999999998,70384.78,0.0,0.0,False,none
T-47010,Kwan Loong Oil 2 fl oz,3,LA,2025-06,2025-06-01,315.0,315.0,0.0,315.0,77568.69,77568.69,77568.69,0.0,0.0,False,none
T-47010,Kwan Loong Oil 2 fl oz,3,LA,2025-07,2025-07-01,331.0,331.0,0.0,331.0,78862.84,78862.84,78862.84,0.0,0.0,False,none
T-47010,Kwan Loong Oil 2 fl oz,3,LA,2025-08,2025-08-01,558.0,558.0,0.0,558.0,142290.62,142290.62,142290.62,0.0,0.0,False,none
T-47010,Kwan Loong Oil 2 fl oz,3,LA,2025-09,2025-09-01,319.0,319.0,0.0,319.0,83118.04000000001,83118.04000000001,83118.04,0.0,0.0,False,none
T-47010,Kwan Loong Oil 2 fl oz,3,LA,2025-10,2025-10-01,759.0,759.0,0.0,759.0,199325.99,199325.99,199325.99,0.0,0.0,False,none
T-47010,Kwan Loong Oil 2 fl oz,3,LA,2025-11,2025-11-01,620.0,614.0,0.0,614.0,160375.53,158221.0,158221.0,6.0,2154.529999999999,False,none
T-47010,Kwan Loong Oil 2 fl oz,3,LA,2025-12,2025-12-01,408.0,403.0,0.0,403.0,102790.83,102110.0,102110.0,5.0,680.8300000000017,False,none
