month,month_start,ITEMNMBR,ITEMDESC,LOCNCODE,LOCATION_NAME,raw_units,raw_revenue,organic_units,organic_revenue,promo_units,promo_revenue,within_active_span,baseline_units,prev_raw_units,next_raw_units,est_unit_price,zero_sales_gap,deep_drop_gap,likely_stockout,stockout_reason,suppressed_units_est,cleaned_units,cleaned_revenue_est
2023-06,2023-06-01,A-61012,Wild AM GSG Instant Tea 3gx10x8,1,SF,167.0,27412.75,167.0,27412.75,0.0,0.0,True,463.0,385.0,541.0,164.14820359281438,False,True,True,deep_drop_gap,296.0,463.0,76000.62
2025-03,2025-03-01,A-61012,Wild AM GSG Instant Tea 3gx10x8,1,SF,63.0,11490.14,63.0,11490.14,0.0,0.0,True,225.5,192.0,318.0,182.38317460317458,False,True,True,deep_drop_gap,162.5,225.5,41127.41
2025-09,2025-09-01,A-61012,Wild AM GSG Instant Tea 3gx10x8,1,SF,94.0,18014.82,94.0,18014.82,0.0,0.0,True,266.0,111.0,377.0,191.64702127659575,False,True,True,deep_drop_gap,172.0,266.0,50978.11
2024-02,2024-02-01,A-61012,Wild AM GSG Instant Tea 3gx10x8,3,LA,61.0,14608.869999999999,61.0,14608.869999999999,0.0,0.0,True,160.0,257.0,95.0,239.48967213114753,False,True,True,deep_drop_gap,99.0,160.0,38318.35
2025-09,2025-09-01,A-61012,Wild AM GSG Instant Tea 3gx10x8,3,LA,48.0,11733.25,48.0,11733.25,0.0,0.0,True,169.0,49.0,289.0,244.44270833333334,False,True,True,deep_drop_gap,121.0,169.0,41310.82
2024-02,2024-02-01,A-61012,Wild AM GSG Instant Tea 3gx10x8,E1,UNMAPPED,0.0,0.0,0.0,0.0,0.0,0.0,True,21.0,21.0,0.0,29.285714285714285,True,False,True,zero_sales_gap,21.0,21.0,615.0
2024-03,2024-03-01,A-61012,Wild AM GSG Instant Tea 3gx10x8,E1,UNMAPPED,0.0,0.0,0.0,0.0,0.0,0.0,True,21.0,0.0,0.0,29.285714285714285,True,False,True,zero_sales_gap,21.0,21.0,615.0
2024-10,2024-10-01,A-61012,Wild AM GSG Instant Tea 3gx10x8,E1,UNMAPPED,0.0,0.0,0.0,0.0,0.0,0.0,True,1.0,0.0,0.0,29.285714285714285,True,False,True,zero_sales_gap,1.0,1.0,29.29
2024-11,2024-11-01,A-61012,Wild AM GSG Instant Tea 3gx10x8,E1,UNMAPPED,0.0,0.0,0.0,0.0,0.0,0.0,True,4.0,0.0,1.0,29.285714285714285,True,False,True,zero_sales_gap,4.0,4.0,117.14
2025-01,2025-01-01,A-61012,Wild AM GSG Instant Tea 3gx10x8,E1,UNMAPPED,7.0,247.09,7.0,247.09,0.0,0.0,True,24.0,1.0,26.0,35.29857142857143,False,True,True,deep_drop_gap,17.0,24.0,847.17
2023-04,2023-04-01,A-61117,AM GSG Candy 1 lb / Bag,1,SF,109.0,6446.42,109.0,6446.42,0.0,0.0,True,287.5,299.0,386.0,59.141467889908256,False,True,True,deep_drop_gap,178.5,287.5,17003.17
2024-08,2024-08-01,A-61117,AM GSG Candy 1 lb / Bag,1,SF,95.0,8129.32,95.0,8129.32,0.0,0.0,True,244.0,248.0,160.0,85.5717894736842,False,True,True,deep_drop_gap,149.0,244.0,20879.52
2023-04,2023-04-01,A-61117,AM GSG Candy 1 lb / Bag,2,NJ,18.0,2117.31,18.0,2117.31,0.0,0.0,True,237.0,270.0,204.0,117.62833333333333,False,True,True,deep_drop_gap,219.0,237.0,27877.92
2024-11,2024-11-01,A-61117,AM GSG Candy 1 lb / Bag,3,LA,35.0,5036.6,35.0,5036.6,0.0,0.0,True,92.5,124.0,63.0,143.90285714285716,False,True,True,deep_drop_gap,57.5,92.5,13311.01
2024-03,2024-03-01,A-61117,AM GSG Candy 1 lb / Bag,E1,UNMAPPED,0.0,0.0,0.0,0.0,0.0,0.0,True,34.0,8.0,0.0,10.015,True,False,True,zero_sales_gap,34.0,34.0,340.51
2024-04,2024-04-01,A-61117,AM GSG Candy 1 lb / Bag,E1,UNMAPPED,0.0,0.0,0.0,0.0,0.0,0.0,True,8.0,0.0,0.0,10.015,True,False,True,zero_sales_gap,8.0,8.0,80.12
2024-10,2024-10-01,A-61117,AM GSG Candy 1 lb / Bag,E1,UNMAPPED,0.0,0.0,0.0,0.0,0.0,0.0,True,4.0,0.0,0.0,10.015,True,False,True,zero_sales_gap,4.0,4.0,40.06
2024-11,2024-11-01,A-61117,AM GSG Candy 1 lb / Bag,E1,UNMAPPED,0.0,0.0,0.0,0.0,0.0,0.0,True,6.0,0.0,4.0,10.015,True,False,True,zero_sales_gap,6.0,6.0,60.09
2025-06,2025-06-01,A-61117,AM GSG Candy 1 lb / Bag,E1,UNMAPPED,0.0,0.0,0.0,0.0,0.0,0.0,True,5.0,40.0,1.0,8.76275,True,False,True,zero_sales_gap,5.0,5.0,43.81
2025-09,2025-09-01,A-61117,AM GSG Candy 1 lb / Bag,E1,UNMAPPED,0.0,0.0,0.0,0.0,0.0,0.0,True,1.0,1.0,0.0,14.08,True,False,True,zero_sales_gap,1.0,1.0,14.08
2025-10,2025-10-01,A-61117,AM GSG Candy 1 lb / Bag,E1,UNMAPPED,0.0,0.0,0.0,0.0,0.0,0.0,True,12.0,0.0,0.0,14.08,True,False,True,zero_sales_gap,12.0,12.0,168.96
2025-11,2025-11-01,A-61117,AM GSG Candy 1 lb / Bag,E1,UNMAPPED,0.0,0.0,0.0,0.0,0.0,0.0,True,23.0,0.0,23.0,14.08,True,False,True,zero_sales_gap,23.0,23.0,323.84
2023-04,2023-04-01,A-61150,AM GSG Candy 6 oz Bag,1,SF,8.0,25.220000000000002,8.0,25.220000000000002,0.0,0.0,True,327.5,182.0,566.0,3.1525000000000003,False,True,True,deep_drop_gap,319.5,327.5,1032.44
2023-06,2023-06-01,A-61150,AM GSG Candy 6 oz Bag,2,NJ,103.0,6241.96,103.0,6241.96,0.0,0.0,True,302.5,331.0,460.0,60.60155339805825,False,True,True,deep_drop_gap,199.5,302.5,18331.97
2023-12,2023-12-01,A-61150,AM GSG Candy 6 oz Bag,2,NJ,15.0,44.16,15.0,44.16,0.0,0.0,True,580.5,238.0,686.0,2.944,False,True,True,deep_drop_gap,565.5,580.5,1708.99
2024-02,2024-02-01,A-61150,AM GSG Candy 6 oz Bag,E1,UNMAPPED,0.0,0.0,0.0,0.0,0.0,0.0,True,185.0,185.0,0.0,2.718054054054054,True,False,True,zero_sales_gap,185.0,185.0,502.84
2024-03,2024-03-01,A-61150,AM GSG Candy 6 oz Bag,E1,UNMAPPED,0.0,0.0,0.0,0.0,0.0,0.0,True,95.0,0.0,0.0,2.718054054054054,True,False,True,zero_sales_gap,95.0,95.0,258.22
2024-04,2024-04-01,A-61150,AM GSG Candy 6 oz Bag,E1,UNMAPPED,0.0,0.0,0.0,0.0,0.0,0.0,True,5.0,0.0,5.0,2.718054054054054,True,False,True,zero_sales_gap,5.0,5.0,13.59
2024-06,2024-06-01,A-61150,AM GSG Candy 6 oz Bag,E1,UNMAPPED,0.0,0.0,0.0,0.0,0.0,0.0,True,5.0,5.0,0.0,5.432,True,False,True,zero_sales_gap,5.0,5.0,27.16
2024-07,2024-07-01,A-61150,AM GSG Candy 6 oz Bag,E1,UNMAPPED,0.0,0.0,0.0,0.0,0.0,0.0,True,5.0,0.0,0.0,5.432,True,False,True,zero_sales_gap,5.0,5.0,27.16
2024-10,2024-10-01,A-61150,AM GSG Candy 6 oz Bag,E1,UNMAPPED,0.0,0.0,0.0,0.0,0.0,0.0,True,20.0,0.0,0.0,5.432,True,False,True,zero_sales_gap,20.0,20.0,108.64
2024-11,2024-11-01,A-61150,AM GSG Candy 6 oz Bag,E1,UNMAPPED,0.0,0.0,0.0,0.0,0.0,0.0,True,17.0,0.0,20.0,5.432,True,False,True,zero_sales_gap,17.0,17.0,92.34
2025-03,2025-03-01,A-61150,AM GSG Candy 6 oz Bag,E1,UNMAPPED,3.0,16.3,3.0,16.3,0.0,0.0,True,14.0,14.0,1.0,5.433333333333334,False,True,True,deep_drop_gap,11.0,14.0,76.07
2025-05,2025-05-01,A-61150,AM GSG Candy 6 oz Bag,E1,UNMAPPED,0.0,0.0,0.0,0.0,0.0,0.0,True,2.0,1.0,0.0,8.15,True,False,True,zero_sales_gap,2.0,2.0,16.3
2025-06,2025-06-01,A-61150,AM GSG Candy 6 oz Bag,E1,UNMAPPED,0.0,0.0,0.0,0.0,0.0,0.0,True,1.0,0.0,0.0,8.15,True,False,True,zero_sales_gap,1.0,1.0,8.15
2025-07,2025-07-01,A-61150,AM GSG Candy 6 oz Bag,E1,UNMAPPED,0.0,0.0,0.0,0.0,0.0,0.0,True,1.0,0.0,1.0,8.15,True,False,True,zero_sales_gap,1.0,1.0,8.15
2023-03,2023-03-01,A-61220,AM GSG RT Tea 20 Bags,1,SF,0.0,0.0,0.0,0.0,0.0,0.0,True,134.0,188.0,7.0,7.943936170212766,True,False,True,zero_sales_gap,134.0,134.0,1064.49
2023-05,2023-05-01,A-61220,AM GSG RT Tea 20 Bags,1,SF,0.0,0.0,0.0,0.0,0.0,0.0,True,7.0,7.0,0.0,10.035714285714286,True,False,True,zero_sales_gap,7.0,7.0,70.25
2023-06,2023-06-01,A-61220,AM GSG RT Tea 20 Bags,1,SF,0.0,0.0,0.0,0.0,0.0,0.0,True,83.0,0.0,0.0,10.035714285714286,True,False,True,zero_sales_gap,83.0,83.0,832.96
2023-07,2023-07-01,A-61220,AM GSG RT Tea 20 Bags,1,SF,0.0,0.0,0.0,0.0,0.0,0.0,True,170.5,0.0,159.0,10.035714285714286,True,False,True,zero_sales_gap,170.5,170.5,1711.09
2023-12,2023-12-01,A-61220,AM GSG RT Tea 20 Bags,1,SF,15.0,1091.8600000000001,14.0,684.99,1.0,406.8700000000001,True,69.5,56.0,11.0,48.92785714285714,False,True,True,deep_drop_gap,55.5,69.5,3400.49
2024-01,2024-01-01,A-61220,AM GSG RT Tea 20 Bags,1,SF,11.0,156.8,11.0,156.8,0.0,0.0,True,71.5,15.0,226.0,14.254545454545456,False,True,True,deep_drop_gap,60.5,71.5,1019.2
2024-07,2024-07-01,A-61220,AM GSG RT Tea 20 Bags,1,SF,17.0,102.53999999999999,17.0,102.53999999999999,0.0,0.0,True,73.5,112.0,22.0,6.0317647058823525,False,True,True,deep_drop_gap,56.5,73.5,443.33
2025-02,2025-02-01,A-61220,AM GSG RT Tea 20 Bags,1,SF,79.0,21098.350000000002,79.0,21098.350000000002,0.0,0.0,True,258.0,383.0,42.0,267.06772151898736,False,True,True,deep_drop_gap,179.0,258.0,68903.47
2025-03,2025-03-01,A-61220,AM GSG RT Tea 20 Bags,1,SF,42.0,4078.82,42.0,4078.82,0.0,0.0,True,231.0,79.0,940.0,97.1147619047619,False,True,True,deep_drop_gap,189.0,231.0,22433.51
2025-06,2025-06-01,A-61220,AM GSG RT Tea 20 Bags,1,SF,11.0,175.41,11.0,175.41,0.0,0.0,True,39.5,42.0,37.0,15.946363636363635,False,True,True,deep_drop_gap,28.5,39.5,629.88
2025-08,2025-08-01,A-61220,AM GSG RT Tea 20 Bags,1,SF,17.0,257.92,17.0,257.92,0.0,0.0,True,170.5,37.0,304.0,15.171764705882353,False,True,True,deep_drop_gap,153.5,170.5,2586.79
2023-02,2023-02-01,A-61220,AM GSG RT Tea 20 Bags,2,NJ,15.0,620.71,15.0,620.71,0.0,0.0,True,191.5,86.0,297.0,41.38066666666667,False,True,True,deep_drop_gap,176.5,191.5,7924.4
2023-04,2023-04-01,A-61220,AM GSG RT Tea 20 Bags,2,NJ,0.0,0.0,0.0,0.0,0.0,0.0,True,25.0,297.0,0.0,10.213131313131314,True,False,True,zero_sales_gap,25.0,25.0,255.33
2023-05,2023-05-01,A-61220,AM GSG RT Tea 20 Bags,2,NJ,0.0,0.0,0.0,0.0,0.0,0.0,True,129.0,0.0,25.0,10.213131313131314,True,False,True,zero_sales_gap,129.0,129.0,1317.49
2023-08,2023-08-01,A-61220,AM GSG RT Tea 20 Bags,2,NJ,20.0,659.62,20.0,659.62,0.0,0.0,True,75.5,129.0,42.0,32.981,False,True,True,deep_drop_gap,55.5,75.5,2490.07
2023-09,2023-09-01,A-61220,AM GSG RT Tea 20 Bags,2,NJ,42.0,571.5300000000001,42.0,571.5300000000001,0.0,0.0,True,109.0,20.0,109.0,13.607857142857146,False,True,True,deep_drop_gap,67.0,109.0,1483.26
2023-11,2023-11-01,A-61220,AM GSG RT Tea 20 Bags,2,NJ,0.0,0.0,0.0,0.0,0.0,0.0,True,75.5,109.0,0.0,86.20036697247707,True,False,True,zero_sales_gap,75.5,75.5,6508.13
2023-12,2023-12-01,A-61220,AM GSG RT Tea 20 Bags,2,NJ,0.0,0.0,0.0,0.0,0.0,0.0,True,109.0,0.0,0.0,86.20036697247707,True,False,True,zero_sales_gap,109.0,109.0,9395.84
2024-02,2024-02-01,A-61220,AM GSG RT Tea 20 Bags,2,NJ,0.0,0.0,0.0,0.0,0.0,0.0,True,144.0,0.0,0.0,86.20036697247707,True,False,True,zero_sales_gap,144.0,144.0,12412.85
2024-03,2024-03-01,A-61220,AM GSG RT Tea 20 Bags,2,NJ,0.0,0.0,0.0,0.0,0.0,0.0,True,91.0,0.0,144.0,86.20036697247707,True,False,True,zero_sales_gap,91.0,91.0,7844.23
2025-05,2025-05-01,A-61220,AM GSG RT Tea 20 Bags,2,NJ,0.0,0.0,0.0,0.0,0.0,0.0,True,117.5,152.0,1.0,9.908157894736842,True,False,True,zero_sales_gap,117.5,117.5,1164.21
2025-11,2025-11-01,A-61220,AM GSG RT Tea 20 Bags,2,NJ,42.0,3092.85,41.0,2530.87,1.0,561.98,True,124.0,124.0,128.0,61.72853658536585,False,True,True,deep_drop_gap,83.0,124.0,7654.34
2024-05,2024-05-01,A-61220,AM GSG RT Tea 20 Bags,3,LA,52.0,17311.68,52.0,17311.68,0.0,0.0,True,136.5,123.0,150.0,332.91692307692307,False,True,True,deep_drop_gap,84.5,136.5,45443.16
2025-07,2025-07-01,A-61220,AM GSG RT Tea 20 Bags,3,LA,60.0,18961.22,60.0,18961.22,0.0,0.0,True,183.0,293.0,73.0,316.0203333333333,False,True,True,deep_drop_gap,123.0,183.0,57831.72
2025-09,2025-09-01,A-61220,AM GSG RT Tea 20 Bags,3,LA,31.0,10756.31,31.0,10756.31,0.0,0.0,True,182.5,73.0,292.0,346.97774193548383,False,True,True,deep_drop_gap,151.5,182.5,63323.44
2025-03,2025-03-01,A-61220,AM GSG RT Tea 20 Bags,E1,UNMAPPED,1.0,23.87,1.0,23.87,0.0,0.0,True,7.5,8.0,7.0,23.87,False,True,True,deep_drop_gap,6.5,7.5,179.02
2025-06,2025-06-01,A-61220,AM GSG RT Tea 20 Bags,E1,UNMAPPED,0.0,0.0,0.0,0.0,0.0,0.0,True,7.0,30.0,4.0,13.836333333333332,True,False,True,zero_sales_gap,7.0,7.0,96.85
2025-08,2025-08-01,A-61220,AM GSG RT Tea 20 Bags,E1,UNMAPPED,0.0,0.0,0.0,0.0,0.0,0.0,True,1.0,4.0,1.0,17.9025,True,False,True,zero_sales_gap,1.0,1.0,17.9
2023-03,2023-03-01,A-61234,AM GSG RT/Green Tea 30 Bags,1,SF,0.0,0.0,0.0,0.0,0.0,0.0,True,26.0,26.0,0.0,5.758846153846154,True,False,True,zero_sales_gap,26.0,26.0,149.73
2023-04,2023-04-01,A-61234,AM GSG RT/Green Tea 30 Bags,1,SF,0.0,0.0,0.0,0.0,0.0,0.0,True,20.0,0.0,0.0,5.758846153846154,True,False,True,zero_sales_gap,20.0,20.0,115.18
2023-05,2023-05-01,A-61234,AM GSG RT/Green Tea 30 Bags,1,SF,0.0,0.0,0.0,0.0,0.0,0.0,True,15.5,0.0,14.0,5.758846153846154,True,False,True,zero_sales_gap,15.5,15.5,89.26
2023-10,2023-10-01,A-61234,AM GSG RT/Green Tea 30 Bags,1,SF,0.0,0.0,0.0,0.0,0.0,0.0,True,16.0,24.0,0.0,0.0,True,False,True,zero_sales_gap,16.0,16.0,0.0
2023-11,2023-11-01,A-61234,AM GSG RT/Green Tea 30 Bags,1,SF,0.0,0.0,0.0,0.0,0.0,0.0,True,14.0,0.0,0.0,0.0,True,False,True,zero_sales_gap,14.0,14.0,0.0
2023-12,2023-12-01,A-61234,AM GSG RT/Green Tea 30 Bags,1,SF,0.0,0.0,0.0,0.0,0.0,0.0,True,4.0,0.0,4.0,0.0,True,False,True,zero_sales_gap,4.0,4.0,0.0
2023-07,2023-07-01,A-61234,AM GSG RT/Green Tea 30 Bags,2,NJ,0.0,0.0,0.0,0.0,0.0,0.0,True,116.0,132.0,0.0,5.574318181818183,True,False,True,zero_sales_gap,116.0,116.0,646.62
2023-08,2023-08-01,A-61234,AM GSG RT/Green Tea 30 Bags,2,NJ,0.0,0.0,0.0,0.0,0.0,0.0,True,132.0,0.0,0.0,5.574318181818183,True,False,True,zero_sales_gap,132.0,132.0,735.81
2024-03,2024-03-01,A-61234,AM GSG RT/Green Tea 30 Bags,2,NJ,0.0,0.0,0.0,0.0,0.0,0.0,True,36.0,0.0,0.0,5.574318181818183,True,False,True,zero_sales_gap,36.0,36.0,200.68
2024-04,2024-04-01,A-61234,AM GSG RT/Green Tea 30 Bags,2,NJ,0.0,0.0,0.0,0.0,0.0,0.0,True,18.5,0.0,36.0,5.574318181818183,True,False,True,zero_sales_gap,18.5,18.5,103.12
2023-02,2023-02-01,A-61234,AM GSG RT/Green Tea 30 Bags,3,LA,2.0,673.79,2.0,673.79,0.0,0.0,True,10.0,4.0,10.0,336.895,False,True,True,deep_drop_gap,8.0,10.0,3368.95
2023-06,2023-06-01,A-61234,AM GSG RT/Green Tea 30 Bags,3,LA,2.0,399.28,2.0,399.28,0.0,0.0,True,5.5,4.0,7.0,199.64,False,True,True,deep_drop_gap,3.5,5.5,1098.02
2023-10,2023-10-01,A-61234,AM GSG RT/Green Tea 30 Bags,3,LA,0.0,0.0,0.0,0.0,0.0,0.0,True,1.0,1.0,1.0,324.42,True,False,True,zero_sales_gap,1.0,1.0,324.42
2024-01,2024-01-01,A-61234,AM GSG RT/Green Tea 30 Bags,3,LA,0.0,0.0,0.0,0.0,0.0,0.0,True,1.0,1.0,1.0,349.37,True,False,True,zero_sales_gap,1.0,1.0,349.37
2024-04,2024-04-01,A-61234,AM GSG RT/Green Tea 30 Bags,3,LA,0.0,0.0,0.0,0.0,0.0,0.0,True,1.0,1.0,1.0,216.28,True,False,True,zero_sales_gap,1.0,1.0,216.28
2024-06,2024-06-01,A-61234,AM GSG RT/Green Tea 30 Bags,3,LA,0.0,0.0,0.0,0.0,0.0,0.0,True,1.0,1.0,0.0,349.37,True,False,True,zero_sales_gap,1.0,1.0,349.37
2024-07,2024-07-01,A-61234,AM GSG RT/Green Tea 30 Bags,3,LA,0.0,0.0,0.0,0.0,0.0,0.0,True,1.0,0.0,0.0,349.37,True,False,True,zero_sales_gap,1.0,1.0,349.37
2025-02,2025-02-01,A-61234,AM GSG RT/Green Tea 30 Bags,3,LA,0.0,0.0,0.0,0.0,0.0,0.0,True,530.0,0.0,0.0,349.37,True,False,True,zero_sales_gap,530.0,530.0,185166.1
2025-03,2025-03-01,A-61234,AM GSG RT/Green Tea 30 Bags,3,LA,0.0,0.0,0.0,0.0,0.0,0.0,True,530.0,0.0,530.0,349.37,True,False,True,zero_sales_gap,530.0,530.0,185166.1
2023-02,2023-02-01,A-61250,AM GSG RT Tea 50x1.8g,1,SF,1.0,44.81,1.0,44.81,0.0,0.0,True,5.0,4.0,5.0,44.81,False,True,True,deep_drop_gap,4.0,5.0,224.05
2023-08,2023-08-01,A-61250,AM GSG RT Tea 50x1.8g,1,SF,6.0,77.2,6.0,77.2,0.0,0.0,True,30.5,14.0,30.0,12.866666666666667,False,True,True,deep_drop_gap,24.5,30.5,392.43
2023-10,2023-10-01,A-61250,AM GSG RT Tea 50x1.8g,1,SF,100.0,2556.94,100.0,2556.94,0.0,0.0,True,313.0,30.0,596.0,25.5694,False,True,True,deep_drop_gap,213.0,313.0,8003.22
2025-02,2025-02-01,A-61250,AM GSG RT Tea 50x1.8g,1,SF,105.0,8787.05,105.0,8787.05,0.0,0.0,True,265.0,205.0,404.0,83.68619047619048,False,True,True,deep_drop_gap,160.0,265.0,22176.84
2025-07,2025-07-01,A-61250,AM GSG RT Tea 50x1.8g,1,SF,95.0,7972.78,95.0,7972.78,0.0,0.0,True,250.5,219.0,220.0,83.92399999999999,False,True,True,deep_drop_gap,155.5,250.5,21022.96
2023-05,2023-05-01,A-61250,AM GSG RT Tea 50x1.8g,2,NJ,0.0,0.0,0.0,0.0,0.0,0.0,True,1.0,1.0,16.0,27.71,True,False,True,zero_sales_gap,1.0,1.0,27.71
2023-07,2023-07-01,A-61250,AM GSG RT Tea 50x1.8g,2,NJ,0.0,0.0,0.0,0.0,0.0,0.0,True,16.0,16.0,0.0,0.0,True,False,True,zero_sales_gap,16.0,16.0,0.0
2023-08,2023-08-01,A-61250,AM GSG RT Tea 50x1.8g,2,NJ,0.0,0.0,0.0,0.0,0.0,0.0,True,16.0,0.0,0.0,0.0,True,False,True,zero_sales_gap,16.0,16.0,0.0
2024-02,2024-02-01,A-61250,AM GSG RT Tea 50x1.8g,2,NJ,0.0,0.0,0.0,0.0,0.0,0.0,True,17.0,0.0,0.0,0.0,True,False,True,zero_sales_gap,17.0,17.0,0.0
2024-03,2024-03-01,A-61250,AM GSG RT Tea 50x1.8g,2,NJ,0.0,0.0,0.0,0.0,0.0,0.0,True,34.5,0.0,17.0,0.0,True,False,True,zero_sales_gap,34.5,34.5,0.0
2025-01,2025-01-01,A-61250,AM GSG RT Tea 50x1.8g,2,NJ,16.0,582.5600000000001,16.0,582.5600000000001,0.0,0.0,True,81.0,153.0,6.0,36.410000000000004,False,True,True,deep_drop_gap,65.0,81.0,2949.21
2025-02,2025-02-01,A-61250,AM GSG RT Tea 50x1.8g,2,NJ,6.0,264.79,6.0,264.79,0.0,0.0,True,19.0,16.0,13.0,44.13166666666667,False,True,True,deep_drop_gap,13.0,19.0,838.5
2025-09,2025-09-01,A-61250,AM GSG RT Tea 50x1.8g,2,NJ,14.0,557.1700000000001,14.0,557.1700000000001,0.0,0.0,True,38.5,16.0,33.0,39.79785714285715,False,True,True,deep_drop_gap,24.5,38.5,1532.22
2023-02,2023-02-01,A-61250,AM GSG RT Tea 50x1.8g,3,LA,3.0,1120.55,3.0,1120.55,0.0,0.0,True,18.0,4.0,18.0,373.51666666666665,False,True,True,deep_drop_gap,15.0,18.0,6723.3
2023-05,2023-05-01,A-61250,AM GSG RT Tea 50x1.8g,3,LA,8.0,1251.09,8.0,1251.09,0.0,0.0,True,25.0,59.0,32.0,156.38625,False,True,True,deep_drop_gap,17.0,25.0,3909.66
2023-07,2023-07-01,A-61250,AM GSG RT Tea 50x1.8g,3,LA,2.0,84.24000000000001,2.0,84.24000000000001,0.0,0.0,True,23.5,32.0,15.0,42.120000000000005,False,True,True,deep_drop_gap,21.5,23.5,989.82
2023-10,2023-10-01,A-61250,AM GSG RT Tea 50x1.8g,3,LA,1.0,44.81,1.0,44.81,0.0,0.0,True,43.0,81.0,16.0,44.81,False,True,True,deep_drop_gap,42.0,43.0,1926.83
2023-11,2023-11-01,A-61250,AM GSG RT Tea 50x1.8g,3,LA,16.0,422.49,16.0,422.49,0.0,0.0,True,75.5,1.0,70.0,26.405625,False,True,True,deep_drop_gap,59.5,75.5,1993.62
2024-02,2024-02-01,A-61250,AM GSG RT Tea 50x1.8g,3,LA,21.0,4565.07,21.0,4565.07,0.0,0.0,True,58.5,139.0,35.0,217.3842857142857,False,True,True,deep_drop_gap,37.5,58.5,12716.98
2024-08,2024-08-01,A-61250,AM GSG RT Tea 50x1.8g,3,LA,11.0,1288.48,11.0,1288.48,0.0,0.0,True,35.0,21.0,29.0,117.13454545454546,False,True,True,deep_drop_gap,24.0,35.0,4099.71
2025-02,2025-02-01,A-61250,AM GSG RT Tea 50x1.8g,3,LA,21.0,3659.11,21.0,3659.11,0.0,0.0,True,85.0,115.0,55.0,174.24333333333334,False,True,True,deep_drop_gap,64.0,85.0,14810.68
2025-07,2025-07-01,A-61250,AM GSG RT Tea 50x1.8g,3,LA,5.0,657.39,5.0,657.39,0.0,0.0,True,21.0,26.0,5.0,131.478,False,True,True,deep_drop_gap,16.0,21.0,2761.04
2025-08,2025-08-01,A-61250,AM GSG RT Tea 50x1.8g,3,LA,5.0,1871.17,5.0,1871.17,0.0,0.0,True,28.5,5.0,31.0,374.23400000000004,False,True,True,deep_drop_gap,23.5,28.5,10665.67
2025-02,2025-02-01,A-61250,AM GSG RT Tea 50x1.8g,E1,UNMAPPED,1.0,52.96,1.0,52.96,0.0,0.0,True,6.0,6.0,4.0,52.96,False,True,True,deep_drop_gap,5.0,6.0,317.76
2023-07,2023-07-01,A-61260,AM GSG RT Tea 60 Bags,1,SF,23.0,2835.2799999999997,23.0,2835.2799999999997,0.0,0.0,True,82.0,82.0,4.0,123.27304347826086,False,True,True,deep_drop_gap,59.0,82.0,10108.39
2023-09,2023-09-01,A-61260,AM GSG RT Tea 60 Bags,2,NJ,132.0,46975.149999999994,132.0,46975.149999999994,0.0,0.0,True,407.0,690.0,7.0,355.87234848484843,False,True,True,deep_drop_gap,275.0,407.0,144840.05
2023-11,2023-11-01,A-61260,AM GSG RT Tea 60 Bags,2,NJ,0.0,0.0,0.0,0.0,0.0,0.0,True,69.5,7.0,0.0,487.67,True,False,True,zero_sales_gap,69.5,69.5,33893.06
2023-12,2023-12-01,A-61260,AM GSG RT Tea 60 Bags,2,NJ,0.0,0.0,0.0,0.0,0.0,0.0,True,7.0,0.0,0.0,487.67,True,False,True,zero_sales_gap,7.0,7.0,3413.69
2024-01,2024-01-01,A-61260,AM GSG RT Tea 60 Bags,2,NJ,0.0,0.0,0.0,0.0,0.0,0.0,True,17.0,0.0,0.0,487.67,True,False,True,zero_sales_gap,17.0,17.0,8290.39
2024-02,2024-02-01,A-61260,AM GSG RT Tea 60 Bags,2,NJ,0.0,0.0,0.0,0.0,0.0,0.0,True,17.0,0.0,17.0,487.67,True,False,True,zero_sales_gap,17.0,17.0,8290.39
2023-02,2023-02-01,A-61260,AM GSG RT Tea 60 Bags,3,LA,75.0,19409.34,75.0,19409.34,0.0,0.0,True,215.0,100.0,215.0,258.7912,False,True,True,deep_drop_gap,140.0,215.0,55640.11
2023-05,2023-05-01,A-61260,AM GSG RT Tea 60 Bags,3,LA,62.0,17204.1,62.0,17204.1,0.0,0.0,True,174.0,234.0,133.0,277.4854838709677,False,True,True,deep_drop_gap,112.0,174.0,48282.47
2025-04,2025-04-01,A-61260N,AM GSG RT Tea 60 Bags (15/cs),2,NJ,13.0,358.53,13.0,358.53,0.0,0.0,True,520.5,716.0,783.0,27.57923076923077,False,True,True,deep_drop_gap,507.5,520.5,14354.99
2023-08,2023-08-01,A-61260N,AM GSG RT Tea 60 Bags (15/cs),3,LA,6.0,1673.15,6.0,1673.15,0.0,0.0,True,44.0,1.0,65.0,278.85833333333335,False,True,True,deep_drop_gap,38.0,44.0,12269.77
2024-07,2024-07-01,A-61260N,AM GSG RT Tea 60 Bags (15/cs),3,LA,37.0,9082.84,37.0,9082.84,0.0,0.0,True,117.0,98.0,136.0,245.48216216216215,False,True,True,deep_drop_gap,80.0,117.0,28721.41
2023-02,2023-02-01,A-61280,POP AM GSG RT Tea 80ct,1,SF,0.0,0.0,0.0,0.0,0.0,0.0,True,11.0,16.0,6.0,7798.631875,True,False,True,zero_sales_gap,11.0,11.0,85784.95
2023-04,2023-04-01,A-61280,POP AM GSG RT Tea 80ct,1,SF,0.0,0.0,0.0,0.0,0.0,0.0,True,6.0,6.0,0.0,6932.116666666666,True,False,True,zero_sales_gap,6.0,6.0,41592.7
2023-05,2023-05-01,A-61280,POP AM GSG RT Tea 80ct,1,SF,0.0,0.0,0.0,0.0,0.0,0.0,True,6.0,0.0,0.0,6932.116666666666,True,False,True,zero_sales_gap,6.0,6.0,41592.7
2023-08,2023-08-01,A-61280,POP AM GSG RT Tea 80ct,1,SF,0.0,0.0,0.0,0.0,0.0,0.0,True,7.0,0.0,0.0,6932.116666666666,True,False,True,zero_sales_gap,7.0,7.0,48524.82
2023-09,2023-09-01,A-61280,POP AM GSG RT Tea 80ct,1,SF,0.0,0.0,0.0,0.0,0.0,0.0,True,7.0,0.0,7.0,6932.116666666666,True,False,True,zero_sales_gap,7.0,7.0,48524.82
2023-11,2023-11-01,A-61280,POP AM GSG RT Tea 80ct,1,SF,0.0,0.0,0.0,0.0,0.0,0.0,True,15.0,7.0,0.0,7427.268571428571,True,False,True,zero_sales_gap,15.0,15.0,111409.03
2023-12,2023-12-01,A-61280,POP AM GSG RT Tea 80ct,1,SF,0.0,0.0,0.0,0.0,0.0,0.0,True,15.0,0.0,23.0,7427.268571428571,True,False,True,zero_sales_gap,15.0,15.0,111409.03
2024-02,2024-02-01,A-61280,POP AM GSG RT Tea 80ct,1,SF,0.0,0.0,0.0,0.0,0.0,0.0,True,23.0,23.0,0.0,7685.608260869565,True,False,True,zero_sales_gap,23.0,23.0,176768.99
2024-03,2024-03-01,A-61280,POP AM GSG RT Tea 80ct,1,SF,0.0,0.0,0.0,0.0,0.0,0.0,True,23.0,0.0,0.0,7685.608260869565,True,False,True,zero_sales_gap,23.0,23.0,176768.99
2024-05,2024-05-01,A-61280,POP AM GSG RT Tea 80ct,1,SF,0.0,0.0,0.0,0.0,0.0,0.0,True,14.0,0.0,0.0,7685.608260869565,True,False,True,zero_sales_gap,14.0,14.0,107598.52
2024-06,2024-06-01,A-61280,POP AM GSG RT Tea 80ct,1,SF,0.0,0.0,0.0,0.0,0.0,0.0,True,15.0,0.0,14.0,7685.608260869565,True,False,True,zero_sales_gap,15.0,15.0,115284.12
2024-09,2024-09-01,A-61280,POP AM GSG RT Tea 80ct,1,SF,0.0,0.0,0.0,0.0,0.0,0.0,True,14.0,16.0,14.0,0.0,True,False,True,zero_sales_gap,14.0,14.0,0.0
2025-02,2025-02-01,A-61280,POP AM GSG RT Tea 80ct,1,SF,0.0,0.0,0.0,0.0,0.0,0.0,True,8.0,12.0,0.0,7222.06,True,False,True,zero_sales_gap,8.0,8.0,57776.48
2025-03,2025-03-01,A-61280,POP AM GSG RT Tea 80ct,1,SF,0.0,0.0,0.0,0.0,0.0,0.0,True,8.0,0.0,8.0,7222.06,True,False,True,zero_sales_gap,8.0,8.0,57776.48
2025-05,2025-05-01,A-61280,POP AM GSG RT Tea 80ct,1,SF,0.0,0.0,0.0,0.0,0.0,0.0,True,8.0,8.0,8.0,8124.8175,True,False,True,zero_sales_gap,8.0,8.0,64998.54
2025-07,2025-07-01,A-61280,POP AM GSG RT Tea 80ct,1,SF,0.0,0.0,0.0,0.0,0.0,0.0,True,5.5,8.0,0.0,8124.8175,True,False,True,zero_sales_gap,5.5,5.5,44686.5
2025-08,2025-08-01,A-61280,POP AM GSG RT Tea 80ct,1,SF,0.0,0.0,0.0,0.0,0.0,0.0,True,5.5,0.0,3.0,8124.8175,True,False,True,zero_sales_gap,5.5,5.5,44686.5
2023-02,2023-02-01,A-61280,POP AM GSG RT Tea 80ct,U,UNMAPPED,0.0,0.0,0.0,0.0,0.0,0.0,True,12.0,23.0,12.0,7685.607826086955,True,False,True,zero_sales_gap,12.0,12.0,92227.29
2023-04,2023-04-01,A-61280,POP AM GSG RT Tea 80ct,U,UNMAPPED,3.0,20796.35,3.0,20796.35,0.0,0.0,True,12.0,12.0,15.0,6932.116666666666,False,True,True,deep_drop_gap,9.0,12.0,83185.4
2023-08,2023-08-01,A-61280,POP AM GSG RT Tea 80ct,U,UNMAPPED,3.0,20796.35,3.0,20796.35,0.0,0.0,True,8.0,18.0,8.0,6932.116666666666,False,True,True,deep_drop_gap,5.0,8.0,55456.93
2023-10,2023-10-01,A-61280,POP AM GSG RT Tea 80ct,U,UNMAPPED,0.0,0.0,0.0,0.0,0.0,0.0,True,7.5,8.0,13.0,7798.631249999999,True,False,True,zero_sales_gap,7.5,7.5,58489.73
2024-04,2024-04-01,A-61280,POP AM GSG RT Tea 80ct,U,UNMAPPED,0.0,0.0,0.0,0.0,0.0,0.0,True,7.5,30.0,8.0,7278.723,True,False,True,zero_sales_gap,7.5,7.5,54590.42
2024-08,2024-08-01,A-61280,POP AM GSG RT Tea 80ct,U,UNMAPPED,0.0,0.0,0.0,0.0,0.0,0.0,True,7.0,4.0,7.0,0.0,True,False,True,zero_sales_gap,7.0,7.0,0.0
2025-02,2025-02-01,A-61280,POP AM GSG RT Tea 80ct,U,UNMAPPED,0.0,0.0,0.0,0.0,0.0,0.0,True,6.5,34.0,7.0,0.0,True,False,True,zero_sales_gap,6.5,6.5,0.0
2025-04,2025-04-01,A-61280,POP AM GSG RT Tea 80ct,U,UNMAPPED,0.0,0.0,0.0,0.0,0.0,0.0,True,7.0,7.0,0.0,7737.921428571428,True,False,True,zero_sales_gap,7.0,7.0,54165.45
2025-05,2025-05-01,A-61280,POP AM GSG RT Tea 80ct,U,UNMAPPED,0.0,0.0,0.0,0.0,0.0,0.0,True,17.0,0.0,0.0,7737.921428571428,True,False,True,zero_sales_gap,17.0,17.0,131544.66
2025-06,2025-06-01,A-61280,POP AM GSG RT Tea 80ct,U,UNMAPPED,0.0,0.0,0.0,0.0,0.0,0.0,True,17.0,0.0,17.0,7737.921428571428,True,False,True,zero_sales_gap,17.0,17.0,131544.66
2025-08,2025-08-01,A-61280,POP AM GSG RT Tea 80ct,U,UNMAPPED,0.0,0.0,0.0,0.0,0.0,0.0,True,21.0,17.0,0.0,5735.165294117647,True,False,True,zero_sales_gap,21.0,21.0,120438.47
2025-09,2025-09-01,A-61280,POP AM GSG RT Tea 80ct,U,UNMAPPED,0.0,0.0,0.0,0.0,0.0,0.0,True,17.0,0.0,25.0,5735.165294117647,True,False,True,zero_sales_gap,17.0,17.0,97497.81
2023-07,2023-07-01,AC-B16BK,AM GSG Root (Mixed) 1 lb Bag,1,SF,103.0,4165.0599999999995,103.0,4165.0599999999995,0.0,0.0,True,1579.0,1455.0,1703.0,40.437475728155334,False,True,True,deep_drop_gap,1476.0,1579.0,63850.77
2023-07,2023-07-01,AC-B16BK,AM GSG Root (Mixed) 1 lb Bag,2,NJ,72.0,3338.35,72.0,3338.35,0.0,0.0,True,196.0,456.0,207.0,46.36597222222222,False,True,True,deep_drop_gap,124.0,196.0,9087.73
2023-10,2023-10-01,AC-B16BK,AM GSG Root (Mixed) 1 lb Bag,2,NJ,22.0,928.14,22.0,928.14,0.0,0.0,True,177.0,185.0,169.0,42.18818181818182,False,True,True,deep_drop_gap,155.0,177.0,7467.31
2023-12,2023-12-01,AC-B16BK,AM GSG Root (Mixed) 1 lb Bag,2,NJ,59.0,3049.56,59.0,3049.56,0.0,0.0,True,169.0,169.0,226.0,51.68745762711864,False,True,True,deep_drop_gap,110.0,169.0,8735.18
2024-02,2024-02-01,AC-B16BK,AM GSG Root (Mixed) 1 lb Bag,2,NJ,0.0,0.0,0.0,0.0,0.0,0.0,True,158.0,226.0,90.0,50.18181415929204,True,False,True,zero_sales_gap,158.0,158.0,7928.73
2024-11,2024-11-01,AC-B16BK,AM GSG Root (Mixed) 1 lb Bag,2,NJ,210.0,11137.64,210.0,11137.64,0.0,0.0,True,545.5,1063.0,798.0,53.03638095238095,False,True,True,deep_drop_gap,335.5,545.5,28931.35
2025-01,2025-01-01,AC-B16BK,AM GSG Root (Mixed) 1 lb Bag,2,NJ,108.0,6105.09,108.0,6105.09,0.0,0.0,True,310.0,798.0,119.0,56.52861111111111,False,True,True,deep_drop_gap,202.0,310.0,17523.87
2025-02,2025-02-01,AC-B16BK,AM GSG Root (Mixed) 1 lb Bag,2,NJ,119.0,5480.35,119.0,5480.35,0.0,0.0,True,350.0,108.0,410.0,46.05336134453782,False,True,True,deep_drop_gap,231.0,350.0,16118.68
2025-06,2025-06-01,AC-B16BK,AM GSG Root (Mixed) 1 lb Bag,2,NJ,59.0,3300.05,59.0,3300.05,0.0,0.0,True,196.0,102.0,31.0,55.93305084745763,False,True,True,deep_drop_gap,137.0,196.0,10962.88
2025-07,2025-07-01,AC-B16BK,AM GSG Root (Mixed) 1 lb Bag,2,NJ,31.0,2062.4,31.0,2062.4,0.0,0.0,True,80.5,59.0,551.0,66.52903225806452,False,True,True,deep_drop_gap,49.5,80.5,5355.59
2025-09,2025-09-01,AC-B16BK,AM GSG Root (Mixed) 1 lb Bag,2,NJ,29.0,1451.14,29.0,1451.14,0.0,0.0,True,104.0,551.0,62.0,50.03931034482759,False,True,True,deep_drop_gap,75.0,104.0,5204.09
2024-02,2024-02-01,AC-B16BK,AM GSG Root (Mixed) 1 lb Bag,3,LA,452.0,17186.760000000002,452.0,17186.760000000002,0.0,0.0,True,1790.0,1676.0,408.0,38.02380530973452,False,True,True,deep_drop_gap,1338.0,1790.0,68062.61
2024-03,2024-03-01,AC-B16BK,AM GSG Root (Mixed) 1 lb Bag,3,LA,408.0,16246.68,408.0,16246.68,0.0,0.0,True,1412.5,452.0,2948.0,39.82029411764706,False,True,True,deep_drop_gap,1004.5,1412.5,56246.17
2025-02,2025-02-01,AC-B16BK,AM GSG Root (Mixed) 1 lb Bag,3,LA,324.0,12540.12,324.0,12540.12,0.0,0.0,True,1675.5,1076.0,1434.0,38.70407407407408,False,True,True,deep_drop_gap,1351.5,1675.5,64848.68
2025-08,2025-08-01,AC-B16BK,AM GSG Root (Mixed) 1 lb Bag,3,LA,431.0,16528.47,431.0,16528.47,0.0,0.0,True,1304.0,736.0,1555.0,38.34911832946636,False,True,True,deep_drop_gap,873.0,1304.0,50007.25
2025-01,2025-01-01,AC-B16BK,AM GSG Root (Mixed) 1 lb Bag,E1,UNMAPPED,0.0,0.0,0.0,0.0,0.0,0.0,True,7.5,14.0,0.0,91.96000000000001,True,False,True,zero_sales_gap,7.5,7.5,689.7
2025-02,2025-02-01,AC-B16BK,AM GSG Root (Mixed) 1 lb Bag,E1,UNMAPPED,0.0,0.0,0.0,0.0,0.0,0.0,True,4.0,0.0,1.0,91.96000000000001,True,False,True,zero_sales_gap,4.0,4.0,367.84
2024-11,2024-11-01,AC-B3SLJ,AM GSG Slices 3 oz Bag-Jumbo,1,SF,0.0,0.0,0.0,0.0,0.0,0.0,True,398.0,2215.0,325.0,22.015706546275393,True,False,True,zero_sales_gap,398.0,398.0,8762.25
2025-09,2025-09-01,AC-B3SLJ,AM GSG Slices 3 oz Bag-Jumbo,1,SF,98.0,3067.68,98.0,3067.68,0.0,0.0,True,259.5,297.0,98.0,31.302857142857142,False,True,True,deep_drop_gap,161.5,259.5,8123.09
2025-10,2025-10-01,AC-B3SLJ,AM GSG Slices 3 oz Bag-Jumbo,1,SF,98.0,3311.9199999999996,98.0,3311.9199999999996,0.0,0.0,True,259.5,98.0,222.0,33.795102040816325,False,True,True,deep_drop_gap,161.5,259.5,8769.83
2025-07,2025-07-01,AC-B3SLJ,AM GSG Slices 3 oz Bag-Jumbo,2,NJ,26.0,738.4399999999999,26.0,738.4399999999999,0.0,0.0,True,129.0,187.0,109.0,28.401538461538458,False,True,True,deep_drop_gap,103.0,129.0,3663.8
2025-02,2025-02-01,AC-B3SLJ,AM GSG Slices 3 oz Bag-Jumbo,3,LA,19.0,426.07,19.0,426.07,0.0,0.0,True,198.0,231.0,198.0,22.42473684210526,False,True,True,deep_drop_gap,179.0,198.0,4440.1
2025-05,2025-05-01,AC-B3SLJ,AM GSG Slices 3 oz Bag-Jumbo,3,LA,9.0,255.64,9.0,255.64,0.0,0.0,True,45.0,70.0,4.0,28.404444444444444,False,True,True,deep_drop_gap,36.0,45.0,1278.2
2025-06,2025-06-01,AC-B3SLJ,AM GSG Slices 3 oz Bag-Jumbo,3,LA,4.0,127.82,4.0,127.82,0.0,0.0,True,15.5,9.0,20.0,31.955,False,True,True,deep_drop_gap,11.5,15.5,495.3
2025-10,2025-10-01,AC-B3SLJ,AM GSG Slices 3 oz Bag-Jumbo,3,LA,10.0,1988.32,10.0,1988.32,0.0,0.0,True,57.0,44.0,72.0,198.832,False,True,True,deep_drop_gap,47.0,57.0,11333.42
2023-02,2023-02-01,AC-B4BK,AM GSG Root (Mixed) 4 oz Bag,1,SF,1880.0,18737.35,1880.0,18737.35,0.0,0.0,True,5338.0,493.0,7419.0,9.966675531914893,False,True,True,deep_drop_gap,3458.0,5338.0,53202.11
2023-08,2023-08-01,AC-B4BK,AM GSG Root (Mixed) 4 oz Bag,1,SF,859.0,9744.869999999999,859.0,9744.869999999999,0.0,0.0,True,2665.0,1421.0,1650.0,11.344435389988357,False,True,True,deep_drop_gap,1806.0,2665.0,30232.92
2024-01,2024-01-01,AC-B4BK,AM GSG Root (Mixed) 4 oz Bag,1,SF,854.0,10168.68,854.0,10168.68,0.0,0.0,True,3982.5,2785.0,1909.0,11.90711943793911,False,True,True,deep_drop_gap,3128.5,3982.5,47420.1
2024-07,2024-07-01,AC-B4BK,AM GSG Root (Mixed) 4 oz Bag,1,SF,1010.0,11398.59,1010.0,11398.59,0.0,0.0,True,2846.5,3094.0,1993.0,11.285732673267328,False,True,True,deep_drop_gap,1836.5,2846.5,32124.84
2023-06,2023-06-01,AC-B4BK,AM GSG Root (Mixed) 4 oz Bag,2,NJ,42.0,746.73,42.0,746.73,0.0,0.0,True,258.0,85.0,424.0,17.779285714285713,False,True,True,deep_drop_gap,216.0,258.0,4587.06
2025-11,2025-11-01,AC-B4BK,AM GSG Root (Mixed) 4 oz Bag,2,NJ,100.0,1412.79,100.0,1412.79,0.0,0.0,True,377.0,377.0,279.0,14.1279,False,True,True,deep_drop_gap,277.0,377.0,5326.22
2023-05,2023-05-01,AC-B4BK,AM GSG Root (Mixed) 4 oz Bag,3,LA,449.0,5345.5,449.0,5345.5,0.0,0.0,True,2951.0,4062.0,1840.0,11.905345211581292,False,True,True,deep_drop_gap,2502.0,2951.0,35132.67
2023-07,2023-07-01,AC-B4BK,AM GSG Root (Mixed) 4 oz Bag,3,LA,448.0,5655.169999999999,448.0,5655.169999999999,0.0,0.0,True,1483.5,1840.0,1127.0,12.62314732142857,False,True,True,deep_drop_gap,1035.5,1483.5,18726.44
2025-01,2025-01-01,AC-B4BK,AM GSG Root (Mixed) 4 oz Bag,E1,UNMAPPED,0.0,0.0,0.0,0.0,0.0,0.0,True,4.5,6.0,0.0,28.92833333333333,True,False,True,zero_sales_gap,4.5,4.5,130.18
2025-02,2025-02-01,AC-B4BK,AM GSG Root (Mixed) 4 oz Bag,E1,UNMAPPED,0.0,0.0,0.0,0.0,0.0,0.0,True,6.0,0.0,3.0,28.92833333333333,True,False,True,zero_sales_gap,6.0,6.0,173.57
2025-05,2025-05-01,AC-B4BK,AM GSG Root (Mixed) 4 oz Bag,E1,UNMAPPED,0.0,0.0,0.0,0.0,0.0,0.0,True,3.0,6.0,1.0,32.235,True,False,True,zero_sales_gap,3.0,3.0,96.7
2025-02,2025-02-01,AC-B6SLJ,AM GSG Slices 6 oz Bag-Jumbo,1,SF,128.0,7286.13,128.0,7286.13,0.0,0.0,True,350.5,332.0,369.0,56.922890625,False,True,True,deep_drop_gap,222.5,350.5,19951.47
2024-07,2024-07-01,AC-B6SLJ,AM GSG Slices 6 oz Bag-Jumbo,3,LA,6.0,1084.8500000000001,6.0,1084.8500000000001,0.0,0.0,True,111.5,124.0,32.0,180.80833333333337,False,True,True,deep_drop_gap,105.5,111.5,20160.13
2024-08,2024-08-01,AC-B6SLJ,AM GSG Slices 6 oz Bag-Jumbo,3,LA,32.0,4671.33,32.0,4671.33,0.0,0.0,True,122.5,6.0,163.0,145.9790625,False,True,True,deep_drop_gap,90.5,122.5,17882.44
2024-11,2024-11-01,AC-B6SLJ,AM GSG Slices 6 oz Bag-Jumbo,3,LA,27.0,10765.22,27.0,10765.22,0.0,0.0,True,118.0,121.0,115.0,398.7118518518518,False,True,True,deep_drop_gap,91.0,118.0,47048.0
2025-02,2025-02-01,AC-B6SLJ,AM GSG Slices 6 oz Bag-Jumbo,3,LA,24.0,2882.08,24.0,2882.08,0.0,0.0,True,84.5,74.0,95.0,120.08666666666666,False,True,True,deep_drop_gap,60.5,84.5,10147.32
2025-07,2025-07-01,AC-B6SLJ,AM GSG Slices 6 oz Bag-Jumbo,3,LA,6.0,2569.12,6.0,2569.12,0.0,0.0,True,35.0,31.0,22.0,428.18666666666667,False,True,True,deep_drop_gap,29.0,35.0,14986.53
2023-07,2023-07-01,AC-B8BK,AM GSG Root (Mixed) 8 oz Bag,1,SF,490.0,12382.15,490.0,12382.15,0.0,0.0,True,1836.0,2452.0,1111.0,25.26969387755102,False,True,True,deep_drop_gap,1346.0,1836.0,46395.16
2023-08,2023-08-01,AC-B8BK,AM GSG Root (Mixed) 8 oz Bag,1,SF,1111.0,26359.79,1111.0,26359.79,0.0,0.0,True,3634.5,490.0,5206.0,23.726183618361837,False,True,True,deep_drop_gap,2523.5,3634.5,86232.81
2024-06,2024-06-01,AC-B8BK,AM GSG Root (Mixed) 8 oz Bag,2,NJ,259.0,7365.32,259.0,7365.32,0.0,0.0,True,812.5,1214.0,506.0,28.437528957528958,False,True,True,deep_drop_gap,553.5,812.5,23105.49
2024-08,2024-08-01,AC-B8BK,AM GSG Root (Mixed) 8 oz Bag,2,NJ,178.0,4916.86,178.0,4916.86,0.0,0.0,True,624.5,506.0,743.0,27.622808988764042,False,True,True,deep_drop_gap,446.5,624.5,17250.44
2024-12,2024-12-01,AC-B8BK,AM GSG Root (Mixed) 8 oz Bag,2,NJ,264.0,7404.16,264.0,7404.16,0.0,0.0,True,927.5,723.0,860.0,28.046060606060607,False,True,True,deep_drop_gap,663.5,927.5,26012.72
2025-11,2025-11-01,AC-B8BK,AM GSG Root (Mixed) 8 oz Bag,2,NJ,239.0,6961.9400000000005,239.0,6961.9400000000005,0.0,0.0,True,823.0,823.0,692.0,29.129456066945608,False,True,True,deep_drop_gap,584.0,823.0,23973.54
2023-03,2023-03-01,AC-B8BK,AM GSG Root (Mixed) 8 oz Bag,3,LA,176.0,3035.77,176.0,3035.77,0.0,0.0,True,596.5,725.0,420.0,17.248693181818183,False,True,True,deep_drop_gap,420.5,596.5,10288.85
2023-07,2023-07-01,AC-B8BK,AM GSG Root (Mixed) 8 oz Bag,3,LA,199.0,4289.22,199.0,4289.22,0.0,0.0,True,764.0,989.0,157.0,21.55386934673367,False,True,True,deep_drop_gap,565.0,764.0,16467.16
2023-10,2023-10-01,AC-B8BK,AM GSG Root (Mixed) 8 oz Bag,3,LA,93.0,2279.83,93.0,2279.83,0.0,0.0,True,621.5,539.0,704.0,24.514301075268815,False,True,True,deep_drop_gap,528.5,621.5,15235.64
2024-03,2024-03-01,AC-B8BK,AM GSG Root (Mixed) 8 oz Bag,3,LA,103.0,2160.29,103.0,2160.29,0.0,0.0,True,669.0,950.0,210.0,20.97368932038835,False,True,True,deep_drop_gap,566.0,669.0,14031.4
2024-04,2024-04-01,AC-B8BK,AM GSG Root (Mixed) 8 oz Bag,3,LA,210.0,4954.04,210.0,4954.04,0.0,0.0,True,698.0,103.0,1511.0,23.590666666666667,False,True,True,deep_drop_gap,488.0,698.0,16466.29
2024-07,2024-07-01,AC-B8BK,AM GSG Root (Mixed) 8 oz Bag,3,LA,102.0,2139.38,102.0,2139.38,0.0,0.0,True,978.5,446.0,334.0,20.974313725490198,False,True,True,deep_drop_gap,876.5,978.5,20523.37
2024-10,2024-10-01,AC-B8BK,AM GSG Root (Mixed) 8 oz Bag,3,LA,423.0,8330.43,423.0,8330.43,0.0,0.0,True,1281.5,1951.0,2135.0,19.69368794326241,False,True,True,deep_drop_gap,858.5,1281.5,25237.46
2025-02,2025-02-01,AC-B8BK,AM GSG Root (Mixed) 8 oz Bag,3,LA,282.0,6645.23,282.0,6645.23,0.0,0.0,True,784.5,419.0,957.0,23.564645390070922,False,True,True,deep_drop_gap,502.5,784.5,18486.46
2025-07,2025-07-01,AC-B8BK,AM GSG Root (Mixed) 8 oz Bag,3,LA,102.0,2660.79,102.0,2660.79,0.0,0.0,True,790.0,980.0,600.0,26.086176470588235,False,True,True,deep_drop_gap,688.0,790.0,20608.08
2025-09,2025-09-01,AC-B8BK,AM GSG Root (Mixed) 8 oz Bag,3,LA,133.0,3757.3600000000006,133.0,3757.3600000000006,0.0,0.0,True,628.5,600.0,657.0,28.250827067669178,False,True,True,deep_drop_gap,495.5,628.5,17755.64
2025-04,2025-04-01,AC-B8BK,AM GSG Root (Mixed) 8 oz Bag,W,UNMAPPED,123.0,3999.6500000000005,123.0,3999.6500000000005,0.0,0.0,True,427.0,52.0,802.0,32.51747967479675,False,True,True,deep_drop_gap,304.0,427.0,13884.96
2024-02,2024-02-01,AC-B9SL,POP AM GSG Root Slices 9 oz,1,SF,0.0,0.0,0.0,0.0,0.0,0.0,True,1173.0,1173.0,0.0,58.8495737425405,True,False,True,zero_sales_gap,1173.0,1173.0,69030.55
2024-03,2024-03-01,AC-B9SL,POP AM GSG Root Slices 9 oz,1,SF,0.0,0.0,0.0,0.0,0.0,0.0,True,1173.0,0.0,0.0,58.8495737425405,True,False,True,zero_sales_gap,1173.0,1173.0,69030.55
2024-11,2024-11-01,AC-B9SL,POP AM GSG Root Slices 9 oz,1,SF,0.0,0.0,0.0,0.0,0.0,0.0,True,34.0,0.0,0.0,58.8495737425405,True,False,True,zero_sales_gap,34.0,34.0,2000.89
2024-12,2024-12-01,AC-B9SL,POP AM GSG Root Slices 9 oz,1,SF,0.0,0.0,0.0,0.0,0.0,0.0,True,34.0,0.0,34.0,58.8495737425405,True,False,True,zero_sales_gap,34.0,34.0,2000.89
2023-02,2023-02-01,AC-B9SL,POP AM GSG Root Slices 9 oz,U,UNMAPPED,0.0,0.0,0.0,0.0,0.0,0.0,True,17451.0,17451.0,0.0,58.84071972952839,True,False,True,zero_sales_gap,17451.0,17451.0,1026829.4
2023-03,2023-03-01,AC-B9SL,POP AM GSG Root Slices 9 oz,U,UNMAPPED,0.0,0.0,0.0,0.0,0.0,0.0,True,13418.5,0.0,0.0,58.84071972952839,True,False,True,zero_sales_gap,13418.5,13418.5,789554.2
2023-04,2023-04-01,AC-B9SL,POP AM GSG Root Slices 9 oz,U,UNMAPPED,0.0,0.0,0.0,0.0,0.0,0.0,True,9386.0,0.0,9386.0,58.84071972952839,True,False,True,zero_sales_gap,9386.0,9386.0,552279.0
2023-06,2023-06-01,AC-B9SL,POP AM GSG Root Slices 9 oz,U,UNMAPPED,0.0,0.0,0.0,0.0,0.0,0.0,True,9386.0,9386.0,23474.0,58.837031749414024,True,False,True,zero_sales_gap,9386.0,9386.0,552244.38
2023-08,2023-08-01,AC-B9SL,POP AM GSG Root Slices 9 oz,U,UNMAPPED,5866.0,345152.74,5866.0,345152.74,0.0,0.0,True,23474.0,23474.0,7039.0,58.83953972042277,False,True,True,deep_drop_gap,17608.0,23474.0,1381199.36
2024-02,2024-02-01,AC-B9SL,POP AM GSG Root Slices 9 oz,U,UNMAPPED,0.0,0.0,0.0,0.0,0.0,0.0,True,4.0,33553.0,12905.0,58.84045122641791,True,False,True,zero_sales_gap,4.0,4.0,235.36
2024-04,2024-04-01,AC-B9SL,POP AM GSG Root Slices 9 oz,U,UNMAPPED,0.0,0.0,0.0,0.0,0.0,0.0,True,12905.0,12905.0,0.0,58.84045176288261,True,False,True,zero_sales_gap,12905.0,12905.0,759336.03
2024-05,2024-05-01,AC-B9SL,POP AM GSG Root Slices 9 oz,U,UNMAPPED,0.0,0.0,0.0,0.0,0.0,0.0,True,12905.0,0.0,0.0,58.84045176288261,True,False,True,zero_sales_gap,12905.0,12905.0,759336.03
2024-06,2024-06-01,AC-B9SL,POP AM GSG Root Slices 9 oz,U,UNMAPPED,0.0,0.0,0.0,0.0,0.0,0.0,True,8799.0,0.0,0.0,58.84045176288261,True,False,True,zero_sales_gap,8799.0,8799.0,517737.14
2024-07,2024-07-01,AC-B9SL,POP AM GSG Root Slices 9 oz,U,UNMAPPED,0.0,0.0,0.0,0.0,0.0,0.0,True,26545.0,0.0,8799.0,58.84045176288261,True,False,True,zero_sales_gap,26545.0,26545.0,1561919.79
2025-02,2025-02-01,AC-B9SL,POP AM GSG Root Slices 9 oz,U,UNMAPPED,0.0,0.0,0.0,0.0,0.0,0.0,True,2.5,14079.0,0.0,0.0,True,False,True,zero_sales_gap,2.5,2.5,0.0
2025-03,2025-03-01,AC-B9SL,POP AM GSG Root Slices 9 oz,U,UNMAPPED,0.0,0.0,0.0,0.0,0.0,0.0,True,1.0,0.0,0.0,0.0,True,False,True,zero_sales_gap,1.0,1.0,0.0
2025-06,2025-06-01,AC-B9SL,POP AM GSG Root Slices 9 oz,U,UNMAPPED,0.0,0.0,0.0,0.0,0.0,0.0,True,11732.0,0.0,0.0,0.0,True,False,True,zero_sales_gap,11732.0,11732.0,0.0
2025-07,2025-07-01,AC-B9SL,POP AM GSG Root Slices 9 oz,U,UNMAPPED,0.0,0.0,0.0,0.0,0.0,0.0,True,21117.5,0.0,11732.0,0.0,True,False,True,zero_sales_gap,21117.5,21117.5,0.0
2023-02,2023-02-01,AC-B9SLE,POP AM GSG Root Slices 9 oz,1,SF,0.0,0.0,0.0,0.0,0.0,0.0,True,2148.0,4296.0,1074.0,58.838589385474855,True,False,True,zero_sales_gap,2148.0,2148.0,126385.29
2023-12,2023-12-01,AC-B9SLE,POP AM GSG Root Slices 9 oz,1,SF,0.0,0.0,0.0,0.0,0.0,0.0,True,2148.0,2148.0,12888.0,58.838589385474855,True,False,True,zero_sales_gap,2148.0,2148.0,126385.29
2024-03,2024-03-01,AC-B9SLE,POP AM GSG Root Slices 9 oz,1,SF,0.0,0.0,0.0,0.0,0.0,0.0,True,8592.0,7518.0,0.0,58.83859005054535,True,False,True,zero_sales_gap,8592.0,8592.0,505541.17
2024-04,2024-04-01,AC-B9SLE,POP AM GSG Root Slices 9 oz,1,SF,0.0,0.0,0.0,0.0,0.0,0.0,True,3228.5,0.0,4296.0,58.83859005054535,True,False,True,zero_sales_gap,3228.5,3228.5,189960.39
2024-12,2024-12-01,AC-B9SLE,POP AM GSG Root Slices 9 oz,1,SF,2148.0,135406.67,0.0,0.0,2148.0,135406.67,True,6981.0,8592.0,4296.0,63.03848696461826,False,True,True,deep_drop_gap,6981.0,6981.0,440071.68
2025-02,2025-02-01,AC-B9SLE,POP AM GSG Root Slices 9 oz,1,SF,0.0,0.0,0.0,0.0,0.0,0.0,True,4296.0,4296.0,0.0,63.03848696461826,True,False,True,zero_sales_gap,4296.0,4296.0,270813.34
2025-03,2025-03-01,AC-B9SLE,POP AM GSG Root Slices 9 oz,1,SF,0.0,0.0,0.0,0.0,0.0,0.0,True,4296.0,0.0,4296.0,63.03848696461826,True,False,True,zero_sales_gap,4296.0,4296.0,270813.34
2025-05,2025-05-01,AC-B9SLE,POP AM GSG Root Slices 9 oz,1,SF,0.0,0.0,0.0,0.0,0.0,0.0,True,4296.0,4296.0,4296.0,63.03848696461826,True,False,True,zero_sales_gap,4296.0,4296.0,270813.34
2025-07,2025-07-01,AC-B9SLE,POP AM GSG Root Slices 9 oz,1,SF,0.0,0.0,0.0,0.0,0.0,0.0,True,4296.0,4296.0,0.0,63.03848696461826,True,False,True,zero_sales_gap,4296.0,4296.0,270813.34
2025-08,2025-08-01,AC-B9SLE,POP AM GSG Root Slices 9 oz,1,SF,0.0,0.0,0.0,0.0,0.0,0.0,True,4296.0,0.0,4296.0,63.03848696461826,True,False,True,zero_sales_gap,4296.0,4296.0,270813.34
2025-10,2025-10-01,AC-B9SLE,POP AM GSG Root Slices 9 oz,1,SF,0.0,0.0,0.0,0.0,0.0,0.0,True,4296.0,4296.0,3222.0,63.03848696461826,True,False,True,zero_sales_gap,4296.0,4296.0,270813.34
2023-09,2023-09-01,D-13200N,POP Organic Green Tea 1.8gx100,2,NJ,2.0,17.98,2.0,17.98,0.0,0.0,True,32.0,32.0,10.0,8.99,False,True,True,deep_drop_gap,30.0,32.0,287.68
2023-03,2023-03-01,D-13206,POP OG Green Tea 1.8gx100 (6ct/cs),1,SF,0.0,0.0,0.0,0.0,0.0,0.0,True,192.0,192.0,0.0,24.0,True,False,True,zero_sales_gap,192.0,192.0,4608.0
2023-04,2023-04-01,D-13206,POP OG Green Tea 1.8gx100 (6ct/cs),1,SF,0.0,0.0,0.0,0.0,0.0,0.0,True,117.0,0.0,0.0,24.0,True,False,True,zero_sales_gap,117.0,117.0,2808.0
2023-05,2023-05-01,D-13206,POP OG Green Tea 1.8gx100 (6ct/cs),1,SF,0.0,0.0,0.0,0.0,0.0,0.0,True,55.0,0.0,42.0,24.0,True,False,True,zero_sales_gap,55.0,55.0,1320.0
2023-09,2023-09-01,D-13206,POP OG Green Tea 1.8gx100 (6ct/cs),1,SF,65.0,1222.43,30.0,514.43,35.0,708.0000000000001,True,253.0,604.0,382.0,17.147666666666666,False,True,True,deep_drop_gap,223.0,253.0,4338.36
2023-11,2023-11-01,D-13206,POP OG Green Tea 1.8gx100 (6ct/cs),1,SF,124.0,2173.59,124.0,2173.59,0.0,0.0,True,393.5,382.0,566.0,17.528951612903228,False,True,True,deep_drop_gap,269.5,393.5,6897.64
2023-04,2023-04-01,D-13206,POP OG Green Tea 1.8gx100 (6ct/cs),2,NJ,0.0,0.0,0.0,0.0,0.0,0.0,True,59.0,33.0,0.0,24.0,True,False,True,zero_sales_gap,59.0,59.0,1416.0
2023-05,2023-05-01,D-13206,POP OG Green Tea 1.8gx100 (6ct/cs),2,NJ,0.0,0.0,0.0,0.0,0.0,0.0,True,59.0,0.0,59.0,24.0,True,False,True,zero_sales_gap,59.0,59.0,1416.0
2023-10,2023-10-01,D-13206,POP OG Green Tea 1.8gx100 (6ct/cs),3,LA,48.0,990.28,48.0,990.28,0.0,0.0,True,205.5,64.0,231.0,20.63083333333333,False,True,True,deep_drop_gap,157.5,205.5,4239.64
2025-06,2025-06-01,D-13206,POP OG Green Tea 1.8gx100 (6ct/cs),3,LA,105.0,2147.58,105.0,2147.58,0.0,0.0,True,359.5,495.0,188.0,20.453142857142858,False,True,True,deep_drop_gap,254.5,359.5,7352.9
2024-03,2024-03-01,D-13206,POP OG Green Tea 1.8gx100 (6ct/cs),E1,UNMAPPED,0.0,0.0,0.0,0.0,0.0,0.0,True,2.5,2.0,0.0,8.99,True,False,True,zero_sales_gap,2.5,2.5,22.48
2024-04,2024-04-01,D-13206,POP OG Green Tea 1.8gx100 (6ct/cs),E1,UNMAPPED,0.0,0.0,0.0,0.0,0.0,0.0,True,2.0,0.0,0.0,8.99,True,False,True,zero_sales_gap,2.0,2.0,17.98
2024-10,2024-10-01,D-13206,POP OG Green Tea 1.8gx100 (6ct/cs),E1,UNMAPPED,0.0,0.0,0.0,0.0,0.0,0.0,True,4.0,0.0,0.0,8.99,True,False,True,zero_sales_gap,4.0,4.0,35.96
2024-11,2024-11-01,D-13206,POP OG Green Tea 1.8gx100 (6ct/cs),E1,UNMAPPED,0.0,0.0,0.0,0.0,0.0,0.0,True,14.5,0.0,4.0,8.99,True,False,True,zero_sales_gap,14.5,14.5,130.35
2025-02,2025-02-01,D-13206,POP OG Green Tea 1.8gx100 (6ct/cs),E1,UNMAPPED,1.0,9.99,1.0,9.99,0.0,0.0,True,4.0,25.0,3.0,9.99,False,True,True,deep_drop_gap,3.0,4.0,39.96
2025-06,2025-06-01,D-13212,POP Organic Green Tea 1.8gx20 (12ct/cs),1,SF,9.0,121.2,2.0,28.8,7.0,92.4,True,45.0,149.0,101.0,14.4,False,True,True,deep_drop_gap,43.0,45.0,648.0
2025-06,2025-06-01,D-13212,POP Organic Green Tea 1.8gx20 (12ct/cs),3,LA,1.0,13.2,0.0,0.0,1.0,13.2,True,4.0,7.0,3.0,13.2,False,True,True,deep_drop_gap,4.0,4.0,52.8
2023-06,2023-06-01,D-13220N,POP Organic Green Tea 1.8gx20,1,SF,12.0,14.4,12.0,14.4,0.0,0.0,True,40.0,51.0,23.0,1.2,False,True,True,deep_drop_gap,28.0,40.0,48.0
2023-09,2023-09-01,D-13220N,POP Organic Green Tea 1.8gx20,1,SF,13.0,96.54,13.0,96.54,0.0,0.0,True,41.5,74.0,36.0,7.426153846153847,False,True,True,deep_drop_gap,28.5,41.5,308.19
2024-05,2024-05-01,D-13220N,POP Organic Green Tea 1.8gx20,1,SF,9.0,376.29,7.0,297.09000000000003,2.0,79.19999999999999,True,29.0,50.0,22.0,42.441428571428574,False,True,True,deep_drop_gap,22.0,29.0,1230.8
2025-02,2025-02-01,D-13220N,POP Organic Green Tea 1.8gx20,1,SF,9.0,60.21,9.0,60.21,0.0,0.0,True,44.5,55.0,7.0,6.69,False,True,True,deep_drop_gap,35.5,44.5,297.7
2023-02,2023-02-01,D-13220N,POP Organic Green Tea 1.8gx20,2,NJ,24.0,690.8399999999999,24.0,690.8399999999999,0.0,0.0,True,71.0,101.0,71.0,28.784999999999997,False,True,True,deep_drop_gap,47.0,71.0,2043.73
2025-03,2025-03-01,D-13220N,POP Organic Green Tea 1.8gx20,2,NJ,1.0,3.49,1.0,3.49,0.0,0.0,True,53.0,59.0,16.0,3.49,False,True,True,deep_drop_gap,52.0,53.0,184.97
2023-04,2023-04-01,D-13220N,POP Organic Green Tea 1.8gx20,3,LA,5.0,212.4,5.0,212.4,0.0,0.0,True,14.5,13.0,16.0,42.480000000000004,False,True,True,deep_drop_gap,9.5,14.5,615.96
2023-06,2023-06-01,D-13220N,POP Organic Green Tea 1.8gx20,3,LA,3.0,86.4,3.0,86.4,0.0,0.0,True,13.0,16.0,18.0,28.8,False,True,True,deep_drop_gap,10.0,13.0,374.4
2023-10,2023-10-01,D-13220N,POP Organic Green Tea 1.8gx20,3,LA,0.0,0.0,0.0,0.0,0.0,0.0,True,8.5,17.0,7.0,1.2,True,False,True,zero_sales_gap,8.5,8.5,10.2
2024-08,2024-08-01,D-13220N,POP Organic Green Tea 1.8gx20,3,LA,2.0,0.0,2.0,0.0,0.0,0.0,True,5.5,7.0,3.0,0.0,False,True,True,deep_drop_gap,3.5,5.5,0.0
2025-04,2025-04-01,D-13220N,POP Organic Green Tea 1.8gx20,3,LA,1.0,2.73,1.0,2.73,0.0,0.0,True,9.0,4.0,11.0,2.73,False,True,True,deep_drop_gap,8.0,9.0,24.57
2025-06,2025-06-01,D-13220N,POP Organic Green Tea 1.8gx20,3,LA,0.0,0.0,0.0,0.0,0.0,0.0,True,2.5,11.0,3.0,2.7172727272727273,True,False,True,zero_sales_gap,2.5,2.5,6.79
2025-09,2025-09-01,D-13220N,POP Organic Green Tea 1.8gx20,3,LA,0.0,0.0,0.0,0.0,0.0,0.0,True,2.5,2.0,0.0,3.99,True,False,True,zero_sales_gap,2.5,2.5,9.98
2025-10,2025-10-01,D-13220N,POP Organic Green Tea 1.8gx20,3,LA,0.0,0.0,0.0,0.0,0.0,0.0,True,2.0,0.0,0.0,3.99,True,False,True,zero_sales_gap,2.0,2.0,7.98
2025-11,2025-11-01,D-13220N,POP Organic Green Tea 1.8gx20,3,LA,0.0,0.0,0.0,0.0,0.0,0.0,True,2.0,0.0,2.0,3.99,True,False,True,zero_sales_gap,2.0,2.0,7.98
2025-02,2025-02-01,D-13220N,POP Organic Green Tea 1.8gx20,E1,UNMAPPED,0.0,0.0,0.0,0.0,0.0,0.0,True,2.0,2.0,0.0,3.49,True,False,True,zero_sales_gap,2.0,2.0,6.98
2025-03,2025-03-01,D-13220N,POP Organic Green Tea 1.8gx20,E1,UNMAPPED,0.0,0.0,0.0,0.0,0.0,0.0,True,2.0,0.0,0.0,3.49,True,False,True,zero_sales_gap,2.0,2.0,6.98
2025-04,2025-04-01,D-13220N,POP Organic Green Tea 1.8gx20,E1,UNMAPPED,0.0,0.0,0.0,0.0,0.0,0.0,True,2.0,0.0,2.0,3.49,True,False,True,zero_sales_gap,2.0,2.0,6.98
2025-06,2025-06-01,D-13220N,POP Organic Green Tea 1.8gx20,E1,UNMAPPED,0.0,0.0,0.0,0.0,0.0,0.0,True,2.0,2.0,0.0,3.99,True,False,True,zero_sales_gap,2.0,2.0,7.98
2025-07,2025-07-01,D-13220N,POP Organic Green Tea 1.8gx20,E1,UNMAPPED,0.0,0.0,0.0,0.0,0.0,0.0,True,2.0,0.0,0.0,3.99,True,False,True,zero_sales_gap,2.0,2.0,7.98
2025-08,2025-08-01,D-13220N,POP Organic Green Tea 1.8gx20,E1,UNMAPPED,0.0,0.0,0.0,0.0,0.0,0.0,True,5.0,0.0,0.0,3.99,True,False,True,zero_sales_gap,5.0,5.0,19.95
2025-09,2025-09-01,D-13220N,POP Organic Green Tea 1.8gx20,E1,UNMAPPED,0.0,0.0,0.0,0.0,0.0,0.0,True,6.5,0.0,5.0,3.99,True,False,True,zero_sales_gap,6.5,6.5,25.94
2023-07,2023-07-01,D-13300N,POP Green Tea 2gx100 (Japanese S) New,1,SF,24.0,68.75999999999999,24.0,68.75999999999999,0.0,0.0,True,77.5,74.0,81.0,2.8649999999999998,False,True,True,deep_drop_gap,53.5,77.5,222.04
2023-09,2023-09-01,D-13300N,POP Green Tea 2gx100 (Japanese S) New,1,SF,18.0,54.0,18.0,54.0,0.0,0.0,True,54.0,81.0,54.0,3.0,False,True,True,deep_drop_gap,36.0,54.0,162.0
2023-11,2023-11-01,D-13300N,POP Green Tea 2gx100 (Japanese S) New,1,SF,0.0,0.0,0.0,0.0,0.0,0.0,True,36.0,54.0,0.0,6.225,True,False,True,zero_sales_gap,36.0,36.0,224.1
2023-12,2023-12-01,D-13300N,POP Green Tea 2gx100 (Japanese S) New,1,SF,0.0,0.0,0.0,0.0,0.0,0.0,True,54.0,0.0,0.0,6.225,True,False,True,zero_sales_gap,54.0,54.0,336.15
2024-02,2024-02-01,D-13300N,POP Green Tea 2gx100 (Japanese S) New,1,SF,0.0,0.0,0.0,0.0,0.0,0.0,True,2.0,0.0,0.0,6.225,True,False,True,zero_sales_gap,2.0,2.0,12.45
2024-03,2024-03-01,D-13300N,POP Green Tea 2gx100 (Japanese S) New,1,SF,0.0,0.0,0.0,0.0,0.0,0.0,True,2.0,0.0,2.0,6.225,True,False,True,zero_sales_gap,2.0,2.0,12.45
2023-05,2023-05-01,D-13300N,POP Green Tea 2gx100 (Japanese S) New,2,NJ,6.0,525.0,6.0,525.0,0.0,0.0,True,28.0,21.0,28.0,87.5,False,True,True,deep_drop_gap,22.0,28.0,2450.0
2023-07,2023-07-01,D-13300N,POP Green Tea 2gx100 (Japanese S) New,2,NJ,0.0,0.0,0.0,0.0,0.0,0.0,True,17.0,28.0,0.0,36.42857142857143,True,False,True,zero_sales_gap,17.0,17.0,619.29
2023-08,2023-08-01,D-13300N,POP Green Tea 2gx100 (Japanese S) New,2,NJ,0.0,0.0,0.0,0.0,0.0,0.0,True,28.0,0.0,0.0,36.42857142857143,True,False,True,zero_sales_gap,28.0,28.0,1020.0
2024-03,2024-03-01,D-13300N,POP Green Tea 2gx100 (Japanese S) New,2,NJ,0.0,0.0,0.0,0.0,0.0,0.0,True,1.0,0.0,0.0,36.42857142857143,True,False,True,zero_sales_gap,1.0,1.0,36.43
2024-04,2024-04-01,D-13300N,POP Green Tea 2gx100 (Japanese S) New,2,NJ,0.0,0.0,0.0,0.0,0.0,0.0,True,1.0,0.0,1.0,36.42857142857143,True,False,True,zero_sales_gap,1.0,1.0,36.43
2025-06,2025-06-01,D-13306,POP Green Tea 1.8gx100 JapaneseS (6ct/cs),1,SF,0.0,0.0,0.0,0.0,0.0,0.0,True,49.0,9.0,47.0,12.864444444444445,True,False,True,zero_sales_gap,49.0,49.0,630.36
2023-09,2023-09-01,D-13306,POP Green Tea 1.8gx100 JapaneseS (6ct/cs),2,NJ,6.0,87.98,6.0,87.98,0.0,0.0,True,74.5,87.0,63.0,14.663333333333334,False,True,True,deep_drop_gap,68.5,74.5,1092.42
2023-12,2023-12-01,D-13306,POP Green Tea 1.8gx100 JapaneseS (6ct/cs),2,NJ,25.0,448.2,25.0,448.2,0.0,0.0,True,85.0,86.0,84.0,17.928,False,True,True,deep_drop_gap,60.0,85.0,1523.88
2024-03,2024-03-01,D-13306,POP Green Tea 1.8gx100 JapaneseS (6ct/cs),2,NJ,30.0,540.0,30.0,540.0,0.0,0.0,True,87.5,134.0,91.0,18.0,False,True,True,deep_drop_gap,57.5,87.5,1575.0
2024-06,2024-06-01,D-13306,POP Green Tea 1.8gx100 JapaneseS (6ct/cs),2,NJ,19.0,308.37,19.0,308.37,0.0,0.0,True,72.0,43.0,53.0,16.23,False,True,True,deep_drop_gap,53.0,72.0,1168.56
2025-06,2025-06-01,D-13306,POP Green Tea 1.8gx100 JapaneseS (6ct/cs),2,NJ,2.0,15.98,2.0,15.98,0.0,0.0,True,43.0,39.0,139.0,7.99,False,True,True,deep_drop_gap,41.0,43.0,343.57
2024-10,2024-10-01,D-13306,POP Green Tea 1.8gx100 JapaneseS (6ct/cs),3,LA,16.0,268.0,16.0,268.0,0.0,0.0,True,49.5,58.0,33.0,16.75,False,True,True,deep_drop_gap,33.5,49.5,829.12
2025-06,2025-06-01,D-13306,POP Green Tea 1.8gx100 JapaneseS (6ct/cs),3,LA,3.0,54.0,3.0,54.0,0.0,0.0,True,45.0,51.0,4.0,18.0,False,True,True,deep_drop_gap,42.0,45.0,810.0
2025-07,2025-07-01,D-13306,POP Green Tea 1.8gx100 JapaneseS (6ct/cs),3,LA,4.0,54.0,4.0,54.0,0.0,0.0,True,24.0,3.0,39.0,13.5,False,True,True,deep_drop_gap,20.0,24.0,324.0
2025-09,2025-09-01,D-13306,POP Green Tea 1.8gx100 JapaneseS (6ct/cs),3,LA,9.0,189.0,9.0,189.0,0.0,0.0,True,31.0,39.0,23.0,21.0,False,True,True,deep_drop_gap,22.0,31.0,651.0
2025-01,2025-01-01,D-13306,POP Green Tea 1.8gx100 JapaneseS (6ct/cs),E1,UNMAPPED,0.0,0.0,0.0,0.0,0.0,0.0,True,2.5,3.0,0.0,7.989999999999999,True,False,True,zero_sales_gap,2.5,2.5,19.97
2025-02,2025-02-01,D-13306,POP Green Tea 1.8gx100 JapaneseS (6ct/cs),E1,UNMAPPED,0.0,0.0,0.0,0.0,0.0,0.0,True,2.0,0.0,2.0,7.989999999999999,True,False,True,zero_sales_gap,2.0,2.0,15.98
2023-03,2023-03-01,D-13400,POP Organic Green Tea 1.8gx200,2,NJ,0.0,0.0,0.0,0.0,0.0,0.0,True,150.0,150.0,0.0,104.0,True,False,True,zero_sales_gap,150.0,150.0,15600.0
2023-04,2023-04-01,D-13400,POP Organic Green Tea 1.8gx200,2,NJ,0.0,0.0,0.0,0.0,0.0,0.0,True,150.0,0.0,0.0,104.0,True,False,True,zero_sales_gap,150.0,150.0,15600.0
2023-08,2023-08-01,D-13400,POP Organic Green Tea 1.8gx200,2,NJ,0.0,0.0,0.0,0.0,0.0,0.0,True,300.0,0.0,0.0,104.0,True,False,True,zero_sales_gap,300.0,300.0,31200.0
2023-09,2023-09-01,D-13400,POP Organic Green Tea 1.8gx200,2,NJ,0.0,0.0,0.0,0.0,0.0,0.0,True,300.0,0.0,300.0,104.0,True,False,True,zero_sales_gap,300.0,300.0,31200.0
2023-11,2023-11-01,D-13400,POP Organic Green Tea 1.8gx200,2,NJ,0.0,0.0,0.0,0.0,0.0,0.0,True,300.0,300.0,0.0,100.0,True,False,True,zero_sales_gap,300.0,300.0,30000.0
2023-12,2023-12-01,D-13400,POP Organic Green Tea 1.8gx200,2,NJ,0.0,0.0,0.0,0.0,0.0,0.0,True,300.0,0.0,0.0,100.0,True,False,True,zero_sales_gap,300.0,300.0,30000.0
2024-04,2024-04-01,D-13400,POP Organic Green Tea 1.8gx200,2,NJ,0.0,0.0,0.0,0.0,0.0,0.0,True,410.0,0.0,0.0,100.0,True,False,True,zero_sales_gap,410.0,410.0,41000.0
2024-05,2024-05-01,D-13400,POP Organic Green Tea 1.8gx200,2,NJ,0.0,0.0,0.0,0.0,0.0,0.0,True,410.0,0.0,410.0,100.0,True,False,True,zero_sales_gap,410.0,410.0,41000.0
2024-07,2024-07-01,D-13400,POP Organic Green Tea 1.8gx200,2,NJ,0.0,0.0,0.0,0.0,0.0,0.0,True,410.0,410.0,0.0,100.0,True,False,True,zero_sales_gap,410.0,410.0,41000.0
2024-08,2024-08-01,D-13400,POP Organic Green Tea 1.8gx200,2,NJ,0.0,0.0,0.0,0.0,0.0,0.0,True,372.5,0.0,0.0,100.0,True,False,True,zero_sales_gap,372.5,372.5,37250.0
2024-09,2024-09-01,D-13400,POP Organic Green Tea 1.8gx200,2,NJ,0.0,0.0,0.0,0.0,0.0,0.0,True,335.0,0.0,335.0,100.0,True,False,True,zero_sales_gap,335.0,335.0,33500.0
2024-11,2024-11-01,D-13400,POP Organic Green Tea 1.8gx200,2,NJ,0.0,0.0,0.0,0.0,0.0,0.0,True,246.5,335.0,0.0,100.0,True,False,True,zero_sales_gap,246.5,246.5,24650.0
2024-12,2024-12-01,D-13400,POP Organic Green Tea 1.8gx200,2,NJ,0.0,0.0,0.0,0.0,0.0,0.0,True,246.5,0.0,158.0,100.0,True,False,True,zero_sales_gap,246.5,246.5,24650.0
2025-02,2025-02-01,D-13400,POP Organic Green Tea 1.8gx200,2,NJ,0.0,0.0,0.0,0.0,0.0,0.0,True,158.0,158.0,0.0,95.0,True,False,True,zero_sales_gap,158.0,158.0,15010.0
2025-03,2025-03-01,D-13400,POP Organic Green Tea 1.8gx200,2,NJ,0.0,0.0,0.0,0.0,0.0,0.0,True,158.0,0.0,0.0,95.0,True,False,True,zero_sales_gap,158.0,158.0,15010.0
2025-10,2025-10-01,D-13400,POP Organic Green Tea 1.8gx200,2,NJ,0.0,0.0,0.0,0.0,0.0,0.0,True,548.0,0.0,0.0,95.0,True,False,True,zero_sales_gap,548.0,548.0,52060.0
2025-11,2025-11-01,D-13400,POP Organic Green Tea 1.8gx200,2,NJ,0.0,0.0,0.0,0.0,0.0,0.0,True,548.0,0.0,548.0,95.0,True,False,True,zero_sales_gap,548.0,548.0,52060.0
2023-05,2023-05-01,D-14100N,POP Jasmine Tea 1.8gx100,1,SF,0.0,0.0,0.0,0.0,0.0,0.0,True,237.5,189.0,0.0,11.392539682539681,True,False,True,zero_sales_gap,237.5,237.5,2705.73
2023-06,2023-06-01,D-14100N,POP Jasmine Tea 1.8gx100,1,SF,0.0,0.0,0.0,0.0,0.0,0.0,True,95.5,0.0,0.0,11.392539682539681,True,False,True,zero_sales_gap,95.5,95.5,1087.99
2023-07,2023-07-01,D-14100N,POP Jasmine Tea 1.8gx100,1,SF,0.0,0.0,0.0,0.0,0.0,0.0,True,2.0,0.0,2.0,11.392539682539681,True,False,True,zero_sales_gap,2.0,2.0,22.79
2023-02,2023-02-01,D-14100N,POP Jasmine Tea 1.8gx100,2,NJ,39.0,2370.0,39.0,2370.0,0.0,0.0,True,119.0,139.0,119.0,60.76923076923077,False,True,True,deep_drop_gap,80.0,119.0,7231.54
2023-06,2023-06-01,D-14100N,POP Jasmine Tea 1.8gx100,2,NJ,0.0,0.0,0.0,0.0,0.0,0.0,True,41.5,19.0,0.0,34.73684210526316,True,False,True,zero_sales_gap,41.5,41.5,1441.58
2023-07,2023-07-01,D-14100N,POP Jasmine Tea 1.8gx100,2,NJ,0.0,0.0,0.0,0.0,0.0,0.0,True,19.0,0.0,0.0,34.73684210526316,True,False,True,zero_sales_gap,19.0,19.0,660.0
2024-01,2024-01-01,D-14100N,POP Jasmine Tea 1.8gx100,2,NJ,0.0,0.0,0.0,0.0,0.0,0.0,True,8.0,0.0,0.0,34.73684210526316,True,False,True,zero_sales_gap,8.0,8.0,277.89
2024-02,2024-02-01,D-14100N,POP Jasmine Tea 1.8gx100,2,NJ,0.0,0.0,0.0,0.0,0.0,0.0,True,7.0,0.0,8.0,34.73684210526316,True,False,True,zero_sales_gap,7.0,7.0,243.16
2025-06,2025-06-01,D-14106,POP Jasmine Tea 1.8gx100 (6ct/cs),1,SF,0.0,0.0,0.0,0.0,0.0,0.0,True,127.0,64.0,134.0,16.208750000000002,True,False,True,zero_sales_gap,127.0,127.0,2058.51
2025-11,2025-11-01,D-14106,POP Jasmine Tea 1.8gx100 (6ct/cs),1,SF,1.0,16.5,1.0,16.5,0.0,0.0,True,198.0,198.0,121.0,16.5,False,True,True,deep_drop_gap,197.0,198.0,3267.0
2023-09,2023-09-01,D-14106,POP Jasmine Tea 1.8gx100 (6ct/cs),2,NJ,55.0,962.48,55.0,962.48,0.0,0.0,True,189.5,228.0,155.0,17.499636363636363,False,True,True,deep_drop_gap,134.5,189.5,3316.18
2025-06,2025-06-01,D-14106,POP Jasmine Tea 1.8gx100 (6ct/cs),2,NJ,0.0,0.0,0.0,0.0,0.0,0.0,True,168.5,1.0,194.0,6.24,True,False,True,zero_sales_gap,168.5,168.5,1051.44
2025-11,2025-11-01,D-14106,POP Jasmine Tea 1.8gx100 (6ct/cs),2,NJ,2.0,28.990000000000002,1.0,7.99,1.0,21.0,True,157.0,239.0,160.0,7.99,False,True,True,deep_drop_gap,156.0,157.0,1254.43
2025-06,2025-06-01,D-14106,POP Jasmine Tea 1.8gx100 (6ct/cs),3,LA,7.0,123.0,7.0,123.0,0.0,0.0,True,79.5,67.0,69.0,17.571428571428573,False,True,True,deep_drop_gap,72.5,79.5,1396.93
2025-02,2025-02-01,D-14106,POP Jasmine Tea 1.8gx100 (6ct/cs),E1,UNMAPPED,0.0,0.0,0.0,0.0,0.0,0.0,True,4.0,7.0,1.0,7.990000000000001,True,False,True,zero_sales_gap,4.0,4.0,31.96
2023-06,2023-06-01,D-14200N,POP Organic Jasmine Tea 1.8gx100,1,SF,0.0,0.0,0.0,0.0,0.0,0.0,True,141.0,141.0,0.0,27.542695035460994,True,False,True,zero_sales_gap,141.0,141.0,3883.52
2023-07,2023-07-01,D-14200N,POP Organic Jasmine Tea 1.8gx100,1,SF,0.0,0.0,0.0,0.0,0.0,0.0,True,71.5,0.0,2.0,27.542695035460994,True,False,True,zero_sales_gap,71.5,71.5,1969.3
2023-09,2023-09-01,D-14206,POP OG Jasmine Tea 1.8gx100 (6ct/cs),1,SF,105.0,2128.88,44.0,847.88,61.0,1281.0,True,281.5,473.0,471.0,19.27,False,True,True,deep_drop_gap,237.5,281.5,5424.5
2024-09,2024-09-01,D-14206,POP OG Jasmine Tea 1.8gx100 (6ct/cs),1,SF,59.0,1251.58,39.0,771.5799999999999,20.0,480.0,True,159.0,396.0,387.0,19.78410256410256,False,True,True,deep_drop_gap,120.0,159.0,3145.67
2023-07,2023-07-01,D-14206,POP OG Jasmine Tea 1.8gx100 (6ct/cs),3,LA,95.0,2088.0,95.0,2088.0,0.0,0.0,True,354.0,354.0,686.0,21.978947368421053,False,True,True,deep_drop_gap,259.0,354.0,7780.55
2023-10,2023-10-01,D-14206,POP OG Jasmine Tea 1.8gx100 (6ct/cs),3,LA,43.0,872.97,43.0,872.97,0.0,0.0,True,129.5,67.0,58.0,20.301627906976744,False,True,True,deep_drop_gap,86.5,129.5,2629.06
2024-09,2024-09-01,D-14206,POP OG Jasmine Tea 1.8gx100 (6ct/cs),3,LA,46.0,999.0,46.0,999.0,0.0,0.0,True,124.5,391.0,321.0,21.717391304347824,False,True,True,deep_drop_gap,78.5,124.5,2703.82
2025-06,2025-06-01,D-14206,POP OG Jasmine Tea 1.8gx100 (6ct/cs),3,LA,37.0,834.59,37.0,834.59,0.0,0.0,True,277.0,404.0,318.0,22.556486486486488,False,True,True,deep_drop_gap,240.0,277.0,6248.15
2024-03,2024-03-01,D-14206,POP OG Jasmine Tea 1.8gx100 (6ct/cs),E1,UNMAPPED,0.0,0.0,0.0,0.0,0.0,0.0,True,2.0,2.0,0.0,8.99,True,False,True,zero_sales_gap,2.0,2.0,17.98
2024-04,2024-04-01,D-14206,POP OG Jasmine Tea 1.8gx100 (6ct/cs),E1,UNMAPPED,0.0,0.0,0.0,0.0,0.0,0.0,True,2.0,0.0,0.0,8.99,True,False,True,zero_sales_gap,2.0,2.0,17.98
2024-10,2024-10-01,D-14206,POP OG Jasmine Tea 1.8gx100 (6ct/cs),E1,UNMAPPED,0.0,0.0,0.0,0.0,0.0,0.0,True,6.0,0.0,0.0,8.99,True,False,True,zero_sales_gap,6.0,6.0,53.94
2024-11,2024-11-01,D-14206,POP OG Jasmine Tea 1.8gx100 (6ct/cs),E1,UNMAPPED,0.0,0.0,0.0,0.0,0.0,0.0,True,5.5,0.0,6.0,8.99,True,False,True,zero_sales_gap,5.5,5.5,49.44
2025-04,2025-04-01,D-14206,POP OG Jasmine Tea 1.8gx100 (6ct/cs),E1,UNMAPPED,0.0,0.0,0.0,0.0,0.0,0.0,True,6.0,7.0,0.0,9.99,True,False,True,zero_sales_gap,6.0,6.0,59.94
2025-05,2025-05-01,D-14206,POP OG Jasmine Tea 1.8gx100 (6ct/cs),E1,UNMAPPED,0.0,0.0,0.0,0.0,0.0,0.0,True,5.0,0.0,5.0,9.99,True,False,True,zero_sales_gap,5.0,5.0,49.95
2025-04,2025-04-01,D-14212,POP Organic Jasmine Tea 1.8gx20 (12ct/cs),1,SF,7.0,20.880000000000003,7.0,20.880000000000003,0.0,0.0,True,18.5,27.0,12.0,2.982857142857143,False,True,True,deep_drop_gap,11.5,18.5,55.18
2025-08,2025-08-01,D-14212,POP Organic Jasmine Tea 1.8gx20 (12ct/cs),1,SF,1.0,16.0,1.0,16.0,0.0,0.0,True,20.5,25.0,12.0,16.0,False,True,True,deep_drop_gap,19.5,20.5,328.0
2025-07,2025-07-01,D-14212,POP Organic Jasmine Tea 1.8gx20 (12ct/cs),2,NJ,3.0,26.4,3.0,26.4,0.0,0.0,True,30.0,22.0,79.0,8.799999999999999,False,True,True,deep_drop_gap,27.0,30.0,264.0
2025-09,2025-09-01,D-14212,POP Organic Jasmine Tea 1.8gx20 (12ct/cs),3,LA,1.0,16.0,1.0,16.0,0.0,0.0,True,5.0,6.0,7.0,16.0,False,True,True,deep_drop_gap,4.0,5.0,80.0
2023-04,2023-04-01,D-14220,POP Organic Jasmine Tea 1.8gx20,1,SF,2.0,1.2,2.0,1.2,0.0,0.0,True,6.5,9.0,4.0,0.6,False,True,True,deep_drop_gap,4.5,6.5,3.9
2023-07,2023-07-01,D-14220,POP Organic Jasmine Tea 1.8gx20,1,SF,1.0,43.2,1.0,43.2,0.0,0.0,True,4.0,4.0,15.0,43.2,False,True,True,deep_drop_gap,3.0,4.0,172.8
2023-09,2023-09-01,D-14220,POP Organic Jasmine Tea 1.8gx20,1,SF,1.0,0.0,1.0,0.0,0.0,0.0,True,6.5,15.0,8.0,0.0,False,True,True,deep_drop_gap,5.5,6.5,0.0
2024-03,2024-03-01,D-14220,POP Organic Jasmine Tea 1.8gx20,1,SF,0.0,0.0,0.0,0.0,0.0,0.0,True,3.5,2.0,4.0,22.895000000000003,True,False,True,zero_sales_gap,3.5,3.5,80.13
2023-04,2023-04-01,D-14220,POP Organic Jasmine Tea 1.8gx20,2,NJ,0.0,0.0,0.0,0.0,0.0,0.0,True,4.0,3.0,0.0,1.47,True,False,True,zero_sales_gap,4.0,4.0,5.88
2023-05,2023-05-01,D-14220,POP Organic Jasmine Tea 1.8gx20,2,NJ,0.0,0.0,0.0,0.0,0.0,0.0,True,7.5,0.0,0.0,1.47,True,False,True,zero_sales_gap,7.5,7.5,11.02
2023-06,2023-06-01,D-14220,POP Organic Jasmine Tea 1.8gx20,2,NJ,0.0,0.0,0.0,0.0,0.0,0.0,True,12.5,0.0,12.0,1.47,True,False,True,zero_sales_gap,12.5,12.5,18.38
2023-11,2023-11-01,D-14220,POP Organic Jasmine Tea 1.8gx20,2,NJ,2.0,63.36,2.0,63.36,0.0,0.0,True,7.0,7.0,8.0,31.68,False,True,True,deep_drop_gap,5.0,7.0,221.76
2024-06,2024-06-01,D-14220,POP Organic Jasmine Tea 1.8gx20,2,NJ,7.0,52.02,7.0,52.02,0.0,0.0,True,18.0,12.0,34.0,7.4314285714285715,False,True,True,deep_drop_gap,11.0,18.0,133.77
2024-09,2024-09-01,D-14220,POP Organic Jasmine Tea 1.8gx20,2,NJ,6.0,215.89,3.0,86.29,3.0,129.59999999999997,True,25.5,10.0,31.0,28.763333333333335,False,True,True,deep_drop_gap,22.5,25.5,733.46
2025-04,2025-04-01,D-14220,POP Organic Jasmine Tea 1.8gx20,2,NJ,8.0,226.47,8.0,226.47,0.0,0.0,True,29.0,12.0,29.0,28.30875,False,True,True,deep_drop_gap,21.0,29.0,820.95
2023-02,2023-02-01,D-14220,POP Organic Jasmine Tea 1.8gx20,3,LA,0.0,0.0,0.0,0.0,0.0,0.0,True,37.0,37.0,0.0,3.2810810810810813,True,False,True,zero_sales_gap,37.0,37.0,121.4
2023-03,2023-03-01,D-14220,POP Organic Jasmine Tea 1.8gx20,3,LA,0.0,0.0,0.0,0.0,0.0,0.0,True,37.0,0.0,0.0,3.2810810810810813,True,False,True,zero_sales_gap,37.0,37.0,121.4
2023-05,2023-05-01,D-14220,POP Organic Jasmine Tea 1.8gx20,3,LA,0.0,0.0,0.0,0.0,0.0,0.0,True,20.0,0.0,0.0,3.2810810810810813,True,False,True,zero_sales_gap,20.0,20.0,65.62
2023-06,2023-06-01,D-14220,POP Organic Jasmine Tea 1.8gx20,3,LA,0.0,0.0,0.0,0.0,0.0,0.0,True,24.5,0.0,20.0,3.2810810810810813,True,False,True,zero_sales_gap,24.5,24.5,80.39
2023-12,2023-12-01,D-14220,POP Organic Jasmine Tea 1.8gx20,3,LA,0.0,0.0,0.0,0.0,0.0,0.0,True,2.0,2.0,0.0,22.895000000000003,True,False,True,zero_sales_gap,2.0,2.0,45.79
2024-01,2024-01-01,D-14220,POP Organic Jasmine Tea 1.8gx20,3,LA,0.0,0.0,0.0,0.0,0.0,0.0,True,2.0,0.0,2.0,22.895000000000003,True,False,True,zero_sales_gap,2.0,2.0,45.79
2024-03,2024-03-01,D-14220,POP Organic Jasmine Tea 1.8gx20,3,LA,0.0,0.0,0.0,0.0,0.0,0.0,True,2.0,2.0,32.0,1.47,True,False,True,zero_sales_gap,2.0,2.0,2.94
2024-05,2024-05-01,D-14220,POP Organic Jasmine Tea 1.8gx20,3,LA,1.0,43.2,1.0,43.2,0.0,0.0,True,6.0,32.0,4.0,43.2,False,True,True,deep_drop_gap,5.0,6.0,259.2
2024-09,2024-09-01,D-14220,POP Organic Jasmine Tea 1.8gx20,3,LA,1.0,43.2,1.0,43.2,0.0,0.0,True,4.5,3.0,15.0,43.2,False,True,True,deep_drop_gap,3.5,4.5,194.4
2024-11,2024-11-01,D-14220,POP Organic Jasmine Tea 1.8gx20,3,LA,1.0,43.2,1.0,43.2,0.0,0.0,True,4.0,15.0,3.0,43.2,False,True,True,deep_drop_gap,3.0,4.0,172.8
2025-03,2025-03-01,D-14220,POP Organic Jasmine Tea 1.8gx20,3,LA,1.0,43.2,1.0,43.2,0.0,0.0,True,4.0,3.0,2.0,43.2,False,True,True,deep_drop_gap,3.0,4.0,172.8
2025-10,2025-10-01,D-14220,POP Organic Jasmine Tea 1.8gx20,3,LA,0.0,0.0,0.0,0.0,0.0,0.0,True,1.0,1.0,1.0,2.59,True,False,True,zero_sales_gap,1.0,1.0,2.59
2025-04,2025-04-01,D-14220,POP Organic Jasmine Tea 1.8gx20,E1,UNMAPPED,0.0,0.0,0.0,0.0,0.0,0.0,True,1.0,1.0,0.0,3.49,True,False,True,zero_sales_gap,1.0,1.0,3.49
2025-05,2025-05-01,D-14220,POP Organic Jasmine Tea 1.8gx20,E1,UNMAPPED,0.0,0.0,0.0,0.0,0.0,0.0,True,1.0,0.0,0.0,3.49,True,False,True,zero_sales_gap,1.0,1.0,3.49
2025-06,2025-06-01,D-14220,POP Organic Jasmine Tea 1.8gx20,E1,UNMAPPED,0.0,0.0,0.0,0.0,0.0,0.0,True,1.0,0.0,1.0,3.49,True,False,True,zero_sales_gap,1.0,1.0,3.49
2025-08,2025-08-01,D-14220,POP Organic Jasmine Tea 1.8gx20,E1,UNMAPPED,0.0,0.0,0.0,0.0,0.0,0.0,True,4.0,1.0,0.0,3.99,True,False,True,zero_sales_gap,4.0,4.0,15.96
2025-09,2025-09-01,D-14220,POP Organic Jasmine Tea 1.8gx20,E1,UNMAPPED,0.0,0.0,0.0,0.0,0.0,0.0,True,2.0,0.0,7.0,3.99,True,False,True,zero_sales_gap,2.0,2.0,7.98
2023-02,2023-02-01,D-15100N,POP Oolong Tea 1.8gx100 (New),1,SF,51.0,3481.77,51.0,3481.77,0.0,0.0,True,230.0,37.0,376.0,68.27,False,True,True,deep_drop_gap,179.0,230.0,15702.1
2023-06,2023-06-01,D-15100N,POP Oolong Tea 1.8gx100 (New),1,SF,0.0,0.0,0.0,0.0,0.0,0.0,True,184.0,184.0,0.0,13.157010869565216,True,False,True,zero_sales_gap,184.0,184.0,2420.89
2023-07,2023-07-01,D-15100N,POP Oolong Tea 1.8gx100 (New),1,SF,0.0,0.0,0.0,0.0,0.0,0.0,True,93.0,0.0,2.0,13.157010869565216,True,False,True,zero_sales_gap,93.0,93.0,1223.6
2023-02,2023-02-01,D-15100N,POP Oolong Tea 1.8gx100 (New),2,NJ,0.0,0.0,0.0,0.0,0.0,0.0,True,115.0,35.0,131.0,25.256857142857143,True,False,True,zero_sales_gap,115.0,115.0,2904.54
2023-05,2023-05-01,D-15100N,POP Oolong Tea 1.8gx100 (New),2,NJ,22.0,1992.3,22.0,1992.3,0.0,0.0,True,115.0,115.0,2.0,90.55909090909091,False,True,True,deep_drop_gap,93.0,115.0,10414.3
2023-08,2023-08-01,D-15106,POP Oolong Tea 1.8gx100 (6ct/cs),1,SF,52.0,798.72,52.0,798.72,0.0,0.0,True,203.5,147.0,28.0,15.360000000000001,False,True,True,deep_drop_gap,151.5,203.5,3125.76
2023-09,2023-09-01,D-15106,POP Oolong Tea 1.8gx100 (6ct/cs),1,SF,28.0,456.3,28.0,456.3,0.0,0.0,True,128.5,52.0,260.0,16.29642857142857,False,True,True,deep_drop_gap,100.5,128.5,2094.09
2023-09,2023-09-01,D-15106,POP Oolong Tea 1.8gx100 (6ct/cs),2,NJ,53.0,934.99,53.0,934.99,0.0,0.0,True,165.0,487.0,204.0,17.641320754716983,False,True,True,deep_drop_gap,112.0,165.0,2910.82
2024-03,2024-03-01,D-15106,POP Oolong Tea 1.8gx100 (6ct/cs),2,NJ,68.0,1174.47,68.0,1174.47,0.0,0.0,True,276.5,275.0,168.0,17.271617647058825,False,True,True,deep_drop_gap,208.5,276.5,4775.6
2024-10,2024-10-01,D-15106,POP Oolong Tea 1.8gx100 (6ct/cs),2,NJ,56.0,1007.55,56.0,1007.55,0.0,0.0,True,192.0,66.0,168.0,17.991964285714285,False,True,True,deep_drop_gap,136.0,192.0,3454.46
2023-09,2023-09-01,D-15106,POP Oolong Tea 1.8gx100 (6ct/cs),3,LA,15.0,258.49,15.0,258.49,0.0,0.0,True,52.0,69.0,30.0,17.232666666666667,False,True,True,deep_drop_gap,37.0,52.0,896.1
2025-09,2025-09-01,D-15106,POP Oolong Tea 1.8gx100 (6ct/cs),3,LA,14.0,277.8,8.0,168.0,6.0,109.80000000000001,True,59.0,71.0,25.0,21.0,False,True,True,deep_drop_gap,51.0,59.0,1239.0
2025-01,2025-01-01,D-15106,POP Oolong Tea 1.8gx100 (6ct/cs),E1,UNMAPPED,0.0,0.0,0.0,0.0,0.0,0.0,True,1.0,1.0,1.0,7.99,True,False,True,zero_sales_gap,1.0,1.0,7.99
2025-05,2025-05-01,D-15106,POP Oolong Tea 1.8gx100 (6ct/cs),E1,UNMAPPED,0.0,0.0,0.0,0.0,0.0,0.0,True,2.0,2.0,2.0,6.24,True,False,True,zero_sales_gap,2.0,2.0,12.48
2025-08,2025-08-01,D-15106,POP Oolong Tea 1.8gx100 (6ct/cs),E1,UNMAPPED,0.0,0.0,0.0,0.0,0.0,0.0,True,2.0,1.0,3.0,7.99,True,False,True,zero_sales_gap,2.0,2.0,15.98
2023-09,2023-09-01,D-15200N,POP Organic Oolong Tea 1.8gx100,1,SF,7.0,495.0,7.0,495.0,0.0,0.0,True,30.5,28.0,10.0,70.71428571428571,False,True,True,deep_drop_gap,23.5,30.5,2156.79
2023-10,2023-10-01,D-15200N,POP Organic Oolong Tea 1.8gx100,1,SF,10.0,311.84000000000003,10.0,311.84000000000003,0.0,0.0,True,28.0,7.0,33.0,31.184000000000005,False,True,True,deep_drop_gap,18.0,28.0,873.15
2023-09,2023-09-01,D-15200N,POP Organic Oolong Tea 1.8gx100,2,NJ,10.0,533.94,10.0,533.94,0.0,0.0,True,50.5,63.0,38.0,53.394000000000005,False,True,True,deep_drop_gap,40.5,50.5,2696.4
2023-11,2023-11-01,D-15200N,POP Organic Oolong Tea 1.8gx100,2,NJ,3.0,84.0,3.0,84.0,0.0,0.0,True,12.0,38.0,12.0,28.0,False,True,True,deep_drop_gap,9.0,12.0,336.0
2023-02,2023-02-01,D-15200N,POP Organic Oolong Tea 1.8gx100,3,LA,40.0,1871.93,40.0,1871.93,0.0,0.0,True,130.0,130.0,143.0,46.79825,False,True,True,deep_drop_gap,90.0,130.0,6083.77
2023-04,2023-04-01,D-15200N,POP Organic Oolong Tea 1.8gx100,3,LA,57.0,4259.74,57.0,4259.74,0.0,0.0,True,145.5,143.0,148.0,74.73228070175438,False,True,True,deep_drop_gap,88.5,145.5,10873.55
2023-07,2023-07-01,D-15200N,POP Organic Oolong Tea 1.8gx100,3,LA,8.0,497.98,8.0,497.98,0.0,0.0,True,84.5,400.0,21.0,62.2475,False,True,True,deep_drop_gap,76.5,84.5,5259.91
2023-04,2023-04-01,D-15206,POP OG Oolong Tea 1.8gx100 (6ct/cs),2,NJ,0.0,0.0,0.0,0.0,0.0,0.0,True,21.0,32.0,0.0,24.0,True,False,True,zero_sales_gap,21.0,21.0,504.0
2023-05,2023-05-01,D-15206,POP OG Oolong Tea 1.8gx100 (6ct/cs),2,NJ,0.0,0.0,0.0,0.0,0.0,0.0,True,32.0,0.0,10.0,24.0,True,False,True,zero_sales_gap,32.0,32.0,768.0
2023-09,2023-09-01,D-15206,POP OG Oolong Tea 1.8gx100 (6ct/cs),3,LA,42.0,881.95,25.0,524.95,17.0,357.0,True,156.0,434.0,156.0,20.998,False,True,True,deep_drop_gap,131.0,156.0,3275.69
2024-06,2024-06-01,D-15206,POP OG Oolong Tea 1.8gx100 (6ct/cs),3,LA,60.0,1296.0,60.0,1296.0,0.0,0.0,True,222.0,750.0,209.0,21.6,False,True,True,deep_drop_gap,162.0,222.0,4795.2
2025-03,2025-03-01,D-15206,POP OG Oolong Tea 1.8gx100 (6ct/cs),3,LA,17.0,349.5,17.0,349.5,0.0,0.0,True,468.5,878.0,326.0,20.558823529411764,False,True,True,deep_drop_gap,451.5,468.5,9631.81
2025-06,2025-06-01,D-15206,POP OG Oolong Tea 1.8gx100 (6ct/cs),3,LA,34.0,762.79,34.0,762.79,0.0,0.0,True,460.0,611.0,594.0,22.435,False,True,True,deep_drop_gap,426.0,460.0,10320.1
2025-08,2025-08-01,D-15206,POP OG Oolong Tea 1.8gx100 (6ct/cs),3,LA,46.0,1044.25,46.0,1044.25,0.0,0.0,True,148.0,594.0,382.0,22.70108695652174,False,True,True,deep_drop_gap,102.0,148.0,3359.76
2024-03,2024-03-01,D-15206,POP OG Oolong Tea 1.8gx100 (6ct/cs),E1,UNMAPPED,0.0,0.0,0.0,0.0,0.0,0.0,True,2.0,2.0,0.0,8.99,True,False,True,zero_sales_gap,2.0,2.0,17.98
2024-04,2024-04-01,D-15206,POP OG Oolong Tea 1.8gx100 (6ct/cs),E1,UNMAPPED,0.0,0.0,0.0,0.0,0.0,0.0,True,2.0,0.0,0.0,8.99,True,False,True,zero_sales_gap,2.0,2.0,17.98
2024-10,2024-10-01,D-15206,POP OG Oolong Tea 1.8gx100 (6ct/cs),E1,UNMAPPED,0.0,0.0,0.0,0.0,0.0,0.0,True,1.0,0.0,0.0,8.99,True,False,True,zero_sales_gap,1.0,1.0,8.99
2024-11,2024-11-01,D-15206,POP OG Oolong Tea 1.8gx100 (6ct/cs),E1,UNMAPPED,0.0,0.0,0.0,0.0,0.0,0.0,True,3.0,0.0,1.0,8.99,True,False,True,zero_sales_gap,3.0,3.0,26.97
2025-05,2025-05-01,D-15206,POP OG Oolong Tea 1.8gx100 (6ct/cs),E1,UNMAPPED,0.0,0.0,0.0,0.0,0.0,0.0,True,4.0,2.0,0.0,9.99,True,False,True,zero_sales_gap,4.0,4.0,39.96
2025-06,2025-06-01,D-15206,POP OG Oolong Tea 1.8gx100 (6ct/cs),E1,UNMAPPED,0.0,0.0,0.0,0.0,0.0,0.0,True,11.5,0.0,0.0,9.99,True,False,True,zero_sales_gap,11.5,11.5,114.88
2025-07,2025-07-01,D-15206,POP OG Oolong Tea 1.8gx100 (6ct/cs),E1,UNMAPPED,0.0,0.0,0.0,0.0,0.0,0.0,True,21.0,0.0,21.0,9.99,True,False,True,zero_sales_gap,21.0,21.0,209.79
2025-04,2025-04-01,D-15212,POP Organic Oolong Tea 1.8gx20 (12ct/cs),2,NJ,0.0,0.0,0.0,0.0,0.0,0.0,True,23.5,45.0,36.0,13.589333333333332,True,False,True,zero_sales_gap,23.5,23.5,319.35
2025-10,2025-10-01,D-15212,POP Organic Oolong Tea 1.8gx20 (12ct/cs),2,NJ,1.0,16.0,1.0,16.0,0.0,0.0,True,18.0,21.0,8.0,16.0,False,True,True,deep_drop_gap,17.0,18.0,288.0
2025-08,2025-08-01,D-15212,POP Organic Oolong Tea 1.8gx20 (12ct/cs),3,LA,0.0,0.0,0.0,0.0,0.0,0.0,True,5.5,2.0,0.0,14.4,True,False,True,zero_sales_gap,5.5,5.5,79.2
2025-09,2025-09-01,D-15212,POP Organic Oolong Tea 1.8gx20 (12ct/cs),3,LA,0.0,0.0,0.0,0.0,0.0,0.0,True,2.0,0.0,9.0,14.4,True,False,True,zero_sales_gap,2.0,2.0,28.8
2023-06,2023-06-01,D-15220N,POP Organic Oolong Tea 1.8gx20,1,SF,6.0,250.52999999999997,6.0,250.52999999999997,0.0,0.0,True,25.5,26.0,2.0,41.754999999999995,False,True,True,deep_drop_gap,19.5,25.5,1064.75
2023-07,2023-07-01,D-15220N,POP Organic Oolong Tea 1.8gx20,1,SF,2.0,86.4,2.0,86.4,0.0,0.0,True,19.5,6.0,25.0,43.2,False,True,True,deep_drop_gap,17.5,19.5,842.4
2024-03,2024-03-01,D-15220N,POP Organic Oolong Tea 1.8gx20,1,SF,4.0,95.49000000000001,4.0,95.49000000000001,0.0,0.0,True,12.0,10.0,16.0,23.872500000000002,False,True,True,deep_drop_gap,8.0,12.0,286.47
2024-12,2024-12-01,D-15220N,POP Organic Oolong Tea 1.8gx20,1,SF,6.0,201.60000000000002,1.0,43.2,5.0,158.40000000000003,True,40.5,61.0,35.0,43.2,False,True,True,deep_drop_gap,39.5,40.5,1749.6
2025-05,2025-05-01,D-15220N,POP Organic Oolong Tea 1.8gx20,1,SF,14.0,77.76,14.0,77.76,0.0,0.0,True,57.0,63.0,1.0,5.554285714285714,False,True,True,deep_drop_gap,43.0,57.0,316.59
2025-07,2025-07-01,D-15220N,POP Organic Oolong Tea 1.8gx20,1,SF,0.0,0.0,0.0,0.0,0.0,0.0,True,7.5,1.0,1.0,2.59,True,False,True,zero_sales_gap,7.5,7.5,19.42
2023-02,2023-02-01,D-15220N,POP Organic Oolong Tea 1.8gx20,2,NJ,16.0,503.64000000000004,16.0,503.64000000000004,0.0,0.0,True,84.0,65.0,185.0,31.477500000000003,False,True,True,deep_drop_gap,68.0,84.0,2644.11
2023-06,2023-06-01,D-15220N,POP Organic Oolong Tea 1.8gx20,2,NJ,2.0,79.2,2.0,79.2,0.0,0.0,True,54.0,42.0,18.0,39.6,False,True,True,deep_drop_gap,52.0,54.0,2138.4
2023-09,2023-09-01,D-15220N,POP Organic Oolong Tea 1.8gx20,2,NJ,0.0,0.0,0.0,0.0,0.0,0.0,True,58.0,66.0,0.0,25.827272727272724,True,False,True,zero_sales_gap,58.0,58.0,1497.98
2023-10,2023-10-01,D-15220N,POP Organic Oolong Tea 1.8gx20,2,NJ,0.0,0.0,0.0,0.0,0.0,0.0,True,66.0,0.0,58.0,25.827272727272724,True,False,True,zero_sales_gap,66.0,66.0,1704.6
2024-02,2024-02-01,D-15220N,POP Organic Oolong Tea 1.8gx20,2,NJ,13.0,411.19,13.0,411.19,0.0,0.0,True,34.5,43.0,22.0,31.63,False,True,True,deep_drop_gap,21.5,34.5,1091.23
2024-10,2024-10-01,D-15220N,POP Organic Oolong Tea 1.8gx20,2,NJ,11.0,298.8,11.0,298.8,0.0,0.0,True,33.0,41.0,21.0,27.163636363636364,False,True,True,deep_drop_gap,22.0,33.0,896.4
2025-04,2025-04-01,D-15220N,POP Organic Oolong Tea 1.8gx20,2,NJ,2.0,6.08,2.0,6.08,0.0,0.0,True,13.0,30.0,13.0,3.04,False,True,True,deep_drop_gap,11.0,13.0,39.52
2024-12,2024-12-01,D-15220N,POP Organic Oolong Tea 1.8gx20,3,LA,2.0,86.4,2.0,86.4,0.0,0.0,True,8.0,3.0,7.0,43.2,False,True,True,deep_drop_gap,6.0,8.0,345.6
2025-06,2025-06-01,D-15220N,POP Organic Oolong Tea 1.8gx20,3,LA,4.0,88.99000000000001,4.0,88.99000000000001,0.0,0.0,True,14.0,15.0,2.0,22.247500000000002,False,True,True,deep_drop_gap,10.0,14.0,311.47
2025-07,2025-07-01,D-15220N,POP Organic Oolong Tea 1.8gx20,3,LA,2.0,43.2,2.0,43.2,0.0,0.0,True,13.0,4.0,13.0,21.6,False,True,True,deep_drop_gap,11.0,13.0,280.8
2025-09,2025-09-01,D-15220N,POP Organic Oolong Tea 1.8gx20,3,LA,0.0,0.0,0.0,0.0,0.0,0.0,True,7.5,13.0,0.0,1.4146153846153846,True,False,True,zero_sales_gap,7.5,7.5,10.61
2025-10,2025-10-01,D-15220N,POP Organic Oolong Tea 1.8gx20,3,LA,0.0,0.0,0.0,0.0,0.0,0.0,True,8.0,0.0,0.0,1.4146153846153846,True,False,True,zero_sales_gap,8.0,8.0,11.32
2025-11,2025-11-01,D-15220N,POP Organic Oolong Tea 1.8gx20,3,LA,0.0,0.0,0.0,0.0,0.0,0.0,True,3.0,0.0,3.0,1.4146153846153846,True,False,True,zero_sales_gap,3.0,3.0,4.24
2025-01,2025-01-01,D-15220N,POP Organic Oolong Tea 1.8gx20,E1,UNMAPPED,0.0,0.0,0.0,0.0,0.0,0.0,True,2.0,3.0,0.0,3.49,True,False,True,zero_sales_gap,2.0,2.0,6.98
2025-02,2025-02-01,D-15220N,POP Organic Oolong Tea 1.8gx20,E1,UNMAPPED,0.0,0.0,0.0,0.0,0.0,0.0,True,2.0,0.0,1.0,3.49,True,False,True,zero_sales_gap,2.0,2.0,6.98
2025-04,2025-04-01,D-15220N,POP Organic Oolong Tea 1.8gx20,E1,UNMAPPED,0.0,0.0,0.0,0.0,0.0,0.0,True,1.0,1.0,0.0,3.49,True,False,True,zero_sales_gap,1.0,1.0,3.49
2025-05,2025-05-01,D-15220N,POP Organic Oolong Tea 1.8gx20,E1,UNMAPPED,0.0,0.0,0.0,0.0,0.0,0.0,True,1.0,0.0,0.0,3.49,True,False,True,zero_sales_gap,1.0,1.0,3.49
2025-08,2025-08-01,D-15220N,POP Organic Oolong Tea 1.8gx20,E1,UNMAPPED,0.0,0.0,0.0,0.0,0.0,0.0,True,7.0,0.0,0.0,3.49,True,False,True,zero_sales_gap,7.0,7.0,24.43
2025-09,2025-09-01,D-15220N,POP Organic Oolong Tea 1.8gx20,E1,UNMAPPED,0.0,0.0,0.0,0.0,0.0,0.0,True,4.0,0.0,7.0,3.49,True,False,True,zero_sales_gap,4.0,4.0,13.96
2023-03,2023-03-01,D-15400,POP Organic Oolong Tea 1.8gx200,2,NJ,0.0,0.0,0.0,0.0,0.0,0.0,True,585.0,585.0,0.0,104.0,True,False,True,zero_sales_gap,585.0,585.0,60840.0
2023-04,2023-04-01,D-15400,POP Organic Oolong Tea 1.8gx200,2,NJ,0.0,0.0,0.0,0.0,0.0,0.0,True,585.0,0.0,0.0,104.0,True,False,True,zero_sales_gap,585.0,585.0,60840.0
2023-08,2023-08-01,D-15400,POP Organic Oolong Tea 1.8gx200,2,NJ,0.0,0.0,0.0,0.0,0.0,0.0,True,458.0,0.0,0.0,104.0,True,False,True,zero_sales_gap,458.0,458.0,47632.0
2023-09,2023-09-01,D-15400,POP Organic Oolong Tea 1.8gx200,2,NJ,0.0,0.0,0.0,0.0,0.0,0.0,True,458.0,0.0,458.0,104.0,True,False,True,zero_sales_gap,458.0,458.0,47632.0
2023-11,2023-11-01,D-15400,POP Organic Oolong Tea 1.8gx200,2,NJ,0.0,0.0,0.0,0.0,0.0,0.0,True,458.0,458.0,0.0,100.0,True,False,True,zero_sales_gap,458.0,458.0,45800.0
2023-12,2023-12-01,D-15400,POP Organic Oolong Tea 1.8gx200,2,NJ,0.0,0.0,0.0,0.0,0.0,0.0,True,458.0,0.0,0.0,100.0,True,False,True,zero_sales_gap,458.0,458.0,45800.0
2024-02,2024-02-01,D-15400,POP Organic Oolong Tea 1.8gx200,2,NJ,0.0,0.0,0.0,0.0,0.0,0.0,True,757.0,0.0,0.0,100.0,True,False,True,zero_sales_gap,757.0,757.0,75700.0
2024-03,2024-03-01,D-15400,POP Organic Oolong Tea 1.8gx200,2,NJ,0.0,0.0,0.0,0.0,0.0,0.0,True,757.0,0.0,757.0,100.0,True,False,True,zero_sales_gap,757.0,757.0,75700.0
2024-05,2024-05-01,D-15400,POP Organic Oolong Tea 1.8gx200,2,NJ,0.0,0.0,0.0,0.0,0.0,0.0,True,552.5,757.0,348.0,100.0,True,False,True,zero_sales_gap,552.5,552.5,55250.0
2024-07,2024-07-01,D-15400,POP Organic Oolong Tea 1.8gx200,2,NJ,0.0,0.0,0.0,0.0,0.0,0.0,True,348.0,348.0,0.0,100.0,True,False,True,zero_sales_gap,348.0,348.0,34800.0
2024-08,2024-08-01,D-15400,POP Organic Oolong Tea 1.8gx200,2,NJ,0.0,0.0,0.0,0.0,0.0,0.0,True,385.5,0.0,0.0,100.0,True,False,True,zero_sales_gap,385.5,385.5,38550.0
2024-09,2024-09-01,D-15400,POP Organic Oolong Tea 1.8gx200,2,NJ,0.0,0.0,0.0,0.0,0.0,0.0,True,423.0,0.0,423.0,100.0,True,False,True,zero_sales_gap,423.0,423.0,42300.0
2024-11,2024-11-01,D-15400,POP Organic Oolong Tea 1.8gx200,2,NJ,0.0,0.0,0.0,0.0,0.0,0.0,True,511.5,423.0,0.0,100.0,True,False,True,zero_sales_gap,511.5,511.5,51150.0
2024-12,2024-12-01,D-15400,POP Organic Oolong Tea 1.8gx200,2,NJ,0.0,0.0,0.0,0.0,0.0,0.0,True,511.5,0.0,600.0,100.0,True,False,True,zero_sales_gap,511.5,511.5,51150.0
2025-02,2025-02-01,D-15400,POP Organic Oolong Tea 1.8gx200,2,NJ,0.0,0.0,0.0,0.0,0.0,0.0,True,600.0,600.0,0.0,95.0,True,False,True,zero_sales_gap,600.0,600.0,57000.0
2025-03,2025-03-01,D-15400,POP Organic Oolong Tea 1.8gx200,2,NJ,0.0,0.0,0.0,0.0,0.0,0.0,True,600.0,0.0,0.0,95.0,True,False,True,zero_sales_gap,600.0,600.0,57000.0
2025-10,2025-10-01,D-15400,POP Organic Oolong Tea 1.8gx200,2,NJ,0.0,0.0,0.0,0.0,0.0,0.0,True,210.0,0.0,0.0,95.0,True,False,True,zero_sales_gap,210.0,210.0,19950.0
2025-11,2025-11-01,D-15400,POP Organic Oolong Tea 1.8gx200,2,NJ,0.0,0.0,0.0,0.0,0.0,0.0,True,210.0,0.0,210.0,95.0,True,False,True,zero_sales_gap,210.0,210.0,19950.0
2023-06,2023-06-01,D-16100N,POP Ti Kuan Yin Tea 1.8gx100,2,NJ,0.0,0.0,0.0,0.0,0.0,0.0,True,37.0,67.0,1.0,14.550298507462687,True,False,True,zero_sales_gap,37.0,37.0,538.36
2023-04,2023-04-01,D-16100N,POP Ti Kuan Yin Tea 1.8gx100,3,LA,5.0,450.0,5.0,450.0,0.0,0.0,True,17.0,13.0,2.0,90.0,False,True,True,deep_drop_gap,12.0,17.0,1530.0
2023-05,2023-05-01,D-16100N,POP Ti Kuan Yin Tea 1.8gx100,3,LA,2.0,97.99,2.0,97.99,0.0,0.0,True,13.0,5.0,21.0,48.995,False,True,True,deep_drop_gap,11.0,13.0,636.93
2023-09,2023-09-01,D-16106,POP Ti Kuan Yin Tea 1.8gx100 (6ct/cs),1,SF,8.0,119.75999999999999,8.0,119.75999999999999,0.0,0.0,True,30.0,32.0,23.0,14.969999999999999,False,True,True,deep_drop_gap,22.0,30.0,449.1
2025-06,2025-06-01,D-16106,POP Ti Kuan Yin Tea 1.8gx100 (6ct/cs),1,SF,11.0,176.51,11.0,176.51,0.0,0.0,True,54.0,56.0,40.0,16.046363636363637,False,True,True,deep_drop_gap,43.0,54.0,866.5
2025-11,2025-11-01,D-16106,POP Ti Kuan Yin Tea 1.8gx100 (6ct/cs),1,SF,1.0,19.0,1.0,19.0,0.0,0.0,True,51.0,42.0,51.0,19.0,False,True,True,deep_drop_gap,50.0,51.0,969.0
2023-09,2023-09-01,D-16106,POP Ti Kuan Yin Tea 1.8gx100 (6ct/cs),2,NJ,15.0,259.99,15.0,259.99,0.0,0.0,True,53.0,43.0,46.0,17.332666666666668,False,True,True,deep_drop_gap,38.0,53.0,918.63
2024-03,2024-03-01,D-16106,POP Ti Kuan Yin Tea 1.8gx100 (6ct/cs),2,NJ,27.0,486.0,27.0,486.0,0.0,0.0,True,79.0,84.0,88.0,18.0,False,True,True,deep_drop_gap,52.0,79.0,1422.0
2025-08,2025-08-01,D-16106,POP Ti Kuan Yin Tea 1.8gx100 (6ct/cs),2,NJ,17.0,331.99,17.0,331.99,0.0,0.0,True,53.5,92.0,17.0,19.528823529411767,False,True,True,deep_drop_gap,36.5,53.5,1044.79
2025-11,2025-11-01,D-16106,POP Ti Kuan Yin Tea 1.8gx100 (6ct/cs),2,NJ,1.0,7.99,1.0,7.99,0.0,0.0,True,45.0,57.0,45.0,7.99,False,True,True,deep_drop_gap,44.0,45.0,359.55
2025-02,2025-02-01,D-16106,POP Ti Kuan Yin Tea 1.8gx100 (6ct/cs),E1,UNMAPPED,0.0,0.0,0.0,0.0,0.0,0.0,True,2.0,2.0,1.0,7.99,True,False,True,zero_sales_gap,2.0,2.0,15.98
2025-05,2025-05-01,D-16106,POP Ti Kuan Yin Tea 1.8gx100 (6ct/cs),E1,UNMAPPED,0.0,0.0,0.0,0.0,0.0,0.0,True,2.0,2.0,0.0,6.24,True,False,True,zero_sales_gap,2.0,2.0,12.48
2025-06,2025-06-01,D-16106,POP Ti Kuan Yin Tea 1.8gx100 (6ct/cs),E1,UNMAPPED,0.0,0.0,0.0,0.0,0.0,0.0,True,2.0,0.0,2.0,6.24,True,False,True,zero_sales_gap,2.0,2.0,12.48
2025-08,2025-08-01,D-16106,POP Ti Kuan Yin Tea 1.8gx100 (6ct/cs),E1,UNMAPPED,0.0,0.0,0.0,0.0,0.0,0.0,True,3.0,2.0,4.0,7.99,True,False,True,zero_sales_gap,3.0,3.0,23.97
2023-05,2023-05-01,D-17100N,POP Pu-Erh Tea 1.8gx100 (New),1,SF,0.0,0.0,0.0,0.0,0.0,0.0,True,180.5,191.0,0.0,10.912513089005236,True,False,True,zero_sales_gap,180.5,180.5,1969.71
2023-06,2023-06-01,D-17100N,POP Pu-Erh Tea 1.8gx100 (New),1,SF,0.0,0.0,0.0,0.0,0.0,0.0,True,96.5,0.0,0.0,10.912513089005236,True,False,True,zero_sales_gap,96.5,96.5,1053.06
2023-07,2023-07-01,D-17100N,POP Pu-Erh Tea 1.8gx100 (New),1,SF,0.0,0.0,0.0,0.0,0.0,0.0,True,2.0,0.0,2.0,10.912513089005236,True,False,True,zero_sales_gap,2.0,2.0,21.83
2024-09,2024-09-01,D-17106,POP Pu-Erh Tea 1.8gx100 (6ct/cs),1,SF,95.0,1573.28,95.0,1573.28,0.0,0.0,True,248.5,106.0,293.0,16.56084210526316,False,True,True,deep_drop_gap,153.5,248.5,4115.37
2023-12,2023-12-01,D-17106,POP Pu-Erh Tea 1.8gx100 (6ct/cs),2,NJ,115.0,1637.18,87.0,1233.98,28.0,403.20000000000005,True,454.0,348.0,730.0,14.183678160919541,False,True,True,deep_drop_gap,367.0,454.0,6439.39
2024-03,2024-03-01,D-17106,POP Pu-Erh Tea 1.8gx100 (6ct/cs),2,NJ,167.0,3006.2999999999997,167.0,3006.2999999999997,0.0,0.0,True,478.5,421.0,536.0,18.001796407185626,False,True,True,deep_drop_gap,311.5,478.5,8613.86
2024-06,2024-06-01,D-17106,POP Pu-Erh Tea 1.8gx100 (6ct/cs),2,NJ,88.0,1512.54,88.0,1512.54,0.0,0.0,True,335.0,401.0,121.0,17.187954545454545,False,True,True,deep_drop_gap,247.0,335.0,5757.96
2025-04,2025-04-01,D-17106,POP Pu-Erh Tea 1.8gx100 (6ct/cs),2,NJ,55.0,975.67,52.0,924.43,3.0,51.24000000000001,True,207.5,414.0,189.0,17.7775,False,True,True,deep_drop_gap,155.5,207.5,3688.83
2023-08,2023-08-01,D-17106,POP Pu-Erh Tea 1.8gx100 (6ct/cs),3,LA,44.0,812.1800000000001,44.0,812.1800000000001,0.0,0.0,True,118.0,232.0,33.0,18.458636363636366,False,True,True,deep_drop_gap,74.0,118.0,2178.12
2023-09,2023-09-01,D-17106,POP Pu-Erh Tea 1.8gx100 (6ct/cs),3,LA,33.0,573.98,33.0,573.98,0.0,0.0,True,215.5,44.0,199.0,17.393333333333334,False,True,True,deep_drop_gap,182.5,215.5,3748.26
2024-06,2024-06-01,D-17106,POP Pu-Erh Tea 1.8gx100 (6ct/cs),3,LA,82.0,1211.0,82.0,1211.0,0.0,0.0,True,271.5,834.0,94.0,14.768292682926829,False,True,True,deep_drop_gap,189.5,271.5,4009.59
2024-11,2024-11-01,D-17106,POP Pu-Erh Tea 1.8gx100 (6ct/cs),3,LA,50.0,836.0,40.0,704.0,10.0,132.0,True,182.0,94.0,415.0,17.6,False,True,True,deep_drop_gap,142.0,182.0,3203.2
2025-05,2025-05-01,D-17106,POP Pu-Erh Tea 1.8gx100 (6ct/cs),3,LA,79.0,1219.39,79.0,1219.39,0.0,0.0,True,247.5,321.0,22.0,15.435316455696205,False,True,True,deep_drop_gap,168.5,247.5,3820.24
2025-06,2025-06-01,D-17106,POP Pu-Erh Tea 1.8gx100 (6ct/cs),3,LA,22.0,383.19,18.0,309.99,4.0,73.19999999999999,True,167.5,79.0,262.0,17.221666666666668,False,True,True,deep_drop_gap,149.5,167.5,2884.63
2025-09,2025-09-01,D-17106,POP Pu-Erh Tea 1.8gx100 (6ct/cs),3,LA,56.0,1107.9,33.0,687.0,23.0,420.9000000000001,True,144.5,22.0,33.0,20.818181818181817,False,True,True,deep_drop_gap,111.5,144.5,3008.23
2025-10,2025-10-01,D-17106,POP Pu-Erh Tea 1.8gx100 (6ct/cs),3,LA,33.0,613.28,33.0,613.28,0.0,0.0,True,137.5,56.0,319.0,18.584242424242422,False,True,True,deep_drop_gap,104.5,137.5,2555.33
2025-02,2025-02-01,D-17106,POP Pu-Erh Tea 1.8gx100 (6ct/cs),E1,UNMAPPED,0.0,0.0,0.0,0.0,0.0,0.0,True,2.0,3.0,2.0,7.989999999999999,True,False,True,zero_sales_gap,2.0,2.0,15.98
2025-05,2025-05-01,D-17106,POP Pu-Erh Tea 1.8gx100 (6ct/cs),E1,UNMAPPED,0.0,0.0,0.0,0.0,0.0,0.0,True,2.0,2.0,0.0,6.24,True,False,True,zero_sales_gap,2.0,2.0,12.48
2025-06,2025-06-01,D-17106,POP Pu-Erh Tea 1.8gx100 (6ct/cs),E1,UNMAPPED,0.0,0.0,0.0,0.0,0.0,0.0,True,3.0,0.0,4.0,6.24,True,False,True,zero_sales_gap,3.0,3.0,18.72
2023-02,2023-02-01,D-17200,POP Organic Pu-Erh Tea 1.8gx100,1,SF,41.0,925.4200000000001,41.0,925.4200000000001,0.0,0.0,True,143.0,143.0,126.0,22.571219512195125,False,True,True,deep_drop_gap,102.0,143.0,3227.68
2024-03,2024-03-01,D-17200,POP Organic Pu-Erh Tea 1.8gx100,1,SF,40.0,141.84,40.0,141.84,0.0,0.0,True,157.5,290.0,305.0,3.5460000000000003,False,True,True,deep_drop_gap,117.5,157.5,558.5
2023-08,2023-08-01,D-17200,POP Organic Pu-Erh Tea 1.8gx100,2,NJ,2.0,229.0,2.0,229.0,0.0,0.0,True,19.5,27.0,1.0,114.5,False,True,True,deep_drop_gap,17.5,19.5,2232.75
2023-09,2023-09-01,D-17200,POP Organic Pu-Erh Tea 1.8gx100,2,NJ,1.0,120.0,1.0,120.0,0.0,0.0,True,9.5,2.0,12.0,120.0,False,True,True,deep_drop_gap,8.5,9.5,1140.0
2023-12,2023-12-01,D-17200,POP Organic Pu-Erh Tea 1.8gx100,2,NJ,2.0,240.0,2.0,240.0,0.0,0.0,True,9.5,7.0,55.0,120.0,False,True,True,deep_drop_gap,7.5,9.5,1140.0
2023-09,2023-09-01,D-17200,POP Organic Pu-Erh Tea 1.8gx100,3,LA,0.0,0.0,0.0,0.0,0.0,0.0,True,8.0,8.0,2.0,33.0,True,False,True,zero_sales_gap,8.0,8.0,264.0
2023-11,2023-11-01,D-17200,POP Organic Pu-Erh Tea 1.8gx100,3,LA,0.0,0.0,0.0,0.0,0.0,0.0,True,2.0,2.0,1.0,120.0,True,False,True,zero_sales_gap,2.0,2.0,240.0
2024-03,2024-03-01,D-17200,POP Organic Pu-Erh Tea 1.8gx100,3,LA,2.0,240.0,2.0,240.0,0.0,0.0,True,9.0,58.0,6.0,120.0,False,True,True,deep_drop_gap,7.0,9.0,1080.0
2024-05,2024-05-01,D-17200,POP Organic Pu-Erh Tea 1.8gx100,3,LA,0.0,0.0,0.0,0.0,0.0,0.0,True,6.0,6.0,6.0,20.0,True,False,True,zero_sales_gap,6.0,6.0,120.0
2024-06,2024-06-01,D-17206,POP OG Pu-Erh Tea 1.8gx100 (6ct/cs),1,SF,12.0,203.94,12.0,203.94,0.0,0.0,True,36.0,34.0,44.0,16.995,False,True,True,deep_drop_gap,24.0,36.0,611.82
2025-05,2025-05-01,D-17206,POP OG Pu-Erh Tea 1.8gx100 (6ct/cs),1,SF,6.0,119.08999999999999,6.0,119.08999999999999,0.0,0.0,True,35.5,85.0,19.0,19.848333333333333,False,True,True,deep_drop_gap,29.5,35.5,704.62
2024-05,2024-05-01,D-17206,POP OG Pu-Erh Tea 1.8gx100 (6ct/cs),2,NJ,2.0,17.98,2.0,17.98,0.0,0.0,True,73.5,75.0,38.0,8.99,False,True,True,deep_drop_gap,71.5,73.5,660.76
2024-06,2024-06-01,D-17206,POP OG Pu-Erh Tea 1.8gx100 (6ct/cs),3,LA,2.0,33.99,2.0,33.99,0.0,0.0,True,31.5,29.0,30.0,16.995,False,True,True,deep_drop_gap,29.5,31.5,535.34
2024-03,2024-03-01,D-17206,POP OG Pu-Erh Tea 1.8gx100 (6ct/cs),E1,UNMAPPED,0.0,0.0,0.0,0.0,0.0,0.0,True,1.5,1.0,0.0,8.99,True,False,True,zero_sales_gap,1.5,1.5,13.48
2024-04,2024-04-01,D-17206,POP OG Pu-Erh Tea 1.8gx100 (6ct/cs),E1,UNMAPPED,0.0,0.0,0.0,0.0,0.0,0.0,True,1.0,0.0,0.0,8.99,True,False,True,zero_sales_gap,1.0,1.0,8.99
2024-10,2024-10-01,D-17206,POP OG Pu-Erh Tea 1.8gx100 (6ct/cs),E1,UNMAPPED,0.0,0.0,0.0,0.0,0.0,0.0,True,1.0,0.0,0.0,8.99,True,False,True,zero_sales_gap,1.0,1.0,8.99
2024-11,2024-11-01,D-17206,POP OG Pu-Erh Tea 1.8gx100 (6ct/cs),E1,UNMAPPED,0.0,0.0,0.0,0.0,0.0,0.0,True,1.5,0.0,1.0,8.99,True,False,True,zero_sales_gap,1.5,1.5,13.48
2025-04,2025-04-01,D-17206,POP OG Pu-Erh Tea 1.8gx100 (6ct/cs),E1,UNMAPPED,0.0,0.0,0.0,0.0,0.0,0.0,True,2.0,12.0,2.0,9.99,True,False,True,zero_sales_gap,2.0,2.0,19.98
2025-08,2025-08-01,D-18012,POP White Tea 1.8gx20 (12ct/cs),3,LA,0.0,0.0,0.0,0.0,0.0,0.0,True,2.0,2.0,0.0,0.0,True,False,True,zero_sales_gap,2.0,2.0,0.0
2025-09,2025-09-01,D-18012,POP White Tea 1.8gx20 (12ct/cs),3,LA,0.0,0.0,0.0,0.0,0.0,0.0,True,1.5,0.0,0.0,0.0,True,False,True,zero_sales_gap,1.5,1.5,0.0
2025-10,2025-10-01,D-18012,POP White Tea 1.8gx20 (12ct/cs),3,LA,0.0,0.0,0.0,0.0,0.0,0.0,True,2.5,0.0,1.0,0.0,True,False,True,zero_sales_gap,2.5,2.5,0.0
2023-07,2023-07-01,D-18100N,POP White Tea 1.8gx100 (New),1,SF,2.0,180.0,2.0,180.0,0.0,0.0,True,25.5,31.0,27.0,90.0,False,True,True,deep_drop_gap,23.5,25.5,2295.0
2023-10,2023-10-01,D-18100N,POP White Tea 1.8gx100 (New),1,SF,1.0,90.0,1.0,90.0,0.0,0.0,True,25.0,8.0,25.0,90.0,False,True,True,deep_drop_gap,24.0,25.0,2250.0
2023-09,2023-09-01,D-18106,POP White Tea 1.8gx100 (6ct/cs),1,SF,2.0,24.35,2.0,24.35,0.0,0.0,True,16.0,18.0,65.0,12.175,False,True,True,deep_drop_gap,14.0,16.0,194.8
2023-11,2023-11-01,D-18106,POP White Tea 1.8gx100 (6ct/cs),1,SF,4.0,54.0,4.0,54.0,0.0,0.0,True,25.5,65.0,16.0,13.5,False,True,True,deep_drop_gap,21.5,25.5,344.25
2024-03,2024-03-01,D-18106,POP White Tea 1.8gx100 (6ct/cs),1,SF,5.0,78.35,5.0,78.35,0.0,0.0,True,26.0,25.0,27.0,15.669999999999998,False,True,True,deep_drop_gap,21.0,26.0,407.42
2024-05,2024-05-01,D-18106,POP White Tea 1.8gx100 (6ct/cs),1,SF,5.0,59.97,5.0,59.97,0.0,0.0,True,14.0,27.0,5.0,11.994,False,True,True,deep_drop_gap,9.0,14.0,167.92
2024-06,2024-06-01,D-18106,POP White Tea 1.8gx100 (6ct/cs),1,SF,5.0,86.72,5.0,86.72,0.0,0.0,True,18.0,5.0,23.0,17.344,False,True,True,deep_drop_gap,13.0,18.0,312.19
2025-03,2025-03-01,D-18106,POP White Tea 1.8gx100 (6ct/cs),1,SF,0.0,0.0,0.0,0.0,0.0,0.0,True,23.0,46.0,1.0,18.2065,True,False,True,zero_sales_gap,23.0,23.0,418.75
2025-05,2025-05-01,D-18106,POP White Tea 1.8gx100 (6ct/cs),1,SF,0.0,0.0,0.0,0.0,0.0,0.0,True,10.0,1.0,0.0,7.99,True,False,True,zero_sales_gap,10.0,10.0,79.9
2025-06,2025-06-01,D-18106,POP White Tea 1.8gx100 (6ct/cs),1,SF,0.0,0.0,0.0,0.0,0.0,0.0,True,8.0,0.0,19.0,7.99,True,False,True,zero_sales_gap,8.0,8.0,63.92
2023-09,2023-09-01,D-18106,POP White Tea 1.8gx100 (6ct/cs),2,NJ,16.0,277.99,16.0,277.99,0.0,0.0,True,46.5,133.0,42.0,17.374375,False,True,True,deep_drop_gap,30.5,46.5,807.91
2024-07,2024-07-01,D-18106,POP White Tea 1.8gx100 (6ct/cs),2,NJ,14.0,200.86,14.0,200.86,0.0,0.0,True,57.0,38.0,105.0,14.347142857142858,False,True,True,deep_drop_gap,43.0,57.0,817.79
2024-09,2024-09-01,D-18106,POP White Tea 1.8gx100 (6ct/cs),2,NJ,15.0,232.47,15.0,232.47,0.0,0.0,True,57.5,105.0,29.0,15.498,False,True,True,deep_drop_gap,42.5,57.5,891.14
2025-05,2025-05-01,D-18106,POP White Tea 1.8gx100 (6ct/cs),2,NJ,0.0,0.0,0.0,0.0,0.0,0.0,True,59.0,1.0,0.0,7.99,True,False,True,zero_sales_gap,59.0,59.0,471.41
2025-06,2025-06-01,D-18106,POP White Tea 1.8gx100 (6ct/cs),2,NJ,0.0,0.0,0.0,0.0,0.0,0.0,True,24.0,0.0,73.0,7.99,True,False,True,zero_sales_gap,24.0,24.0,191.76
2023-09,2023-09-01,D-18106,POP White Tea 1.8gx100 (6ct/cs),3,LA,7.0,115.99,7.0,115.99,0.0,0.0,True,18.5,21.0,16.0,16.57,False,True,True,deep_drop_gap,11.5,18.5,306.54
2024-02,2024-02-01,D-18106,POP White Tea 1.8gx100 (6ct/cs),3,LA,10.0,180.0,10.0,180.0,0.0,0.0,True,46.5,45.0,49.0,18.0,False,True,True,deep_drop_gap,36.5,46.5,837.0
2025-05,2025-05-01,D-18106,POP White Tea 1.8gx100 (6ct/cs),3,LA,0.0,0.0,0.0,0.0,0.0,0.0,True,7.0,4.0,0.0,7.99,True,False,True,zero_sales_gap,7.0,7.0,55.93
2025-06,2025-06-01,D-18106,POP White Tea 1.8gx100 (6ct/cs),3,LA,0.0,0.0,0.0,0.0,0.0,0.0,True,7.0,0.0,7.0,7.99,True,False,True,zero_sales_gap,7.0,7.0,55.93
2025-10,2025-10-01,D-18106,POP White Tea 1.8gx100 (6ct/cs),3,LA,12.0,237.0,12.0,237.0,0.0,0.0,True,33.5,101.0,41.0,19.75,False,True,True,deep_drop_gap,21.5,33.5,661.62
2025-03,2025-03-01,D-18106,POP White Tea 1.8gx100 (6ct/cs),E1,UNMAPPED,0.0,0.0,0.0,0.0,0.0,0.0,True,4.0,4.0,7.0,7.99,True,False,True,zero_sales_gap,4.0,4.0,31.96
2023-02,2023-02-01,D-18120N,POP White Tea 1.8gx20 (New),1,SF,3.0,37.99,3.0,37.99,0.0,0.0,True,9.0,27.0,9.0,12.663333333333334,False,True,True,deep_drop_gap,6.0,9.0,113.97
2023-07,2023-07-01,D-18120N,POP White Tea 1.8gx20 (New),1,SF,1.0,36.0,1.0,36.0,0.0,0.0,True,6.5,7.0,4.0,36.0,False,True,True,deep_drop_gap,5.5,6.5,234.0
2024-06,2024-06-01,D-18120N,POP White Tea 1.8gx20 (New),1,SF,0.0,0.0,0.0,0.0,0.0,0.0,True,5.0,4.0,2.0,13.540000000000001,True,False,True,zero_sales_gap,5.0,5.0,67.7
2025-02,2025-02-01,D-18120N,POP White Tea 1.8gx20 (New),1,SF,4.0,94.64,4.0,94.64,0.0,0.0,True,13.5,25.0,12.0,23.66,False,True,True,deep_drop_gap,9.5,13.5,319.41
2023-07,2023-07-01,D-18120N,POP White Tea 1.8gx20 (New),2,NJ,1.0,36.0,1.0,36.0,0.0,0.0,True,3.0,3.0,1.0,36.0,False,True,True,deep_drop_gap,2.0,3.0,108.0
2023-09,2023-09-01,D-18120N,POP White Tea 1.8gx20 (New),2,NJ,0.0,0.0,0.0,0.0,0.0,0.0,True,1.0,1.0,1.0,1.99,True,False,True,zero_sales_gap,1.0,1.0,1.99
2024-03,2024-03-01,D-18120N,POP White Tea 1.8gx20 (New),2,NJ,0.0,0.0,0.0,0.0,0.0,0.0,True,6.0,8.0,6.0,32.625,True,False,True,zero_sales_gap,6.0,6.0,195.75
2024-05,2024-05-01,D-18120N,POP White Tea 1.8gx20 (New),2,NJ,1.0,36.0,1.0,36.0,0.0,0.0,True,6.0,6.0,10.0,36.0,False,True,True,deep_drop_gap,5.0,6.0,216.0
2024-07,2024-07-01,D-18120N,POP White Tea 1.8gx20 (New),2,NJ,2.0,37.99,2.0,37.99,0.0,0.0,True,6.0,10.0,5.0,18.995,False,True,True,deep_drop_gap,4.0,6.0,113.97
2024-10,2024-10-01,D-18120N,POP White Tea 1.8gx20 (New),2,NJ,0.0,0.0,0.0,0.0,0.0,0.0,True,5.5,7.0,4.0,27.284285714285716,True,False,True,zero_sales_gap,5.5,5.5,150.06
2025-07,2025-07-01,D-18120N,POP White Tea 1.8gx20 (New),2,NJ,0.0,0.0,0.0,0.0,0.0,0.0,True,5.0,1.0,5.0,36.0,True,False,True,zero_sales_gap,5.0,5.0,180.0
2025-09,2025-09-01,D-18120N,POP White Tea 1.8gx20 (New),2,NJ,0.0,0.0,0.0,0.0,0.0,0.0,True,5.0,5.0,0.0,1.9899999999999998,True,False,True,zero_sales_gap,5.0,5.0,9.95
2025-10,2025-10-01,D-18120N,POP White Tea 1.8gx20 (New),2,NJ,0.0,0.0,0.0,0.0,0.0,0.0,True,5.0,0.0,5.0,1.9899999999999998,True,False,True,zero_sales_gap,5.0,5.0,9.95
2023-06,2023-06-01,D-18120N,POP White Tea 1.8gx20 (New),3,LA,0.0,0.0,0.0,0.0,0.0,0.0,True,2.0,2.0,1.0,36.0,True,False,True,zero_sales_gap,2.0,2.0,72.0
2023-09,2023-09-01,D-18120N,POP White Tea 1.8gx20 (New),3,LA,0.0,0.0,0.0,0.0,0.0,0.0,True,2.0,2.0,20.0,36.0,True,False,True,zero_sales_gap,2.0,2.0,72.0
2023-11,2023-11-01,D-18120N,POP White Tea 1.8gx20 (New),3,LA,0.0,0.0,0.0,0.0,0.0,0.0,True,11.5,20.0,0.0,3.6,True,False,True,zero_sales_gap,11.5,11.5,41.4
2023-12,2023-12-01,D-18120N,POP White Tea 1.8gx20 (New),3,LA,0.0,0.0,0.0,0.0,0.0,0.0,True,3.0,0.0,3.0,3.6,True,False,True,zero_sales_gap,3.0,3.0,10.8
2024-02,2024-02-01,D-18120N,POP White Tea 1.8gx20 (New),3,LA,1.0,36.0,1.0,36.0,0.0,0.0,True,3.0,3.0,3.0,36.0,False,True,True,deep_drop_gap,2.0,3.0,108.0
2024-06,2024-06-01,D-18120N,POP White Tea 1.8gx20 (New),3,LA,0.0,0.0,0.0,0.0,0.0,0.0,True,2.0,3.0,2.0,36.0,True,False,True,zero_sales_gap,2.0,2.0,72.0
2024-12,2024-12-01,D-18120N,POP White Tea 1.8gx20 (New),3,LA,0.0,0.0,0.0,0.0,0.0,0.0,True,1.5,1.0,2.0,36.0,True,False,True,zero_sales_gap,1.5,1.5,54.0
2025-01,2025-01-01,D-18120N,POP White Tea 1.8gx20 (New),E1,UNMAPPED,0.0,0.0,0.0,0.0,0.0,0.0,True,1.0,1.0,0.0,1.99,True,False,True,zero_sales_gap,1.0,1.0,1.99
2025-02,2025-02-01,D-18120N,POP White Tea 1.8gx20 (New),E1,UNMAPPED,0.0,0.0,0.0,0.0,0.0,0.0,True,1.0,0.0,1.0,1.99,True,False,True,zero_sales_gap,1.0,1.0,1.99
2025-05,2025-05-01,D-18120N,POP White Tea 1.8gx20 (New),E1,UNMAPPED,0.0,0.0,0.0,0.0,0.0,0.0,True,1.0,1.0,0.0,1.99,True,False,True,zero_sales_gap,1.0,1.0,1.99
2025-06,2025-06-01,D-18120N,POP White Tea 1.8gx20 (New),E1,UNMAPPED,0.0,0.0,0.0,0.0,0.0,0.0,True,1.0,0.0,1.0,1.99,True,False,True,zero_sales_gap,1.0,1.0,1.99
2025-08,2025-08-01,D-18120N,POP White Tea 1.8gx20 (New),E1,UNMAPPED,0.0,0.0,0.0,0.0,0.0,0.0,True,1.0,1.0,0.0,1.99,True,False,True,zero_sales_gap,1.0,1.0,1.99
2025-09,2025-09-01,D-18120N,POP White Tea 1.8gx20 (New),E1,UNMAPPED,0.0,0.0,0.0,0.0,0.0,0.0,True,1.0,0.0,1.0,1.99,True,False,True,zero_sales_gap,1.0,1.0,1.99
2023-12,2023-12-01,D-18200N,POP Organic White Tea 1.8gx100,2,NJ,2.0,120.0,2.0,120.0,0.0,0.0,True,7.0,7.0,38.0,60.0,False,True,True,deep_drop_gap,5.0,7.0,420.0
2023-04,2023-04-01,D-18200N,POP Organic White Tea 1.8gx100,3,LA,29.0,3086.0,29.0,3086.0,0.0,0.0,True,83.0,70.0,98.0,106.41379310344827,False,True,True,deep_drop_gap,54.0,83.0,8832.34
2023-09,2023-09-01,D-18206,POP OG White Tea 1.8gx100 (6ct/cs),1,SF,20.0,320.92,15.0,215.92000000000002,5.0,105.0,True,163.5,389.0,249.0,14.394666666666668,False,True,True,deep_drop_gap,148.5,163.5,2353.53
2025-06,2025-06-01,D-18206,POP OG White Tea 1.8gx100 (6ct/cs),1,SF,13.0,283.2,11.0,237.0,2.0,46.19999999999999,True,99.5,195.0,145.0,21.545454545454547,False,True,True,deep_drop_gap,88.5,99.5,2143.77
2023-04,2023-04-01,D-18206,POP OG White Tea 1.8gx100 (6ct/cs),2,NJ,0.0,0.0,0.0,0.0,0.0,0.0,True,21.0,32.0,0.0,24.0,True,False,True,zero_sales_gap,21.0,21.0,504.0
2023-05,2023-05-01,D-18206,POP OG White Tea 1.8gx100 (6ct/cs),2,NJ,0.0,0.0,0.0,0.0,0.0,0.0,True,32.0,0.0,10.0,24.0,True,False,True,zero_sales_gap,32.0,32.0,768.0
2025-06,2025-06-01,D-18206,POP OG White Tea 1.8gx100 (6ct/cs),2,NJ,70.0,1553.01,53.0,1160.31,17.0,392.70000000000005,True,249.0,336.0,163.0,21.89264150943396,False,True,True,deep_drop_gap,196.0,249.0,5451.27
2023-10,2023-10-01,D-18206,POP OG White Tea 1.8gx100 (6ct/cs),3,LA,46.0,1058.97,46.0,1058.97,0.0,0.0,True,232.0,216.0,211.0,23.02108695652174,False,True,True,deep_drop_gap,186.0,232.0,5340.89
2024-05,2024-05-01,D-18206,POP OG White Tea 1.8gx100 (6ct/cs),3,LA,3.0,36.980000000000004,3.0,36.980000000000004,0.0,0.0,True,102.0,461.0,64.0,12.326666666666668,False,True,True,deep_drop_gap,99.0,102.0,1257.32
2025-03,2025-03-01,D-18206,POP OG White Tea 1.8gx100 (6ct/cs),3,LA,35.0,595.4,35.0,595.4,0.0,0.0,True,333.0,478.0,341.0,17.01142857142857,False,True,True,deep_drop_gap,298.0,333.0,5664.81
2025-06,2025-06-01,D-18206,POP OG White Tea 1.8gx100 (6ct/cs),3,LA,23.0,493.38,23.0,493.38,0.0,0.0,True,310.0,525.0,296.0,21.45130434782609,False,True,True,deep_drop_gap,287.0,310.0,6649.9
2025-11,2025-11-01,D-18206,POP OG White Tea 1.8gx100 (6ct/cs),3,LA,53.0,1120.72,53.0,1120.72,0.0,0.0,True,263.0,281.0,325.0,21.145660377358492,False,True,True,deep_drop_gap,210.0,263.0,5561.31
2024-03,2024-03-01,D-18206,POP OG White Tea 1.8gx100 (6ct/cs),E1,UNMAPPED,0.0,0.0,0.0,0.0,0.0,0.0,True,4.0,2.0,0.0,8.99,True,False,True,zero_sales_gap,4.0,4.0,35.96
2024-04,2024-04-01,D-18206,POP OG White Tea 1.8gx100 (6ct/cs),E1,UNMAPPED,0.0,0.0,0.0,0.0,0.0,0.0,True,2.0,0.0,0.0,8.99,True,False,True,zero_sales_gap,2.0,2.0,17.98
2024-11,2024-11-01,D-18206,POP OG White Tea 1.8gx100 (6ct/cs),E1,UNMAPPED,0.0,0.0,0.0,0.0,0.0,0.0,True,2.0,0.0,0.0,8.99,True,False,True,zero_sales_gap,2.0,2.0,17.98
2024-12,2024-12-01,D-18206,POP OG White Tea 1.8gx100 (6ct/cs),E1,UNMAPPED,0.0,0.0,0.0,0.0,0.0,0.0,True,4.5,0.0,2.0,8.99,True,False,True,zero_sales_gap,4.5,4.5,40.46
2025-08,2025-08-01,D-18206,POP OG White Tea 1.8gx100 (6ct/cs),E1,UNMAPPED,0.0,0.0,0.0,0.0,0.0,0.0,True,2.0,4.0,0.0,11.59,True,False,True,zero_sales_gap,2.0,2.0,23.18
2025-09,2025-09-01,D-18206,POP OG White Tea 1.8gx100 (6ct/cs),E1,UNMAPPED,0.0,0.0,0.0,0.0,0.0,0.0,True,2.0,0.0,1.0,11.59,True,False,True,zero_sales_gap,2.0,2.0,23.18
2023-04,2023-04-01,F-04001,POP Ginger Chews Original 1 lb Bulk,1,SF,56.0,1880.79,56.0,1880.79,0.0,0.0,True,303.5,191.0,246.0,33.58553571428571,False,True,True,deep_drop_gap,247.5,303.5,10193.21
2023-11,2023-11-01,F-04001,POP Ginger Chews Original 1 lb Bulk,1,SF,69.0,2064.2000000000003,69.0,2064.2000000000003,0.0,0.0,True,173.5,556.0,100.0,29.915942028985512,False,True,True,deep_drop_gap,104.5,173.5,5190.42
2024-06,2024-06-01,F-04001,POP Ginger Chews Original 1 lb Bulk,1,SF,85.0,3977.0299999999997,85.0,3977.0299999999997,0.0,0.0,True,418.5,403.0,458.0,46.788588235294114,False,True,True,deep_drop_gap,333.5,418.5,19581.02
2024-09,2024-09-01,F-04001,POP Ginger Chews Original 1 lb Bulk,1,SF,43.0,1803.2999999999997,43.0,1803.2999999999997,0.0,0.0,True,311.5,434.0,194.0,41.93720930232558,False,True,True,deep_drop_gap,268.5,311.5,13063.44
2024-12,2024-12-01,F-04001,POP Ginger Chews Original 1 lb Bulk,1,SF,63.0,2949.32,63.0,2949.32,0.0,0.0,True,163.5,138.0,299.0,46.81460317460318,False,True,True,deep_drop_gap,100.5,163.5,7654.19
2025-07,2025-07-01,F-04001,POP Ginger Chews Original 1 lb Bulk,1,SF,41.0,1956.06,41.0,1956.06,0.0,0.0,True,112.5,104.0,33.0,47.70878048780488,False,True,True,deep_drop_gap,71.5,112.5,5367.24
2025-08,2025-08-01,F-04001,POP Ginger Chews Original 1 lb Bulk,1,SF,33.0,1387.29,33.0,1387.29,0.0,0.0,True,89.5,41.0,121.0,42.03909090909091,False,True,True,deep_drop_gap,56.5,89.5,3762.5
2023-08,2023-08-01,F-04001,POP Ginger Chews Original 1 lb Bulk,2,NJ,92.0,3932.2299999999996,92.0,3932.2299999999996,0.0,0.0,True,308.0,155.0,376.0,42.74163043478261,False,True,True,deep_drop_gap,216.0,308.0,13164.42
2025-07,2025-07-01,F-04001,POP Ginger Chews Original 1 lb Bulk,2,NJ,148.0,6690.2699999999995,148.0,6690.2699999999995,0.0,0.0,True,1043.5,359.0,2573.0,45.20452702702703,False,True,True,deep_drop_gap,895.5,1043.5,47170.92
2025-11,2025-11-01,F-04001,POP Ginger Chews Original 1 lb Bulk,2,NJ,212.0,11343.16,208.0,11099.15,4.0,244.01000000000022,True,1728.0,2667.0,438.0,53.36129807692308,False,True,True,deep_drop_gap,1520.0,1728.0,92208.32
2023-03,2023-03-01,F-04001,POP Ginger Chews Original 1 lb Bulk,3,LA,70.0,3029.7200000000003,70.0,3029.7200000000003,0.0,0.0,True,645.5,911.0,386.0,43.28171428571429,False,True,True,deep_drop_gap,575.5,645.5,27938.35
2023-10,2023-10-01,F-04001,POP Ginger Chews Original 1 lb Bulk,3,LA,291.0,12610.21,291.0,12610.21,0.0,0.0,True,842.5,1147.0,538.0,43.33405498281787,False,True,True,deep_drop_gap,551.5,842.5,36508.94
2024-09,2024-09-01,F-04001,POP Ginger Chews Original 1 lb Bulk,3,LA,222.0,10113.640000000001,222.0,10113.640000000001,0.0,0.0,True,781.0,855.0,470.0,45.55693693693694,False,True,True,deep_drop_gap,559.0,781.0,35579.97
2025-03,2025-03-01,F-04001,POP Ginger Chews Original 1 lb Bulk,3,LA,141.0,5521.68,141.0,5521.68,0.0,0.0,True,1087.0,1235.0,182.0,39.16085106382979,False,True,True,deep_drop_gap,946.0,1087.0,42567.85
2025-04,2025-04-01,F-04001,POP Ginger Chews Original 1 lb Bulk,3,LA,182.0,7701.69,182.0,7701.69,0.0,0.0,True,857.0,141.0,1092.0,42.31697802197802,False,True,True,deep_drop_gap,675.0,857.0,36265.65
2025-09,2025-09-01,F-04001,POP Ginger Chews Original 1 lb Bulk,3,LA,158.0,8304.710000000001,158.0,8304.710000000001,0.0,0.0,True,545.5,555.0,536.0,52.561455696202536,False,True,True,deep_drop_gap,387.5,545.5,28672.27
2023-09,2023-09-01,F-04070,POP Ginger Chews Original 8 oz,1,SF,1595.0,21532.03,1595.0,21532.03,0.0,0.0,True,5057.0,3600.0,6239.0,13.499705329153604,False,True,True,deep_drop_gap,3462.0,5057.0,68268.01
2023-12,2023-12-01,F-04070,POP Ginger Chews Original 8 oz,1,SF,1991.0,26490.34,1991.0,26490.34,0.0,0.0,True,5636.0,4353.0,5033.0,13.305042692114515,False,True,True,deep_drop_gap,3645.0,5636.0,74987.22
2024-09,2024-09-01,F-04070,POP Ginger Chews Original 8 oz,1,SF,1532.0,20838.95,1532.0,20838.95,0.0,0.0,True,5657.0,5655.0,5707.0,13.602447780678851,False,True,True,deep_drop_gap,4125.0,5657.0,76949.05
2025-09,2025-09-01,F-04070,POP Ginger Chews Original 8 oz,1,SF,1537.0,23090.63,1537.0,23090.63,0.0,0.0,True,5636.5,5870.0,3136.0,15.023181522446325,False,True,True,deep_drop_gap,4099.5,5636.5,84678.16
2023-09,2023-09-01,F-04070,POP Ginger Chews Original 8 oz,2,NJ,1805.0,4618.28,1805.0,4618.28,0.0,0.0,True,7731.0,16158.0,9119.0,2.5586038781163434,False,True,True,deep_drop_gap,5926.0,7731.0,19780.57
2023-11,2023-11-01,F-04070,POP Ginger Chews Original 8 oz,2,NJ,2501.0,11118.58,2501.0,11118.58,0.0,0.0,True,6910.5,9119.0,4702.0,4.445653738504598,False,True,True,deep_drop_gap,4409.5,6910.5,30721.69
2023-05,2023-05-01,F-04070,POP Ginger Chews Original 8 oz,3,LA,7.0,52.739999999999995,7.0,52.739999999999995,0.0,0.0,True,56.0,62.0,1.0,7.534285714285714,False,True,True,deep_drop_gap,49.0,56.0,421.92
2023-06,2023-06-01,F-04070,POP Ginger Chews Original 8 oz,3,LA,1.0,22.57,1.0,22.57,0.0,0.0,True,31.5,7.0,50.0,22.57,False,True,True,deep_drop_gap,30.5,31.5,710.96
2023-08,2023-08-01,F-04070,POP Ginger Chews Original 8 oz,3,LA,13.0,152.26999999999998,13.0,152.26999999999998,0.0,0.0,True,64.0,50.0,116.0,11.713076923076922,False,True,True,deep_drop_gap,51.0,64.0,749.64
2024-02,2024-02-01,F-04070,POP Ginger Chews Original 8 oz,3,LA,25.0,453.21,25.0,453.21,0.0,0.0,True,92.5,141.0,62.0,18.1284,False,True,True,deep_drop_gap,67.5,92.5,1676.88
2025-01,2025-01-01,F-04070,POP Ginger Chews Original 8 oz,3,LA,50.0,984.18,50.0,984.18,0.0,0.0,True,131.0,130.0,31.0,19.6836,False,True,True,deep_drop_gap,81.0,131.0,2578.55
2025-02,2025-02-01,F-04070,POP Ginger Chews Original 8 oz,3,LA,31.0,615.04,31.0,615.04,0.0,0.0,True,208.5,50.0,287.0,19.84,False,True,True,deep_drop_gap,177.5,208.5,4136.64
2025-05,2025-05-01,F-04070,POP Ginger Chews Original 8 oz,3,LA,78.0,1415.1599999999999,78.0,1415.1599999999999,0.0,0.0,True,224.5,335.0,57.0,18.143076923076922,False,True,True,deep_drop_gap,146.5,224.5,4073.12
2025-08,2025-08-01,F-04070,POP Ginger Chews Original 8 oz,3,LA,13.0,309.26,13.0,309.26,0.0,0.0,True,124.0,162.0,86.0,23.78923076923077,False,True,True,deep_drop_gap,111.0,124.0,2949.86
2025-05,2025-05-01,F-04070,POP Ginger Chews Original 8 oz,E1,UNMAPPED,1.0,6.16,1.0,6.16,0.0,0.0,True,5.0,6.0,4.0,6.16,False,True,True,deep_drop_gap,4.0,5.0,30.8
2025-09,2025-09-01,F-04070,POP Ginger Chews Original 8 oz,L,UNMAPPED,0.0,0.0,0.0,0.0,0.0,0.0,True,5428.5,8142.0,2088.0,13.600423728813558,True,False,True,zero_sales_gap,5428.5,5428.5,73829.9
2024-01,2024-01-01,F-04071,POP Ginger Chews Lemon 8 oz,1,SF,1355.0,18248.18,1355.0,18248.18,0.0,0.0,True,3522.5,2722.0,3954.0,13.467291512915128,False,True,True,deep_drop_gap,2167.5,3522.5,47438.53
2024-05,2024-05-01,F-04071,POP Ginger Chews Lemon 8 oz,1,SF,11.0,182.14000000000001,11.0,182.14000000000001,0.0,0.0,True,4158.5,2278.0,6175.0,16.55818181818182,False,True,True,deep_drop_gap,4147.5,4158.5,68857.2
2024-09,2024-09-01,F-04071,POP Ginger Chews Lemon 8 oz,1,SF,4.0,30.59,4.0,30.59,0.0,0.0,True,4379.0,5393.0,3413.0,7.6475,False,True,True,deep_drop_gap,4375.0,4379.0,33488.4
2025-09,2025-09-01,F-04071,POP Ginger Chews Lemon 8 oz,1,SF,1821.0,27666.52,1821.0,27666.52,0.0,0.0,True,5465.0,4968.0,2734.0,15.193036792970895,False,True,True,deep_drop_gap,3644.0,5465.0,83029.95
2023-09,2023-09-01,F-04071,POP Ginger Chews Lemon 8 oz,2,NJ,1310.0,2665.78,1310.0,2665.78,0.0,0.0,True,5409.5,12231.0,7483.0,2.0349465648854963,False,True,True,deep_drop_gap,4099.5,5409.5,11008.04
2023-11,2023-11-01,F-04071,POP Ginger Chews Lemon 8 oz,2,NJ,1412.0,6982.46,1412.0,6982.46,0.0,0.0,True,5218.0,7483.0,2953.0,4.9450849858356944,False,True,True,deep_drop_gap,3806.0,5218.0,25803.45
2023-12,2023-12-01,F-04071,POP Ginger Chews Lemon 8 oz,2,NJ,2953.0,6065.4800000000005,2953.0,6065.4800000000005,0.0,0.0,True,7915.0,1412.0,8347.0,2.054006095496106,False,True,True,deep_drop_gap,4962.0,7915.0,16257.46
2023-04,2023-04-01,F-04071,POP Ginger Chews Lemon 8 oz,3,LA,7.0,43.86,7.0,43.86,0.0,0.0,True,19.0,68.0,1.0,6.265714285714286,False,True,True,deep_drop_gap,12.0,19.0,119.05
2023-05,2023-05-01,F-04071,POP Ginger Chews Lemon 8 oz,3,LA,1.0,5.34,1.0,5.34,0.0,0.0,True,8.0,7.0,3.0,5.34,False,True,True,deep_drop_gap,7.0,8.0,42.72
2023-06,2023-06-01,F-04071,POP Ginger Chews Lemon 8 oz,3,LA,3.0,10.68,3.0,10.68,0.0,0.0,True,8.0,1.0,9.0,3.56,False,True,True,deep_drop_gap,5.0,8.0,28.48
2024-02,2024-02-01,F-04071,POP Ginger Chews Lemon 8 oz,3,LA,26.0,363.79999999999995,26.0,363.79999999999995,0.0,0.0,True,70.0,120.0,42.0,13.99230769230769,False,True,True,deep_drop_gap,44.0,70.0,979.46
2024-03,2024-03-01,F-04071,POP Ginger Chews Lemon 8 oz,3,LA,42.0,860.6800000000001,42.0,860.6800000000001,0.0,0.0,True,109.0,26.0,98.0,20.492380952380955,False,True,True,deep_drop_gap,67.0,109.0,2233.67
2024-06,2024-06-01,F-04071,POP Ginger Chews Lemon 8 oz,3,LA,22.0,424.78000000000003,22.0,424.78000000000003,0.0,0.0,True,121.0,2136.0,144.0,19.30818181818182,False,True,True,deep_drop_gap,99.0,121.0,2336.29
2025-02,2025-02-01,F-04071,POP Ginger Chews Lemon 8 oz,3,LA,26.0,521.08,26.0,521.08,0.0,0.0,True,114.5,53.0,109.0,20.04153846153846,False,True,True,deep_drop_gap,88.5,114.5,2294.76
2025-05,2025-05-01,F-04071,POP Ginger Chews Lemon 8 oz,3,LA,45.0,814.26,45.0,814.26,0.0,0.0,True,114.5,120.0,36.0,18.094666666666665,False,True,True,deep_drop_gap,69.5,114.5,2071.84
2024-03,2024-03-01,F-04073,POP Ginger Chews Mango 8 oz,1,SF,2.0,7.7,2.0,7.7,0.0,0.0,True,2697.5,3277.0,3163.0,3.85,False,True,True,deep_drop_gap,2695.5,2697.5,10385.38
2024-09,2024-09-01,F-04073,POP Ginger Chews Mango 8 oz,1,SF,936.0,12732.46,936.0,12732.46,0.0,0.0,True,3787.5,4937.0,1936.0,13.603055555555555,False,True,True,deep_drop_gap,2851.5,3787.5,51521.57
2024-12,2024-12-01,F-04073,POP Ginger Chews Mango 8 oz,1,SF,1121.0,15092.0,1121.0,15092.0,0.0,0.0,True,4532.5,4518.0,4547.0,13.462979482604817,False,True,True,deep_drop_gap,3411.5,4532.5,61020.95
2023-09,2023-09-01,F-04073,POP Ginger Chews Mango 8 oz,2,NJ,1331.0,2303.45,1331.0,2303.45,0.0,0.0,True,6383.0,12917.0,7314.0,1.7306160781367392,False,True,True,deep_drop_gap,5052.0,6383.0,11046.52
2023-11,2023-11-01,F-04073,POP Ginger Chews Mango 8 oz,2,NJ,1724.0,6788.73,1724.0,6788.73,0.0,0.0,True,4994.5,7314.0,2675.0,3.9377784222737815,False,True,True,deep_drop_gap,3270.5,4994.5,19667.23
2023-12,2023-12-01,F-04073,POP Ginger Chews Mango 8 oz,3,LA,11.0,229.13,11.0,229.13,0.0,0.0,True,31.5,45.0,31.0,20.83,False,True,True,deep_drop_gap,20.5,31.5,656.14
2024-06,2024-06-01,F-04073,POP Ginger Chews Mango 8 oz,3,LA,5.0,105.75,5.0,105.75,0.0,0.0,True,26.5,33.0,125.0,21.15,False,True,True,deep_drop_gap,21.5,26.5,560.47
2024-10,2024-10-01,F-04073,POP Ginger Chews Mango 8 oz,3,LA,0.0,0.0,0.0,0.0,0.0,0.0,True,9.0,5.0,9.0,22.028,True,False,True,zero_sales_gap,9.0,9.0,198.25
2025-02,2025-02-01,F-04073,POP Ginger Chews Mango 8 oz,3,LA,16.0,327.13,16.0,327.13,0.0,0.0,True,47.0,26.0,47.0,20.445625,False,True,True,deep_drop_gap,31.0,47.0,960.94
2025-08,2025-08-01,F-04073,POP Ginger Chews Mango 8 oz,3,LA,5.0,82.25,5.0,82.25,0.0,0.0,True,20.0,17.0,12.0,16.45,False,True,True,deep_drop_gap,15.0,20.0,329.0
2025-11,2025-11-01,F-04073,POP Ginger Chews Mango 8 oz,3,LA,20.0,378.90000000000003,20.0,378.90000000000003,0.0,0.0,True,102.0,102.0,480.0,18.945,False,True,True,deep_drop_gap,82.0,102.0,1932.39
2025-04,2025-04-01,F-04073,POP Ginger Chews Mango 8 oz,E1,UNMAPPED,0.0,0.0,0.0,0.0,0.0,0.0,True,1.0,1.0,1.0,7.7,True,False,True,zero_sales_gap,1.0,1.0,7.7
2025-09,2025-09-01,F-04073,POP Ginger Chews Mango 8 oz,L,UNMAPPED,0.0,0.0,0.0,0.0,0.0,0.0,True,1426.0,1426.0,1426.0,13.60327489481066,True,False,True,zero_sales_gap,1426.0,1426.0,19398.27
2023-09,2023-09-01,F-04074,POP Ginger Chews Lychee 8 oz,1,SF,269.0,3385.29,269.0,3385.29,0.0,0.0,True,898.5,1035.0,678.0,12.584721189591077,False,True,True,deep_drop_gap,629.5,898.5,11307.37
2024-09,2024-09-01,F-04074,POP Ginger Chews Lychee 8 oz,1,SF,278.0,3779.17,278.0,3779.17,0.0,0.0,True,1523.5,2048.0,569.0,13.594136690647483,False,True,True,deep_drop_gap,1245.5,1523.5,20710.67
2025-09,2025-09-01,F-04074,POP Ginger Chews Lychee 8 oz,1,SF,491.0,7184.31,491.0,7184.31,0.0,0.0,True,1914.5,2135.0,819.0,14.631995926680245,False,True,True,deep_drop_gap,1423.5,1914.5,28012.96
2023-09,2023-09-01,F-04074,POP Ginger Chews Lychee 8 oz,2,NJ,1019.0,2012.56,1019.0,2012.56,0.0,0.0,True,4748.0,11647.0,4695.0,1.9750343473994112,False,True,True,deep_drop_gap,3729.0,4748.0,9377.46
2023-02,2023-02-01,F-04074,POP Ginger Chews Lychee 8 oz,3,LA,6.0,106.47,6.0,106.47,0.0,0.0,True,21.0,21.0,25.0,17.745,False,True,True,deep_drop_gap,15.0,21.0,372.64
2023-05,2023-05-01,F-04074,POP Ginger Chews Lychee 8 oz,3,LA,7.0,126.44,7.0,126.44,0.0,0.0,True,20.0,9.0,25.0,18.062857142857144,False,True,True,deep_drop_gap,13.0,20.0,361.26
2024-06,2024-06-01,F-04074,POP Ginger Chews Lychee 8 oz,3,LA,5.0,106.49,5.0,106.49,0.0,0.0,True,27.5,31.0,123.0,21.298,False,True,True,deep_drop_gap,22.5,27.5,585.69
2025-11,2025-11-01,F-04074,POP Ginger Chews Lychee 8 oz,3,LA,9.0,105.38,9.0,105.38,0.0,0.0,True,59.0,59.0,600.0,11.708888888888888,False,True,True,deep_drop_gap,50.0,59.0,690.82
2025-09,2025-09-01,F-04074,POP Ginger Chews Lychee 8 oz,L,UNMAPPED,0.0,0.0,0.0,0.0,0.0,0.0,True,2872.0,2872.0,1847.0,13.604428969359331,True,False,True,zero_sales_gap,2872.0,2872.0,39071.92
2023-07,2023-07-01,F-04075,POP Ginger Chews Blood Orange 8 oz,1,SF,519.0,6879.06,519.0,6879.06,0.0,0.0,True,1343.5,1457.0,1329.0,13.254450867052023,False,True,True,deep_drop_gap,824.5,1343.5,17807.35
2023-09,2023-09-01,F-04075,POP Ginger Chews Blood Orange 8 oz,1,SF,65.0,553.56,65.0,553.56,0.0,0.0,True,652.5,1329.0,786.0,8.516307692307691,False,True,True,deep_drop_gap,587.5,652.5,5556.89
2023-11,2023-11-01,F-04075,POP Ginger Chews Blood Orange 8 oz,1,SF,22.0,151.89,22.0,151.89,0.0,0.0,True,534.0,786.0,282.0,6.904090909090908,False,True,True,deep_drop_gap,512.0,534.0,3686.78
2023-12,2023-12-01,F-04075,POP Ginger Chews Blood Orange 8 oz,1,SF,282.0,3909.4000000000005,282.0,3909.4000000000005,0.0,0.0,True,841.0,22.0,896.0,13.863120567375889,False,True,True,deep_drop_gap,559.0,841.0,11658.88
2025-09,2025-09-01,F-04075,POP Ginger Chews Blood Orange 8 oz,1,SF,666.0,10161.800000000001,666.0,10161.800000000001,0.0,0.0,True,1845.0,4511.0,1330.0,15.25795795795796,False,True,True,deep_drop_gap,1179.0,1845.0,28150.93
2023-03,2023-03-01,F-04075,POP Ginger Chews Blood Orange 8 oz,2,NJ,11.0,168.75,11.0,168.75,0.0,0.0,True,29.0,1.0,29.0,15.340909090909092,False,True,True,deep_drop_gap,18.0,29.0,444.89
2023-06,2023-06-01,F-04075,POP Ginger Chews Blood Orange 8 oz,2,NJ,27.0,110.55,27.0,110.55,0.0,0.0,True,2741.5,99.0,5384.0,4.094444444444444,False,True,True,deep_drop_gap,2714.5,2741.5,11224.92
2023-09,2023-09-01,F-04075,POP Ginger Chews Blood Orange 8 oz,2,NJ,954.0,1647.46,954.0,1647.46,0.0,0.0,True,5274.5,10219.0,5165.0,1.7268972746331237,False,True,True,deep_drop_gap,4320.5,5274.5,9108.52
2023-02,2023-02-01,F-04075,POP Ginger Chews Blood Orange 8 oz,3,LA,7.0,122.33,7.0,122.33,0.0,0.0,True,37.0,14.0,37.0,17.475714285714286,False,True,True,deep_drop_gap,30.0,37.0,646.6
2024-06,2024-06-01,F-04075,POP Ginger Chews Blood Orange 8 oz,3,LA,8.0,150.79,8.0,150.79,0.0,0.0,True,52.0,58.0,116.0,18.84875,False,True,True,deep_drop_gap,44.0,52.0,980.13
2024-09,2024-09-01,F-04075,POP Ginger Chews Blood Orange 8 oz,3,LA,30.0,633.64,30.0,633.64,0.0,0.0,True,78.0,46.0,16.0,21.121333333333332,False,True,True,deep_drop_gap,48.0,78.0,1647.46
2024-10,2024-10-01,F-04075,POP Ginger Chews Blood Orange 8 oz,3,LA,16.0,330.09999999999997,16.0,330.09999999999997,0.0,0.0,True,41.0,30.0,110.0,20.631249999999998,False,True,True,deep_drop_gap,25.0,41.0,845.88
2025-01,2025-01-01,F-04075,POP Ginger Chews Blood Orange 8 oz,3,LA,18.0,374.4,18.0,374.4,0.0,0.0,True,73.0,36.0,14.0,20.799999999999997,False,True,True,deep_drop_gap,55.0,73.0,1518.4
2025-02,2025-02-01,F-04075,POP Ginger Chews Blood Orange 8 oz,3,LA,14.0,271.03,14.0,271.03,0.0,0.0,True,85.5,18.0,135.0,19.35928571428571,False,True,True,deep_drop_gap,71.5,85.5,1655.22
2025-05,2025-05-01,F-04075,POP Ginger Chews Blood Orange 8 oz,3,LA,0.0,0.0,0.0,0.0,0.0,0.0,True,94.5,540.0,54.0,13.909074074074073,True,False,True,zero_sales_gap,94.5,94.5,1314.41
2025-02,2025-02-01,F-04075,POP Ginger Chews Blood Orange 8 oz,E1,UNMAPPED,2.0,14.74,2.0,14.74,0.0,0.0,True,6.0,6.0,2.0,7.37,False,True,True,deep_drop_gap,4.0,6.0,44.22
2025-03,2025-03-01,F-04075,POP Ginger Chews Blood Orange 8 oz,E1,UNMAPPED,2.0,14.74,2.0,14.74,0.0,0.0,True,6.0,2.0,9.0,7.37,False,True,True,deep_drop_gap,4.0,6.0,44.22
2025-05,2025-05-01,F-04075,POP Ginger Chews Blood Orange 8 oz,E1,UNMAPPED,0.0,0.0,0.0,0.0,0.0,0.0,True,2.0,9.0,1.0,7.371111111111111,True,False,True,zero_sales_gap,2.0,2.0,14.74
2025-07,2025-07-01,F-04075,POP Ginger Chews Blood Orange 8 oz,E1,UNMAPPED,0.0,0.0,0.0,0.0,0.0,0.0,True,2.0,1.0,0.0,8.0,True,False,True,zero_sales_gap,2.0,2.0,16.0
2025-08,2025-08-01,F-04075,POP Ginger Chews Blood Orange 8 oz,E1,UNMAPPED,0.0,0.0,0.0,0.0,0.0,0.0,True,2.0,0.0,3.0,8.0,True,False,True,zero_sales_gap,2.0,2.0,16.0
2024-04,2024-04-01,F-04076,POP Ginger Chews Assorted 8 oz,1,SF,113.0,1467.0900000000001,113.0,1467.0900000000001,0.0,0.0,True,587.0,517.0,150.0,12.983097345132744,False,True,True,deep_drop_gap,474.0,587.0,7621.08
2024-07,2024-07-01,F-04076,POP Ginger Chews Assorted 8 oz,1,SF,222.0,3687.71,222.0,3687.71,0.0,0.0,True,1100.0,1514.0,1100.0,16.611306306306307,False,True,True,deep_drop_gap,878.0,1100.0,18272.44
2024-09,2024-09-01,F-04076,POP Ginger Chews Assorted 8 oz,1,SF,4.0,86.38,0.0,0.0,4.0,86.38,True,661.0,1100.0,1500.0,21.595,False,True,True,deep_drop_gap,661.0,661.0,14274.3
2024-11,2024-11-01,F-04076,POP Ginger Chews Assorted 8 oz,1,SF,165.0,607.11,165.0,607.11,0.0,0.0,True,2141.0,1500.0,2141.0,3.6794545454545458,False,True,True,deep_drop_gap,1976.0,2141.0,7877.71
2025-02,2025-02-01,F-04076,POP Ginger Chews Assorted 8 oz,1,SF,571.0,7696.4800000000005,571.0,7696.4800000000005,0.0,0.0,True,4256.5,4565.0,3948.0,13.478949211908933,False,True,True,deep_drop_gap,3685.5,4256.5,57373.15
2025-07,2025-07-01,F-04076,POP Ginger Chews Assorted 8 oz,1,SF,431.0,6890.25,431.0,6890.25,0.0,0.0,True,1634.5,3102.0,26.0,15.986658932714617,False,True,True,deep_drop_gap,1203.5,1634.5,26130.19
2025-08,2025-08-01,F-04076,POP Ginger Chews Assorted 8 oz,1,SF,26.0,180.15,26.0,180.15,0.0,0.0,True,299.0,431.0,167.0,6.928846153846154,False,True,True,deep_drop_gap,273.0,299.0,2071.72
2025-10,2025-10-01,F-04076,POP Ginger Chews Assorted 8 oz,1,SF,96.0,823.72,96.0,823.72,0.0,0.0,True,469.0,167.0,773.0,8.580416666666666,False,True,True,deep_drop_gap,373.0,469.0,4024.22
2023-12,2023-12-01,F-04076,POP Ginger Chews Assorted 8 oz,2,NJ,144.0,2453.9700000000003,137.0,2349.4700000000003,7.0,104.5,True,462.0,481.0,480.0,17.149416058394163,False,True,True,deep_drop_gap,325.0,462.0,7923.03
2024-10,2024-10-01,F-04076,POP Ginger Chews Assorted 8 oz,2,NJ,0.0,0.0,0.0,0.0,0.0,0.0,True,764.5,3.0,895.0,2.776666666666667,True,False,True,zero_sales_gap,764.5,764.5,2122.76
2025-06,2025-06-01,F-04076,POP Ginger Chews Assorted 8 oz,2,NJ,73.0,1743.18,73.0,1743.18,0.0,0.0,True,2967.5,1938.0,5043.0,23.879178082191782,False,True,True,deep_drop_gap,2894.5,2967.5,70861.46
2024-07,2024-07-01,F-04076,POP Ginger Chews Assorted 8 oz,3,LA,0.0,0.0,0.0,0.0,0.0,0.0,True,124.0,2.0,0.0,19.99,True,False,True,zero_sales_gap,124.0,124.0,2478.76
2024-08,2024-08-01,F-04076,POP Ginger Chews Assorted 8 oz,3,LA,0.0,0.0,0.0,0.0,0.0,0.0,True,2.0,0.0,0.0,19.99,True,False,True,zero_sales_gap,2.0,2.0,39.98
2024-09,2024-09-01,F-04076,POP Ginger Chews Assorted 8 oz,3,LA,0.0,0.0,0.0,0.0,0.0,0.0,True,7.0,0.0,0.0,19.99,True,False,True,zero_sales_gap,7.0,7.0,139.93
2024-10,2024-10-01,F-04076,POP Ginger Chews Assorted 8 oz,3,LA,0.0,0.0,0.0,0.0,0.0,0.0,True,62.5,0.0,7.0,19.99,True,False,True,zero_sales_gap,62.5,62.5,1249.38
2025-02,2025-02-01,F-04076,POP Ginger Chews Assorted 8 oz,3,LA,1.0,22.22,1.0,22.22,0.0,0.0,True,120.5,141.0,25.0,22.22,False,True,True,deep_drop_gap,119.5,120.5,2677.51
2025-03,2025-03-01,F-04076,POP Ginger Chews Assorted 8 oz,3,LA,25.0,422.09000000000003,25.0,422.09000000000003,0.0,0.0,True,123.0,1.0,123.0,16.8836,False,True,True,deep_drop_gap,98.0,123.0,2076.68
2025-05,2025-05-01,F-04076,POP Ginger Chews Assorted 8 oz,3,LA,0.0,0.0,0.0,0.0,0.0,0.0,True,74.0,123.0,1.0,15.732764227642278,True,False,True,zero_sales_gap,74.0,74.0,1164.22
2025-07,2025-07-01,F-04076,POP Ginger Chews Assorted 8 oz,3,LA,248.0,3925.5600000000004,230.0,3587.7500000000005,18.0,337.80999999999995,True,1138.0,1.0,1138.0,15.598913043478262,False,True,True,deep_drop_gap,908.0,1138.0,17751.56
2025-11,2025-11-01,F-04076,POP Ginger Chews Assorted 8 oz,3,LA,44.0,735.2900000000001,43.0,713.07,1.0,22.220000000000027,True,302.0,302.0,61.0,16.583023255813956,False,True,True,deep_drop_gap,259.0,302.0,5008.07
2025-09,2025-09-01,F-04076,POP Ginger Chews Assorted 8 oz,L,UNMAPPED,0.0,0.0,0.0,0.0,0.0,0.0,True,5343.0,5554.0,2055.0,13.59944184371624,True,False,True,zero_sales_gap,5343.0,5343.0,72661.82
2023-04,2023-04-01,F-04111,POP Ginger Chews Original 4 oz (12ct/cs),1,SF,2031.0,26551.050000000003,2031.0,26551.050000000003,0.0,0.0,True,6210.0,7338.0,5777.0,13.072895125553917,False,True,True,deep_drop_gap,4179.0,6210.0,81182.68
2025-06,2025-06-01,F-04111,POP Ginger Chews Original 4 oz (12ct/cs),3,LA,2003.0,26787.98,2000.0,26730.36,3.0,57.61999999999898,True,5081.5,8332.0,7935.0,13.36518,False,True,True,deep_drop_gap,3081.5,5081.5,67915.16
2024-02,2024-02-01,F-04111,POP Ginger Chews Original 4 oz (12ct/cs),E1,UNMAPPED,0.0,0.0,0.0,0.0,0.0,0.0,True,32.0,32.0,0.0,2.990625,True,False,True,zero_sales_gap,32.0,32.0,95.7
2024-03,2024-03-01,F-04111,POP Ginger Chews Original 4 oz (12ct/cs),E1,UNMAPPED,0.0,0.0,0.0,0.0,0.0,0.0,True,32.0,0.0,0.0,2.990625,True,False,True,zero_sales_gap,32.0,32.0,95.7
2024-10,2024-10-01,F-04111,POP Ginger Chews Original 4 oz (12ct/cs),E1,UNMAPPED,0.0,0.0,0.0,0.0,0.0,0.0,True,2.0,0.0,0.0,2.990625,True,False,True,zero_sales_gap,2.0,2.0,5.98
2024-11,2024-11-01,F-04111,POP Ginger Chews Original 4 oz (12ct/cs),E1,UNMAPPED,0.0,0.0,0.0,0.0,0.0,0.0,True,30.0,0.0,2.0,2.990625,True,False,True,zero_sales_gap,30.0,30.0,89.72
2025-02,2025-02-01,F-04111,POP Ginger Chews Original 4 oz (12ct/cs),E1,UNMAPPED,8.0,29.78,8.0,29.78,0.0,0.0,True,32.5,58.0,48.0,3.7225,False,True,True,deep_drop_gap,24.5,32.5,120.98
2025-05,2025-05-01,F-04111,POP Ginger Chews Original 4 oz (12ct/cs),E1,UNMAPPED,0.0,0.0,0.0,0.0,0.0,0.0,True,32.5,17.0,0.0,3.504705882352941,True,False,True,zero_sales_gap,32.5,32.5,113.9
2025-06,2025-06-01,F-04111,POP Ginger Chews Original 4 oz (12ct/cs),E1,UNMAPPED,0.0,0.0,0.0,0.0,0.0,0.0,True,14.0,0.0,0.0,3.504705882352941,True,False,True,zero_sales_gap,14.0,14.0,49.07
2025-07,2025-07-01,F-04111,POP Ginger Chews Original 4 oz (12ct/cs),E1,UNMAPPED,0.0,0.0,0.0,0.0,0.0,0.0,True,11.0,0.0,11.0,3.504705882352941,True,False,True,zero_sales_gap,11.0,11.0,38.55
2023-07,2023-07-01,F-04112,POP Ginger Chews Lemon 4 oz (12ct/cs),1,SF,505.0,6133.88,505.0,6133.88,0.0,0.0,True,2059.0,2351.0,1767.0,12.146297029702971,False,True,True,deep_drop_gap,1554.0,2059.0,25009.23
2023-08,2023-08-01,F-04112,POP Ginger Chews Lemon 4 oz (12ct/cs),3,LA,139.0,1923.7800000000002,139.0,1923.7800000000002,0.0,0.0,True,432.5,474.0,909.0,13.840143884892088,False,True,True,deep_drop_gap,293.5,432.5,5985.86
2024-03,2024-03-01,F-04112,POP Ginger Chews Lemon 4 oz (12ct/cs),E1,UNMAPPED,0.0,0.0,0.0,0.0,0.0,0.0,True,17.5,11.0,0.0,2.8718181818181816,True,False,True,zero_sales_gap,17.5,17.5,50.26
2024-04,2024-04-01,F-04112,POP Ginger Chews Lemon 4 oz (12ct/cs),E1,UNMAPPED,0.0,0.0,0.0,0.0,0.0,0.0,True,11.0,0.0,0.0,2.8718181818181816,True,False,True,zero_sales_gap,11.0,11.0,31.59
2024-12,2024-12-01,F-04112,POP Ginger Chews Lemon 4 oz (12ct/cs),E1,UNMAPPED,0.0,0.0,0.0,0.0,0.0,0.0,True,1.0,0.0,0.0,2.8718181818181816,True,False,True,zero_sales_gap,1.0,1.0,2.87
2025-01,2025-01-01,F-04112,POP Ginger Chews Lemon 4 oz (12ct/cs),E1,UNMAPPED,0.0,0.0,0.0,0.0,0.0,0.0,True,13.0,0.0,1.0,2.8718181818181816,True,False,True,zero_sales_gap,13.0,13.0,37.33
2025-05,2025-05-01,F-04112,POP Ginger Chews Lemon 4 oz (12ct/cs),E1,UNMAPPED,0.0,0.0,0.0,0.0,0.0,0.0,True,20.5,16.0,7.0,3.4568749999999997,True,False,True,zero_sales_gap,20.5,20.5,70.87
2023-04,2023-04-01,F-04114,POP Ginger Chews Mango 4 oz (12ct/cs),1,SF,454.0,5229.11,454.0,5229.11,0.0,0.0,True,3922.5,5551.0,2901.0,11.517863436123347,False,True,True,deep_drop_gap,3468.5,3922.5,45178.82
2023-07,2023-07-01,F-04114,POP Ginger Chews Mango 4 oz (12ct/cs),1,SF,790.0,13063.83,790.0,13063.83,0.0,0.0,True,2156.0,4944.0,1411.0,16.536493670886077,False,True,True,deep_drop_gap,1366.0,2156.0,35652.68
2023-04,2023-04-01,F-04114,POP Ginger Chews Mango 4 oz (12ct/cs),2,NJ,2265.0,34541.65,2265.0,34541.65,0.0,0.0,True,10924.5,15130.0,16172.0,15.250176600441502,False,True,True,deep_drop_gap,8659.5,10924.5,166600.55
2023-08,2023-08-01,F-04114,POP Ginger Chews Mango 4 oz (12ct/cs),2,NJ,2426.0,33374.69,2426.0,33374.69,0.0,0.0,True,6773.0,8803.0,8707.0,13.757085737840066,False,True,True,deep_drop_gap,4347.0,6773.0,93176.74
2023-12,2023-12-01,F-04114,POP Ginger Chews Mango 4 oz (12ct/cs),2,NJ,2164.0,32084.02,1468.0,22425.13,696.0,9658.89,True,7698.5,8281.0,6528.0,15.275974114441418,False,True,True,deep_drop_gap,6230.5,7698.5,117602.09
2023-04,2023-04-01,F-04114,POP Ginger Chews Mango 4 oz (12ct/cs),3,LA,78.0,990.02,78.0,990.02,0.0,0.0,True,325.5,277.0,494.0,12.692564102564102,False,True,True,deep_drop_gap,247.5,325.5,4131.43
2023-07,2023-07-01,F-04114,POP Ginger Chews Mango 4 oz (12ct/cs),3,LA,43.0,492.90999999999997,43.0,492.90999999999997,0.0,0.0,True,296.0,300.0,292.0,11.463023255813953,False,True,True,deep_drop_gap,253.0,296.0,3393.05
2023-09,2023-09-01,F-04114,POP Ginger Chews Mango 4 oz (12ct/cs),3,LA,70.0,1189.1799999999998,70.0,1189.1799999999998,0.0,0.0,True,276.0,292.0,260.0,16.988285714285713,False,True,True,deep_drop_gap,206.0,276.0,4688.77
2024-02,2024-02-01,F-04114,POP Ginger Chews Mango 4 oz (12ct/cs),3,LA,251.0,3427.2799999999997,234.0,3182.55,17.0,244.72999999999956,True,782.5,740.0,992.0,13.600641025641027,False,True,True,deep_drop_gap,548.5,782.5,10642.5
2024-02,2024-02-01,F-04114,POP Ginger Chews Mango 4 oz (12ct/cs),E1,UNMAPPED,0.0,0.0,0.0,0.0,0.0,0.0,True,12.0,12.0,0.0,2.911666666666667,True,False,True,zero_sales_gap,12.0,12.0,34.94
2024-03,2024-03-01,F-04114,POP Ginger Chews Mango 4 oz (12ct/cs),E1,UNMAPPED,0.0,0.0,0.0,0.0,0.0,0.0,True,12.0,0.0,0.0,2.911666666666667,True,False,True,zero_sales_gap,12.0,12.0,34.94
2024-10,2024-10-01,F-04114,POP Ginger Chews Mango 4 oz (12ct/cs),E1,UNMAPPED,0.0,0.0,0.0,0.0,0.0,0.0,True,12.0,0.0,0.0,2.911666666666667,True,False,True,zero_sales_gap,12.0,12.0,34.94
2024-11,2024-11-01,F-04114,POP Ginger Chews Mango 4 oz (12ct/cs),E1,UNMAPPED,0.0,0.0,0.0,0.0,0.0,0.0,True,8.0,0.0,12.0,2.911666666666667,True,False,True,zero_sales_gap,8.0,8.0,23.29
2025-06,2025-06-01,F-04114,POP Ginger Chews Mango 4 oz (12ct/cs),E1,UNMAPPED,0.0,0.0,0.0,0.0,0.0,0.0,True,4.0,1.0,0.0,3.71,True,False,True,zero_sales_gap,4.0,4.0,14.84
2025-07,2025-07-01,F-04114,POP Ginger Chews Mango 4 oz (12ct/cs),E1,UNMAPPED,0.0,0.0,0.0,0.0,0.0,0.0,True,1.0,0.0,207.0,3.71,True,False,True,zero_sales_gap,1.0,1.0,3.71
2023-04,2023-04-01,F-04117,POP Ginger Chews Blood Orange 4 oz (12ct/cs),1,SF,191.0,1345.7,191.0,1345.7,0.0,0.0,True,2475.0,4321.0,3200.0,7.045549738219895,False,True,True,deep_drop_gap,2284.0,2475.0,17437.74
2023-07,2023-07-01,F-04117,POP Ginger Chews Blood Orange 4 oz (12ct/cs),1,SF,184.0,1976.92,184.0,1976.92,0.0,0.0,True,946.5,1101.0,792.0,10.744130434782608,False,True,True,deep_drop_gap,762.5,946.5,10169.32
2023-03,2023-03-01,F-04117,POP Ginger Chews Blood Orange 4 oz (12ct/cs),2,NJ,2383.0,9780.0,2383.0,9780.0,0.0,0.0,True,7507.0,6800.0,1647.0,4.1040704993705415,False,True,True,deep_drop_gap,5124.0,7507.0,30809.26
2023-04,2023-04-01,F-04117,POP Ginger Chews Blood Orange 4 oz (12ct/cs),2,NJ,1647.0,24168.03,1647.0,24168.03,0.0,0.0,True,7718.0,2383.0,12549.0,14.673970856102002,False,True,True,deep_drop_gap,6071.0,7718.0,113253.71
2023-12,2023-12-01,F-04117,POP Ginger Chews Blood Orange 4 oz (12ct/cs),2,NJ,1729.0,23400.829999999998,1002.0,14225.3,727.0,9175.529999999999,True,6591.5,4129.0,7607.0,14.19690618762475,False,True,True,deep_drop_gap,5589.5,6591.5,93578.91
2024-02,2024-02-01,F-04117,POP Ginger Chews Blood Orange 4 oz (12ct/cs),E1,UNMAPPED,0.0,0.0,0.0,0.0,0.0,0.0,True,16.0,16.0,0.0,2.9949999999999997,True,False,True,zero_sales_gap,16.0,16.0,47.92
2024-03,2024-03-01,F-04117,POP Ginger Chews Blood Orange 4 oz (12ct/cs),E1,UNMAPPED,0.0,0.0,0.0,0.0,0.0,0.0,True,16.0,0.0,0.0,2.9949999999999997,True,False,True,zero_sales_gap,16.0,16.0,47.92
2024-10,2024-10-01,F-04117,POP Ginger Chews Blood Orange 4 oz (12ct/cs),E1,UNMAPPED,0.0,0.0,0.0,0.0,0.0,0.0,True,2.0,0.0,0.0,2.9949999999999997,True,False,True,zero_sales_gap,2.0,2.0,5.99
2024-11,2024-11-01,F-04117,POP Ginger Chews Blood Orange 4 oz (12ct/cs),E1,UNMAPPED,0.0,0.0,0.0,0.0,0.0,0.0,True,11.5,0.0,2.0,2.9949999999999997,True,False,True,zero_sales_gap,11.5,11.5,34.44
2025-06,2025-06-01,F-04117,POP Ginger Chews Blood Orange 4 oz (12ct/cs),E1,UNMAPPED,0.0,0.0,0.0,0.0,0.0,0.0,True,6.0,6.0,212.0,3.33,True,False,True,zero_sales_gap,6.0,6.0,19.98
2025-08,2025-08-01,F-04117,POP Ginger Chews Blood Orange 4 oz (12ct/cs),E1,UNMAPPED,0.0,0.0,0.0,0.0,0.0,0.0,True,108.5,212.0,5.0,0.0,True,False,True,zero_sales_gap,108.5,108.5,0.0
2023-07,2023-07-01,F-04118,POP Ginger Chews Pineapple Coconut 4 oz (12ct/cs),1,SF,86.0,795.9,86.0,795.9,0.0,0.0,True,438.5,423.0,195.0,9.254651162790697,False,True,True,deep_drop_gap,352.5,438.5,4058.16
2025-01,2025-01-01,F-04118,POP Ginger Chews Pineapple Coconut 4 oz (12ct/cs),1,SF,163.0,979.89,163.0,979.89,0.0,0.0,True,1056.5,659.0,1454.0,6.01159509202454,False,True,True,deep_drop_gap,893.5,1056.5,6351.25
2025-03,2025-03-01,F-04118,POP Ginger Chews Pineapple Coconut 4 oz (12ct/cs),1,SF,149.0,1434.8,131.0,1125.23,18.0,309.56999999999994,True,532.0,1454.0,901.0,8.589541984732824,False,True,True,deep_drop_gap,401.0,532.0,4569.64
2023-06,2023-06-01,F-04118,POP Ginger Chews Pineapple Coconut 4 oz (12ct/cs),2,NJ,216.0,2673.4700000000003,216.0,2673.4700000000003,0.0,0.0,True,542.0,227.0,814.0,12.377175925925927,False,True,True,deep_drop_gap,326.0,542.0,6708.43
2024-04,2024-04-01,F-04118,POP Ginger Chews Pineapple Coconut 4 oz (12ct/cs),2,NJ,0.0,0.0,0.0,0.0,0.0,0.0,True,3006.0,28.0,7634.0,15.439285714285715,True,False,True,zero_sales_gap,3006.0,3006.0,46410.49
2025-01,2025-01-01,F-04118,POP Ginger Chews Pineapple Coconut 4 oz (12ct/cs),E1,UNMAPPED,2.0,8.0,2.0,8.0,0.0,0.0,True,6.0,1.0,6.0,4.0,False,True,True,deep_drop_gap,4.0,6.0,24.0
2025-05,2025-05-01,F-04118,POP Ginger Chews Pineapple Coconut 4 oz (12ct/cs),E1,UNMAPPED,0.0,0.0,0.0,0.0,0.0,0.0,True,16.5,7.0,17.0,3.3057142857142856,True,False,True,zero_sales_gap,16.5,16.5,54.54
2025-07,2025-07-01,F-04118,POP Ginger Chews Pineapple Coconut 4 oz (12ct/cs),E1,UNMAPPED,16.0,56.02,16.0,56.02,0.0,0.0,True,132.5,17.0,248.0,3.50125,False,True,True,deep_drop_gap,116.5,132.5,463.92
2023-04,2023-04-01,F-04130,POP Ginger Chews Plus+ Original 3 oz,1,SF,73.0,2939.94,73.0,2939.94,0.0,0.0,True,390.5,495.0,475.0,40.27315068493151,False,True,True,deep_drop_gap,317.5,390.5,15726.67
2023-08,2023-08-01,F-04130,POP Ginger Chews Plus+ Original 3 oz,2,NJ,239.0,10598.97,239.0,10598.97,0.0,0.0,True,635.5,583.0,693.0,44.34715481171548,False,True,True,deep_drop_gap,396.5,635.5,28182.62
2023-08,2023-08-01,F-04130,POP Ginger Chews Plus+ Original 3 oz,3,LA,9.0,0.0,9.0,0.0,0.0,0.0,True,261.5,238.0,253.0,0.0,False,True,True,deep_drop_gap,252.5,261.5,0.0
2025-02,2025-02-01,F-04130,POP Ginger Chews Plus+ Original 3 oz,E1,UNMAPPED,0.0,0.0,0.0,0.0,0.0,0.0,True,5.0,5.0,0.0,6.774000000000001,True,False,True,zero_sales_gap,5.0,5.0,33.87
2025-03,2025-03-01,F-04130,POP Ginger Chews Plus+ Original 3 oz,E1,UNMAPPED,0.0,0.0,0.0,0.0,0.0,0.0,True,5.0,0.0,0.0,6.774000000000001,True,False,True,zero_sales_gap,5.0,5.0,33.87
2025-06,2025-06-01,F-04130,POP Ginger Chews Plus+ Original 3 oz,E1,UNMAPPED,0.0,0.0,0.0,0.0,0.0,0.0,True,5.0,0.0,0.0,6.774000000000001,True,False,True,zero_sales_gap,5.0,5.0,33.87
2025-07,2025-07-01,F-04130,POP Ginger Chews Plus+ Original 3 oz,E1,UNMAPPED,0.0,0.0,0.0,0.0,0.0,0.0,True,5.0,0.0,5.0,6.774000000000001,True,False,True,zero_sales_gap,5.0,5.0,33.87
2025-09,2025-09-01,F-04130,POP Ginger Chews Plus+ Original 3 oz,E1,UNMAPPED,0.0,0.0,0.0,0.0,0.0,0.0,True,7.0,5.0,0.0,5.779999999999999,True,False,True,zero_sales_gap,7.0,7.0,40.46
2025-10,2025-10-01,F-04130,POP Ginger Chews Plus+ Original 3 oz,E1,UNMAPPED,0.0,0.0,0.0,0.0,0.0,0.0,True,7.0,0.0,9.0,5.779999999999999,True,False,True,zero_sales_gap,7.0,7.0,40.46
2023-06,2023-06-01,F-04131,POP Ginger Chews Plus+ Lemon 3 oz,1,SF,196.0,8393.45,196.0,8393.45,0.0,0.0,True,663.5,368.0,959.0,42.82372448979592,False,True,True,deep_drop_gap,467.5,663.5,28413.54
2023-09,2023-09-01,F-04131,POP Ginger Chews Plus+ Lemon 3 oz,1,SF,234.0,4818.400000000001,28.0,10.78,206.0,4807.620000000001,True,809.0,1133.0,336.0,0.38499999999999995,False,True,True,deep_drop_gap,781.0,809.0,311.46
2024-04,2024-04-01,F-04131,POP Ginger Chews Plus+ Lemon 3 oz,1,SF,159.0,3821.4999999999995,59.0,1721.0900000000001,100.0,2100.4099999999994,True,514.0,575.0,492.0,29.171016949152545,False,True,True,deep_drop_gap,455.0,514.0,14993.9
2025-04,2025-04-01,F-04131,POP Ginger Chews Plus+ Lemon 3 oz,1,SF,120.0,7188.439999999999,49.0,1418.14,71.0,5770.299999999998,True,419.5,124.0,1695.0,28.941632653061227,False,True,True,deep_drop_gap,370.5,419.5,12141.01
2025-10,2025-10-01,F-04131,POP Ginger Chews Plus+ Lemon 3 oz,1,SF,36.0,2445.66,36.0,2445.66,0.0,0.0,True,98.5,136.0,45.0,67.935,False,True,True,deep_drop_gap,62.5,98.5,6691.6
2023-07,2023-07-01,F-04131,POP Ginger Chews Plus+ Lemon 3 oz,2,NJ,0.0,0.0,0.0,0.0,0.0,0.0,True,444.5,651.0,281.0,14.83362519201229,True,False,True,zero_sales_gap,444.5,444.5,6593.55
2025-06,2025-06-01,F-04131,POP Ginger Chews Plus+ Lemon 3 oz,2,NJ,225.0,20301.11,163.0,14466.659999999998,62.0,5834.450000000003,True,685.5,323.0,678.0,88.7525153374233,False,True,True,deep_drop_gap,522.5,685.5,60839.85
2025-09,2025-09-01,F-04131,POP Ginger Chews Plus+ Lemon 3 oz,2,NJ,306.0,27945.83,178.0,15706.619999999999,128.0,12239.210000000003,True,832.0,1476.0,1341.0,88.23943820224719,False,True,True,deep_drop_gap,654.0,832.0,73415.21
2023-06,2023-06-01,F-04131,POP Ginger Chews Plus+ Lemon 3 oz,3,LA,31.0,2385.87,31.0,2385.87,0.0,0.0,True,151.0,462.0,5.0,76.96354838709676,False,True,True,deep_drop_gap,120.0,151.0,11621.5
2023-07,2023-07-01,F-04131,POP Ginger Chews Plus+ Lemon 3 oz,3,LA,5.0,16.17,5.0,16.17,0.0,0.0,True,31.0,31.0,11.0,3.2340000000000004,False,True,True,deep_drop_gap,26.0,31.0,100.25
2023-08,2023-08-01,F-04131,POP Ginger Chews Plus+ Lemon 3 oz,3,LA,11.0,10.78,11.0,10.78,0.0,0.0,True,31.0,5.0,48.0,0.98,False,True,True,deep_drop_gap,20.0,31.0,30.38
2023-07,2023-07-01,F-04211,POP Ginger Chews Original 2 oz,1,SF,1.0,0.0,1.0,0.0,0.0,0.0,True,17.0,175268.0,17.0,0.0,False,True,True,deep_drop_gap,16.0,17.0,0.0
2024-01,2024-01-01,F-04211,POP Ginger Chews Original 2 oz,1,SF,0.0,0.0,0.0,0.0,0.0,0.0,True,4.0,1.0,4.0,0.0,True,False,True,zero_sales_gap,4.0,4.0,0.0
2024-03,2024-03-01,F-04211,POP Ginger Chews Original 2 oz,1,SF,0.0,0.0,0.0,0.0,0.0,0.0,True,4.0,4.0,6.0,0.0,True,False,True,zero_sales_gap,4.0,4.0,0.0
2024-06,2024-06-01,F-04211,POP Ginger Chews Original 2 oz,1,SF,0.0,0.0,0.0,0.0,0.0,0.0,True,7.0,2.0,8.0,0.0,True,False,True,zero_sales_gap,7.0,7.0,0.0
2024-08,2024-08-01,F-04211,POP Ginger Chews Original 2 oz,1,SF,25.0,0.0,25.0,0.0,0.0,0.0,True,13838.5,8.0,9614.0,0.0,False,True,True,deep_drop_gap,13813.5,13838.5,0.0
2024-12,2024-12-01,F-04211,POP Ginger Chews Original 2 oz,1,SF,6.0,0.0,6.0,0.0,0.0,0.0,True,44.0,19.0,5080.0,0.0,False,True,True,deep_drop_gap,38.0,44.0,0.0
2025-11,2025-11-01,F-04211,POP Ginger Chews Original 2 oz,1,SF,26.0,0.0,1.0,0.0,25.0,0.0,True,5049.0,9169.0,5049.0,0.0,False,True,True,deep_drop_gap,5048.0,5049.0,0.0
2024-02,2024-02-01,F-04211,POP Ginger Chews Original 2 oz,2,NJ,2.0,0.0,2.0,0.0,0.0,0.0,True,103140.5,175341.0,12665.0,0.0,False,True,True,deep_drop_gap,103138.5,103140.5,0.0
2024-03,2024-03-01,F-04211,POP Ginger Chews Original 2 oz,2,NJ,12665.0,8233.11,12665.0,8233.11,0.0,0.0,True,133009.5,2.0,175296.0,0.6500679036715358,False,True,True,deep_drop_gap,120344.5,133009.5,86465.21
2024-07,2024-07-01,F-04211,POP Ginger Chews Original 2 oz,2,NJ,1065.0,49.6,1065.0,49.6,0.0,0.0,True,45369.0,157416.0,94783.0,0.046572769953051645,False,True,True,deep_drop_gap,44304.0,45369.0,2112.96
2024-01,2024-01-01,F-04211,POP Ginger Chews Original 2 oz,3,LA,0.0,0.0,0.0,0.0,0.0,0.0,True,9614.0,14879.0,106372.0,0.6500053767054238,True,False,True,zero_sales_gap,9614.0,9614.0,6249.15
2024-03,2024-03-01,F-04211,POP Ginger Chews Original 2 oz,3,LA,0.0,0.0,0.0,0.0,0.0,0.0,True,32.0,106372.0,32.0,7.085714285714286,True,False,True,zero_sales_gap,32.0,32.0,226.74
2024-08,2024-08-01,F-04211,POP Ginger Chews Original 2 oz,3,LA,0.0,0.0,0.0,0.0,0.0,0.0,True,66004.0,97309.0,19686.0,0.6498507846139617,True,False,True,zero_sales_gap,66004.0,66004.0,42892.75
2024-10,2024-10-01,F-04211,POP Ginger Chews Original 2 oz,3,LA,153.0,0.0,153.0,0.0,0.0,0.0,True,12670.5,19686.0,25337.0,0.0,False,True,True,deep_drop_gap,12517.5,12670.5,0.0
2025-01,2025-01-01,F-04211,POP Ginger Chews Original 2 oz,3,LA,0.0,0.0,0.0,0.0,0.0,0.0,True,20.5,5040.0,33.0,0.0,True,False,True,zero_sales_gap,20.5,20.5,0.0
2025-03,2025-03-01,F-04211,POP Ginger Chews Original 2 oz,3,LA,8.0,433.4,8.0,433.4,0.0,0.0,True,4587.0,33.0,17705.0,54.175,False,True,True,deep_drop_gap,4579.0,4587.0,248500.72
2025-05,2025-05-01,F-04211,POP Ginger Chews Original 2 oz,3,LA,4587.0,3504.61,4587.0,3504.61,0.0,0.0,True,17705.0,17705.0,22972.0,0.7640309570525398,False,True,True,deep_drop_gap,13118.0,17705.0,13527.17
2024-12,2024-12-01,F-04220,POP Ginger Chews Original 2 oz(24ct/cs),1,SF,0.0,0.0,0.0,0.0,0.0,0.0,True,1452.0,1669.0,0.0,16.796848412222886,True,False,True,zero_sales_gap,1452.0,1452.0,24389.02
2025-01,2025-01-01,F-04220,POP Ginger Chews Original 2 oz(24ct/cs),1,SF,0.0,0.0,0.0,0.0,0.0,0.0,True,1452.0,0.0,1452.0,16.796848412222886,True,False,True,zero_sales_gap,1452.0,1452.0,24389.02
2025-05,2025-05-01,F-04220,POP Ginger Chews Original 2 oz(24ct/cs),1,SF,0.0,0.0,0.0,0.0,0.0,0.0,True,1338.0,545.0,1556.0,16.78988990825688,True,False,True,zero_sales_gap,1338.0,1338.0,22464.87
2025-01,2025-01-01,F-04220,POP Ginger Chews Original 2 oz(24ct/cs),2,NJ,0.0,0.0,0.0,0.0,0.0,0.0,True,3173.5,2407.0,5429.0,16.814540922309927,True,False,True,zero_sales_gap,3173.5,3173.5,53360.95
2025-03,2025-03-01,F-04220,POP Ginger Chews Original 2 oz(24ct/cs),2,NJ,575.0,9657.81,575.0,9657.81,0.0,0.0,True,4868.5,5429.0,4308.0,16.796191304347825,False,True,True,deep_drop_gap,4293.5,4868.5,81772.26
2025-05,2025-05-01,F-04220,POP Ginger Chews Original 2 oz(24ct/cs),2,NJ,0.0,0.0,0.0,0.0,0.0,0.0,True,3639.5,4308.0,4503.0,16.796288300835656,True,False,True,zero_sales_gap,3639.5,3639.5,61130.09
2025-09,2025-09-01,F-04220,POP Ginger Chews Original 2 oz(24ct/cs),2,NJ,873.0,14674.61,873.0,14674.61,0.0,0.0,True,2937.5,5728.0,2590.0,16.809404352806414,False,True,True,deep_drop_gap,2064.5,2937.5,49377.63
2024-12,2024-12-01,F-04221,POP Ginger Chews Lemon 2 oz(24ct/cs),1,SF,0.0,0.0,0.0,0.0,0.0,0.0,True,1510.0,1631.0,0.0,16.813083997547515,True,False,True,zero_sales_gap,1510.0,1510.0,25387.76
2025-01,2025-01-01,F-04221,POP Ginger Chews Lemon 2 oz(24ct/cs),1,SF,0.0,0.0,0.0,0.0,0.0,0.0,True,1510.0,0.0,1510.0,16.813083997547515,True,False,True,zero_sales_gap,1510.0,1510.0,25387.76
2025-04,2025-04-01,F-04221,POP Ginger Chews Lemon 2 oz(24ct/cs),1,SF,0.0,0.0,0.0,0.0,0.0,0.0,True,1487.0,1487.0,1130.0,16.797363819771352,True,False,True,zero_sales_gap,1487.0,1487.0,24977.68
2025-06,2025-06-01,F-04221,POP Ginger Chews Lemon 2 oz(24ct/cs),1,SF,0.0,0.0,0.0,0.0,0.0,0.0,True,1914.0,1130.0,1914.0,16.80174336283186,True,False,True,zero_sales_gap,1914.0,1914.0,32158.54
2025-01,2025-01-01,F-04221,POP Ginger Chews Lemon 2 oz(24ct/cs),2,NJ,0.0,0.0,0.0,0.0,0.0,0.0,True,4361.5,2357.0,4872.0,16.79649978786593,True,False,True,zero_sales_gap,4361.5,4361.5,73257.93
2025-04,2025-04-01,F-04221,POP Ginger Chews Lemon 2 oz(24ct/cs),2,NJ,0.0,0.0,0.0,0.0,0.0,0.0,True,4872.0,4897.0,3429.0,16.79185011231366,True,False,True,zero_sales_gap,4872.0,4872.0,81809.89
2025-06,2025-06-01,F-04221,POP Ginger Chews Lemon 2 oz(24ct/cs),2,NJ,0.0,0.0,0.0,0.0,0.0,0.0,True,3875.0,3429.0,3875.0,16.792895888013998,True,False,True,zero_sales_gap,3875.0,3875.0,65072.47
2025-09,2025-09-01,F-04221,POP Ginger Chews Lemon 2 oz(24ct/cs),2,NJ,854.0,14354.349999999999,854.0,14354.349999999999,0.0,0.0,True,3289.0,8549.0,2532.0,16.808372365339576,False,True,True,deep_drop_gap,2435.0,3289.0,55282.74
2025-03,2025-03-01,F-12122,Ferrero Rocher 12 Pcs,1,SF,28.0,1701.63,28.0,1701.63,0.0,0.0,True,73.0,68.0,78.0,60.7725,False,True,True,deep_drop_gap,45.0,73.0,4436.39
2023-04,2023-04-01,F-12122,Ferrero Rocher 12 Pcs,2,NJ,107.0,4744.38,107.0,4744.38,0.0,0.0,True,530.5,607.0,742.0,44.34,False,True,True,deep_drop_gap,423.5,530.5,23522.37
2023-11,2023-11-01,F-12122,Ferrero Rocher 12 Pcs,2,NJ,200.0,10779.31,200.0,10779.31,0.0,0.0,True,507.0,391.0,623.0,53.89655,False,True,True,deep_drop_gap,307.0,507.0,27325.55
2023-11,2023-11-01,F-12122,Ferrero Rocher 12 Pcs,3,LA,33.0,1745.46,33.0,1745.46,0.0,0.0,True,96.0,71.0,712.0,52.89272727272727,False,True,True,deep_drop_gap,63.0,96.0,5077.7
2024-03,2024-03-01,F-12402,Ferrero Rocher 24 Pcs Diamond,1,SF,65.0,3499.4,65.0,3499.4,0.0,0.0,True,367.0,698.0,87.0,53.83692307692308,False,True,True,deep_drop_gap,302.0,367.0,19758.15
2024-04,2024-04-01,F-12402,Ferrero Rocher 24 Pcs Diamond,1,SF,87.0,4807.92,87.0,4807.92,0.0,0.0,True,506.5,65.0,315.0,55.26344827586207,False,True,True,deep_drop_gap,419.5,506.5,27990.94
2024-07,2024-07-01,F-12402,Ferrero Rocher 24 Pcs Diamond,1,SF,40.0,2492.7200000000003,40.0,2492.7200000000003,0.0,0.0,True,192.0,707.0,57.0,62.318000000000005,False,True,True,deep_drop_gap,152.0,192.0,11965.06
2024-08,2024-08-01,F-12402,Ferrero Rocher 24 Pcs Diamond,1,SF,57.0,3600.34,57.0,3600.34,0.0,0.0,True,144.0,40.0,69.0,63.16385964912281,False,True,True,deep_drop_gap,87.0,144.0,9095.6
2024-11,2024-11-01,F-12402,Ferrero Rocher 24 Pcs Diamond,1,SF,68.0,3054.32,68.0,3054.32,0.0,0.0,True,210.0,219.0,681.0,44.9164705882353,False,True,True,deep_drop_gap,142.0,210.0,9432.46
2025-03,2025-03-01,F-12402,Ferrero Rocher 24 Pcs Diamond,1,SF,64.0,4338.39,64.0,4338.39,0.0,0.0,True,189.0,177.0,61.0,67.78734375,False,True,True,deep_drop_gap,125.0,189.0,12811.81
2024-11,2024-11-01,F-12402,Ferrero Rocher 24 Pcs Diamond,2,NJ,72.0,4275.18,72.0,4275.18,0.0,0.0,True,1000.5,256.0,1582.0,59.377500000000005,False,True,True,deep_drop_gap,928.5,1000.5,59407.19
2025-10,2025-10-01,F-12402,Ferrero Rocher 24 Pcs Diamond,2,NJ,137.0,8660.25,137.0,8660.25,0.0,0.0,True,435.0,419.0,302.0,63.21350364963504,False,True,True,deep_drop_gap,298.0,435.0,27497.87
2026-03,2026-03-01,F-12402,Ferrero Rocher 24 Pcs Diamond,2,NJ,10.0,639.28,10.0,639.28,0.0,0.0,True,378.0,1046.0,128.0,63.928,False,True,True,deep_drop_gap,368.0,378.0,24164.78
2023-03,2023-03-01,F-12402,Ferrero Rocher 24 Pcs Diamond,3,LA,100.0,5366.49,100.0,5366.49,0.0,0.0,True,278.5,216.0,532.0,53.664899999999996,False,True,True,deep_drop_gap,178.5,278.5,14945.67
2024-03,2024-03-01,F-12402,Ferrero Rocher 24 Pcs Diamond,3,LA,120.0,6423.0,120.0,6423.0,0.0,0.0,True,630.5,1342.0,252.0,53.525,False,True,True,deep_drop_gap,510.5,630.5,33747.51
2024-09,2024-09-01,F-12402,Ferrero Rocher 24 Pcs Diamond,3,LA,96.0,5748.82,96.0,5748.82,0.0,0.0,True,325.0,201.0,449.0,59.883541666666666,False,True,True,deep_drop_gap,229.0,325.0,19462.15
2026-03,2026-03-01,F-12402,Ferrero Rocher 24 Pcs Diamond,3,LA,19.0,1387.31,19.0,1387.31,0.0,0.0,True,68.0,68.0,22.0,73.01631578947368,False,True,True,deep_drop_gap,49.0,68.0,4965.11
2023-02,2023-02-01,F-12418,Ferrero Rocher 24 pcs Diamond Display,2,NJ,0.0,0.0,0.0,0.0,0.0,0.0,True,1.0,1.0,0.0,417.72,True,False,True,zero_sales_gap,1.0,1.0,417.72
2023-03,2023-03-01,F-12418,Ferrero Rocher 24 pcs Diamond Display,2,NJ,0.0,0.0,0.0,0.0,0.0,0.0,True,1.0,0.0,0.0,417.72,True,False,True,zero_sales_gap,1.0,1.0,417.72
2023-07,2023-07-01,F-12418,Ferrero Rocher 24 pcs Diamond Display,2,NJ,0.0,0.0,0.0,0.0,0.0,0.0,True,25.0,0.0,0.0,417.72,True,False,True,zero_sales_gap,25.0,25.0,10443.0
2023-08,2023-08-01,F-12418,Ferrero Rocher 24 pcs Diamond Display,2,NJ,0.0,0.0,0.0,0.0,0.0,0.0,True,105.5,0.0,25.0,417.72,True,False,True,zero_sales_gap,105.5,105.5,44069.46
2024-01,2024-01-01,F-12418,Ferrero Rocher 24 pcs Diamond Display,2,NJ,0.0,0.0,0.0,0.0,0.0,0.0,True,8.0,8.0,5.0,410.78875,True,False,True,zero_sales_gap,8.0,8.0,3286.31
2024-03,2024-03-01,F-12418,Ferrero Rocher 24 pcs Diamond Display,2,NJ,0.0,0.0,0.0,0.0,0.0,0.0,True,10.0,5.0,15.0,409.19,True,False,True,zero_sales_gap,10.0,10.0,4091.9
2023-03,2023-03-01,F-12418,Ferrero Rocher 24 pcs Diamond Display,3,LA,0.0,0.0,0.0,0.0,0.0,0.0,True,1.0,1.0,0.0,415.58,True,False,True,zero_sales_gap,1.0,1.0,415.58
2023-04,2023-04-01,F-12418,Ferrero Rocher 24 pcs Diamond Display,3,LA,0.0,0.0,0.0,0.0,0.0,0.0,True,1.0,0.0,0.0,415.58,True,False,True,zero_sales_gap,1.0,1.0,415.58
2023-08,2023-08-01,F-12418,Ferrero Rocher 24 pcs Diamond Display,3,LA,0.0,0.0,0.0,0.0,0.0,0.0,True,58.0,0.0,0.0,415.58,True,False,True,zero_sales_gap,58.0,58.0,24103.64
2023-09,2023-09-01,F-12418,Ferrero Rocher 24 pcs Diamond Display,3,LA,0.0,0.0,0.0,0.0,0.0,0.0,True,65.0,0.0,58.0,415.58,True,False,True,zero_sales_gap,65.0,65.0,27012.7
2023-12,2023-12-01,F-12418,Ferrero Rocher 24 pcs Diamond Display,3,LA,23.0,9944.210000000001,23.0,9944.210000000001,0.0,0.0,True,58.0,72.0,1.0,432.35695652173916,False,True,True,deep_drop_gap,35.0,58.0,25076.7
2024-02,2024-02-01,F-12418,Ferrero Rocher 24 pcs Diamond Display,3,LA,0.0,0.0,0.0,0.0,0.0,0.0,True,12.0,1.0,0.0,421.98,True,False,True,zero_sales_gap,12.0,12.0,5063.76
2024-03,2024-03-01,F-12418,Ferrero Rocher 24 pcs Diamond Display,3,LA,0.0,0.0,0.0,0.0,0.0,0.0,True,6.0,0.0,0.0,421.98,True,False,True,zero_sales_gap,6.0,6.0,2531.88
2024-04,2024-04-01,F-12418,Ferrero Rocher 24 pcs Diamond Display,3,LA,0.0,0.0,0.0,0.0,0.0,0.0,True,11.0,0.0,11.0,421.98,True,False,True,zero_sales_gap,11.0,11.0,4641.78
2025-01,2025-01-01,F-12418,Ferrero Rocher 24 pcs Diamond Display(48),1,SF,0.0,0.0,0.0,0.0,0.0,0.0,True,6.0,4.0,0.0,434.77,True,False,True,zero_sales_gap,6.0,6.0,2608.62
2025-02,2025-02-01,F-12418,Ferrero Rocher 24 pcs Diamond Display(48),1,SF,0.0,0.0,0.0,0.0,0.0,0.0,True,4.0,0.0,0.0,434.77,True,False,True,zero_sales_gap,4.0,4.0,1739.08
2025-08,2025-08-01,F-12418,Ferrero Rocher 24 pcs Diamond Display(48),1,SF,0.0,0.0,0.0,0.0,0.0,0.0,True,7.0,0.0,0.0,434.77,True,False,True,zero_sales_gap,7.0,7.0,3043.39
2025-09,2025-09-01,F-12418,Ferrero Rocher 24 pcs Diamond Display(48),1,SF,0.0,0.0,0.0,0.0,0.0,0.0,True,36.5,0.0,7.0,434.77,True,False,True,zero_sales_gap,36.5,36.5,15869.1
2026-01,2026-01-01,F-12418,Ferrero Rocher 24 pcs Diamond Display(48),1,SF,1.0,498.7,1.0,498.7,0.0,0.0,True,30.0,32.0,6.0,498.7,False,True,True,deep_drop_gap,29.0,30.0,14961.0
2025-01,2025-01-01,F-12418,Ferrero Rocher 24 pcs Diamond Display(48),2,NJ,0.0,0.0,0.0,0.0,0.0,0.0,True,65.0,34.0,0.0,455.8285294117647,True,False,True,zero_sales_gap,65.0,65.0,29628.85
2025-02,2025-02-01,F-12418,Ferrero Rocher 24 pcs Diamond Display(48),2,NJ,0.0,0.0,0.0,0.0,0.0,0.0,True,34.0,0.0,0.0,455.8285294117647,True,False,True,zero_sales_gap,34.0,34.0,15498.17
2025-07,2025-07-01,F-12418,Ferrero Rocher 24 pcs Diamond Display(48),2,NJ,0.0,0.0,0.0,0.0,0.0,0.0,True,8.0,0.0,0.0,455.8285294117647,True,False,True,zero_sales_gap,8.0,8.0,3646.63
2025-08,2025-08-01,F-12418,Ferrero Rocher 24 pcs Diamond Display(48),2,NJ,0.0,0.0,0.0,0.0,0.0,0.0,True,41.5,0.0,8.0,455.8285294117647,True,False,True,zero_sales_gap,41.5,41.5,18916.88
2025-12,2025-12-01,F-12418,Ferrero Rocher 24 pcs Diamond Display(48),2,NJ,12.0,6214.6,12.0,6214.6,0.0,0.0,True,69.0,72.0,71.0,517.8833333333333,False,True,True,deep_drop_gap,57.0,69.0,35733.95
2026-02,2026-02-01,F-12418,Ferrero Rocher 24 pcs Diamond Display(48),2,NJ,12.0,6444.75,12.0,6444.75,0.0,0.0,True,64.0,71.0,64.0,537.0625,False,True,True,deep_drop_gap,52.0,64.0,34372.0
2024-11,2024-11-01,F-12418,Ferrero Rocher 24 pcs Diamond Display(48),3,LA,6.0,2736.48,6.0,2736.48,0.0,0.0,True,63.0,123.0,3.0,456.08,False,True,True,deep_drop_gap,57.0,63.0,28733.04
2025-01,2025-01-01,F-12418,Ferrero Rocher 24 pcs Diamond Display(48),3,LA,0.0,0.0,0.0,0.0,0.0,0.0,True,4.5,3.0,0.0,456.08,True,False,True,zero_sales_gap,4.5,4.5,2052.36
2025-02,2025-02-01,F-12418,Ferrero Rocher 24 pcs Diamond Display(48),3,LA,0.0,0.0,0.0,0.0,0.0,0.0,True,3.0,0.0,0.0,456.08,True,False,True,zero_sales_gap,3.0,3.0,1368.24
2025-08,2025-08-01,F-12418,Ferrero Rocher 24 pcs Diamond Display(48),3,LA,0.0,0.0,0.0,0.0,0.0,0.0,True,81.0,0.0,0.0,456.08,True,False,True,zero_sales_gap,81.0,81.0,36942.48
2025-09,2025-09-01,F-12418,Ferrero Rocher 24 pcs Diamond Display(48),3,LA,0.0,0.0,0.0,0.0,0.0,0.0,True,93.0,0.0,81.0,456.08,True,False,True,zero_sales_gap,93.0,93.0,42415.44
2024-03,2024-03-01,F-12998,Ferrero Rocher 48's Flat Gift Box,1,SF,4.0,980.35,4.0,980.35,0.0,0.0,True,18.0,19.0,18.0,245.0875,False,True,True,deep_drop_gap,14.0,18.0,4411.58
2024-08,2024-08-01,F-12998,Ferrero Rocher 48's Flat Gift Box,1,SF,7.0,1753.97,7.0,1753.97,0.0,0.0,True,18.5,15.0,10.0,250.56714285714287,False,True,True,deep_drop_gap,11.5,18.5,4635.49
2024-11,2024-11-01,F-12998,Ferrero Rocher 48's Flat Gift Box,1,SF,5.0,1270.18,5.0,1270.18,0.0,0.0,True,20.0,82.0,20.0,254.036,False,True,True,deep_drop_gap,15.0,20.0,5080.72
2025-03,2025-03-01,F-12998,Ferrero Rocher 48's Flat Gift Box,1,SF,7.0,1781.67,7.0,1781.67,0.0,0.0,True,19.5,27.0,19.0,254.52428571428572,False,True,True,deep_drop_gap,12.5,19.5,4963.22
2024-10,2024-10-01,F-12998,Ferrero Rocher 48's Flat Gift Box,2,NJ,3.0,733.13,3.0,733.13,0.0,0.0,True,42.0,150.0,34.0,244.37666666666667,False,True,True,deep_drop_gap,39.0,42.0,10263.82
2025-01,2025-01-01,F-12998,Ferrero Rocher 48's Flat Gift Box,2,NJ,0.0,0.0,0.0,0.0,0.0,0.0,True,19.5,48.0,2.0,161.79333333333332,True,False,True,zero_sales_gap,19.5,19.5,3154.97
2025-03,2025-03-01,F-12998,Ferrero Rocher 48's Flat Gift Box,2,NJ,5.0,1312.8000000000002,5.0,1312.8000000000002,0.0,0.0,True,28.0,2.0,28.0,262.56000000000006,False,True,True,deep_drop_gap,23.0,28.0,7351.68
2024-05,2024-05-01,F-12998,Ferrero Rocher 48's Flat Gift Box,3,LA,4.0,1022.96,4.0,1022.96,0.0,0.0,True,14.0,13.0,10.0,255.74,False,True,True,deep_drop_gap,10.0,14.0,3580.36
2024-08,2024-08-01,F-12998,Ferrero Rocher 48's Flat Gift Box,3,LA,5.0,1336.25,5.0,1336.25,0.0,0.0,True,18.0,24.0,12.0,267.25,False,True,True,deep_drop_gap,13.0,18.0,4810.5
2025-01,2025-01-01,F-12998,Ferrero Rocher 48's Flat Gift Box,3,LA,0.0,0.0,0.0,0.0,0.0,0.0,True,18.0,12.0,0.0,264.1791666666667,True,False,True,zero_sales_gap,18.0,18.0,4755.23
2025-02,2025-02-01,F-12998,Ferrero Rocher 48's Flat Gift Box,3,LA,0.0,0.0,0.0,0.0,0.0,0.0,True,18.0,0.0,18.0,264.1791666666667,True,False,True,zero_sales_gap,18.0,18.0,4755.23
2026-02,2026-02-01,F-12998,Ferrero Rocher 48's Flat Gift Box,3,LA,24.0,6347.27,24.0,6347.27,0.0,0.0,True,63.0,63.0,7.0,264.46958333333333,False,True,True,deep_drop_gap,39.0,63.0,16661.58
2023-11,2023-11-01,F-12998,Ferrero Rocher 48's Flat Gift Box (36/16/PLT),1,SF,3.0,767.22,3.0,767.22,0.0,0.0,True,13.5,9.0,7.0,255.74,False,True,True,deep_drop_gap,10.5,13.5,3452.49
2023-02,2023-02-01,F-12998,Ferrero Rocher 48's Flat Gift Box (36/16/PLT),3,LA,0.0,0.0,0.0,0.0,0.0,0.0,True,4.0,4.0,0.0,234.4325,True,False,True,zero_sales_gap,4.0,4.0,937.73
2023-03,2023-03-01,F-12998,Ferrero Rocher 48's Flat Gift Box (36/16/PLT),3,LA,0.0,0.0,0.0,0.0,0.0,0.0,True,4.0,0.0,0.0,234.4325,True,False,True,zero_sales_gap,4.0,4.0,937.73
2023-08,2023-08-01,F-12998,Ferrero Rocher 48's Flat Gift Box (36/16/PLT),3,LA,0.0,0.0,0.0,0.0,0.0,0.0,True,35.0,0.0,0.0,234.4325,True,False,True,zero_sales_gap,35.0,35.0,8205.14
2023-09,2023-09-01,F-12998,Ferrero Rocher 48's Flat Gift Box (36/16/PLT),3,LA,0.0,0.0,0.0,0.0,0.0,0.0,True,22.0,0.0,35.0,234.4325,True,False,True,zero_sales_gap,22.0,22.0,5157.52
2023-02,2023-02-01,F-20141,Ferrero Coll. 24 pcs (w/Hazelnut)#20148,1,SF,17.0,839.4,17.0,839.4,0.0,0.0,True,71.0,253.0,56.0,49.37647058823529,False,True,True,deep_drop_gap,54.0,71.0,3505.73
2023-07,2023-07-01,F-20141,Ferrero Coll. 24 pcs (w/Hazelnut)#20148,1,SF,36.0,2167.6,36.0,2167.6,0.0,0.0,True,112.0,47.0,64.0,60.21111111111111,False,True,True,deep_drop_gap,76.0,112.0,6743.64
2023-10,2023-10-01,F-20141,Ferrero Coll. 24 pcs (w/Hazelnut)#20148,1,SF,70.0,4104.7699999999995,70.0,4104.7699999999995,0.0,0.0,True,273.5,580.0,145.0,58.63957142857142,False,True,True,deep_drop_gap,203.5,273.5,16037.92
2024-08,2024-08-01,F-20141,Ferrero Coll. 24 pcs (w/Hazelnut)#20148,1,SF,28.0,1685.09,28.0,1685.09,0.0,0.0,True,153.0,157.0,37.0,60.18178571428571,False,True,True,deep_drop_gap,125.0,153.0,9207.81
2024-11,2024-11-01,F-20141,Ferrero Coll. 24 pcs (w/Hazelnut)#20148,1,SF,25.0,1436.95,25.0,1436.95,0.0,0.0,True,126.5,231.0,156.0,57.478,False,True,True,deep_drop_gap,101.5,126.5,7270.97
2025-03,2025-03-01,F-20141,Ferrero Coll. 24 pcs (w/Hazelnut)#20148,1,SF,0.0,0.0,0.0,0.0,0.0,0.0,True,62.5,13.0,28.0,51.97846153846154,True,False,True,zero_sales_gap,62.5,62.5,3248.65
2023-04,2023-04-01,F-20141,Ferrero Coll. 24 pcs (w/Hazelnut)#20148,2,NJ,121.0,6378.18,121.0,6378.18,0.0,0.0,True,481.0,484.0,444.0,52.71223140495868,False,True,True,deep_drop_gap,360.0,481.0,25354.58
2024-04,2024-04-01,F-20141,Ferrero Coll. 24 pcs (w/Hazelnut)#20148,2,NJ,96.0,4748.49,96.0,4748.49,0.0,0.0,True,311.5,293.0,330.0,49.4634375,False,True,True,deep_drop_gap,215.5,311.5,15407.86
2025-02,2025-02-01,F-20141,Ferrero Coll. 24 pcs (w/Hazelnut)#20148,2,NJ,148.0,8251.16,148.0,8251.16,0.0,0.0,True,438.0,755.0,74.0,55.75108108108108,False,True,True,deep_drop_gap,290.0,438.0,24418.97
2025-09,2025-09-01,F-20141,Ferrero Coll. 24 pcs (w/Hazelnut)#20148,2,NJ,98.0,5942.72,98.0,5942.72,0.0,0.0,True,256.0,288.0,360.0,60.64,False,True,True,deep_drop_gap,158.0,256.0,15523.84
2023-08,2023-08-01,F-20141,Ferrero Coll. 24 pcs (w/Hazelnut)#20148,3,LA,29.0,1780.1000000000001,29.0,1780.1000000000001,0.0,0.0,True,85.0,87.0,66.0,61.38275862068966,False,True,True,deep_drop_gap,56.0,85.0,5217.53
2024-07,2024-07-01,F-20141,Ferrero Coll. 24 pcs (w/Hazelnut)#20148,3,LA,49.0,3048.3100000000004,49.0,3048.3100000000004,0.0,0.0,True,124.5,193.0,33.0,62.21040816326531,False,True,True,deep_drop_gap,75.5,124.5,7745.2
2024-08,2024-08-01,F-20141,Ferrero Coll. 24 pcs (w/Hazelnut)#20148,3,LA,33.0,1890.63,33.0,1890.63,0.0,0.0,True,124.5,49.0,56.0,57.291818181818186,False,True,True,deep_drop_gap,91.5,124.5,7132.83
2024-09,2024-09-01,F-20141,Ferrero Coll. 24 pcs (w/Hazelnut)#20148,3,LA,56.0,3319.41,56.0,3319.41,0.0,0.0,True,152.0,33.0,412.0,59.27517857142857,False,True,True,deep_drop_gap,96.0,152.0,9009.83
2025-02,2025-02-01,F-20141,Ferrero Coll. 24 pcs (w/Hazelnut)#20148,3,LA,2.0,126.7,2.0,126.7,0.0,0.0,True,79.5,73.0,18.0,63.35,False,True,True,deep_drop_gap,77.5,79.5,5036.32
2025-03,2025-03-01,F-20141,Ferrero Coll. 24 pcs (w/Hazelnut)#20148,3,LA,18.0,1136.66,18.0,1136.66,0.0,0.0,True,79.5,2.0,86.0,63.14777777777778,False,True,True,deep_drop_gap,61.5,79.5,5020.25
2025-09,2025-09-01,F-20141,Ferrero Coll. 24 pcs (w/Hazelnut)#20148,3,LA,26.0,1756.83,26.0,1756.83,0.0,0.0,True,86.5,44.0,120.0,67.57038461538461,False,True,True,deep_drop_gap,60.5,86.5,5844.84
2024-06,2024-06-01,F-76010,Kjeldsens 1 lb Danish Cookie(#98838),2,NJ,60.0,4069.8,60.0,4069.8,0.0,0.0,True,166.0,178.0,166.0,67.83,False,True,True,deep_drop_gap,106.0,166.0,11259.78
2025-02,2025-02-01,F-76010,Kjeldsens 1 lb Danish Cookie(#98838),2,NJ,73.0,4577.150000000001,73.0,4577.150000000001,0.0,0.0,True,185.0,148.0,222.0,62.700684931506856,False,True,True,deep_drop_gap,112.0,185.0,11599.63
2026-03,2026-03-01,F-76010,Kjeldsens 1 lb Danish Cookie(#98838),2,NJ,81.0,5498.3,81.0,5498.3,0.0,0.0,True,214.0,214.0,32.0,67.88024691358025,False,True,True,deep_drop_gap,133.0,214.0,14526.37
2024-06,2024-06-01,F-76010,Kjeldsens 1 lb Danish Cookie(#98838),3,LA,45.0,3254.53,45.0,3254.53,0.0,0.0,True,137.5,131.0,144.0,72.3228888888889,False,True,True,deep_drop_gap,92.5,137.5,9944.4
2025-01,2025-01-01,F-76010,Kjeldsens 1 lb Danish Cookie(#98838),3,LA,0.0,0.0,0.0,0.0,0.0,0.0,True,218.5,482.0,105.0,61.071659751037345,True,False,True,zero_sales_gap,218.5,218.5,13344.16
2024-03,2024-03-01,F-97000,MX Eggrolls (32pcs),2,NJ,0.0,0.0,0.0,0.0,0.0,0.0,True,96.0,96.0,1.0,157.04166666666666,True,False,True,zero_sales_gap,96.0,96.0,15076.0
2024-05,2024-05-01,F-97000,MX Eggrolls (32pcs),2,NJ,0.0,0.0,0.0,0.0,0.0,0.0,True,3.0,1.0,3.0,96.19,True,False,True,zero_sales_gap,3.0,3.0,288.57
2024-08,2024-08-01,F-97000,MX Eggrolls (32pcs),2,NJ,32.0,6320.78,32.0,6320.78,0.0,0.0,True,103.0,66.0,203.0,197.524375,False,True,True,deep_drop_gap,71.0,103.0,20345.01
2025-05,2025-05-01,F-97000,MX Eggrolls (32pcs),2,NJ,67.0,11274.369999999999,67.0,11274.369999999999,0.0,0.0,True,269.0,139.0,343.0,168.2741791044776,False,True,True,deep_drop_gap,202.0,269.0,45265.75
2025-09,2025-09-01,F-97000,MX Eggrolls (32pcs),2,NJ,35.0,6238.35,35.0,6238.35,0.0,0.0,True,171.0,92.0,59.0,178.23857142857145,False,True,True,deep_drop_gap,136.0,171.0,30478.8
2025-10,2025-10-01,F-97000,MX Eggrolls (32pcs),2,NJ,59.0,8042.98,59.0,8042.98,0.0,0.0,True,179.5,35.0,407.0,136.32169491525423,False,True,True,deep_drop_gap,120.5,179.5,24469.74
2025-05,2025-05-01,J-72402,Totole Chicken Bouillon 2.2 lbs,1,SF,338.0,36278.52,338.0,36278.52,0.0,0.0,True,961.0,1686.0,544.0,107.33289940828402,False,True,True,deep_drop_gap,623.0,961.0,103146.92
2025-01,2025-01-01,J-72402,Totole Chicken Bouillon 2.2 lbs,3,LA,0.0,0.0,0.0,0.0,0.0,0.0,True,12.0,12.0,0.0,109.91666666666667,True,False,True,zero_sales_gap,12.0,12.0,1319.0
2025-02,2025-02-01,J-72402,Totole Chicken Bouillon 2.2 lbs,3,LA,0.0,0.0,0.0,0.0,0.0,0.0,True,12.0,0.0,0.0,109.91666666666667,True,False,True,zero_sales_gap,12.0,12.0,1319.0
2025-08,2025-08-01,J-72402,Totole Chicken Bouillon 2.2 lbs,3,LA,0.0,0.0,0.0,0.0,0.0,0.0,True,26.0,0.0,0.0,109.91666666666667,True,False,True,zero_sales_gap,26.0,26.0,2857.83
2025-09,2025-09-01,J-72402,Totole Chicken Bouillon 2.2 lbs,3,LA,0.0,0.0,0.0,0.0,0.0,0.0,True,14.0,0.0,26.0,109.91666666666667,True,False,True,zero_sales_gap,14.0,14.0,1538.83
2025-12,2025-12-01,J-72402,Totole Chicken Bouillon 2.2 lbs,3,LA,0.0,0.0,0.0,0.0,0.0,0.0,True,16.0,2.0,20.0,131.9,True,False,True,zero_sales_gap,16.0,16.0,2110.4
2023-04,2023-04-01,T-22010,"Tiger Balm 18g Red, Ext/St(MM)",1,SF,356.0,73868.52,356.0,73868.52,0.0,0.0,True,1362.0,3471.0,599.0,207.4958426966292,False,True,True,deep_drop_gap,1006.0,1362.0,282609.34
2023-04,2023-04-01,T-31510,"Tiger Balm 18g, Ultra/St",1,SF,697.0,191720.41999999998,697.0,191720.41999999998,0.0,0.0,True,10387.0,24576.0,919.0,275.0651649928264,False,True,True,deep_drop_gap,9690.0,10387.0,2857101.87
2024-07,2024-07-01,T-31510,"Tiger Balm 18g, Ultra/St",1,SF,3291.0,212897.8,3201.0,184237.88,90.0,28659.919999999984,True,8952.5,8318.0,9928.0,57.55635114026867,False,True,True,deep_drop_gap,5751.5,8952.5,515273.23
2024-07,2024-07-01,T-31510,"Tiger Balm 18g, Ultra/St",2,NJ,7474.0,620656.06,7194.0,539203.2000000001,280.0,81452.85999999999,True,20068.5,24915.0,43146.0,74.95179316096748,False,True,True,deep_drop_gap,12874.5,20068.5,1504170.06
2023-09,2023-09-01,T-31510R,"Tiger Balm 18g, Ultra/St - RFID",1,SF,63.0,20632.46,63.0,20632.46,0.0,0.0,True,196.0,196.0,130.0,327.4993650793651,False,True,True,deep_drop_gap,133.0,196.0,64189.88
2025-09,2025-09-01,T-31510R,"Tiger Balm 18g, Ultra/St - RFID",2,NJ,97.0,33755.200000000004,0.0,0.0,97.0,33755.200000000004,True,343.5,352.0,358.0,347.99175257731963,False,True,True,deep_drop_gap,343.5,343.5,119535.17
2023-02,2023-02-01,T-31520,Tiger Balm Ultra 10g,1,SF,104.0,12233.79,104.0,12233.79,0.0,0.0,True,2416.0,5885.0,163.0,117.63259615384617,False,True,True,deep_drop_gap,2312.0,2416.0,284200.35
2023-03,2023-03-01,T-31520,Tiger Balm Ultra 10g,1,SF,163.0,19559.2,163.0,19559.2,0.0,0.0,True,1798.0,104.0,2416.0,119.99509202453989,False,True,True,deep_drop_gap,1635.0,1798.0,215751.18
2024-04,2024-04-01,T-31520,Tiger Balm Ultra 10g,1,SF,154.0,18131.14,154.0,18131.14,0.0,0.0,True,473.0,495.0,777.0,117.73467532467532,False,True,True,deep_drop_gap,319.0,473.0,55688.5
2025-06,2025-06-01,T-31520,Tiger Balm Ultra 10g,1,SF,687.0,81771.85,687.0,81771.85,0.0,0.0,True,6802.5,7209.0,7200.0,119.02743813682679,False,True,True,deep_drop_gap,6115.5,6802.5,809684.15
2025-11,2025-11-01,T-31520,Tiger Balm Ultra 10g,1,SF,889.0,117387.65999999999,882.0,116544.59999999999,7.0,843.0599999999977,True,2735.0,2989.0,2839.0,132.13673469387754,False,True,True,deep_drop_gap,1853.0,2735.0,361393.97
2023-02,2023-02-01,T-31520,Tiger Balm Ultra 10g,2,NJ,9270.0,157566.62,9270.0,157566.62,0.0,0.0,True,27675.0,38738.0,27675.0,16.997477885652643,False,True,True,deep_drop_gap,18405.0,27675.0,470405.2
2024-02,2024-02-01,T-31520,Tiger Balm Ultra 10g,2,NJ,731.0,89085.09,731.0,89085.09,0.0,0.0,True,14066.5,17279.0,3343.0,121.86742818057455,False,True,True,deep_drop_gap,13335.5,14066.5,1714248.18
2024-03,2024-03-01,T-31520,Tiger Balm Ultra 10g,2,NJ,3343.0,132202.63,3343.0,132202.63,0.0,0.0,True,15652.5,731.0,53674.0,39.54610529464553,False,True,True,deep_drop_gap,12309.5,15652.5,618995.41
2024-07,2024-07-01,T-31520,Tiger Balm Ultra 10g,2,NJ,523.0,63448.85999999999,523.0,63448.85999999999,0.0,0.0,True,7652.0,15103.0,27269.0,121.31713193116633,False,True,True,deep_drop_gap,7129.0,7652.0,928318.69
2024-12,2024-12-01,T-31520,Tiger Balm Ultra 10g,2,NJ,4771.0,32441.64,177.0,22106.079999999998,4594.0,10335.560000000001,True,15141.0,46074.0,47220.0,124.89310734463275,False,True,True,deep_drop_gap,14964.0,15141.0,1891006.54
2024-05,2024-05-01,T-31520,Tiger Balm Ultra 10g,3,LA,3117.0,102224.09,3117.0,102224.09,0.0,0.0,True,10008.0,783.0,19233.0,32.795665704202754,False,True,True,deep_drop_gap,6891.0,10008.0,328219.02
2024-08,2024-08-01,T-31520,Tiger Balm Ultra 10g,3,LA,347.0,41984.0,347.0,41984.0,0.0,0.0,True,9777.5,28879.0,9645.0,120.9913544668588,False,True,True,deep_drop_gap,9430.5,9777.5,1182992.97
2025-01,2025-01-01,T-31520,Tiger Balm Ultra 10g,3,LA,46.0,5134.01,46.0,5134.01,0.0,0.0,True,128.0,2344.0,38.0,111.60891304347827,False,True,True,deep_drop_gap,82.0,128.0,14285.94
2025-02,2025-02-01,T-31520,Tiger Balm Ultra 10g,3,LA,38.0,2898.03,38.0,2898.03,0.0,0.0,True,128.0,46.0,209.0,76.26394736842106,False,True,True,deep_drop_gap,90.0,128.0,9761.79
2025-03,2025-03-01,T-31520,Tiger Balm Ultra 10g,3,LA,209.0,23119.910000000003,209.0,23119.910000000003,0.0,0.0,True,1386.0,38.0,6994.0,110.62157894736843,False,True,True,deep_drop_gap,1177.0,1386.0,153321.51
2023-05,2023-05-01,T-31541,"Tiger Balm 50g, Ultra/St",3,LA,172.0,34836.06,172.0,34836.06,0.0,0.0,True,582.5,706.0,770.0,202.5352325581395,False,True,True,deep_drop_gap,410.5,582.5,117976.77
2023-02,2023-02-01,T-32202,Tiger Balm Single Patch 12ct/disp,1,SF,96.0,1318.5,96.0,1318.5,0.0,0.0,True,5407.0,17945.0,5407.0,13.734375,False,True,True,deep_drop_gap,5311.0,5407.0,74261.77
2023-05,2023-05-01,T-32202,Tiger Balm Single Patch 12ct/disp,1,SF,1799.0,1894.76,1799.0,1894.76,0.0,0.0,True,4532.5,3689.0,5376.0,1.0532295719844358,False,True,True,deep_drop_gap,2733.5,4532.5,4773.76
2023-07,2023-07-01,T-32202,Tiger Balm Single Patch 12ct/disp,1,SF,1792.0,1290.08,1792.0,1290.08,0.0,0.0,True,5376.0,5376.0,5377.0,0.7199107142857143,False,True,True,deep_drop_gap,3584.0,5376.0,3870.24
2023-12,2023-12-01,T-32202,Tiger Balm Single Patch 12ct/disp,1,SF,1.0,0.0,1.0,0.0,0.0,0.0,True,2199.5,4398.0,1.0,0.0,False,True,True,deep_drop_gap,2198.5,2199.5,0.0
2024-02,2024-02-01,T-32202,Tiger Balm Single Patch 12ct/disp,1,SF,0.0,0.0,0.0,0.0,0.0,0.0,True,1.0,1.0,3.0,0.0,True,False,True,zero_sales_gap,1.0,1.0,0.0
2024-04,2024-04-01,T-32202,Tiger Balm Single Patch 12ct/disp,1,SF,0.0,0.0,0.0,0.0,0.0,0.0,True,113.0,3.0,113.0,0.0,True,False,True,zero_sales_gap,113.0,113.0,0.0
2024-11,2024-11-01,T-32202,Tiger Balm Single Patch 12ct/disp,1,SF,2.0,0.0,2.0,0.0,0.0,0.0,True,169.0,13040.0,189122.0,0.0,False,True,True,deep_drop_gap,167.0,169.0,0.0
2025-03,2025-03-01,T-32202,Tiger Balm Single Patch 12ct/disp,1,SF,24.0,117.28,23.0,0.0,1.0,117.28,True,3266.0,32599.0,6525.0,0.0,False,True,True,deep_drop_gap,3243.0,3266.0,0.0
2024-02,2024-02-01,T-32202,Tiger Balm Single Patch 12ct/disp,2,NJ,0.0,0.0,0.0,0.0,0.0,0.0,True,65485.5,65160.0,0.0,0.7199493554327807,True,False,True,zero_sales_gap,65485.5,65485.5,47146.24
2024-03,2024-03-01,T-32202,Tiger Balm Single Patch 12ct/disp,2,NJ,0.0,0.0,0.0,0.0,0.0,0.0,True,65160.0,0.0,0.0,0.7199493554327807,True,False,True,zero_sales_gap,65160.0,65160.0,46911.9
2024-08,2024-08-01,T-32202,Tiger Balm Single Patch 12ct/disp,2,NJ,0.0,0.0,0.0,0.0,0.0,0.0,True,249056.0,0.0,0.0,0.7199493554327807,True,False,True,zero_sales_gap,249056.0,249056.0,179307.71
2024-09,2024-09-01,T-32202,Tiger Balm Single Patch 12ct/disp,2,NJ,0.0,0.0,0.0,0.0,0.0,0.0,True,124529.0,0.0,249056.0,0.7199493554327807,True,False,True,zero_sales_gap,124529.0,124529.0,89654.57
2024-11,2024-11-01,T-32202,Tiger Balm Single Patch 12ct/disp,2,NJ,2.0,19.0,2.0,19.0,0.0,0.0,True,21.0,249056.0,4.0,9.5,False,True,True,deep_drop_gap,19.0,21.0,199.5
2024-12,2024-12-01,T-32202,Tiger Balm Single Patch 12ct/disp,2,NJ,4.0,38.0,4.0,38.0,0.0,0.0,True,14.0,2.0,117309.0,9.5,False,True,True,deep_drop_gap,10.0,14.0,133.0
2023-02,2023-02-01,T-32202,Tiger Balm Single Patch 12ct/disp,3,LA,10821.0,12509.869999999999,10821.0,12509.869999999999,0.0,0.0,True,34184.0,41303.0,34184.0,1.1560733758432675,False,True,True,deep_drop_gap,23363.0,34184.0,39519.21
2024-01,2024-01-01,T-32202,Tiger Balm Single Patch 12ct/disp,3,LA,0.0,0.0,0.0,0.0,0.0,0.0,True,18825.5,12.0,0.0,104.52,True,False,True,zero_sales_gap,18825.5,18825.5,1967641.26
2024-02,2024-02-01,T-32202,Tiger Balm Single Patch 12ct/disp,3,LA,0.0,0.0,0.0,0.0,0.0,0.0,True,12.0,0.0,0.0,104.52,True,False,True,zero_sales_gap,12.0,12.0,1254.24
2024-04,2024-04-01,T-32202,Tiger Balm Single Patch 12ct/disp,3,LA,0.0,0.0,0.0,0.0,0.0,0.0,True,5.0,0.0,0.0,104.52,True,False,True,zero_sales_gap,5.0,5.0,522.6
2024-05,2024-05-01,T-32202,Tiger Balm Single Patch 12ct/disp,3,LA,0.0,0.0,0.0,0.0,0.0,0.0,True,16.5,0.0,5.0,104.52,True,False,True,zero_sales_gap,16.5,16.5,1724.58
2024-07,2024-07-01,T-32202,Tiger Balm Single Patch 12ct/disp,3,LA,28.0,244.34,28.0,244.34,0.0,0.0,True,21884.0,5.0,43763.0,8.726428571428572,False,True,True,deep_drop_gap,21856.0,21884.0,190969.16
2024-09,2024-09-01,T-32202,Tiger Balm Single Patch 12ct/disp,3,LA,0.0,0.0,0.0,0.0,0.0,0.0,True,21895.5,43763.0,0.0,0.0,True,False,True,zero_sales_gap,21895.5,21895.5,0.0
2024-10,2024-10-01,T-32202,Tiger Balm Single Patch 12ct/disp,3,LA,0.0,0.0,0.0,0.0,0.0,0.0,True,43763.0,0.0,0.0,0.0,True,False,True,zero_sales_gap,43763.0,43763.0,0.0
2025-02,2025-02-01,T-32202,Tiger Balm Single Patch 12ct/disp,3,LA,0.0,0.0,0.0,0.0,0.0,0.0,True,6516.0,0.0,0.0,0.0,True,False,True,zero_sales_gap,6516.0,6516.0,0.0
2025-03,2025-03-01,T-32202,Tiger Balm Single Patch 12ct/disp,3,LA,0.0,0.0,0.0,0.0,0.0,0.0,True,6517.0,0.0,6517.0,0.0,True,False,True,zero_sales_gap,6517.0,6517.0,0.0
2023-03,2023-03-01,T-32206,Tiger Balm Patch Warm (MM),1,SF,1037.0,115825.09999999999,1037.0,115825.09999999999,0.0,0.0,True,10186.5,19465.0,908.0,111.69247830279652,False,True,True,deep_drop_gap,9149.5,10186.5,1137755.43
2023-09,2023-09-01,T-32206,Tiger Balm Patch Warm (MM),3,LA,353.0,42129.31,282.0,33598.73,71.0,8530.579999999994,True,950.5,917.0,637.0,119.14443262411349,False,True,True,deep_drop_gap,668.5,950.5,113246.78
2025-10,2025-10-01,T-32224,Tiger Balm Single Patch (2x12),1,SF,531.0,9560.68,531.0,9560.68,0.0,0.0,True,1602.0,1602.0,481.0,18.005047080979285,False,True,True,deep_drop_gap,1071.0,1602.0,28844.09
2025-11,2025-11-01,T-32300,Tiger Balm Patch - Large,1,SF,33.0,2888.47,33.0,2888.47,0.0,0.0,True,94.0,94.0,77.0,87.52939393939393,False,True,True,deep_drop_gap,61.0,94.0,8227.76
2023-09,2023-09-01,T-32300,Tiger Balm Patch - Large,2,NJ,47.0,5419.22,17.0,1505.42,30.0,3913.8,True,970.0,1626.0,673.0,88.55411764705883,False,True,True,deep_drop_gap,953.0,970.0,85897.49
2024-01,2024-01-01,T-32300,Tiger Balm Patch - Large,2,NJ,55.0,8165.860000000001,39.0,5629.120000000001,16.0,2536.74,True,161.0,324.0,178.0,144.3364102564103,False,True,True,deep_drop_gap,122.0,161.0,23238.16
2024-07,2024-07-01,T-32300,Tiger Balm Patch - Large,2,NJ,74.0,7326.4400000000005,37.0,1121.1299999999999,37.0,6205.31,True,195.5,96.0,601.0,30.30081081081081,False,True,True,deep_drop_gap,158.5,195.5,5923.81
2023-04,2023-04-01,T-32300,Tiger Balm Patch - Large,3,LA,6.0,1121.3899999999999,6.0,1121.3899999999999,0.0,0.0,True,93.0,75.0,293.0,186.8983333333333,False,True,True,deep_drop_gap,87.0,93.0,17381.54
2023-07,2023-07-01,T-32300,Tiger Balm Patch - Large,3,LA,83.0,10225.3,83.0,10225.3,0.0,0.0,True,246.0,111.0,368.0,123.19638554216867,False,True,True,deep_drop_gap,163.0,246.0,30306.31
2023-12,2023-12-01,T-32300,Tiger Balm Patch - Large,3,LA,30.0,2460.9,18.0,650.96,12.0,1809.94,True,88.0,141.0,5.0,36.16444444444445,False,True,True,deep_drop_gap,70.0,88.0,3182.47
2024-01,2024-01-01,T-32300,Tiger Balm Patch - Large,3,LA,5.0,833.49,0.0,0.0,5.0,833.49,True,18.0,30.0,18.0,166.698,False,True,True,deep_drop_gap,18.0,18.0,3000.56
2024-04,2024-04-01,T-32300,Tiger Balm Patch - Large,3,LA,0.0,0.0,0.0,0.0,0.0,0.0,True,18.0,18.0,0.0,155.69333333333333,True,False,True,zero_sales_gap,18.0,18.0,2802.48
2024-05,2024-05-01,T-32300,Tiger Balm Patch - Large,3,LA,0.0,0.0,0.0,0.0,0.0,0.0,True,18.0,0.0,29.0,155.69333333333333,True,False,True,zero_sales_gap,18.0,18.0,2802.48
2024-07,2024-07-01,T-32300,Tiger Balm Patch - Large,3,LA,11.0,1787.79,11.0,1787.79,0.0,0.0,True,29.0,29.0,14.0,162.52636363636364,False,True,True,deep_drop_gap,18.0,29.0,4713.26
2025-02,2025-02-01,T-32300,Tiger Balm Patch - Large,3,LA,17.0,819.27,14.0,255.14999999999998,3.0,564.12,True,49.0,92.0,7.0,18.224999999999998,False,True,True,deep_drop_gap,35.0,49.0,893.02
2025-03,2025-03-01,T-32300,Tiger Balm Patch - Large,3,LA,7.0,1316.28,4.0,752.16,3.0,564.12,True,50.0,17.0,12.0,188.04,False,True,True,deep_drop_gap,46.0,50.0,9402.0
2025-04,2025-04-01,T-32300,Tiger Balm Patch - Large,3,LA,12.0,2068.44,12.0,2068.44,0.0,0.0,True,44.5,7.0,135.0,172.37,False,True,True,deep_drop_gap,32.5,44.5,7670.46
2025-05,2025-05-01,T-47010,Kwan Loong Oil 2 fl oz,1,SF,89.0,10690.5,89.0,10690.5,0.0,0.0,True,281.0,510.0,82.0,120.11797752808988,False,True,True,deep_drop_gap,192.0,281.0,33753.15
2024-01,2024-01-01,T-47010,Kwan Loong Oil 2 fl oz,2,NJ,0.0,0.0,0.0,0.0,0.0,0.0,True,28.5,1.0,13.0,430.91,True,False,True,zero_sales_gap,28.5,28.5,12280.94
2023-04,2023-04-01,T-47010,Kwan Loong Oil 2 fl oz,3,LA,25.0,7038.15,25.0,7038.15,0.0,0.0,True,128.0,215.0,44.0,281.526,False,True,True,deep_drop_gap,103.0,128.0,36035.33
2024-01,2024-01-01,T-47010,Kwan Loong Oil 2 fl oz,3,LA,114.0,34218.84,114.0,34218.84,0.0,0.0,True,433.5,112.0,802.0,300.1652631578947,False,True,True,deep_drop_gap,319.5,433.5,130121.64
2024-04,2024-04-01,T-47010,Kwan Loong Oil 2 fl oz,3,LA,80.0,22981.63,80.0,22981.63,0.0,0.0,True,778.5,755.0,1556.0,287.270375,False,True,True,deep_drop_gap,698.5,778.5,223639.99
2024-08,2024-08-01,T-47010,Kwan Loong Oil 2 fl oz,3,LA,69.0,23211.44,69.0,23211.44,0.0,0.0,True,408.0,312.0,222.0,336.39768115942024,False,True,True,deep_drop_gap,339.0,408.0,137250.25
2024-12,2024-12-01,T-47010,Kwan Loong Oil 2 fl oz,3,LA,64.0,14219.93,64.0,14219.93,0.0,0.0,True,413.0,563.0,322.0,222.18640625,False,True,True,deep_drop_gap,349.0,413.0,91762.99
